========== Contrastive learning based training... ==========
[21:29:00] INFO     The checkpoint will be saved in this folder   callback.py:20
                    for this time: 2023-03-25-21_28_56_059637                   
加载 results/2023-03-01-01_03_41_214561/epoch-3_step-1200.pt
[21:31:08] WARNING  Rank: 0 -                                         ddp.py:530
                                                                                
                    fucking hei                                                 
                                                                                
                                                                                
CoNTGenerator(
  (generator): T5ForConditionalGeneration(
    (shared): Embedding(32128, 512)
    (encoder): T5Stack(
      (embed_tokens): Embedding(32128, 512)
      (block): ModuleList(
        (0): T5Block(
          (layer): ModuleList(
            (0): T5LayerSelfAttention(
              (SelfAttention): T5Attention(
                (q): Linear(in_features=512, out_features=512, bias=False)
                (k): Linear(in_features=512, out_features=512, bias=False)
                (v): Linear(in_features=512, out_features=512, bias=False)
                (o): Linear(in_features=512, out_features=512, bias=False)
                (relative_attention_bias): Embedding(32, 8)
              )
              (layer_norm): T5LayerNorm()
              (dropout): Dropout(p=0.1, inplace=False)
            )
            (1): T5LayerFF(
              (DenseReluDense): T5DenseActDense(
                (wi): Linear(in_features=512, out_features=2048, bias=False)
                (wo): Linear(in_features=2048, out_features=512, bias=False)
                (dropout): Dropout(p=0.1, inplace=False)
                (act): ReLU()
              )
              (layer_norm): T5LayerNorm()
              (dropout): Dropout(p=0.1, inplace=False)
            )
          )
        )
        (1): T5Block(
          (layer): ModuleList(
            (0): T5LayerSelfAttention(
              (SelfAttention): T5Attention(
                (q): Linear(in_features=512, out_features=512, bias=False)
                (k): Linear(in_features=512, out_features=512, bias=False)
                (v): Linear(in_features=512, out_features=512, bias=False)
                (o): Linear(in_features=512, out_features=512, bias=False)
              )
              (layer_norm): T5LayerNorm()
              (dropout): Dropout(p=0.1, inplace=False)
            )
            (1): T5LayerFF(
              (DenseReluDense): T5DenseActDense(
                (wi): Linear(in_features=512, out_features=2048, bias=False)
                (wo): Linear(in_features=2048, out_features=512, bias=False)
                (dropout): Dropout(p=0.1, inplace=False)
                (act): ReLU()
              )
              (layer_norm): T5LayerNorm()
              (dropout): Dropout(p=0.1, inplace=False)
            )
          )
        )
        (2): T5Block(
          (layer): ModuleList(
            (0): T5LayerSelfAttention(
              (SelfAttention): T5Attention(
                (q): Linear(in_features=512, out_features=512, bias=False)
                (k): Linear(in_features=512, out_features=512, bias=False)
                (v): Linear(in_features=512, out_features=512, bias=False)
                (o): Linear(in_features=512, out_features=512, bias=False)
              )
              (layer_norm): T5LayerNorm()
              (dropout): Dropout(p=0.1, inplace=False)
            )
            (1): T5LayerFF(
              (DenseReluDense): T5DenseActDense(
                (wi): Linear(in_features=512, out_features=2048, bias=False)
                (wo): Linear(in_features=2048, out_features=512, bias=False)
                (dropout): Dropout(p=0.1, inplace=False)
                (act): ReLU()
              )
              (layer_norm): T5LayerNorm()
              (dropout): Dropout(p=0.1, inplace=False)
            )
          )
        )
        (3): T5Block(
          (layer): ModuleList(
            (0): T5LayerSelfAttention(
              (SelfAttention): T5Attention(
                (q): Linear(in_features=512, out_features=512, bias=False)
                (k): Linear(in_features=512, out_features=512, bias=False)
                (v): Linear(in_features=512, out_features=512, bias=False)
                (o): Linear(in_features=512, out_features=512, bias=False)
              )
              (layer_norm): T5LayerNorm()
              (dropout): Dropout(p=0.1, inplace=False)
            )
            (1): T5LayerFF(
              (DenseReluDense): T5DenseActDense(
                (wi): Linear(in_features=512, out_features=2048, bias=False)
                (wo): Linear(in_features=2048, out_features=512, bias=False)
                (dropout): Dropout(p=0.1, inplace=False)
                (act): ReLU()
              )
              (layer_norm): T5LayerNorm()
              (dropout): Dropout(p=0.1, inplace=False)
            )
          )
        )
        (4): T5Block(
          (layer): ModuleList(
            (0): T5LayerSelfAttention(
              (SelfAttention): T5Attention(
                (q): Linear(in_features=512, out_features=512, bias=False)
                (k): Linear(in_features=512, out_features=512, bias=False)
                (v): Linear(in_features=512, out_features=512, bias=False)
                (o): Linear(in_features=512, out_features=512, bias=False)
              )
              (layer_norm): T5LayerNorm()
              (dropout): Dropout(p=0.1, inplace=False)
            )
            (1): T5LayerFF(
              (DenseReluDense): T5DenseActDense(
                (wi): Linear(in_features=512, out_features=2048, bias=False)
                (wo): Linear(in_features=2048, out_features=512, bias=False)
                (dropout): Dropout(p=0.1, inplace=False)
                (act): ReLU()
              )
              (layer_norm): T5LayerNorm()
              (dropout): Dropout(p=0.1, inplace=False)
            )
          )
        )
        (5): T5Block(
          (layer): ModuleList(
            (0): T5LayerSelfAttention(
              (SelfAttention): T5Attention(
                (q): Linear(in_features=512, out_features=512, bias=False)
                (k): Linear(in_features=512, out_features=512, bias=False)
                (v): Linear(in_features=512, out_features=512, bias=False)
                (o): Linear(in_features=512, out_features=512, bias=False)
              )
              (layer_norm): T5LayerNorm()
              (dropout): Dropout(p=0.1, inplace=False)
            )
            (1): T5LayerFF(
              (DenseReluDense): T5DenseActDense(
                (wi): Linear(in_features=512, out_features=2048, bias=False)
                (wo): Linear(in_features=2048, out_features=512, bias=False)
                (dropout): Dropout(p=0.1, inplace=False)
                (act): ReLU()
              )
              (layer_norm): T5LayerNorm()
              (dropout): Dropout(p=0.1, inplace=False)
            )
          )
        )
      )
      (final_layer_norm): T5LayerNorm()
      (dropout): Dropout(p=0.1, inplace=False)
    )
    (decoder): T5Stack(
      (embed_tokens): Embedding(32128, 512)
      (block): ModuleList(
        (0): T5Block(
          (layer): ModuleList(
            (0): T5LayerSelfAttention(
              (SelfAttention): T5Attention(
                (q): Linear(in_features=512, out_features=512, bias=False)
                (k): Linear(in_features=512, out_features=512, bias=False)
                (v): Linear(in_features=512, out_features=512, bias=False)
                (o): Linear(in_features=512, out_features=512, bias=False)
                (relative_attention_bias): Embedding(32, 8)
              )
              (layer_norm): T5LayerNorm()
              (dropout): Dropout(p=0.1, inplace=False)
            )
            (1): T5LayerCrossAttention(
              (EncDecAttention): T5Attention(
                (q): Linear(in_features=512, out_features=512, bias=False)
                (k): Linear(in_features=512, out_features=512, bias=False)
                (v): Linear(in_features=512, out_features=512, bias=False)
                (o): Linear(in_features=512, out_features=512, bias=False)
              )
              (layer_norm): T5LayerNorm()
              (dropout): Dropout(p=0.1, inplace=False)
            )
            (2): T5LayerFF(
              (DenseReluDense): T5DenseActDense(
                (wi): Linear(in_features=512, out_features=2048, bias=False)
                (wo): Linear(in_features=2048, out_features=512, bias=False)
                (dropout): Dropout(p=0.1, inplace=False)
                (act): ReLU()
              )
              (layer_norm): T5LayerNorm()
              (dropout): Dropout(p=0.1, inplace=False)
            )
          )
        )
        (1): T5Block(
          (layer): ModuleList(
            (0): T5LayerSelfAttention(
              (SelfAttention): T5Attention(
                (q): Linear(in_features=512, out_features=512, bias=False)
                (k): Linear(in_features=512, out_features=512, bias=False)
                (v): Linear(in_features=512, out_features=512, bias=False)
                (o): Linear(in_features=512, out_features=512, bias=False)
              )
              (layer_norm): T5LayerNorm()
              (dropout): Dropout(p=0.1, inplace=False)
            )
            (1): T5LayerCrossAttention(
              (EncDecAttention): T5Attention(
                (q): Linear(in_features=512, out_features=512, bias=False)
                (k): Linear(in_features=512, out_features=512, bias=False)
                (v): Linear(in_features=512, out_features=512, bias=False)
                (o): Linear(in_features=512, out_features=512, bias=False)
              )
              (layer_norm): T5LayerNorm()
              (dropout): Dropout(p=0.1, inplace=False)
            )
            (2): T5LayerFF(
              (DenseReluDense): T5DenseActDense(
                (wi): Linear(in_features=512, out_features=2048, bias=False)
                (wo): Linear(in_features=2048, out_features=512, bias=False)
                (dropout): Dropout(p=0.1, inplace=False)
                (act): ReLU()
              )
              (layer_norm): T5LayerNorm()
              (dropout): Dropout(p=0.1, inplace=False)
            )
          )
        )
        (2): T5Block(
          (layer): ModuleList(
            (0): T5LayerSelfAttention(
              (SelfAttention): T5Attention(
                (q): Linear(in_features=512, out_features=512, bias=False)
                (k): Linear(in_features=512, out_features=512, bias=False)
                (v): Linear(in_features=512, out_features=512, bias=False)
                (o): Linear(in_features=512, out_features=512, bias=False)
              )
              (layer_norm): T5LayerNorm()
              (dropout): Dropout(p=0.1, inplace=False)
            )
            (1): T5LayerCrossAttention(
              (EncDecAttention): T5Attention(
                (q): Linear(in_features=512, out_features=512, bias=False)
                (k): Linear(in_features=512, out_features=512, bias=False)
                (v): Linear(in_features=512, out_features=512, bias=False)
                (o): Linear(in_features=512, out_features=512, bias=False)
              )
              (layer_norm): T5LayerNorm()
              (dropout): Dropout(p=0.1, inplace=False)
            )
            (2): T5LayerFF(
              (DenseReluDense): T5DenseActDense(
                (wi): Linear(in_features=512, out_features=2048, bias=False)
                (wo): Linear(in_features=2048, out_features=512, bias=False)
                (dropout): Dropout(p=0.1, inplace=False)
                (act): ReLU()
              )
              (layer_norm): T5LayerNorm()
              (dropout): Dropout(p=0.1, inplace=False)
            )
          )
        )
        (3): T5Block(
          (layer): ModuleList(
            (0): T5LayerSelfAttention(
              (SelfAttention): T5Attention(
                (q): Linear(in_features=512, out_features=512, bias=False)
                (k): Linear(in_features=512, out_features=512, bias=False)
                (v): Linear(in_features=512, out_features=512, bias=False)
                (o): Linear(in_features=512, out_features=512, bias=False)
              )
              (layer_norm): T5LayerNorm()
              (dropout): Dropout(p=0.1, inplace=False)
            )
            (1): T5LayerCrossAttention(
              (EncDecAttention): T5Attention(
                (q): Linear(in_features=512, out_features=512, bias=False)
                (k): Linear(in_features=512, out_features=512, bias=False)
                (v): Linear(in_features=512, out_features=512, bias=False)
                (o): Linear(in_features=512, out_features=512, bias=False)
              )
              (layer_norm): T5LayerNorm()
              (dropout): Dropout(p=0.1, inplace=False)
            )
            (2): T5LayerFF(
              (DenseReluDense): T5DenseActDense(
                (wi): Linear(in_features=512, out_features=2048, bias=False)
                (wo): Linear(in_features=2048, out_features=512, bias=False)
                (dropout): Dropout(p=0.1, inplace=False)
                (act): ReLU()
              )
              (layer_norm): T5LayerNorm()
              (dropout): Dropout(p=0.1, inplace=False)
            )
          )
        )
        (4): T5Block(
          (layer): ModuleList(
            (0): T5LayerSelfAttention(
              (SelfAttention): T5Attention(
                (q): Linear(in_features=512, out_features=512, bias=False)
                (k): Linear(in_features=512, out_features=512, bias=False)
                (v): Linear(in_features=512, out_features=512, bias=False)
                (o): Linear(in_features=512, out_features=512, bias=False)
              )
              (layer_norm): T5LayerNorm()
              (dropout): Dropout(p=0.1, inplace=False)
            )
            (1): T5LayerCrossAttention(
              (EncDecAttention): T5Attention(
                (q): Linear(in_features=512, out_features=512, bias=False)
                (k): Linear(in_features=512, out_features=512, bias=False)
                (v): Linear(in_features=512, out_features=512, bias=False)
                (o): Linear(in_features=512, out_features=512, bias=False)
              )
              (layer_norm): T5LayerNorm()
              (dropout): Dropout(p=0.1, inplace=False)
            )
            (2): T5LayerFF(
              (DenseReluDense): T5DenseActDense(
                (wi): Linear(in_features=512, out_features=2048, bias=False)
                (wo): Linear(in_features=2048, out_features=512, bias=False)
                (dropout): Dropout(p=0.1, inplace=False)
                (act): ReLU()
              )
              (layer_norm): T5LayerNorm()
              (dropout): Dropout(p=0.1, inplace=False)
            )
          )
        )
        (5): T5Block(
          (layer): ModuleList(
            (0): T5LayerSelfAttention(
              (SelfAttention): T5Attention(
                (q): Linear(in_features=512, out_features=512, bias=False)
                (k): Linear(in_features=512, out_features=512, bias=False)
                (v): Linear(in_features=512, out_features=512, bias=False)
                (o): Linear(in_features=512, out_features=512, bias=False)
              )
              (layer_norm): T5LayerNorm()
              (dropout): Dropout(p=0.1, inplace=False)
            )
            (1): T5LayerCrossAttention(
              (EncDecAttention): T5Attention(
                (q): Linear(in_features=512, out_features=512, bias=False)
                (k): Linear(in_features=512, out_features=512, bias=False)
                (v): Linear(in_features=512, out_features=512, bias=False)
                (o): Linear(in_features=512, out_features=512, bias=False)
              )
              (layer_norm): T5LayerNorm()
              (dropout): Dropout(p=0.1, inplace=False)
            )
            (2): T5LayerFF(
              (DenseReluDense): T5DenseActDense(
                (wi): Linear(in_features=512, out_features=2048, bias=False)
                (wo): Linear(in_features=2048, out_features=512, bias=False)
                (dropout): Dropout(p=0.1, inplace=False)
                (act): ReLU()
              )
              (layer_norm): T5LayerNorm()
              (dropout): Dropout(p=0.1, inplace=False)
            )
          )
        )
      )
      (final_layer_norm): T5LayerNorm()
      (dropout): Dropout(p=0.1, inplace=False)
    )
    (lm_head): Linear(in_features=512, out_features=32128, bias=False)
  )
  (linear_layer): Linear(in_features=512, out_features=512, bias=True)
  (loss_fct): CrossEntropyLoss()
)



<class 'model.model.CoNTGenerator'>



           INFO     Rank: 0 - Running evaluator sanity check for  trainer.py:661
                    2 batches.                                                  
           INFO     Rank: 0 -                                   evaluator.py:317
                    **********Evaluation starts**********                       
[21:31:18] INFO     Rank: 0 - **********Evaluation              evaluator.py:349
                    ends**********                                              
                                                                                
           INFO     Rank: 0 -                           progress_callback.py:204
                    **********Epoch:0 starts**********                          
[21:31:29] INFO     Rank: 0 - Contrastive loss is                 callback.py:66
                    0.7369283437728882, nll_loss is                             
                    2.1717430353164673                                          
[21:31:33] INFO     Rank: 0 - Epoch:0/20, Batch:1,      progress_callback.py:218
                    loss:2.908671, finished 0.03%.                              
[21:31:42] INFO     Rank: 0 - Epoch:0/20, Batch:2,      progress_callback.py:218
                    loss:2.198117, finished 0.06%.                              
[21:31:50] INFO     Rank: 0 - Epoch:0/20, Batch:3,      progress_callback.py:218
                    loss:2.074765, finished 0.09%.                              
[21:32:03] INFO     Rank: 0 - Epoch:0/20, Batch:4,      progress_callback.py:218
                    loss:3.050021, finished 0.12%.                              
[21:32:15] INFO     Rank: 0 - Epoch:0/20, Batch:5,      progress_callback.py:218
                    loss:3.080597, finished 0.15%.                              
[21:32:30] INFO     Rank: 0 - Epoch:0/20, Batch:6,      progress_callback.py:218
                    loss:2.755537, finished 0.18%.                              
[21:32:40] INFO     Rank: 0 - Epoch:0/20, Batch:7,      progress_callback.py:218
                    loss:2.407984, finished 0.21%.                              
[21:32:49] INFO     Rank: 0 - Epoch:0/20, Batch:8,      progress_callback.py:218
                    loss:2.236652, finished 0.24%.                              
[21:32:58] INFO     Rank: 0 - Epoch:0/20, Batch:9,      progress_callback.py:218
                    loss:2.633088, finished 0.27%.                              
[21:33:14] INFO     Rank: 0 - Epoch:0/20, Batch:10,     progress_callback.py:218
                    loss:3.807211, finished 0.3%.                               
[21:33:23] INFO     Rank: 0 - Contrastive loss is                 callback.py:66
                    0.9924800813198089, nll_loss is                             
                    1.7297646820545196                                          
           INFO     Rank: 0 - Epoch:0/20, Batch:11,     progress_callback.py:218
                    loss:2.978476, finished 0.33%.                              
[21:33:36] INFO     Rank: 0 - Epoch:0/20, Batch:12,     progress_callback.py:218
                    loss:1.845775, finished 0.36%.                              
[21:33:52] INFO     Rank: 0 - Epoch:0/20, Batch:13,     progress_callback.py:218
                    loss:3.374335, finished 0.39%.                              
[21:34:02] INFO     Rank: 0 - Epoch:0/20, Batch:14,     progress_callback.py:218
                    loss:2.945565, finished 0.42%.                              
[21:34:12] INFO     Rank: 0 - Epoch:0/20, Batch:15,     progress_callback.py:218
                    loss:2.648571, finished 0.45%.                              
[21:34:20] INFO     Rank: 0 - Epoch:0/20, Batch:16,     progress_callback.py:218
                    loss:2.30652, finished 0.48%.                               
[21:34:27] INFO     Rank: 0 - Epoch:0/20, Batch:17,     progress_callback.py:218
                    loss:2.779452, finished 0.52%.                              
[21:34:37] INFO     Rank: 0 - Epoch:0/20, Batch:18,     progress_callback.py:218
                    loss:1.656814, finished 0.55%.                              
[21:34:53] INFO     Rank: 0 - Epoch:0/20, Batch:19,     progress_callback.py:218
                    loss:1.720021, finished 0.58%.                              
[21:35:03] INFO     Rank: 0 - Epoch:0/20, Batch:20,     progress_callback.py:218
                    loss:2.728059, finished 0.61%.                              
[21:35:10] INFO     Rank: 0 - Contrastive loss is                 callback.py:66
                    0.8260126292705536, nll_loss is                             
                    1.6958504378795625                                          
[21:35:11] INFO     Rank: 0 - Epoch:0/20, Batch:21,     progress_callback.py:218
                    loss:3.213518, finished 0.64%.                              
[21:35:24] INFO     Rank: 0 - Epoch:0/20, Batch:22,     progress_callback.py:218
                    loss:2.439394, finished 0.67%.                              
[21:35:36] INFO     Rank: 0 - Epoch:0/20, Batch:23,     progress_callback.py:218
                    loss:2.21995, finished 0.7%.                                
[21:35:45] INFO     Rank: 0 - Epoch:0/20, Batch:24,     progress_callback.py:218
                    loss:2.841426, finished 0.73%.                              
[21:35:57] INFO     Rank: 0 - Epoch:0/20, Batch:25,     progress_callback.py:218
                    loss:2.293288, finished 0.76%.                              
[21:36:13] INFO     Rank: 0 - Epoch:0/20, Batch:26,     progress_callback.py:218
                    loss:2.054735, finished 0.79%.                              
[21:36:24] INFO     Rank: 0 - Epoch:0/20, Batch:27,     progress_callback.py:218
                    loss:2.323984, finished 0.82%.                              
[21:36:34] INFO     Rank: 0 - Epoch:0/20, Batch:28,     progress_callback.py:218
                    loss:2.624838, finished 0.85%.                              
[21:36:43] INFO     Rank: 0 - Epoch:0/20, Batch:29,     progress_callback.py:218
                    loss:2.499635, finished 0.88%.                              
[21:36:51] INFO     Rank: 0 - Epoch:0/20, Batch:30,     progress_callback.py:218
                    loss:2.879803, finished 0.91%.                              
[21:36:59] INFO     Rank: 0 - Contrastive loss is                 callback.py:66
                    0.8691408634185791, nll_loss is                             
                    1.5075945377349853                                          
[21:37:01] INFO     Rank: 0 - Epoch:0/20, Batch:31,     progress_callback.py:218
                    loss:1.590302, finished 0.94%.                              
[21:37:12] INFO     Rank: 0 - Epoch:0/20, Batch:32,     progress_callback.py:218
                    loss:2.67254, finished 0.97%.                               
[21:37:30] INFO     Rank: 0 - Epoch:0/20, Batch:33,     progress_callback.py:218
                    loss:2.870599, finished 1.0%.                               
[21:37:39] INFO     Rank: 0 - Epoch:0/20, Batch:34,     progress_callback.py:218
                    loss:1.792109, finished 1.03%.                              
[21:37:48] INFO     Rank: 0 - Epoch:0/20, Batch:35,     progress_callback.py:218
                    loss:1.909621, finished 1.06%.                              
[21:37:56] INFO     Rank: 0 - Epoch:0/20, Batch:36,     progress_callback.py:218
                    loss:3.109287, finished 1.09%.                              
[21:38:04] INFO     Rank: 0 - Epoch:0/20, Batch:37,     progress_callback.py:218
                    loss:2.710196, finished 1.12%.                              
[21:38:12] INFO     Rank: 0 - Epoch:0/20, Batch:38,     progress_callback.py:218
                    loss:2.608933, finished 1.15%.                              
[21:38:20] INFO     Rank: 0 - Epoch:0/20, Batch:39,     progress_callback.py:218
                    loss:2.677292, finished 1.18%.                              
[21:38:35] INFO     Rank: 0 - Epoch:0/20, Batch:40,     progress_callback.py:218
                    loss:1.620331, finished 1.21%.                              
           INFO     Rank: 0 -                                   evaluator.py:317
                    **********Evaluation starts**********                       
[21:39:06] INFO     Rank: 0 - **********Evaluation              evaluator.py:349
                    ends**********                                              
                                                                                
           INFO     Rank: 0 - ----------Eval. results   progress_callback.py:233
                    on Epoch:0, Batch:40----------                              
           INFO     Rank: 0 -                           progress_callback.py:238
                    {"torch_ngram#ngram-overlap":                               
                    0.44022297859191895}                                        
 ============= save model at results/2023-03-25-21_28_56_059637/epoch-0_step-40.pt ============= 
[21:39:15] INFO     Rank: 0 - Contrastive loss is                 callback.py:66
                    0.8693105518817902, nll_loss is                             
                    1.536840122938156                                           
           INFO     Rank: 0 - Epoch:0/20, Batch:41,     progress_callback.py:218
                    loss:2.0906, finished 1.24%.                                
[21:39:23] INFO     Rank: 0 - Epoch:0/20, Batch:42,     progress_callback.py:218
                    loss:2.989557, finished 1.27%.                              
[21:39:30] INFO     Rank: 0 - Epoch:0/20, Batch:43,     progress_callback.py:218
                    loss:2.401075, finished 1.3%.                               
[21:39:40] INFO     Rank: 0 - Epoch:0/20, Batch:44,     progress_callback.py:218
                    loss:1.970143, finished 1.33%.                              
[21:39:50] INFO     Rank: 0 - Epoch:0/20, Batch:45,     progress_callback.py:218
                    loss:2.231031, finished 1.36%.                              
[21:39:57] INFO     Rank: 0 - Epoch:0/20, Batch:46,     progress_callback.py:218
                    loss:3.406685, finished 1.39%.                              
[21:40:03] INFO     Rank: 0 - Epoch:0/20, Batch:47,     progress_callback.py:218
                    loss:2.627545, finished 1.42%.                              
[21:40:11] INFO     Rank: 0 - Epoch:0/20, Batch:48,     progress_callback.py:218
                    loss:1.889069, finished 1.45%.                              
[21:40:19] INFO     Rank: 0 - Epoch:0/20, Batch:49,     progress_callback.py:218
                    loss:1.142424, finished 1.48%.                              
[21:40:28] INFO     Rank: 0 - Epoch:0/20, Batch:50,     progress_callback.py:218
                    loss:1.869193, finished 1.52%.                              
[21:40:36] INFO     Rank: 0 - Contrastive loss is                 callback.py:66
                    0.8465425908565521, nll_loss is                             
                    1.3872699797153474                                          
           INFO     Rank: 0 - Epoch:0/20, Batch:51,     progress_callback.py:218
                    loss:1.811403, finished 1.55%.                              
[21:40:45] INFO     Rank: 0 - Epoch:0/20, Batch:52,     progress_callback.py:218
                    loss:1.568045, finished 1.58%.                              
[21:41:04] INFO     Rank: 0 - Epoch:0/20, Batch:53,     progress_callback.py:218
                    loss:1.538436, finished 1.61%.                              
[21:41:12] INFO     Rank: 0 - Epoch:0/20, Batch:54,     progress_callback.py:218
                    loss:2.989738, finished 1.64%.                              
[21:41:22] INFO     Rank: 0 - Epoch:0/20, Batch:55,     progress_callback.py:218
                    loss:2.836077, finished 1.67%.                              
[21:41:31] INFO     Rank: 0 - Epoch:0/20, Batch:56,     progress_callback.py:218
                    loss:2.151331, finished 1.7%.                               
[21:41:41] INFO     Rank: 0 - Epoch:0/20, Batch:57,     progress_callback.py:218
                    loss:2.665553, finished 1.73%.                              
[21:41:49] INFO     Rank: 0 - Epoch:0/20, Batch:58,     progress_callback.py:218
                    loss:2.618587, finished 1.76%.                              
[21:42:00] INFO     Rank: 0 - Epoch:0/20, Batch:59,     progress_callback.py:218
                    loss:1.893792, finished 1.79%.                              
[21:42:21] INFO     Rank: 0 - Epoch:0/20, Batch:60,     progress_callback.py:218
                    loss:2.746559, finished 1.82%.                              
[21:42:30] INFO     Rank: 0 - Contrastive loss is                 callback.py:66
                    0.8152302265167236, nll_loss is                             
                    1.453152358531952                                           
           INFO     Rank: 0 - Epoch:0/20, Batch:61,     progress_callback.py:218
                    loss:1.675707, finished 1.85%.                              
[21:42:38] INFO     Rank: 0 - Epoch:0/20, Batch:62,     progress_callback.py:218
                    loss:1.592294, finished 1.88%.                              
[21:42:46] INFO     Rank: 0 - Epoch:0/20, Batch:63,     progress_callback.py:218
                    loss:2.795624, finished 1.91%.                              
[21:42:55] INFO     Rank: 0 - Epoch:0/20, Batch:64,     progress_callback.py:218
                    loss:2.303237, finished 1.94%.                              
[21:43:05] INFO     Rank: 0 - Epoch:0/20, Batch:65,     progress_callback.py:218
                    loss:2.277349, finished 1.97%.                              
[21:43:15] INFO     Rank: 0 - Epoch:0/20, Batch:66,     progress_callback.py:218
                    loss:2.270958, finished 2.0%.                               
[21:43:31] INFO     Rank: 0 - Epoch:0/20, Batch:67,     progress_callback.py:218
                    loss:2.036479, finished 2.03%.                              
[21:43:40] INFO     Rank: 0 - Epoch:0/20, Batch:68,     progress_callback.py:218
                    loss:2.38048, finished 2.06%.                               
[21:43:48] INFO     Rank: 0 - Epoch:0/20, Batch:69,     progress_callback.py:218
                    loss:1.31432, finished 2.09%.                               
[21:43:58] INFO     Rank: 0 - Epoch:0/20, Batch:70,     progress_callback.py:218
                    loss:2.404676, finished 2.12%.                              
[21:44:06] INFO     Rank: 0 - Contrastive loss is                 callback.py:66
                    0.7901742219924927, nll_loss is                             
                    1.3892090916633606                                          
           INFO     Rank: 0 - Epoch:0/20, Batch:71,     progress_callback.py:218
                    loss:2.418416, finished 2.15%.                              
[21:44:15] INFO     Rank: 0 - Epoch:0/20, Batch:72,     progress_callback.py:218
                    loss:1.945641, finished 2.18%.                              
[21:44:23] INFO     Rank: 0 - Epoch:0/20, Batch:73,     progress_callback.py:218
                    loss:2.533955, finished 2.21%.                              
[21:44:29] INFO     Rank: 0 - Epoch:0/20, Batch:74,     progress_callback.py:218
                    loss:1.537707, finished 2.24%.                              
[21:44:41] INFO     Rank: 0 - Epoch:0/20, Batch:75,     progress_callback.py:218
                    loss:2.566757, finished 2.27%.                              
[21:44:50] INFO     Rank: 0 - Epoch:0/20, Batch:76,     progress_callback.py:218
                    loss:2.569325, finished 2.3%.                               
[21:44:58] INFO     Rank: 0 - Epoch:0/20, Batch:77,     progress_callback.py:218
                    loss:0.689181, finished 2.33%.                              
[21:45:09] INFO     Rank: 0 - Epoch:0/20, Batch:78,     progress_callback.py:218
                    loss:2.63232, finished 2.36%.                               
[21:45:18] INFO     Rank: 0 - Epoch:0/20, Batch:79,     progress_callback.py:218
                    loss:2.96771, finished 2.39%.                               
[21:45:26] INFO     Rank: 0 - Epoch:0/20, Batch:80,     progress_callback.py:218
                    loss:1.954799, finished 2.42%.                              
           INFO     Rank: 0 -                                   evaluator.py:317
                    **********Evaluation starts**********                       
[21:45:55] INFO     Rank: 0 - **********Evaluation              evaluator.py:349
                    ends**********                                              
                                                                                
           INFO     Rank: 0 - ----------Eval. results   progress_callback.py:233
                    on Epoch:0, Batch:80----------                              
           INFO     Rank: 0 -                           progress_callback.py:238
                    {"torch_ngram#ngram-overlap":                               
                    0.43940988183021545}                                        
 ============= save model at results/2023-03-25-21_28_56_059637/epoch-0_step-80.pt ============= 
[21:46:03] INFO     Rank: 0 - Contrastive loss is                 callback.py:66
                    0.7894896864891052, nll_loss is                             
                    1.2983324885368348                                          
[21:46:05] INFO     Rank: 0 - Epoch:0/20, Batch:81,     progress_callback.py:218
                    loss:1.480827, finished 2.45%.                              
[21:46:15] INFO     Rank: 0 - Epoch:0/20, Batch:82,     progress_callback.py:218
                    loss:2.506023, finished 2.48%.                              
[21:46:24] INFO     Rank: 0 - Epoch:0/20, Batch:83,     progress_callback.py:218
                    loss:1.784019, finished 2.52%.                              
[21:46:33] INFO     Rank: 0 - Epoch:0/20, Batch:84,     progress_callback.py:218
                    loss:2.25299, finished 2.55%.                               
[21:46:42] INFO     Rank: 0 - Epoch:0/20, Batch:85,     progress_callback.py:218
                    loss:2.855092, finished 2.58%.                              
[21:46:51] INFO     Rank: 0 - Epoch:0/20, Batch:86,     progress_callback.py:218
                    loss:2.198538, finished 2.61%.                              
[21:47:06] INFO     Rank: 0 - Epoch:0/20, Batch:87,     progress_callback.py:218
                    loss:2.495331, finished 2.64%.                              
[21:47:18] INFO     Rank: 0 - Epoch:0/20, Batch:88,     progress_callback.py:218
                    loss:1.811812, finished 2.67%.                              
[21:47:27] INFO     Rank: 0 - Epoch:0/20, Batch:89,     progress_callback.py:218
                    loss:2.342012, finished 2.7%.                               
[21:47:37] INFO     Rank: 0 - Epoch:0/20, Batch:90,     progress_callback.py:218
                    loss:1.890948, finished 2.73%.                              
[21:47:43] INFO     Rank: 0 - Contrastive loss is                 callback.py:66
                    0.7484484374523163, nll_loss is                             
                    1.419183963537216                                           
[21:47:44] INFO     Rank: 0 - Epoch:0/20, Batch:91,     progress_callback.py:218
                    loss:1.539559, finished 2.76%.                              
[21:47:52] INFO     Rank: 0 - Epoch:0/20, Batch:92,     progress_callback.py:218
                    loss:1.473728, finished 2.79%.                              
[21:48:02] INFO     Rank: 0 - Epoch:0/20, Batch:93,     progress_callback.py:218
                    loss:2.961401, finished 2.82%.                              
[21:48:12] INFO     Rank: 0 - Epoch:0/20, Batch:94,     progress_callback.py:218
                    loss:2.418811, finished 2.85%.                              
[21:48:25] INFO     Rank: 0 - Epoch:0/20, Batch:95,     progress_callback.py:218
                    loss:2.476374, finished 2.88%.                              
[21:48:34] INFO     Rank: 0 - Epoch:0/20, Batch:96,     progress_callback.py:218
                    loss:2.356049, finished 2.91%.                              
[21:48:46] INFO     Rank: 0 - Epoch:0/20, Batch:97,     progress_callback.py:218
                    loss:2.336653, finished 2.94%.                              
[21:48:54] INFO     Rank: 0 - Epoch:0/20, Batch:98,     progress_callback.py:218
                    loss:2.186262, finished 2.97%.                              
[21:49:01] INFO     Rank: 0 - Epoch:0/20, Batch:99,     progress_callback.py:218
                    loss:2.173465, finished 3.0%.                               
[21:49:12] INFO     Rank: 0 - Epoch:0/20, Batch:100,    progress_callback.py:218
                    loss:1.71674, finished 3.03%.                               
[21:49:18] INFO     Rank: 0 - Contrastive loss is                 callback.py:66
                    0.7391975581645965, nll_loss is                             
                    1.4513598740100861                                          
           INFO     Rank: 0 - Epoch:0/20, Batch:101,    progress_callback.py:218
                    loss:1.806091, finished 3.06%.                              
[21:49:27] INFO     Rank: 0 - Epoch:0/20, Batch:102,    progress_callback.py:218
                    loss:2.10154, finished 3.09%.                               
[21:49:39] INFO     Rank: 0 - Epoch:0/20, Batch:103,    progress_callback.py:218
                    loss:2.170183, finished 3.12%.                              
[21:49:49] INFO     Rank: 0 - Epoch:0/20, Batch:104,    progress_callback.py:218
                    loss:2.141255, finished 3.15%.                              
[21:49:56] INFO     Rank: 0 - Epoch:0/20, Batch:105,    progress_callback.py:218
                    loss:1.953355, finished 3.18%.                              
[21:50:04] INFO     Rank: 0 - Epoch:0/20, Batch:106,    progress_callback.py:218
                    loss:2.604082, finished 3.21%.                              
[21:50:14] INFO     Rank: 0 - Epoch:0/20, Batch:107,    progress_callback.py:218
                    loss:2.142205, finished 3.24%.                              
[21:50:23] INFO     Rank: 0 - Epoch:0/20, Batch:108,    progress_callback.py:218
                    loss:2.069486, finished 3.27%.                              
[21:50:29] INFO     Rank: 0 - Epoch:0/20, Batch:109,    progress_callback.py:218
                    loss:2.172976, finished 3.3%.                               
[21:50:40] INFO     Rank: 0 - Epoch:0/20, Batch:110,    progress_callback.py:218
                    loss:2.062813, finished 3.33%.                              
[21:50:49] INFO     Rank: 0 - Contrastive loss is                 callback.py:66
                    0.7559025108814239, nll_loss is                             
                    1.4010914981365203                                          
[21:50:52] INFO     Rank: 0 - Epoch:0/20, Batch:111,    progress_callback.py:218
                    loss:2.152047, finished 3.36%.                              
[21:51:02] INFO     Rank: 0 - Epoch:0/20, Batch:112,    progress_callback.py:218
                    loss:2.419415, finished 3.39%.                              
[21:51:12] INFO     Rank: 0 - Epoch:0/20, Batch:113,    progress_callback.py:218
                    loss:2.54403, finished 3.42%.                               
[21:51:21] INFO     Rank: 0 - Epoch:0/20, Batch:114,    progress_callback.py:218
                    loss:1.705576, finished 3.45%.                              
[21:51:31] INFO     Rank: 0 - Epoch:0/20, Batch:115,    progress_callback.py:218
                    loss:1.376588, finished 3.48%.                              
[21:51:41] INFO     Rank: 0 - Epoch:0/20, Batch:116,    progress_callback.py:218
                    loss:1.700547, finished 3.52%.                              
[21:51:54] INFO     Rank: 0 - Epoch:0/20, Batch:117,    progress_callback.py:218
                    loss:1.982905, finished 3.55%.                              
[21:52:09] INFO     Rank: 0 - Epoch:0/20, Batch:118,    progress_callback.py:218
                    loss:2.671861, finished 3.58%.                              
[21:52:16] INFO     Rank: 0 - Epoch:0/20, Batch:119,    progress_callback.py:218
                    loss:2.019152, finished 3.61%.                              
[21:52:23] INFO     Rank: 0 - Epoch:0/20, Batch:120,    progress_callback.py:218
                    loss:2.364113, finished 3.64%.                              
           INFO     Rank: 0 -                                   evaluator.py:317
                    **********Evaluation starts**********                       
[21:52:52] INFO     Rank: 0 - **********Evaluation              evaluator.py:349
                    ends**********                                              
                                                                                
           INFO     Rank: 0 - ----------Eval. results   progress_callback.py:233
                    on Epoch:0, Batch:120----------                             
           INFO     Rank: 0 -                           progress_callback.py:238
                    {"torch_ngram#ngram-overlap":                               
                    0.43710464239120483}                                        
 ============= save model at results/2023-03-25-21_28_56_059637/epoch-0_step-120.pt ============= 
[21:52:59] INFO     Rank: 0 - Contrastive loss is                 callback.py:66
                    0.719030499458313, nll_loss is                              
                    1.401612889766693                                           
[21:53:00] INFO     Rank: 0 - Epoch:0/20, Batch:121,    progress_callback.py:218
                    loss:2.422247, finished 3.67%.                              
[21:53:18] INFO     Rank: 0 - Epoch:0/20, Batch:122,    progress_callback.py:218
                    loss:1.766664, finished 3.7%.                               
[21:53:33] INFO     Rank: 0 - Epoch:0/20, Batch:123,    progress_callback.py:218
                    loss:2.472538, finished 3.73%.                              
[21:53:42] INFO     Rank: 0 - Epoch:0/20, Batch:124,    progress_callback.py:218
                    loss:2.052002, finished 3.76%.                              
[21:53:51] INFO     Rank: 0 - Epoch:0/20, Batch:125,    progress_callback.py:218
                    loss:2.359233, finished 3.79%.                              
[21:54:00] INFO     Rank: 0 - Epoch:0/20, Batch:126,    progress_callback.py:218
                    loss:2.68976, finished 3.82%.                               
[21:54:07] INFO     Rank: 0 - Epoch:0/20, Batch:127,    progress_callback.py:218
                    loss:2.424548, finished 3.85%.                              
[21:54:15] INFO     Rank: 0 - Epoch:0/20, Batch:128,    progress_callback.py:218
                    loss:1.829722, finished 3.88%.                              
[21:54:31] INFO     Rank: 0 - Epoch:0/20, Batch:129,    progress_callback.py:218
                    loss:1.921224, finished 3.91%.                              
[21:54:42] INFO     Rank: 0 - Epoch:0/20, Batch:130,    progress_callback.py:218
                    loss:2.884663, finished 3.94%.                              
[21:54:49] INFO     Rank: 0 - Contrastive loss is                 callback.py:66
                    0.7568640589714051, nll_loss is                             
                    1.5183556914329528                                          
[21:54:50] INFO     Rank: 0 - Epoch:0/20, Batch:131,    progress_callback.py:218
                    loss:2.351843, finished 3.97%.                              
[21:54:59] INFO     Rank: 0 - Epoch:0/20, Batch:132,    progress_callback.py:218
                    loss:1.632804, finished 4.0%.                               
[21:55:14] INFO     Rank: 0 - Epoch:0/20, Batch:133,    progress_callback.py:218
                    loss:2.633607, finished 4.03%.                              
[21:55:26] INFO     Rank: 0 - Epoch:0/20, Batch:134,    progress_callback.py:218
                    loss:1.984654, finished 4.06%.                              
[21:55:33] INFO     Rank: 0 - Epoch:0/20, Batch:135,    progress_callback.py:218
                    loss:2.59971, finished 4.09%.                               
[21:55:50] INFO     Rank: 0 - Epoch:0/20, Batch:136,    progress_callback.py:218
                    loss:1.9595, finished 4.12%.                                
[21:56:00] INFO     Rank: 0 - Epoch:0/20, Batch:137,    progress_callback.py:218
                    loss:2.431214, finished 4.15%.                              
[21:56:08] INFO     Rank: 0 - Epoch:0/20, Batch:138,    progress_callback.py:218
                    loss:1.428058, finished 4.18%.                              
[21:56:15] INFO     Rank: 0 - Epoch:0/20, Batch:139,    progress_callback.py:218
                    loss:1.739087, finished 4.21%.                              
[21:56:22] INFO     Rank: 0 - Epoch:0/20, Batch:140,    progress_callback.py:218
                    loss:1.584579, finished 4.24%.                              
[21:56:31] INFO     Rank: 0 - Contrastive loss is                 callback.py:66
                    0.7143719851970672, nll_loss is                             
                    1.2425972282886506                                          
[21:56:32] INFO     Rank: 0 - Epoch:0/20, Batch:141,    progress_callback.py:218
                    loss:1.576479, finished 4.27%.                              
[21:56:40] INFO     Rank: 0 - Epoch:0/20, Batch:142,    progress_callback.py:218
                    loss:2.006752, finished 4.3%.                               
[21:56:45] INFO     Rank: 0 - Epoch:0/20, Batch:143,    progress_callback.py:218
                    loss:2.386197, finished 4.33%.                              
[21:56:54] INFO     Rank: 0 - Epoch:0/20, Batch:144,    progress_callback.py:218
                    loss:2.169649, finished 4.36%.                              
[21:57:05] INFO     Rank: 0 - Epoch:0/20, Batch:145,    progress_callback.py:218
                    loss:2.047673, finished 4.39%.                              
[21:57:16] INFO     Rank: 0 - Epoch:0/20, Batch:146,    progress_callback.py:218
                    loss:1.855378, finished 4.42%.                              
[21:57:29] INFO     Rank: 0 - Epoch:0/20, Batch:147,    progress_callback.py:218
                    loss:1.96419, finished 4.45%.                               
[21:57:37] INFO     Rank: 0 - Epoch:0/20, Batch:148,    progress_callback.py:218
                    loss:2.119933, finished 4.48%.                              
[21:57:44] INFO     Rank: 0 - Epoch:0/20, Batch:149,    progress_callback.py:218
                    loss:1.444592, finished 4.52%.                              
[21:57:52] INFO     Rank: 0 - Epoch:0/20, Batch:150,    progress_callback.py:218
                    loss:2.610011, finished 4.55%.                              
[21:57:58] INFO     Rank: 0 - Contrastive loss is                 callback.py:66
                    0.6991911619901657, nll_loss is                             
                    1.2691135436296463                                          
[21:57:59] INFO     Rank: 0 - Epoch:0/20, Batch:151,    progress_callback.py:218
                    loss:1.078672, finished 4.58%.                              
[21:58:07] INFO     Rank: 0 - Epoch:0/20, Batch:152,    progress_callback.py:218
                    loss:1.772571, finished 4.61%.                              
[21:58:18] INFO     Rank: 0 - Epoch:0/20, Batch:153,    progress_callback.py:218
                    loss:1.730132, finished 4.64%.                              
[21:58:31] INFO     Rank: 0 - Epoch:0/20, Batch:154,    progress_callback.py:218
                    loss:2.184164, finished 4.67%.                              
[21:58:41] INFO     Rank: 0 - Epoch:0/20, Batch:155,    progress_callback.py:218
                    loss:1.631365, finished 4.7%.                               
[21:58:47] INFO     Rank: 0 - Epoch:0/20, Batch:156,    progress_callback.py:218
                    loss:1.674317, finished 4.73%.                              
[21:58:54] INFO     Rank: 0 - Epoch:0/20, Batch:157,    progress_callback.py:218
                    loss:1.207659, finished 4.76%.                              
[21:59:00] INFO     Rank: 0 - Epoch:0/20, Batch:158,    progress_callback.py:218
                    loss:2.072808, finished 4.79%.                              
[21:59:09] INFO     Rank: 0 - Epoch:0/20, Batch:159,    progress_callback.py:218
                    loss:1.931882, finished 4.82%.                              
[21:59:15] INFO     Rank: 0 - Epoch:0/20, Batch:160,    progress_callback.py:218
                    loss:1.900787, finished 4.85%.                              
           INFO     Rank: 0 -                                   evaluator.py:317
                    **********Evaluation starts**********                       
[21:59:41] INFO     Rank: 0 - **********Evaluation              evaluator.py:349
                    ends**********                                              
                                                                                
           INFO     Rank: 0 - ----------Eval. results   progress_callback.py:233
                    on Epoch:0, Batch:160----------                             
           INFO     Rank: 0 -                           progress_callback.py:238
                    {"torch_ngram#ngram-overlap":                               
                    0.4406193196773529}                                         
 ============= save model at results/2023-03-25-21_28_56_059637/epoch-0_step-160.pt ============= 
save hyperparams in  results/2023-03-25-21_28_56_059637/hyperparams.txt
[21:59:47] INFO     Rank: 0 - Contrastive loss is                 callback.py:66
                    0.6768440157175064, nll_loss is                             
                    1.162030991911888                                           
[21:59:49] INFO     Rank: 0 - Epoch:0/20, Batch:161,    progress_callback.py:218
                    loss:2.283065, finished 4.88%.                              
[22:00:01] INFO     Rank: 0 - Epoch:0/20, Batch:162,    progress_callback.py:218
                    loss:1.916996, finished 4.91%.                              
[22:00:08] INFO     Rank: 0 - Epoch:0/20, Batch:163,    progress_callback.py:218
                    loss:2.153215, finished 4.94%.                              
[22:00:16] INFO     Rank: 0 - Epoch:0/20, Batch:164,    progress_callback.py:218
                    loss:1.218428, finished 4.97%.                              
[22:00:21] INFO     Rank: 0 - Epoch:0/20, Batch:165,    progress_callback.py:218
                    loss:2.249277, finished 5.0%.                               
           INFO     Rank: 0 -                           progress_callback.py:204
                    **********Epoch:1 starts**********                          
[22:00:31] INFO     Rank: 0 - Epoch:1/20, Batch:1,      progress_callback.py:218
                    loss:2.149746, finished 5.03%.                              
[22:00:43] INFO     Rank: 0 - Epoch:1/20, Batch:2,      progress_callback.py:218
                    loss:2.385409, finished 5.06%.                              
[22:00:49] INFO     Rank: 0 - Epoch:1/20, Batch:3,      progress_callback.py:218
                    loss:1.852967, finished 5.09%.                              
[22:00:56] INFO     Rank: 0 - Epoch:1/20, Batch:4,      progress_callback.py:218
                    loss:1.860364, finished 5.12%.                              
[22:01:03] INFO     Rank: 0 - Epoch:1/20, Batch:5,      progress_callback.py:218
                    loss:2.256375, finished 5.15%.                              
[22:01:09] INFO     Rank: 0 - Contrastive loss is                 callback.py:66
                    0.6697636425495148, nll_loss is                             
                    1.3429992616176605                                          
[22:01:12] INFO     Rank: 0 - Epoch:1/20, Batch:6,      progress_callback.py:218
                    loss:2.084853, finished 5.18%.                              
[22:01:21] INFO     Rank: 0 - Epoch:1/20, Batch:7,      progress_callback.py:218
                    loss:2.383212, finished 5.21%.                              
[22:01:28] INFO     Rank: 0 - Epoch:1/20, Batch:8,      progress_callback.py:218
                    loss:2.266541, finished 5.24%.                              
[22:01:36] INFO     Rank: 0 - Epoch:1/20, Batch:9,      progress_callback.py:218
                    loss:1.915311, finished 5.27%.                              
[22:01:51] INFO     Rank: 0 - Epoch:1/20, Batch:10,     progress_callback.py:218
                    loss:2.195279, finished 5.3%.                               
[22:02:02] INFO     Rank: 0 - Epoch:1/20, Batch:11,     progress_callback.py:218
                    loss:1.696706, finished 5.33%.                              
[22:02:10] INFO     Rank: 0 - Epoch:1/20, Batch:12,     progress_callback.py:218
                    loss:1.83114, finished 5.36%.                               
[22:02:18] INFO     Rank: 0 - Epoch:1/20, Batch:13,     progress_callback.py:218
                    loss:2.591353, finished 5.39%.                              
[22:02:28] INFO     Rank: 0 - Epoch:1/20, Batch:14,     progress_callback.py:218
                    loss:1.791626, finished 5.42%.                              
[22:02:38] INFO     Rank: 0 - Epoch:1/20, Batch:15,     progress_callback.py:218
                    loss:2.37323, finished 5.45%.                               
[22:02:47] INFO     Rank: 0 - Contrastive loss is                 callback.py:66
                    0.6992510229349136, nll_loss is                             
                    1.4694193571805954                                          
           INFO     Rank: 0 - Epoch:1/20, Batch:16,     progress_callback.py:218
                    loss:2.642305, finished 5.48%.                              
[22:02:54] INFO     Rank: 0 - Epoch:1/20, Batch:17,     progress_callback.py:218
                    loss:1.667913, finished 5.52%.                              
[22:03:11] INFO     Rank: 0 - Epoch:1/20, Batch:18,     progress_callback.py:218
                    loss:1.802317, finished 5.55%.                              
[22:03:19] INFO     Rank: 0 - Epoch:1/20, Batch:19,     progress_callback.py:218
                    loss:2.175613, finished 5.58%.                              
[22:03:28] INFO     Rank: 0 - Epoch:1/20, Batch:20,     progress_callback.py:218
                    loss:2.534863, finished 5.61%.                              
[22:03:36] INFO     Rank: 0 - Epoch:1/20, Batch:21,     progress_callback.py:218
                    loss:2.054361, finished 5.64%.                              
[22:03:41] INFO     Rank: 0 - Epoch:1/20, Batch:22,     progress_callback.py:218
                    loss:1.152553, finished 5.67%.                              
[22:03:48] INFO     Rank: 0 - Epoch:1/20, Batch:23,     progress_callback.py:218
                    loss:1.79709, finished 5.7%.                                
[22:03:55] INFO     Rank: 0 - Epoch:1/20, Batch:24,     progress_callback.py:218
                    loss:2.285074, finished 5.73%.                              
[22:04:02] INFO     Rank: 0 - Epoch:1/20, Batch:25,     progress_callback.py:218
                    loss:1.558674, finished 5.76%.                              
[22:04:06] INFO     Rank: 0 - Contrastive loss is                 callback.py:66
                    0.6747690260410308, nll_loss is                             
                    1.2878104269504547                                          
[22:04:08] INFO     Rank: 0 - Epoch:1/20, Batch:26,     progress_callback.py:218
                    loss:2.597336, finished 5.79%.                              
[22:04:21] INFO     Rank: 0 - Epoch:1/20, Batch:27,     progress_callback.py:218
                    loss:1.560113, finished 5.82%.                              
[22:04:29] INFO     Rank: 0 - Epoch:1/20, Batch:28,     progress_callback.py:218
                    loss:1.56236, finished 5.85%.                               
[22:04:37] INFO     Rank: 0 - Epoch:1/20, Batch:29,     progress_callback.py:218
                    loss:2.441298, finished 5.88%.                              
[22:04:43] INFO     Rank: 0 - Epoch:1/20, Batch:30,     progress_callback.py:218
                    loss:2.526037, finished 5.91%.                              
[22:04:50] INFO     Rank: 0 - Epoch:1/20, Batch:31,     progress_callback.py:218
                    loss:2.355374, finished 5.94%.                              
[22:04:57] INFO     Rank: 0 - Epoch:1/20, Batch:32,     progress_callback.py:218
                    loss:1.492032, finished 5.97%.                              
[22:05:04] INFO     Rank: 0 - Epoch:1/20, Batch:33,     progress_callback.py:218
                    loss:1.751953, finished 6.0%.                               
[22:05:10] INFO     Rank: 0 - Epoch:1/20, Batch:34,     progress_callback.py:218
                    loss:1.787578, finished 6.03%.                              
[22:05:15] INFO     Rank: 0 - Epoch:1/20, Batch:35,     progress_callback.py:218
                    loss:1.633061, finished 6.06%.                              
[22:05:16] INFO     Rank: 0 -                                   evaluator.py:317
                    **********Evaluation starts**********                       
[22:05:42] INFO     Rank: 0 - **********Evaluation              evaluator.py:349
                    ends**********                                              
                                                                                
           INFO     Rank: 0 - ----------Eval. results   progress_callback.py:233
                    on Epoch:1, Batch:35----------                              
           INFO     Rank: 0 -                           progress_callback.py:238
                    {"torch_ngram#ngram-overlap":                               
                    0.4397307336330414}                                         
 ============= save model at results/2023-03-25-21_28_56_059637/epoch-1_step-200.pt ============= 
save hyperparams in  results/2023-03-25-21_28_56_059637/hyperparams.txt
[22:05:52] INFO     Rank: 0 - Contrastive loss is                 callback.py:66
                    0.6811279803514481, nll_loss is                             
                    1.2360452264547348                                          
           INFO     Rank: 0 - Epoch:1/20, Batch:36,     progress_callback.py:218
                    loss:2.061926, finished 6.09%.                              
[22:06:01] INFO     Rank: 0 - Epoch:1/20, Batch:37,     progress_callback.py:218
                    loss:1.502636, finished 6.12%.                              
[22:06:10] INFO     Rank: 0 - Epoch:1/20, Batch:38,     progress_callback.py:218
                    loss:1.97529, finished 6.15%.                               
[22:06:17] INFO     Rank: 0 - Epoch:1/20, Batch:39,     progress_callback.py:218
                    loss:2.021766, finished 6.18%.                              
[22:06:24] INFO     Rank: 0 - Epoch:1/20, Batch:40,     progress_callback.py:218
                    loss:1.228568, finished 6.21%.                              
[22:06:36] INFO     Rank: 0 - Epoch:1/20, Batch:41,     progress_callback.py:218
                    loss:2.470704, finished 6.24%.                              
[22:06:48] INFO     Rank: 0 - Epoch:1/20, Batch:42,     progress_callback.py:218
                    loss:2.367951, finished 6.27%.                              
[22:06:54] INFO     Rank: 0 - Epoch:1/20, Batch:43,     progress_callback.py:218
                    loss:1.438027, finished 6.3%.                               
[22:07:01] INFO     Rank: 0 - Epoch:1/20, Batch:44,     progress_callback.py:218
                    loss:1.796727, finished 6.33%.                              
[22:07:12] INFO     Rank: 0 - Epoch:1/20, Batch:45,     progress_callback.py:218
                    loss:1.67205, finished 6.36%.                               
[22:07:19] INFO     Rank: 0 - Contrastive loss is                 callback.py:66
                    0.6323565423488617, nll_loss is                             
                    1.219659036397934                                           
[22:07:20] INFO     Rank: 0 - Epoch:1/20, Batch:46,     progress_callback.py:218
                    loss:2.046436, finished 6.39%.                              
[22:07:28] INFO     Rank: 0 - Epoch:1/20, Batch:47,     progress_callback.py:218
                    loss:1.036665, finished 6.42%.                              
[22:07:45] INFO     Rank: 0 - Epoch:1/20, Batch:48,     progress_callback.py:218
                    loss:1.371516, finished 6.45%.                              
[22:07:56] INFO     Rank: 0 - Epoch:1/20, Batch:49,     progress_callback.py:218
                    loss:1.444678, finished 6.48%.                              
[22:08:04] INFO     Rank: 0 - Epoch:1/20, Batch:50,     progress_callback.py:218
                    loss:1.586527, finished 6.52%.                              
[22:08:12] INFO     Rank: 0 - Epoch:1/20, Batch:51,     progress_callback.py:218
                    loss:2.686157, finished 6.55%.                              
[22:08:19] INFO     Rank: 0 - Epoch:1/20, Batch:52,     progress_callback.py:218
                    loss:1.713468, finished 6.58%.                              
[22:08:27] INFO     Rank: 0 - Epoch:1/20, Batch:53,     progress_callback.py:218
                    loss:1.284195, finished 6.61%.                              
[22:08:37] INFO     Rank: 0 - Epoch:1/20, Batch:54,     progress_callback.py:218
                    loss:1.57435, finished 6.64%.                               
[22:08:45] INFO     Rank: 0 - Epoch:1/20, Batch:55,     progress_callback.py:218
                    loss:1.947459, finished 6.67%.                              
[22:08:50] INFO     Rank: 0 - Contrastive loss is                 callback.py:66
                    0.6706933557987214, nll_loss is                             
                    1.0146182835102082                                          
[22:08:53] INFO     Rank: 0 - Epoch:1/20, Batch:56,     progress_callback.py:218
                    loss:2.208102, finished 6.7%.                               
[22:09:05] INFO     Rank: 0 - Epoch:1/20, Batch:57,     progress_callback.py:218
                    loss:1.614947, finished 6.73%.                              
[22:09:11] INFO     Rank: 0 - Epoch:1/20, Batch:58,     progress_callback.py:218
                    loss:2.097502, finished 6.76%.                              
[22:09:17] INFO     Rank: 0 - Epoch:1/20, Batch:59,     progress_callback.py:218
                    loss:2.18856, finished 6.79%.                               
[22:09:22] INFO     Rank: 0 - Epoch:1/20, Batch:60,     progress_callback.py:218
                    loss:1.77123, finished 6.82%.                               
[22:09:27] INFO     Rank: 0 - Epoch:1/20, Batch:61,     progress_callback.py:218
                    loss:1.974722, finished 6.85%.                              
[22:09:37] INFO     Rank: 0 - Epoch:1/20, Batch:62,     progress_callback.py:218
                    loss:1.604602, finished 6.88%.                              
[22:09:42] INFO     Rank: 0 - Epoch:1/20, Batch:63,     progress_callback.py:218
                    loss:1.795733, finished 6.91%.                              
[22:09:48] INFO     Rank: 0 - Epoch:1/20, Batch:64,     progress_callback.py:218
                    loss:2.305628, finished 6.94%.                              
[22:09:55] INFO     Rank: 0 - Epoch:1/20, Batch:65,     progress_callback.py:218
                    loss:2.439999, finished 6.97%.                              
[22:10:03] INFO     Rank: 0 - Contrastive loss is                 callback.py:66
                    0.7487871170043945, nll_loss is                             
                    1.1555268049240113                                          
           INFO     Rank: 0 - Epoch:1/20, Batch:66,     progress_callback.py:218
                    loss:1.250214, finished 7.0%.                               
[22:10:14] INFO     Rank: 0 - Epoch:1/20, Batch:67,     progress_callback.py:218
                    loss:1.358538, finished 7.03%.                              
[22:10:24] INFO     Rank: 0 - Epoch:1/20, Batch:68,     progress_callback.py:218
                    loss:2.012802, finished 7.06%.                              
[22:10:31] INFO     Rank: 0 - Epoch:1/20, Batch:69,     progress_callback.py:218
                    loss:2.240778, finished 7.09%.                              
[22:10:39] INFO     Rank: 0 - Epoch:1/20, Batch:70,     progress_callback.py:218
                    loss:1.907221, finished 7.12%.                              
[22:10:46] INFO     Rank: 0 - Epoch:1/20, Batch:71,     progress_callback.py:218
                    loss:1.808852, finished 7.15%.                              
[22:10:53] INFO     Rank: 0 - Epoch:1/20, Batch:72,     progress_callback.py:218
                    loss:1.595524, finished 7.18%.                              
[22:11:03] INFO     Rank: 0 - Epoch:1/20, Batch:73,     progress_callback.py:218
                    loss:1.596006, finished 7.21%.                              
[22:11:11] INFO     Rank: 0 - Epoch:1/20, Batch:74,     progress_callback.py:218
                    loss:1.49042, finished 7.24%.                               
[22:11:22] INFO     Rank: 0 - Epoch:1/20, Batch:75,     progress_callback.py:218
                    loss:2.212385, finished 7.27%.                              
           INFO     Rank: 0 -                                   evaluator.py:317
                    **********Evaluation starts**********                       
[22:11:49] INFO     Rank: 0 - **********Evaluation              evaluator.py:349
                    ends**********                                              
                                                                                
           INFO     Rank: 0 - ----------Eval. results   progress_callback.py:233
                    on Epoch:1, Batch:75----------                              
           INFO     Rank: 0 -                           progress_callback.py:238
                    {"torch_ngram#ngram-overlap":                               
                    0.4406234622001648}                                         
 ============= save model at results/2023-03-25-21_28_56_059637/epoch-1_step-240.pt ============= 
save hyperparams in  results/2023-03-25-21_28_56_059637/hyperparams.txt
[22:11:57] INFO     Rank: 0 - Contrastive loss is                 callback.py:66
                    0.6451387763023376, nll_loss is                             
                    1.1687068700790406                                          
           INFO     Rank: 0 - Epoch:1/20, Batch:76,     progress_callback.py:218
                    loss:1.91593, finished 7.3%.                                
[22:12:05] INFO     Rank: 0 - Epoch:1/20, Batch:77,     progress_callback.py:218
                    loss:2.30276, finished 7.33%.                               
[22:12:10] INFO     Rank: 0 - Epoch:1/20, Batch:78,     progress_callback.py:218
                    loss:1.37808, finished 7.36%.                               
[22:12:22] INFO     Rank: 0 - Epoch:1/20, Batch:79,     progress_callback.py:218
                    loss:2.005306, finished 7.39%.                              
[22:12:41] INFO     Rank: 0 - Epoch:1/20, Batch:80,     progress_callback.py:218
                    loss:1.419041, finished 7.42%.                              
[22:12:50] INFO     Rank: 0 - Epoch:1/20, Batch:81,     progress_callback.py:218
                    loss:1.986359, finished 7.45%.                              
[22:12:58] INFO     Rank: 0 - Epoch:1/20, Batch:82,     progress_callback.py:218
                    loss:1.959673, finished 7.48%.                              
[22:13:06] INFO     Rank: 0 - Epoch:1/20, Batch:83,     progress_callback.py:218
                    loss:2.377085, finished 7.52%.                              
[22:13:17] INFO     Rank: 0 - Epoch:1/20, Batch:84,     progress_callback.py:218
                    loss:1.833599, finished 7.55%.                              
[22:13:23] INFO     Rank: 0 - Epoch:1/20, Batch:85,     progress_callback.py:218
                    loss:2.573211, finished 7.58%.                              
[22:13:30] INFO     Rank: 0 - Contrastive loss is                 callback.py:66
                    0.6742526590824127, nll_loss is                             
                    1.2314557373523711                                          
[22:13:31] INFO     Rank: 0 - Epoch:1/20, Batch:86,     progress_callback.py:218
                    loss:1.221969, finished 7.61%.                              
[22:13:42] INFO     Rank: 0 - Epoch:1/20, Batch:87,     progress_callback.py:218
                    loss:2.106437, finished 7.64%.                              
[22:13:51] INFO     Rank: 0 - Epoch:1/20, Batch:88,     progress_callback.py:218
                    loss:1.532482, finished 7.67%.                              
[22:13:56] INFO     Rank: 0 - Epoch:1/20, Batch:89,     progress_callback.py:218
                    loss:2.320009, finished 7.7%.                               
[22:14:04] INFO     Rank: 0 - Epoch:1/20, Batch:90,     progress_callback.py:218
                    loss:1.791973, finished 7.73%.                              
[22:14:11] INFO     Rank: 0 - Epoch:1/20, Batch:91,     progress_callback.py:218
                    loss:1.791544, finished 7.76%.                              
[22:14:19] INFO     Rank: 0 - Epoch:1/20, Batch:92,     progress_callback.py:218
                    loss:1.879456, finished 7.79%.                              
[22:14:25] INFO     Rank: 0 - Epoch:1/20, Batch:93,     progress_callback.py:218
                    loss:1.497962, finished 7.82%.                              
[22:14:30] INFO     Rank: 0 - Epoch:1/20, Batch:94,     progress_callback.py:218
                    loss:1.858465, finished 7.85%.                              
[22:14:37] INFO     Rank: 0 - Epoch:1/20, Batch:95,     progress_callback.py:218
                    loss:2.035562, finished 7.88%.                              
[22:14:43] INFO     Rank: 0 - Contrastive loss is                 callback.py:66
                    0.6954363852739334, nll_loss is                             
                    1.1762990444898604                                          
           INFO     Rank: 0 - Epoch:1/20, Batch:96,     progress_callback.py:218
                    loss:1.903464, finished 7.91%.                              
[22:14:59] INFO     Rank: 0 - Epoch:1/20, Batch:97,     progress_callback.py:218
                    loss:1.403639, finished 7.94%.                              
[22:15:06] INFO     Rank: 0 - Epoch:1/20, Batch:98,     progress_callback.py:218
                    loss:1.149281, finished 7.97%.                              
[22:15:12] INFO     Rank: 0 - Epoch:1/20, Batch:99,     progress_callback.py:218
                    loss:2.790028, finished 8.0%.                               
[22:15:17] INFO     Rank: 0 - Epoch:1/20, Batch:100,    progress_callback.py:218
                    loss:1.879049, finished 8.03%.                              
[22:15:25] INFO     Rank: 0 - Epoch:1/20, Batch:101,    progress_callback.py:218
                    loss:2.277595, finished 8.06%.                              
[22:15:30] INFO     Rank: 0 - Epoch:1/20, Batch:102,    progress_callback.py:218
                    loss:1.887696, finished 8.09%.                              
[22:15:39] INFO     Rank: 0 - Epoch:1/20, Batch:103,    progress_callback.py:218
                    loss:1.468095, finished 8.12%.                              
[22:15:46] INFO     Rank: 0 - Epoch:1/20, Batch:104,    progress_callback.py:218
                    loss:2.29859, finished 8.15%.                               
[22:15:54] INFO     Rank: 0 - Epoch:1/20, Batch:105,    progress_callback.py:218
                    loss:2.447082, finished 8.18%.                              
[22:16:02] INFO     Rank: 0 - Contrastive loss is                 callback.py:66
                    0.6903485238552094, nll_loss is                             
                    1.2143433511257171                                          
[22:16:03] INFO     Rank: 0 - Epoch:1/20, Batch:106,    progress_callback.py:218
                    loss:1.445864, finished 8.21%.                              
[22:16:15] INFO     Rank: 0 - Epoch:1/20, Batch:107,    progress_callback.py:218
                    loss:1.00433, finished 8.24%.                               
[22:16:21] INFO     Rank: 0 - Epoch:1/20, Batch:108,    progress_callback.py:218
                    loss:1.804851, finished 8.27%.                              
[22:16:27] INFO     Rank: 0 - Epoch:1/20, Batch:109,    progress_callback.py:218
                    loss:2.646595, finished 8.3%.                               
[22:16:36] INFO     Rank: 0 - Epoch:1/20, Batch:110,    progress_callback.py:218
                    loss:1.994837, finished 8.33%.                              
[22:16:42] INFO     Rank: 0 - Epoch:1/20, Batch:111,    progress_callback.py:218
                    loss:1.698902, finished 8.36%.                              
[22:16:50] INFO     Rank: 0 - Epoch:1/20, Batch:112,    progress_callback.py:218
                    loss:1.538759, finished 8.39%.                              
[22:16:57] INFO     Rank: 0 - Epoch:1/20, Batch:113,    progress_callback.py:218
                    loss:1.761274, finished 8.42%.                              
[22:17:05] INFO     Rank: 0 - Epoch:1/20, Batch:114,    progress_callback.py:218
                    loss:1.385944, finished 8.45%.                              
[22:17:23] INFO     Rank: 0 - Epoch:1/20, Batch:115,    progress_callback.py:218
                    loss:1.706327, finished 8.48%.                              
           INFO     Rank: 0 -                                   evaluator.py:317
                    **********Evaluation starts**********                       
[22:17:50] INFO     Rank: 0 - **********Evaluation              evaluator.py:349
                    ends**********                                              
                                                                                
           INFO     Rank: 0 - ----------Eval. results   progress_callback.py:233
                    on Epoch:1, Batch:115----------                             
           INFO     Rank: 0 -                           progress_callback.py:238
                    {"torch_ngram#ngram-overlap":                               
                    0.44042402505874634}                                        
 ============= save model at results/2023-03-25-21_28_56_059637/epoch-1_step-280.pt ============= 
save hyperparams in  results/2023-03-25-21_28_56_059637/hyperparams.txt
[22:17:58] INFO     Rank: 0 - Contrastive loss is                 callback.py:66
                    0.6767190068960189, nll_loss is                             
                    1.1044988065958024                                          
           INFO     Rank: 0 - Epoch:1/20, Batch:116,    progress_callback.py:218
                    loss:2.270359, finished 8.52%.                              
[22:18:04] INFO     Rank: 0 - Epoch:1/20, Batch:117,    progress_callback.py:218
                    loss:1.792622, finished 8.55%.                              
[22:18:11] INFO     Rank: 0 - Epoch:1/20, Batch:118,    progress_callback.py:218
                    loss:2.778561, finished 8.58%.                              
[22:18:18] INFO     Rank: 0 - Epoch:1/20, Batch:119,    progress_callback.py:218
                    loss:1.882386, finished 8.61%.                              
[22:18:27] INFO     Rank: 0 - Epoch:1/20, Batch:120,    progress_callback.py:218
                    loss:2.624019, finished 8.64%.                              
[22:18:40] INFO     Rank: 0 - Epoch:1/20, Batch:121,    progress_callback.py:218
                    loss:1.865507, finished 8.67%.                              
[22:18:53] INFO     Rank: 0 - Epoch:1/20, Batch:122,    progress_callback.py:218
                    loss:1.951164, finished 8.7%.                               
[22:19:00] INFO     Rank: 0 - Epoch:1/20, Batch:123,    progress_callback.py:218
                    loss:2.360335, finished 8.73%.                              
[22:19:06] INFO     Rank: 0 - Epoch:1/20, Batch:124,    progress_callback.py:218
                    loss:1.690344, finished 8.76%.                              
[22:19:12] INFO     Rank: 0 - Epoch:1/20, Batch:125,    progress_callback.py:218
                    loss:2.706692, finished 8.79%.                              
[22:19:17] INFO     Rank: 0 - Contrastive loss is                 callback.py:66
                    0.7914378643035889, nll_loss is                             
                    1.3349700808525085                                          
           INFO     Rank: 0 - Epoch:1/20, Batch:126,    progress_callback.py:218
                    loss:1.612449, finished 8.82%.                              
[22:19:24] INFO     Rank: 0 - Epoch:1/20, Batch:127,    progress_callback.py:218
                    loss:1.589835, finished 8.85%.                              
[22:19:30] INFO     Rank: 0 - Epoch:1/20, Batch:128,    progress_callback.py:218
                    loss:1.539002, finished 8.88%.                              
[22:19:37] INFO     Rank: 0 - Epoch:1/20, Batch:129,    progress_callback.py:218
                    loss:2.393559, finished 8.91%.                              
[22:19:47] INFO     Rank: 0 - Epoch:1/20, Batch:130,    progress_callback.py:218
                    loss:2.07427, finished 8.94%.                               
[22:19:55] INFO     Rank: 0 - Epoch:1/20, Batch:131,    progress_callback.py:218
                    loss:1.929858, finished 8.97%.                              
[22:20:03] INFO     Rank: 0 - Epoch:1/20, Batch:132,    progress_callback.py:218
                    loss:1.740866, finished 9.0%.                               
[22:20:10] INFO     Rank: 0 - Epoch:1/20, Batch:133,    progress_callback.py:218
                    loss:2.457403, finished 9.03%.                              
[22:20:18] INFO     Rank: 0 - Epoch:1/20, Batch:134,    progress_callback.py:218
                    loss:1.805709, finished 9.06%.                              
[22:20:26] INFO     Rank: 0 - Epoch:1/20, Batch:135,    progress_callback.py:218
                    loss:2.209517, finished 9.09%.                              
[22:20:31] INFO     Rank: 0 - Contrastive loss is                 callback.py:66
                    0.7202048897743225, nll_loss is                             
                    1.2773069739341736                                          
[22:20:32] INFO     Rank: 0 - Epoch:1/20, Batch:136,    progress_callback.py:218
                    loss:2.2351, finished 9.12%.                                
[22:20:40] INFO     Rank: 0 - Epoch:1/20, Batch:137,    progress_callback.py:218
                    loss:1.807005, finished 9.15%.                              
[22:20:50] INFO     Rank: 0 - Epoch:1/20, Batch:138,    progress_callback.py:218
                    loss:1.758196, finished 9.18%.                              
[22:21:02] INFO     Rank: 0 - Epoch:1/20, Batch:139,    progress_callback.py:218
                    loss:2.454191, finished 9.21%.                              
[22:21:13] INFO     Rank: 0 - Epoch:1/20, Batch:140,    progress_callback.py:218
                    loss:1.555687, finished 9.24%.                              
[22:21:24] INFO     Rank: 0 - Epoch:1/20, Batch:141,    progress_callback.py:218
                    loss:1.913984, finished 9.27%.                              
[22:21:32] INFO     Rank: 0 - Epoch:1/20, Batch:142,    progress_callback.py:218
                    loss:1.564157, finished 9.3%.                               
[22:21:40] INFO     Rank: 0 - Epoch:1/20, Batch:143,    progress_callback.py:218
                    loss:1.780634, finished 9.33%.                              
[22:21:46] INFO     Rank: 0 - Epoch:1/20, Batch:144,    progress_callback.py:218
                    loss:1.384374, finished 9.36%.                              
[22:21:58] INFO     Rank: 0 - Epoch:1/20, Batch:145,    progress_callback.py:218
                    loss:1.529714, finished 9.39%.                              
[22:22:04] INFO     Rank: 0 - Contrastive loss is                 callback.py:66
                    0.6190125942230225, nll_loss is                             
                    1.160402810573578                                           
[22:22:05] INFO     Rank: 0 - Epoch:1/20, Batch:146,    progress_callback.py:218
                    loss:2.046213, finished 9.42%.                              
[22:22:17] INFO     Rank: 0 - Epoch:1/20, Batch:147,    progress_callback.py:218
                    loss:2.118363, finished 9.45%.                              
[22:22:25] INFO     Rank: 0 - Epoch:1/20, Batch:148,    progress_callback.py:218
                    loss:1.229397, finished 9.48%.                              
[22:22:33] INFO     Rank: 0 - Epoch:1/20, Batch:149,    progress_callback.py:218
                    loss:1.871779, finished 9.52%.                              
[22:22:39] INFO     Rank: 0 - Epoch:1/20, Batch:150,    progress_callback.py:218
                    loss:2.214428, finished 9.55%.                              
[22:22:46] INFO     Rank: 0 - Epoch:1/20, Batch:151,    progress_callback.py:218
                    loss:2.313789, finished 9.58%.                              
[22:22:54] INFO     Rank: 0 - Epoch:1/20, Batch:152,    progress_callback.py:218
                    loss:1.318922, finished 9.61%.                              
[22:23:02] INFO     Rank: 0 - Epoch:1/20, Batch:153,    progress_callback.py:218
                    loss:1.855853, finished 9.64%.                              
[22:23:09] INFO     Rank: 0 - Epoch:1/20, Batch:154,    progress_callback.py:218
                    loss:2.120478, finished 9.67%.                              
[22:23:23] INFO     Rank: 0 - Epoch:1/20, Batch:155,    progress_callback.py:218
                    loss:1.271326, finished 9.7%.                               
           INFO     Rank: 0 -                                   evaluator.py:317
                    **********Evaluation starts**********                       
[22:23:50] INFO     Rank: 0 - **********Evaluation              evaluator.py:349
                    ends**********                                              
                                                                                
           INFO     Rank: 0 - ----------Eval. results   progress_callback.py:233
                    on Epoch:1, Batch:155----------                             
           INFO     Rank: 0 -                           progress_callback.py:238
                    {"torch_ngram#ngram-overlap":                               
                    0.43994855880737305}                                        
[22:23:55] INFO     Rank: 0 - Contrastive loss is                 callback.py:66
                    0.6468728125095368, nll_loss is                             
                    1.1748952567577362                                          
           INFO     Rank: 0 - Epoch:1/20, Batch:156,    progress_callback.py:218
                    loss:1.903346, finished 9.73%.                              
[22:24:01] INFO     Rank: 0 - Epoch:1/20, Batch:157,    progress_callback.py:218
                    loss:1.996858, finished 9.76%.                              
[22:24:10] INFO     Rank: 0 - Epoch:1/20, Batch:158,    progress_callback.py:218
                    loss:2.084797, finished 9.79%.                              
[22:24:16] INFO     Rank: 0 - Epoch:1/20, Batch:159,    progress_callback.py:218
                    loss:1.728502, finished 9.82%.                              
[22:24:25] INFO     Rank: 0 - Epoch:1/20, Batch:160,    progress_callback.py:218
                    loss:1.630251, finished 9.85%.                              
[22:24:32] INFO     Rank: 0 - Epoch:1/20, Batch:161,    progress_callback.py:218
                    loss:1.960535, finished 9.88%.                              
[22:24:42] INFO     Rank: 0 - Epoch:1/20, Batch:162,    progress_callback.py:218
                    loss:1.334901, finished 9.91%.                              
[22:24:58] INFO     Rank: 0 - Epoch:1/20, Batch:163,    progress_callback.py:218
                    loss:1.774423, finished 9.94%.                              
[22:25:07] INFO     Rank: 0 - Epoch:1/20, Batch:164,    progress_callback.py:218
                    loss:1.097722, finished 9.97%.                              
[22:25:16] INFO     Rank: 0 - Epoch:1/20, Batch:165,    progress_callback.py:218
                    loss:1.572701, finished 10.0%.                              
           INFO     Rank: 0 -                           progress_callback.py:204
                    **********Epoch:2 starts**********                          
[22:25:28] INFO     Rank: 0 - Contrastive loss is                 callback.py:66
                    0.6331910252571106, nll_loss is                             
                    1.1470340371131897                                          
           INFO     Rank: 0 - Epoch:2/20, Batch:1,      progress_callback.py:218
                    loss:2.621561, finished 10.03%.                             
[22:25:40] INFO     Rank: 0 - Epoch:2/20, Batch:2,      progress_callback.py:218
                    loss:1.244875, finished 10.06%.                             
[22:26:01] INFO     Rank: 0 - Epoch:2/20, Batch:3,      progress_callback.py:218
                    loss:1.658158, finished 10.09%.                             
[22:26:13] INFO     Rank: 0 - Epoch:2/20, Batch:4,      progress_callback.py:218
                    loss:1.500087, finished 10.12%.                             
[22:26:21] INFO     Rank: 0 - Epoch:2/20, Batch:5,      progress_callback.py:218
                    loss:1.722003, finished 10.15%.                             
[22:26:27] INFO     Rank: 0 - Epoch:2/20, Batch:6,      progress_callback.py:218
                    loss:1.846917, finished 10.18%.                             
[22:26:35] INFO     Rank: 0 - Epoch:2/20, Batch:7,      progress_callback.py:218
                    loss:2.056935, finished 10.21%.                             
[22:26:44] INFO     Rank: 0 - Epoch:2/20, Batch:8,      progress_callback.py:218
                    loss:1.66795, finished 10.24%.                              
[22:26:50] INFO     Rank: 0 - Epoch:2/20, Batch:9,      progress_callback.py:218
                    loss:1.68671, finished 10.27%.                              
[22:26:57] INFO     Rank: 0 - Epoch:2/20, Batch:10,     progress_callback.py:218
                    loss:1.285595, finished 10.3%.                              
[22:27:02] INFO     Rank: 0 - Contrastive loss is                 callback.py:66
                    0.6110810369253159, nll_loss is                             
                    1.0617305904626846                                          
           INFO     Rank: 0 - Epoch:2/20, Batch:11,     progress_callback.py:218
                    loss:2.058886, finished 10.33%.                             
[22:27:12] INFO     Rank: 0 - Epoch:2/20, Batch:12,     progress_callback.py:218
                    loss:1.23211, finished 10.36%.                              
[22:27:26] INFO     Rank: 0 - Epoch:2/20, Batch:13,     progress_callback.py:218
                    loss:1.274669, finished 10.39%.                             
[22:27:33] INFO     Rank: 0 - Epoch:2/20, Batch:14,     progress_callback.py:218
                    loss:2.337443, finished 10.42%.                             
[22:27:38] INFO     Rank: 0 - Epoch:2/20, Batch:15,     progress_callback.py:218
                    loss:1.341598, finished 10.45%.                             
[22:27:47] INFO     Rank: 0 - Epoch:2/20, Batch:16,     progress_callback.py:218
                    loss:1.746067, finished 10.48%.                             
[22:27:55] INFO     Rank: 0 - Epoch:2/20, Batch:17,     progress_callback.py:218
                    loss:1.431646, finished 10.52%.                             
[22:28:03] INFO     Rank: 0 - Epoch:2/20, Batch:18,     progress_callback.py:218
                    loss:2.092673, finished 10.55%.                             
[22:28:10] INFO     Rank: 0 - Epoch:2/20, Batch:19,     progress_callback.py:218
                    loss:1.461357, finished 10.58%.                             
[22:28:17] INFO     Rank: 0 - Epoch:2/20, Batch:20,     progress_callback.py:218
                    loss:1.987929, finished 10.61%.                             
[22:28:27] INFO     Rank: 0 - Contrastive loss is                 callback.py:66
                    0.6169212818145752, nll_loss is                             
                    1.0368721961975098                                          
[22:28:28] INFO     Rank: 0 - Epoch:2/20, Batch:21,     progress_callback.py:218
                    loss:1.632442, finished 10.64%.                             
[22:28:41] INFO     Rank: 0 - Epoch:2/20, Batch:22,     progress_callback.py:218
                    loss:1.468599, finished 10.67%.                             
[22:28:48] INFO     Rank: 0 - Epoch:2/20, Batch:23,     progress_callback.py:218
                    loss:1.696515, finished 10.7%.                              
[22:28:57] INFO     Rank: 0 - Epoch:2/20, Batch:24,     progress_callback.py:218
                    loss:1.750755, finished 10.73%.                             
[22:29:03] INFO     Rank: 0 - Epoch:2/20, Batch:25,     progress_callback.py:218
                    loss:1.784729, finished 10.76%.                             
[22:29:09] INFO     Rank: 0 - Epoch:2/20, Batch:26,     progress_callback.py:218
                    loss:2.136362, finished 10.79%.                             
[22:29:15] INFO     Rank: 0 - Epoch:2/20, Batch:27,     progress_callback.py:218
                    loss:2.223212, finished 10.82%.                             
[22:29:21] INFO     Rank: 0 - Epoch:2/20, Batch:28,     progress_callback.py:218
                    loss:1.880149, finished 10.85%.                             
[22:29:31] INFO     Rank: 0 - Epoch:2/20, Batch:29,     progress_callback.py:218
                    loss:1.820847, finished 10.88%.                             
[22:29:39] INFO     Rank: 0 - Epoch:2/20, Batch:30,     progress_callback.py:218
                    loss:1.439479, finished 10.91%.                             
           INFO     Rank: 0 -                                   evaluator.py:317
                    **********Evaluation starts**********                       
[22:30:06] INFO     Rank: 0 - **********Evaluation              evaluator.py:349
                    ends**********                                              
                                                                                
           INFO     Rank: 0 - ----------Eval. results   progress_callback.py:233
                    on Epoch:2, Batch:30----------                              
           INFO     Rank: 0 -                           progress_callback.py:238
                    {"torch_ngram#ngram-overlap":                               
                    0.4408760070800781}                                         
 ============= save model at results/2023-03-25-21_28_56_059637/epoch-2_step-360.pt ============= 
save hyperparams in  results/2023-03-25-21_28_56_059637/hyperparams.txt
[22:30:17] INFO     Rank: 0 - Contrastive loss is                 callback.py:66
                    0.6499351114034653, nll_loss is                             
                    1.0964031845331192                                          
[22:30:21] INFO     Rank: 0 - Epoch:2/20, Batch:31,     progress_callback.py:218
                    loss:1.262735, finished 10.94%.                             
[22:30:33] INFO     Rank: 0 - Epoch:2/20, Batch:32,     progress_callback.py:218
                    loss:1.172857, finished 10.97%.                             
[22:30:47] INFO     Rank: 0 - Epoch:2/20, Batch:33,     progress_callback.py:218
                    loss:1.910661, finished 11.0%.                              
[22:31:14] INFO     Rank: 0 - Epoch:2/20, Batch:34,     progress_callback.py:218
                    loss:2.2135, finished 11.03%.                               
[22:31:22] INFO     Rank: 0 - Epoch:2/20, Batch:35,     progress_callback.py:218
                    loss:1.823666, finished 11.06%.                             
[22:31:31] INFO     Rank: 0 - Epoch:2/20, Batch:36,     progress_callback.py:218
                    loss:2.014034, finished 11.09%.                             
[22:31:40] INFO     Rank: 0 - Epoch:2/20, Batch:37,     progress_callback.py:218
                    loss:1.223244, finished 11.12%.                             
[22:31:48] INFO     Rank: 0 - Epoch:2/20, Batch:38,     progress_callback.py:218
                    loss:1.935196, finished 11.15%.                             
[22:31:55] INFO     Rank: 0 - Epoch:2/20, Batch:39,     progress_callback.py:218
                    loss:2.445821, finished 11.18%.                             
[22:32:04] INFO     Rank: 0 - Epoch:2/20, Batch:40,     progress_callback.py:218
                    loss:1.853952, finished 11.21%.                             
[22:32:16] INFO     Rank: 0 - Contrastive loss is                 callback.py:66
                    0.6680439561605453, nll_loss is                             
                    1.212785890698433                                           
[22:32:17] INFO     Rank: 0 - Epoch:2/20, Batch:41,     progress_callback.py:218
                    loss:2.215368, finished 11.24%.                             
[22:32:24] INFO     Rank: 0 - Epoch:2/20, Batch:42,     progress_callback.py:218
                    loss:2.487144, finished 11.27%.                             
[22:32:29] INFO     Rank: 0 - Epoch:2/20, Batch:43,     progress_callback.py:218
                    loss:1.421153, finished 11.3%.                              
[22:32:38] INFO     Rank: 0 - Epoch:2/20, Batch:44,     progress_callback.py:218
                    loss:1.099055, finished 11.33%.                             
[22:32:47] INFO     Rank: 0 - Epoch:2/20, Batch:45,     progress_callback.py:218
                    loss:1.330945, finished 11.36%.                             
[22:32:55] INFO     Rank: 0 - Epoch:2/20, Batch:46,     progress_callback.py:218
                    loss:1.355706, finished 11.39%.                             
[22:33:02] INFO     Rank: 0 - Epoch:2/20, Batch:47,     progress_callback.py:218
                    loss:2.327337, finished 11.42%.                             
[22:33:09] INFO     Rank: 0 - Epoch:2/20, Batch:48,     progress_callback.py:218
                    loss:2.069093, finished 11.45%.                             
[22:33:18] INFO     Rank: 0 - Epoch:2/20, Batch:49,     progress_callback.py:218
                    loss:2.240616, finished 11.48%.                             
[22:33:33] INFO     Rank: 0 - Epoch:2/20, Batch:50,     progress_callback.py:218
                    loss:1.850078, finished 11.52%.                             
[22:33:40] INFO     Rank: 0 - Contrastive loss is                 callback.py:66
                    0.722389742732048, nll_loss is                              
                    1.0686337739229201                                          
           INFO     Rank: 0 - Epoch:2/20, Batch:51,     progress_callback.py:218
                    loss:1.729108, finished 11.55%.                             
[22:33:47] INFO     Rank: 0 - Epoch:2/20, Batch:52,     progress_callback.py:218
                    loss:1.806217, finished 11.58%.                             
[22:33:55] INFO     Rank: 0 - Epoch:2/20, Batch:53,     progress_callback.py:218
                    loss:2.034307, finished 11.61%.                             
[22:34:04] INFO     Rank: 0 - Epoch:2/20, Batch:54,     progress_callback.py:218
                    loss:1.712969, finished 11.64%.                             
[22:34:12] INFO     Rank: 0 - Epoch:2/20, Batch:55,     progress_callback.py:218
                    loss:1.887672, finished 11.67%.                             
[22:34:19] INFO     Rank: 0 - Epoch:2/20, Batch:56,     progress_callback.py:218
                    loss:1.847215, finished 11.7%.                              
[22:34:26] INFO     Rank: 0 - Epoch:2/20, Batch:57,     progress_callback.py:218
                    loss:1.809175, finished 11.73%.                             
[22:34:42] INFO     Rank: 0 - Epoch:2/20, Batch:58,     progress_callback.py:218
                    loss:1.682486, finished 11.76%.                             
[22:34:50] INFO     Rank: 0 - Epoch:2/20, Batch:59,     progress_callback.py:218
                    loss:1.600197, finished 11.79%.                             
[22:34:58] INFO     Rank: 0 - Epoch:2/20, Batch:60,     progress_callback.py:218
                    loss:1.660381, finished 11.82%.                             
[22:35:03] INFO     Rank: 0 - Contrastive loss is                 callback.py:66
                    0.6752810567617417, nll_loss is                             
                    1.1439330726861954                                          
[22:35:04] INFO     Rank: 0 - Epoch:2/20, Batch:61,     progress_callback.py:218
                    loss:2.151522, finished 11.85%.                             
[22:35:10] INFO     Rank: 0 - Epoch:2/20, Batch:62,     progress_callback.py:218
                    loss:1.717975, finished 11.88%.                             
[22:35:19] INFO     Rank: 0 - Epoch:2/20, Batch:63,     progress_callback.py:218
                    loss:2.082154, finished 11.91%.                             
[22:35:27] INFO     Rank: 0 - Epoch:2/20, Batch:64,     progress_callback.py:218
                    loss:2.699515, finished 11.94%.                             
[22:35:33] INFO     Rank: 0 - Epoch:2/20, Batch:65,     progress_callback.py:218
                    loss:1.534266, finished 11.97%.                             
[22:35:44] INFO     Rank: 0 - Epoch:2/20, Batch:66,     progress_callback.py:218
                    loss:1.805634, finished 12.0%.                              
[22:36:02] INFO     Rank: 0 - Epoch:2/20, Batch:67,     progress_callback.py:218
                    loss:1.643425, finished 12.03%.                             
[22:36:07] INFO     Rank: 0 - Epoch:2/20, Batch:68,     progress_callback.py:218
                    loss:2.547993, finished 12.06%.                             
[22:36:15] INFO     Rank: 0 - Epoch:2/20, Batch:69,     progress_callback.py:218
                    loss:2.238126, finished 12.09%.                             
[22:36:24] INFO     Rank: 0 - Epoch:2/20, Batch:70,     progress_callback.py:218
                    loss:2.068987, finished 12.12%.                             
           INFO     Rank: 0 -                                   evaluator.py:317
                    **********Evaluation starts**********                       
[22:36:51] INFO     Rank: 0 - **********Evaluation              evaluator.py:349
                    ends**********                                              
                                                                                
           INFO     Rank: 0 - ----------Eval. results   progress_callback.py:233
                    on Epoch:2, Batch:70----------                              
           INFO     Rank: 0 -                           progress_callback.py:238
                    {"torch_ngram#ngram-overlap":                               
                    0.4415515959262848}                                         
 ============= save model at results/2023-03-25-21_28_56_059637/epoch-2_step-400.pt ============= 
save hyperparams in  results/2023-03-25-21_28_56_059637/hyperparams.txt
[22:37:03] INFO     Rank: 0 - Contrastive loss is                 callback.py:66
                    0.669134110212326, nll_loss is                              
                    1.320000571012497                                           
[22:37:04] INFO     Rank: 0 - Epoch:2/20, Batch:71,     progress_callback.py:218
                    loss:1.553271, finished 12.15%.                             
[22:37:18] INFO     Rank: 0 - Epoch:2/20, Batch:72,     progress_callback.py:218
                    loss:1.515696, finished 12.18%.                             
[22:37:26] INFO     Rank: 0 - Epoch:2/20, Batch:73,     progress_callback.py:218
                    loss:2.380748, finished 12.21%.                             
[22:37:35] INFO     Rank: 0 - Epoch:2/20, Batch:74,     progress_callback.py:218
                    loss:2.336973, finished 12.24%.                             
[22:37:44] INFO     Rank: 0 - Epoch:2/20, Batch:75,     progress_callback.py:218
                    loss:2.036615, finished 12.27%.                             
[22:37:50] INFO     Rank: 0 - Epoch:2/20, Batch:76,     progress_callback.py:218
                    loss:2.343767, finished 12.3%.                              
[22:38:02] INFO     Rank: 0 - Epoch:2/20, Batch:77,     progress_callback.py:218
                    loss:1.801061, finished 12.33%.                             
[22:38:10] INFO     Rank: 0 - Epoch:2/20, Batch:78,     progress_callback.py:218
                    loss:2.016496, finished 12.36%.                             
[22:38:23] INFO     Rank: 0 - Epoch:2/20, Batch:79,     progress_callback.py:218
                    loss:1.309475, finished 12.39%.                             
[22:38:35] INFO     Rank: 0 - Epoch:2/20, Batch:80,     progress_callback.py:218
                    loss:1.865714, finished 12.42%.                             
[22:38:43] INFO     Rank: 0 - Contrastive loss is                 callback.py:66
                    0.6586952686309815, nll_loss is                             
                    1.2559504866600038                                          
[22:38:44] INFO     Rank: 0 - Epoch:2/20, Batch:81,     progress_callback.py:218
                    loss:1.539913, finished 12.45%.                             
[22:38:51] INFO     Rank: 0 - Epoch:2/20, Batch:82,     progress_callback.py:218
                    loss:1.65993, finished 12.48%.                              
[22:39:00] INFO     Rank: 0 - Epoch:2/20, Batch:83,     progress_callback.py:218
                    loss:1.053915, finished 12.52%.                             
[22:39:06] INFO     Rank: 0 - Epoch:2/20, Batch:84,     progress_callback.py:218
                    loss:1.764431, finished 12.55%.                             
[22:39:13] INFO     Rank: 0 - Epoch:2/20, Batch:85,     progress_callback.py:218
                    loss:1.598872, finished 12.58%.                             
[22:39:21] INFO     Rank: 0 - Epoch:2/20, Batch:86,     progress_callback.py:218
                    loss:1.898358, finished 12.61%.                             
[22:39:26] INFO     Rank: 0 - Epoch:2/20, Batch:87,     progress_callback.py:218
                    loss:1.268273, finished 12.64%.                             
[22:39:38] INFO     Rank: 0 - Epoch:2/20, Batch:88,     progress_callback.py:218
                    loss:1.544758, finished 12.67%.                             
[22:39:46] INFO     Rank: 0 - Epoch:2/20, Batch:89,     progress_callback.py:218
                    loss:1.802629, finished 12.7%.                              
[22:39:52] INFO     Rank: 0 - Epoch:2/20, Batch:90,     progress_callback.py:218
                    loss:2.084515, finished 12.73%.                             
[22:39:56] INFO     Rank: 0 - Contrastive loss is                 callback.py:66
                    0.6557403951883316, nll_loss is                             
                    0.9869557112455368                                          
[22:39:59] INFO     Rank: 0 - Epoch:2/20, Batch:91,     progress_callback.py:218
                    loss:1.751281, finished 12.76%.                             
[22:40:07] INFO     Rank: 0 - Epoch:2/20, Batch:92,     progress_callback.py:218
                    loss:1.922406, finished 12.79%.                             
[22:40:12] INFO     Rank: 0 - Epoch:2/20, Batch:93,     progress_callback.py:218
                    loss:1.418002, finished 12.82%.                             
[22:40:18] INFO     Rank: 0 - Epoch:2/20, Batch:94,     progress_callback.py:218
                    loss:1.993358, finished 12.85%.                             
[22:40:28] INFO     Rank: 0 - Epoch:2/20, Batch:95,     progress_callback.py:218
                    loss:2.113982, finished 12.88%.                             
[22:40:34] INFO     Rank: 0 - Epoch:2/20, Batch:96,     progress_callback.py:218
                    loss:1.937036, finished 12.91%.                             
[22:40:44] INFO     Rank: 0 - Epoch:2/20, Batch:97,     progress_callback.py:218
                    loss:1.76568, finished 12.94%.                              
[22:40:52] INFO     Rank: 0 - Epoch:2/20, Batch:98,     progress_callback.py:218
                    loss:2.251548, finished 12.97%.                             
[22:40:58] INFO     Rank: 0 - Epoch:2/20, Batch:99,     progress_callback.py:218
                    loss:1.878992, finished 13.0%.                              
[22:41:06] INFO     Rank: 0 - Epoch:2/20, Batch:100,    progress_callback.py:218
                    loss:1.529521, finished 13.03%.                             
[22:41:10] INFO     Rank: 0 - Contrastive loss is                 callback.py:66
                    0.6686903446912765, nll_loss is                             
                    1.1732618242502213                                          
           INFO     Rank: 0 - Epoch:2/20, Batch:101,    progress_callback.py:218
                    loss:1.608997, finished 13.06%.                             
[22:41:18] INFO     Rank: 0 - Epoch:2/20, Batch:102,    progress_callback.py:218
                    loss:1.512319, finished 13.09%.                             
[22:41:27] INFO     Rank: 0 - Epoch:2/20, Batch:103,    progress_callback.py:218
                    loss:1.468432, finished 13.12%.                             
[22:41:35] INFO     Rank: 0 - Epoch:2/20, Batch:104,    progress_callback.py:218
                    loss:2.065703, finished 13.15%.                             
[22:41:41] INFO     Rank: 0 - Epoch:2/20, Batch:105,    progress_callback.py:218
                    loss:2.002981, finished 13.18%.                             
[22:41:57] INFO     Rank: 0 - Epoch:2/20, Batch:106,    progress_callback.py:218
                    loss:1.973379, finished 13.21%.                             
[22:42:09] INFO     Rank: 0 - Epoch:2/20, Batch:107,    progress_callback.py:218
                    loss:2.071062, finished 13.24%.                             
[22:42:16] INFO     Rank: 0 - Epoch:2/20, Batch:108,    progress_callback.py:218
                    loss:1.932501, finished 13.27%.                             
[22:42:22] INFO     Rank: 0 - Epoch:2/20, Batch:109,    progress_callback.py:218
                    loss:1.548083, finished 13.3%.                              
[22:42:30] INFO     Rank: 0 - Epoch:2/20, Batch:110,    progress_callback.py:218
                    loss:2.138765, finished 13.33%.                             
           INFO     Rank: 0 -                                   evaluator.py:317
                    **********Evaluation starts**********                       
[22:42:56] INFO     Rank: 0 - **********Evaluation              evaluator.py:349
                    ends**********                                              
                                                                                
           INFO     Rank: 0 - ----------Eval. results   progress_callback.py:233
                    on Epoch:2, Batch:110----------                             
           INFO     Rank: 0 -                           progress_callback.py:238
                    {"torch_ngram#ngram-overlap":                               
                    0.44109073281288147}                                        
 ============= save model at results/2023-03-25-21_28_56_059637/epoch-2_step-440.pt ============= 
save hyperparams in  results/2023-03-25-21_28_56_059637/hyperparams.txt
[22:43:06] INFO     Rank: 0 - Contrastive loss is                 callback.py:66
                    0.6487267255783081, nll_loss is                             
                    1.2038283824920655                                          
[22:43:09] INFO     Rank: 0 - Epoch:2/20, Batch:111,    progress_callback.py:218
                    loss:1.812326, finished 13.36%.                             
[22:43:21] INFO     Rank: 0 - Epoch:2/20, Batch:112,    progress_callback.py:218
                    loss:2.052562, finished 13.39%.                             
[22:43:30] INFO     Rank: 0 - Epoch:2/20, Batch:113,    progress_callback.py:218
                    loss:1.776178, finished 13.42%.                             
[22:43:38] INFO     Rank: 0 - Epoch:2/20, Batch:114,    progress_callback.py:218
                    loss:1.677235, finished 13.45%.                             
[22:43:44] INFO     Rank: 0 - Epoch:2/20, Batch:115,    progress_callback.py:218
                    loss:1.368503, finished 13.48%.                             
[22:43:51] INFO     Rank: 0 - Epoch:2/20, Batch:116,    progress_callback.py:218
                    loss:0.84222, finished 13.52%.                              
[22:43:58] INFO     Rank: 0 - Epoch:2/20, Batch:117,    progress_callback.py:218
                    loss:1.772378, finished 13.55%.                             
[22:44:06] INFO     Rank: 0 - Epoch:2/20, Batch:118,    progress_callback.py:218
                    loss:1.101088, finished 13.58%.                             
[22:44:15] INFO     Rank: 0 - Epoch:2/20, Batch:119,    progress_callback.py:218
                    loss:1.473906, finished 13.61%.                             
[22:44:22] INFO     Rank: 0 - Epoch:2/20, Batch:120,    progress_callback.py:218
                    loss:1.809226, finished 13.64%.                             
[22:44:31] INFO     Rank: 0 - Contrastive loss is                 callback.py:66
                    0.6728778123855591, nll_loss is                             
                    0.8883652746677398                                          
           INFO     Rank: 0 - Epoch:2/20, Batch:121,    progress_callback.py:218
                    loss:1.739135, finished 13.67%.                             
[22:44:38] INFO     Rank: 0 - Epoch:2/20, Batch:122,    progress_callback.py:218
                    loss:2.169284, finished 13.7%.                              
[22:44:45] INFO     Rank: 0 - Epoch:2/20, Batch:123,    progress_callback.py:218
                    loss:2.159771, finished 13.73%.                             
[22:44:52] INFO     Rank: 0 - Epoch:2/20, Batch:124,    progress_callback.py:218
                    loss:1.749365, finished 13.76%.                             
[22:44:59] INFO     Rank: 0 - Epoch:2/20, Batch:125,    progress_callback.py:218
                    loss:1.804844, finished 13.79%.                             
[22:45:08] INFO     Rank: 0 - Epoch:2/20, Batch:126,    progress_callback.py:218
                    loss:1.789384, finished 13.82%.                             
[22:45:14] INFO     Rank: 0 - Epoch:2/20, Batch:127,    progress_callback.py:218
                    loss:1.678787, finished 13.85%.                             
[22:45:22] INFO     Rank: 0 - Epoch:2/20, Batch:128,    progress_callback.py:218
                    loss:1.166677, finished 13.88%.                             
[22:45:32] INFO     Rank: 0 - Epoch:2/20, Batch:129,    progress_callback.py:218
                    loss:1.597605, finished 13.91%.                             
[22:45:40] INFO     Rank: 0 - Epoch:2/20, Batch:130,    progress_callback.py:218
                    loss:1.787665, finished 13.94%.                             
[22:45:44] INFO     Rank: 0 - Contrastive loss is                 callback.py:66
                    0.659497982263565, nll_loss is                              
                    1.1479138553142547                                          
[22:45:47] INFO     Rank: 0 - Epoch:2/20, Batch:131,    progress_callback.py:218
                    loss:2.170738, finished 13.97%.                             
[22:45:54] INFO     Rank: 0 - Epoch:2/20, Batch:132,    progress_callback.py:218
                    loss:1.659852, finished 14.0%.                              
[22:46:00] INFO     Rank: 0 - Epoch:2/20, Batch:133,    progress_callback.py:218
                    loss:1.776421, finished 14.03%.                             
[22:46:06] INFO     Rank: 0 - Epoch:2/20, Batch:134,    progress_callback.py:218
                    loss:2.259079, finished 14.06%.                             
[22:46:14] INFO     Rank: 0 - Epoch:2/20, Batch:135,    progress_callback.py:218
                    loss:1.436248, finished 14.09%.                             
[22:46:22] INFO     Rank: 0 - Epoch:2/20, Batch:136,    progress_callback.py:218
                    loss:1.568937, finished 14.12%.                             
[22:46:29] INFO     Rank: 0 - Epoch:2/20, Batch:137,    progress_callback.py:218
                    loss:1.776233, finished 14.15%.                             
[22:46:41] INFO     Rank: 0 - Epoch:2/20, Batch:138,    progress_callback.py:218
                    loss:1.717116, finished 14.18%.                             
[22:46:50] INFO     Rank: 0 - Epoch:2/20, Batch:139,    progress_callback.py:218
                    loss:2.252696, finished 14.21%.                             
[22:46:58] INFO     Rank: 0 - Epoch:2/20, Batch:140,    progress_callback.py:218
                    loss:1.881575, finished 14.24%.                             
[22:47:04] INFO     Rank: 0 - Contrastive loss is                 callback.py:66
                    0.6414504647254944, nll_loss is                             
                    1.1769675254821776                                          
[22:47:05] INFO     Rank: 0 - Epoch:2/20, Batch:141,    progress_callback.py:218
                    loss:1.856022, finished 14.27%.                             
[22:47:13] INFO     Rank: 0 - Epoch:2/20, Batch:142,    progress_callback.py:218
                    loss:2.172208, finished 14.3%.                              
[22:47:22] INFO     Rank: 0 - Epoch:2/20, Batch:143,    progress_callback.py:218
                    loss:1.079602, finished 14.33%.                             
[22:47:32] INFO     Rank: 0 - Epoch:2/20, Batch:144,    progress_callback.py:218
                    loss:1.401492, finished 14.36%.                             
[22:47:41] INFO     Rank: 0 - Epoch:2/20, Batch:145,    progress_callback.py:218
                    loss:1.264475, finished 14.39%.                             
[22:47:54] INFO     Rank: 0 - Epoch:2/20, Batch:146,    progress_callback.py:218
                    loss:1.835276, finished 14.42%.                             
[22:48:09] INFO     Rank: 0 - Epoch:2/20, Batch:147,    progress_callback.py:218
                    loss:2.582047, finished 14.45%.                             
[22:48:18] INFO     Rank: 0 - Epoch:2/20, Batch:148,    progress_callback.py:218
                    loss:1.482768, finished 14.48%.                             
[22:48:31] INFO     Rank: 0 - Epoch:2/20, Batch:149,    progress_callback.py:218
                    loss:1.457885, finished 14.52%.                             
[22:48:40] INFO     Rank: 0 - Epoch:2/20, Batch:150,    progress_callback.py:218
                    loss:1.565926, finished 14.55%.                             
           INFO     Rank: 0 -                                   evaluator.py:317
                    **********Evaluation starts**********                       
[22:49:09] INFO     Rank: 0 - **********Evaluation              evaluator.py:349
                    ends**********                                              
                                                                                
           INFO     Rank: 0 - ----------Eval. results   progress_callback.py:233
                    on Epoch:2, Batch:150----------                             
           INFO     Rank: 0 -                           progress_callback.py:238
                    {"torch_ngram#ngram-overlap":                               
                    0.44363895058631897}                                        
 ============= save model at results/2023-03-25-21_28_56_059637/epoch-2_step-480.pt ============= 
save hyperparams in  results/2023-03-25-21_28_56_059637/hyperparams.txt
[22:49:22] INFO     Rank: 0 - Contrastive loss is                 callback.py:66
                    0.6443662106990814, nll_loss is                             
                    0.9742750108242035                                          
[22:49:23] INFO     Rank: 0 - Epoch:2/20, Batch:151,    progress_callback.py:218
                    loss:1.344732, finished 14.58%.                             
[22:49:33] INFO     Rank: 0 - Epoch:2/20, Batch:152,    progress_callback.py:218
                    loss:1.852394, finished 14.61%.                             
[22:49:40] INFO     Rank: 0 - Epoch:2/20, Batch:153,    progress_callback.py:218
                    loss:1.351549, finished 14.64%.                             
[22:49:48] INFO     Rank: 0 - Epoch:2/20, Batch:154,    progress_callback.py:218
                    loss:1.307266, finished 14.67%.                             
[22:49:54] INFO     Rank: 0 - Epoch:2/20, Batch:155,    progress_callback.py:218
                    loss:1.424233, finished 14.7%.                              
[22:50:02] INFO     Rank: 0 - Epoch:2/20, Batch:156,    progress_callback.py:218
                    loss:1.900192, finished 14.73%.                             
[22:50:07] INFO     Rank: 0 - Epoch:2/20, Batch:157,    progress_callback.py:218
                    loss:1.641848, finished 14.76%.                             
[22:50:15] INFO     Rank: 0 - Epoch:2/20, Batch:158,    progress_callback.py:218
                    loss:1.447484, finished 14.79%.                             
[22:50:24] INFO     Rank: 0 - Epoch:2/20, Batch:159,    progress_callback.py:218
                    loss:2.012441, finished 14.82%.                             
[22:50:36] INFO     Rank: 0 - Epoch:2/20, Batch:160,    progress_callback.py:218
                    loss:1.077038, finished 14.85%.                             
[22:50:44] INFO     Rank: 0 - Contrastive loss is                 callback.py:66
                    0.5690774410963059, nll_loss is                             
                    1.0123671680688857                                          
           INFO     Rank: 0 - Epoch:2/20, Batch:161,    progress_callback.py:218
                    loss:1.8, finished 14.88%.                                  
[22:50:50] INFO     Rank: 0 - Epoch:2/20, Batch:162,    progress_callback.py:218
                    loss:1.945863, finished 14.91%.                             
[22:50:56] INFO     Rank: 0 - Epoch:2/20, Batch:163,    progress_callback.py:218
                    loss:1.645698, finished 14.94%.                             
[22:51:03] INFO     Rank: 0 - Epoch:2/20, Batch:164,    progress_callback.py:218
                    loss:1.623754, finished 14.97%.                             
[22:51:08] INFO     Rank: 0 - Epoch:2/20, Batch:165,    progress_callback.py:218
                    loss:1.455316, finished 15.0%.                              
           INFO     Rank: 0 -                           progress_callback.py:204
                    **********Epoch:3 starts**********                          
[22:51:16] INFO     Rank: 0 - Epoch:3/20, Batch:1,      progress_callback.py:218
                    loss:2.153353, finished 15.03%.                             
[22:51:24] INFO     Rank: 0 - Epoch:3/20, Batch:2,      progress_callback.py:218
                    loss:1.276707, finished 15.06%.                             
[22:51:34] INFO     Rank: 0 - Epoch:3/20, Batch:3,      progress_callback.py:218
                    loss:1.638966, finished 15.09%.                             
[22:51:42] INFO     Rank: 0 - Epoch:3/20, Batch:4,      progress_callback.py:218
                    loss:1.635289, finished 15.12%.                             
[22:51:51] INFO     Rank: 0 - Epoch:3/20, Batch:5,      progress_callback.py:218
                    loss:1.825966, finished 15.15%.                             
[22:52:02] INFO     Rank: 0 - Contrastive loss is                 callback.py:66
                    0.635906520485878, nll_loss is                              
                    1.0905111402273178                                          
           INFO     Rank: 0 - Epoch:3/20, Batch:6,      progress_callback.py:218
                    loss:2.063265, finished 15.18%.                             
[22:52:12] INFO     Rank: 0 - Epoch:3/20, Batch:7,      progress_callback.py:218
                    loss:1.71741, finished 15.21%.                              
[22:52:20] INFO     Rank: 0 - Epoch:3/20, Batch:8,      progress_callback.py:218
                    loss:1.425496, finished 15.24%.                             
[22:52:29] INFO     Rank: 0 - Epoch:3/20, Batch:9,      progress_callback.py:218
                    loss:1.457646, finished 15.27%.                             
[22:52:36] INFO     Rank: 0 - Epoch:3/20, Batch:10,     progress_callback.py:218
                    loss:1.955901, finished 15.3%.                              
[22:52:43] INFO     Rank: 0 - Epoch:3/20, Batch:11,     progress_callback.py:218
                    loss:2.020728, finished 15.33%.                             
[22:52:58] INFO     Rank: 0 - Epoch:3/20, Batch:12,     progress_callback.py:218
                    loss:1.852575, finished 15.36%.                             
[22:53:06] INFO     Rank: 0 - Epoch:3/20, Batch:13,     progress_callback.py:218
                    loss:2.333308, finished 15.39%.                             
[22:53:14] INFO     Rank: 0 - Epoch:3/20, Batch:14,     progress_callback.py:218
                    loss:1.92786, finished 15.42%.                              
[22:53:24] INFO     Rank: 0 - Epoch:3/20, Batch:15,     progress_callback.py:218
                    loss:2.062129, finished 15.45%.                             
[22:53:31] INFO     Rank: 0 - Contrastive loss is                 callback.py:66
                    0.6580952882766724, nll_loss is                             
                    1.1748758554458618                                          
           INFO     Rank: 0 - Epoch:3/20, Batch:16,     progress_callback.py:218
                    loss:1.576658, finished 15.48%.                             
[22:53:39] INFO     Rank: 0 - Epoch:3/20, Batch:17,     progress_callback.py:218
                    loss:2.359415, finished 15.52%.                             
[22:53:47] INFO     Rank: 0 - Epoch:3/20, Batch:18,     progress_callback.py:218
                    loss:1.868296, finished 15.55%.                             
[22:54:00] INFO     Rank: 0 - Epoch:3/20, Batch:19,     progress_callback.py:218
                    loss:1.466139, finished 15.58%.                             
[22:54:10] INFO     Rank: 0 - Epoch:3/20, Batch:20,     progress_callback.py:218
                    loss:1.729756, finished 15.61%.                             
[22:54:17] INFO     Rank: 0 - Epoch:3/20, Batch:21,     progress_callback.py:218
                    loss:1.980567, finished 15.64%.                             
[22:54:25] INFO     Rank: 0 - Epoch:3/20, Batch:22,     progress_callback.py:218
                    loss:1.437298, finished 15.67%.                             
[22:54:31] INFO     Rank: 0 - Epoch:3/20, Batch:23,     progress_callback.py:218
                    loss:1.693582, finished 15.7%.                              
[22:54:38] INFO     Rank: 0 - Epoch:3/20, Batch:24,     progress_callback.py:218
                    loss:1.7471, finished 15.73%.                               
[22:54:44] INFO     Rank: 0 - Epoch:3/20, Batch:25,     progress_callback.py:218
                    loss:1.830448, finished 15.76%.                             
           INFO     Rank: 0 -                                   evaluator.py:317
                    **********Evaluation starts**********                       
[22:55:12] INFO     Rank: 0 - **********Evaluation              evaluator.py:349
                    ends**********                                              
                                                                                
           INFO     Rank: 0 - ----------Eval. results   progress_callback.py:233
                    on Epoch:3, Batch:25----------                              
           INFO     Rank: 0 -                           progress_callback.py:238
                    {"torch_ngram#ngram-overlap":                               
                    0.44213756918907166}                                        
 ============= save model at results/2023-03-25-21_28_56_059637/epoch-3_step-520.pt ============= 
save hyperparams in  results/2023-03-25-21_28_56_059637/hyperparams.txt
[22:55:18] INFO     Rank: 0 - Contrastive loss is                 callback.py:66
                    0.6472795009613037, nll_loss is                             
                    1.1534417152404786                                          
[22:55:19] INFO     Rank: 0 - Epoch:3/20, Batch:26,     progress_callback.py:218
                    loss:1.894613, finished 15.79%.                             
[22:55:24] INFO     Rank: 0 - Epoch:3/20, Batch:27,     progress_callback.py:218
                    loss:1.988182, finished 15.82%.                             
[22:55:30] INFO     Rank: 0 - Epoch:3/20, Batch:28,     progress_callback.py:218
                    loss:2.19682, finished 15.85%.                              
[22:55:37] INFO     Rank: 0 - Epoch:3/20, Batch:29,     progress_callback.py:218
                    loss:1.786934, finished 15.88%.                             
[22:55:45] INFO     Rank: 0 - Epoch:3/20, Batch:30,     progress_callback.py:218
                    loss:1.470231, finished 15.91%.                             
[22:55:52] INFO     Rank: 0 - Epoch:3/20, Batch:31,     progress_callback.py:218
                    loss:1.684838, finished 15.94%.                             
[22:56:01] INFO     Rank: 0 - Epoch:3/20, Batch:32,     progress_callback.py:218
                    loss:1.597088, finished 15.97%.                             
[22:56:10] INFO     Rank: 0 - Epoch:3/20, Batch:33,     progress_callback.py:218
                    loss:1.957953, finished 16.0%.                              
[22:56:22] INFO     Rank: 0 - Epoch:3/20, Batch:34,     progress_callback.py:218
                    loss:1.753509, finished 16.03%.                             
[22:56:29] INFO     Rank: 0 - Epoch:3/20, Batch:35,     progress_callback.py:218
                    loss:2.54318, finished 16.06%.                              
[22:56:35] INFO     Rank: 0 - Contrastive loss is                 callback.py:66
                    0.6652510523796081, nll_loss is                             
                    1.1997762441635131                                          
           INFO     Rank: 0 - Epoch:3/20, Batch:36,     progress_callback.py:218
                    loss:1.671538, finished 16.09%.                             
[22:56:41] INFO     Rank: 0 - Epoch:3/20, Batch:37,     progress_callback.py:218
                    loss:1.855396, finished 16.12%.                             
[22:56:49] INFO     Rank: 0 - Epoch:3/20, Batch:38,     progress_callback.py:218
                    loss:1.603963, finished 16.15%.                             
[22:56:56] INFO     Rank: 0 - Epoch:3/20, Batch:39,     progress_callback.py:218
                    loss:0.911377, finished 16.18%.                             
[22:57:04] INFO     Rank: 0 - Epoch:3/20, Batch:40,     progress_callback.py:218
                    loss:1.725833, finished 16.21%.                             
[22:57:12] INFO     Rank: 0 - Epoch:3/20, Batch:41,     progress_callback.py:218
                    loss:1.460138, finished 16.24%.                             
[22:57:20] INFO     Rank: 0 - Epoch:3/20, Batch:42,     progress_callback.py:218
                    loss:1.765745, finished 16.27%.                             
[22:57:42] INFO     Rank: 0 - Epoch:3/20, Batch:43,     progress_callback.py:218
                    loss:0.986623, finished 16.3%.                              
[22:57:51] INFO     Rank: 0 - Epoch:3/20, Batch:44,     progress_callback.py:218
                    loss:1.413596, finished 16.33%.                             
[22:58:02] INFO     Rank: 0 - Epoch:3/20, Batch:45,     progress_callback.py:218
                    loss:1.230764, finished 16.36%.                             
[22:58:08] INFO     Rank: 0 - Contrastive loss is                 callback.py:66
                    0.5843989044427872, nll_loss is                             
                    0.8954633563756943                                          
[22:58:09] INFO     Rank: 0 - Epoch:3/20, Batch:46,     progress_callback.py:218
                    loss:1.845186, finished 16.39%.                             
[22:58:17] INFO     Rank: 0 - Epoch:3/20, Batch:47,     progress_callback.py:218
                    loss:1.574206, finished 16.42%.                             
[22:58:25] INFO     Rank: 0 - Epoch:3/20, Batch:48,     progress_callback.py:218
                    loss:2.346535, finished 16.45%.                             
[22:58:33] INFO     Rank: 0 - Epoch:3/20, Batch:49,     progress_callback.py:218
                    loss:1.809251, finished 16.48%.                             
[22:58:43] INFO     Rank: 0 - Epoch:3/20, Batch:50,     progress_callback.py:218
                    loss:0.959083, finished 16.52%.                             
[22:58:54] INFO     Rank: 0 - Epoch:3/20, Batch:51,     progress_callback.py:218
                    loss:1.000352, finished 16.55%.                             
[22:59:02] INFO     Rank: 0 - Epoch:3/20, Batch:52,     progress_callback.py:218
                    loss:1.61556, finished 16.58%.                              
[22:59:09] INFO     Rank: 0 - Epoch:3/20, Batch:53,     progress_callback.py:218
                    loss:1.416887, finished 16.61%.                             
[22:59:18] INFO     Rank: 0 - Epoch:3/20, Batch:54,     progress_callback.py:218
                    loss:1.319498, finished 16.64%.                             
[22:59:25] INFO     Rank: 0 - Epoch:3/20, Batch:55,     progress_callback.py:218
                    loss:2.261775, finished 16.67%.                             
[22:59:29] INFO     Rank: 0 - Contrastive loss is                 callback.py:66
                    0.6412544041872025, nll_loss is                             
                    0.9758523374795913                                          
[22:59:32] INFO     Rank: 0 - Epoch:3/20, Batch:56,     progress_callback.py:218
                    loss:1.86792, finished 16.7%.                               
[22:59:38] INFO     Rank: 0 - Epoch:3/20, Batch:57,     progress_callback.py:218
                    loss:1.409956, finished 16.73%.                             
[22:59:44] INFO     Rank: 0 - Epoch:3/20, Batch:58,     progress_callback.py:218
                    loss:2.177402, finished 16.76%.                             
[22:59:50] INFO     Rank: 0 - Epoch:3/20, Batch:59,     progress_callback.py:218
                    loss:2.41649, finished 16.79%.                              
[23:00:04] INFO     Rank: 0 - Epoch:3/20, Batch:60,     progress_callback.py:218
                    loss:1.812384, finished 16.82%.                             
[23:00:14] INFO     Rank: 0 - Epoch:3/20, Batch:61,     progress_callback.py:218
                    loss:2.189499, finished 16.85%.                             
[23:00:24] INFO     Rank: 0 - Epoch:3/20, Batch:62,     progress_callback.py:218
                    loss:1.710227, finished 16.88%.                             
[23:00:30] INFO     Rank: 0 - Epoch:3/20, Batch:63,     progress_callback.py:218
                    loss:1.243867, finished 16.91%.                             
[23:00:38] INFO     Rank: 0 - Epoch:3/20, Batch:64,     progress_callback.py:218
                    loss:2.176083, finished 16.94%.                             
[23:00:45] INFO     Rank: 0 - Epoch:3/20, Batch:65,     progress_callback.py:218
                    loss:1.902394, finished 16.97%.                             
           INFO     Rank: 0 -                                   evaluator.py:317
                    **********Evaluation starts**********                       
[23:01:13] INFO     Rank: 0 - **********Evaluation              evaluator.py:349
                    ends**********                                              
                                                                                
           INFO     Rank: 0 - ----------Eval. results   progress_callback.py:233
                    on Epoch:3, Batch:65----------                              
           INFO     Rank: 0 -                           progress_callback.py:238
                    {"torch_ngram#ngram-overlap":                               
                    0.4418218433856964}                                         
 ============= save model at results/2023-03-25-21_28_56_059637/epoch-3_step-560.pt ============= 
save hyperparams in  results/2023-03-25-21_28_56_059637/hyperparams.txt
[23:01:23] INFO     Rank: 0 - Contrastive loss is                 callback.py:66
                    0.6590163856744766, nll_loss is                             
                    1.1711864322423935                                          
           INFO     Rank: 0 - Epoch:3/20, Batch:66,     progress_callback.py:218
                    loss:1.263725, finished 17.0%.                              
[23:01:29] INFO     Rank: 0 - Epoch:3/20, Batch:67,     progress_callback.py:218
                    loss:1.951489, finished 17.03%.                             
[23:01:36] INFO     Rank: 0 - Epoch:3/20, Batch:68,     progress_callback.py:218
                    loss:1.500207, finished 17.06%.                             
[23:01:43] INFO     Rank: 0 - Epoch:3/20, Batch:69,     progress_callback.py:218
                    loss:2.153464, finished 17.09%.                             
[23:01:51] INFO     Rank: 0 - Epoch:3/20, Batch:70,     progress_callback.py:218
                    loss:1.929446, finished 17.12%.                             
[23:01:58] INFO     Rank: 0 - Epoch:3/20, Batch:71,     progress_callback.py:218
                    loss:1.119313, finished 17.15%.                             
[23:02:03] INFO     Rank: 0 - Epoch:3/20, Batch:72,     progress_callback.py:218
                    loss:2.178887, finished 17.18%.                             
[23:02:12] INFO     Rank: 0 - Epoch:3/20, Batch:73,     progress_callback.py:218
                    loss:2.3295, finished 17.21%.                               
[23:02:29] INFO     Rank: 0 - Epoch:3/20, Batch:74,     progress_callback.py:218
                    loss:2.057929, finished 17.24%.                             
[23:02:37] INFO     Rank: 0 - Epoch:3/20, Batch:75,     progress_callback.py:218
                    loss:1.632006, finished 17.27%.                             
[23:02:45] INFO     Rank: 0 - Contrastive loss is                 callback.py:66
                    0.6538708567619324, nll_loss is                             
                    1.2198895573616029                                          
           INFO     Rank: 0 - Epoch:3/20, Batch:76,     progress_callback.py:218
                    loss:1.885365, finished 17.3%.                              
[23:02:57] INFO     Rank: 0 - Epoch:3/20, Batch:77,     progress_callback.py:218
                    loss:2.093483, finished 17.33%.                             
[23:03:04] INFO     Rank: 0 - Epoch:3/20, Batch:78,     progress_callback.py:218
                    loss:2.071756, finished 17.36%.                             
[23:03:12] INFO     Rank: 0 - Epoch:3/20, Batch:79,     progress_callback.py:218
                    loss:2.011961, finished 17.39%.                             
[23:03:17] INFO     Rank: 0 - Epoch:3/20, Batch:80,     progress_callback.py:218
                    loss:1.17014, finished 17.42%.                              
[23:03:35] INFO     Rank: 0 - Epoch:3/20, Batch:81,     progress_callback.py:218
                    loss:2.222425, finished 17.45%.                             
[23:03:46] INFO     Rank: 0 - Epoch:3/20, Batch:82,     progress_callback.py:218
                    loss:1.604862, finished 17.48%.                             
[23:03:57] INFO     Rank: 0 - Epoch:3/20, Batch:83,     progress_callback.py:218
                    loss:1.683665, finished 17.52%.                             
[23:04:07] INFO     Rank: 0 - Epoch:3/20, Batch:84,     progress_callback.py:218
                    loss:1.273062, finished 17.55%.                             
[23:04:17] INFO     Rank: 0 - Epoch:3/20, Batch:85,     progress_callback.py:218
                    loss:1.406869, finished 17.58%.                             
[23:04:23] INFO     Rank: 0 - Contrastive loss is                 callback.py:66
                    0.7113193333148956, nll_loss is                             
                    1.0007958352565764                                          
[23:04:27] INFO     Rank: 0 - Epoch:3/20, Batch:86,     progress_callback.py:218
                    loss:1.582929, finished 17.61%.                             
[23:04:38] INFO     Rank: 0 - Epoch:3/20, Batch:87,     progress_callback.py:218
                    loss:1.613754, finished 17.64%.                             
[23:04:48] INFO     Rank: 0 - Epoch:3/20, Batch:88,     progress_callback.py:218
                    loss:1.954017, finished 17.67%.                             
[23:04:57] INFO     Rank: 0 - Epoch:3/20, Batch:89,     progress_callback.py:218
                    loss:1.693752, finished 17.7%.                              
[23:05:06] INFO     Rank: 0 - Epoch:3/20, Batch:90,     progress_callback.py:218
                    loss:1.103084, finished 17.73%.                             
[23:05:12] INFO     Rank: 0 - Epoch:3/20, Batch:91,     progress_callback.py:218
                    loss:1.457677, finished 17.76%.                             
[23:05:22] INFO     Rank: 0 - Epoch:3/20, Batch:92,     progress_callback.py:218
                    loss:1.320951, finished 17.79%.                             
[23:05:28] INFO     Rank: 0 - Epoch:3/20, Batch:93,     progress_callback.py:218
                    loss:1.375707, finished 17.82%.                             
[23:05:36] INFO     Rank: 0 - Epoch:3/20, Batch:94,     progress_callback.py:218
                    loss:1.191792, finished 17.85%.                             
[23:05:43] INFO     Rank: 0 - Epoch:3/20, Batch:95,     progress_callback.py:218
                    loss:1.882343, finished 17.88%.                             
[23:05:51] INFO     Rank: 0 - Contrastive loss is                 callback.py:66
                    0.5834817528724671, nll_loss is                             
                    0.9670240163803101                                          
[23:05:53] INFO     Rank: 0 - Epoch:3/20, Batch:96,     progress_callback.py:218
                    loss:1.911981, finished 17.91%.                             
[23:06:03] INFO     Rank: 0 - Epoch:3/20, Batch:97,     progress_callback.py:218
                    loss:1.435679, finished 17.94%.                             
[23:06:09] INFO     Rank: 0 - Epoch:3/20, Batch:98,     progress_callback.py:218
                    loss:1.850204, finished 17.97%.                             
[23:06:17] INFO     Rank: 0 - Epoch:3/20, Batch:99,     progress_callback.py:218
                    loss:1.294527, finished 18.0%.                              
[23:06:25] INFO     Rank: 0 - Epoch:3/20, Batch:100,    progress_callback.py:218
                    loss:2.193108, finished 18.03%.                             
[23:06:32] INFO     Rank: 0 - Epoch:3/20, Batch:101,    progress_callback.py:218
                    loss:1.917468, finished 18.06%.                             
[23:06:39] INFO     Rank: 0 - Epoch:3/20, Batch:102,    progress_callback.py:218
                    loss:2.149707, finished 18.09%.                             
[23:06:47] INFO     Rank: 0 - Epoch:3/20, Batch:103,    progress_callback.py:218
                    loss:1.949706, finished 18.12%.                             
[23:06:56] INFO     Rank: 0 - Epoch:3/20, Batch:104,    progress_callback.py:218
                    loss:1.637962, finished 18.15%.                             
[23:07:08] INFO     Rank: 0 - Epoch:3/20, Batch:105,    progress_callback.py:218
                    loss:1.029764, finished 18.18%.                             
           INFO     Rank: 0 -                                   evaluator.py:317
                    **********Evaluation starts**********                       
[23:07:36] INFO     Rank: 0 - **********Evaluation              evaluator.py:349
                    ends**********                                              
                                                                                
           INFO     Rank: 0 - ----------Eval. results   progress_callback.py:233
                    on Epoch:3, Batch:105----------                             
           INFO     Rank: 0 -                           progress_callback.py:238
                    {"torch_ngram#ngram-overlap":                               
                    0.44397372007369995}                                        
 ============= save model at results/2023-03-25-21_28_56_059637/epoch-3_step-600.pt ============= 
save hyperparams in  results/2023-03-25-21_28_56_059637/hyperparams.txt
[23:07:42] INFO     Rank: 0 - Contrastive loss is                 callback.py:66
                    0.6321985393762588, nll_loss is                             
                    1.0430454701185226                                          
[23:07:43] INFO     Rank: 0 - Epoch:3/20, Batch:106,    progress_callback.py:218
                    loss:1.294315, finished 18.21%.                             
[23:07:51] INFO     Rank: 0 - Epoch:3/20, Batch:107,    progress_callback.py:218
                    loss:1.696049, finished 18.24%.                             
[23:08:02] INFO     Rank: 0 - Epoch:3/20, Batch:108,    progress_callback.py:218
                    loss:1.546262, finished 18.27%.                             
[23:08:11] INFO     Rank: 0 - Epoch:3/20, Batch:109,    progress_callback.py:218
                    loss:1.383207, finished 18.3%.                              
[23:08:29] INFO     Rank: 0 - Epoch:3/20, Batch:110,    progress_callback.py:218
                    loss:1.445345, finished 18.33%.                             
[23:08:40] INFO     Rank: 0 - Epoch:3/20, Batch:111,    progress_callback.py:218
                    loss:1.846599, finished 18.36%.                             
[23:08:47] INFO     Rank: 0 - Epoch:3/20, Batch:112,    progress_callback.py:218
                    loss:2.462059, finished 18.39%.                             
[23:08:54] INFO     Rank: 0 - Epoch:3/20, Batch:113,    progress_callback.py:218
                    loss:1.354319, finished 18.42%.                             
[23:09:00] INFO     Rank: 0 - Epoch:3/20, Batch:114,    progress_callback.py:218
                    loss:1.965609, finished 18.45%.                             
[23:09:07] INFO     Rank: 0 - Epoch:3/20, Batch:115,    progress_callback.py:218
                    loss:1.800151, finished 18.48%.                             
[23:09:13] INFO     Rank: 0 - Contrastive loss is                 callback.py:66
                    0.6251839518547058, nll_loss is                             
                    1.0524874091148377                                          
[23:09:15] INFO     Rank: 0 - Epoch:3/20, Batch:116,    progress_callback.py:218
                    loss:1.277112, finished 18.52%.                             
[23:09:23] INFO     Rank: 0 - Epoch:3/20, Batch:117,    progress_callback.py:218
                    loss:1.490462, finished 18.55%.                             
[23:09:32] INFO     Rank: 0 - Epoch:3/20, Batch:118,    progress_callback.py:218
                    loss:2.191474, finished 18.58%.                             
[23:09:46] INFO     Rank: 0 - Epoch:3/20, Batch:119,    progress_callback.py:218
                    loss:2.403834, finished 18.61%.                             
[23:09:52] INFO     Rank: 0 - Epoch:3/20, Batch:120,    progress_callback.py:218
                    loss:2.02044, finished 18.64%.                              
[23:09:58] INFO     Rank: 0 - Epoch:3/20, Batch:121,    progress_callback.py:218
                    loss:1.911861, finished 18.67%.                             
[23:10:04] INFO     Rank: 0 - Epoch:3/20, Batch:122,    progress_callback.py:218
                    loss:2.19441, finished 18.7%.                               
[23:10:11] INFO     Rank: 0 - Epoch:3/20, Batch:123,    progress_callback.py:218
                    loss:2.343384, finished 18.73%.                             
[23:10:18] INFO     Rank: 0 - Epoch:3/20, Batch:124,    progress_callback.py:218
                    loss:1.311378, finished 18.76%.                             
[23:10:26] INFO     Rank: 0 - Epoch:3/20, Batch:125,    progress_callback.py:218
                    loss:1.867502, finished 18.79%.                             
[23:10:33] INFO     Rank: 0 - Contrastive loss is                 callback.py:66
                    0.6813843965530395, nll_loss is                             
                    1.2534349322319032                                          
[23:10:34] INFO     Rank: 0 - Epoch:3/20, Batch:126,    progress_callback.py:218
                    loss:1.613448, finished 18.82%.                             
[23:10:44] INFO     Rank: 0 - Epoch:3/20, Batch:127,    progress_callback.py:218
                    loss:1.120946, finished 18.85%.                             
[23:10:58] INFO     Rank: 0 - Epoch:3/20, Batch:128,    progress_callback.py:218
                    loss:1.713622, finished 18.88%.                             
[23:11:03] INFO     Rank: 0 - Epoch:3/20, Batch:129,    progress_callback.py:218
                    loss:1.651556, finished 18.91%.                             
[23:11:10] INFO     Rank: 0 - Epoch:3/20, Batch:130,    progress_callback.py:218
                    loss:2.010457, finished 18.94%.                             
[23:11:16] INFO     Rank: 0 - Epoch:3/20, Batch:131,    progress_callback.py:218
                    loss:1.499555, finished 18.97%.                             
[23:11:23] INFO     Rank: 0 - Epoch:3/20, Batch:132,    progress_callback.py:218
                    loss:1.253499, finished 19.0%.                              
[23:11:30] INFO     Rank: 0 - Epoch:3/20, Batch:133,    progress_callback.py:218
                    loss:1.327654, finished 19.03%.                             
[23:11:37] INFO     Rank: 0 - Epoch:3/20, Batch:134,    progress_callback.py:218
                    loss:1.109048, finished 19.06%.                             
[23:11:45] INFO     Rank: 0 - Epoch:3/20, Batch:135,    progress_callback.py:218
                    loss:1.533745, finished 19.09%.                             
[23:11:52] INFO     Rank: 0 - Contrastive loss is                 callback.py:66
                    0.5813736468553543, nll_loss is                             
                    0.8940722912549972                                          
[23:11:53] INFO     Rank: 0 - Epoch:3/20, Batch:136,    progress_callback.py:218
                    loss:1.534379, finished 19.12%.                             
[23:12:02] INFO     Rank: 0 - Epoch:3/20, Batch:137,    progress_callback.py:218
                    loss:1.651242, finished 19.15%.                             
[23:12:10] INFO     Rank: 0 - Epoch:3/20, Batch:138,    progress_callback.py:218
                    loss:1.599845, finished 19.18%.                             
[23:12:18] INFO     Rank: 0 - Epoch:3/20, Batch:139,    progress_callback.py:218
                    loss:1.552363, finished 19.21%.                             
[23:12:27] INFO     Rank: 0 - Epoch:3/20, Batch:140,    progress_callback.py:218
                    loss:1.741969, finished 19.24%.                             
[23:12:32] INFO     Rank: 0 - Epoch:3/20, Batch:141,    progress_callback.py:218
                    loss:1.818061, finished 19.27%.                             
[23:12:38] INFO     Rank: 0 - Epoch:3/20, Batch:142,    progress_callback.py:218
                    loss:1.637351, finished 19.3%.                              
[23:12:49] INFO     Rank: 0 - Epoch:3/20, Batch:143,    progress_callback.py:218
                    loss:1.563142, finished 19.33%.                             
[23:12:55] INFO     Rank: 0 - Epoch:3/20, Batch:144,    progress_callback.py:218
                    loss:1.201662, finished 19.36%.                             
[23:13:06] INFO     Rank: 0 - Epoch:3/20, Batch:145,    progress_callback.py:218
                    loss:1.546021, finished 19.39%.                             
           INFO     Rank: 0 -                                   evaluator.py:317
                    **********Evaluation starts**********                       
[23:13:34] INFO     Rank: 0 - **********Evaluation              evaluator.py:349
                    ends**********                                              
                                                                                
           INFO     Rank: 0 - ----------Eval. results   progress_callback.py:233
                    on Epoch:3, Batch:145----------                             
           INFO     Rank: 0 -                           progress_callback.py:238
                    {"torch_ngram#ngram-overlap":                               
                    0.4430925250053406}                                         
 ============= save model at results/2023-03-25-21_28_56_059637/epoch-3_step-640.pt ============= 
save hyperparams in  results/2023-03-25-21_28_56_059637/hyperparams.txt
[23:13:41] INFO     Rank: 0 - Contrastive loss is                 callback.py:66
                    0.7049390494823455, nll_loss is                             
                    0.9303044974803925                                          
[23:13:42] INFO     Rank: 0 - Epoch:3/20, Batch:146,    progress_callback.py:218
                    loss:2.040779, finished 19.42%.                             
[23:13:50] INFO     Rank: 0 - Epoch:3/20, Batch:147,    progress_callback.py:218
                    loss:1.61169, finished 19.45%.                              
[23:13:59] INFO     Rank: 0 - Epoch:3/20, Batch:148,    progress_callback.py:218
                    loss:1.854816, finished 19.48%.                             
[23:14:04] INFO     Rank: 0 - Epoch:3/20, Batch:149,    progress_callback.py:218
                    loss:1.932476, finished 19.52%.                             
[23:14:13] INFO     Rank: 0 - Epoch:3/20, Batch:150,    progress_callback.py:218
                    loss:1.741339, finished 19.55%.                             
[23:14:28] INFO     Rank: 0 - Epoch:3/20, Batch:151,    progress_callback.py:218
                    loss:1.825486, finished 19.58%.                             
[23:14:34] INFO     Rank: 0 - Epoch:3/20, Batch:152,    progress_callback.py:218
                    loss:1.223955, finished 19.61%.                             
[23:14:40] INFO     Rank: 0 - Epoch:3/20, Batch:153,    progress_callback.py:218
                    loss:1.684722, finished 19.64%.                             
[23:14:47] INFO     Rank: 0 - Epoch:3/20, Batch:154,    progress_callback.py:218
                    loss:2.008467, finished 19.67%.                             
[23:14:57] INFO     Rank: 0 - Epoch:3/20, Batch:155,    progress_callback.py:218
                    loss:1.812951, finished 19.7%.                              
[23:15:04] INFO     Rank: 0 - Contrastive loss is                 callback.py:66
                    0.5450007319450378, nll_loss is                             
                    1.164877223968506                                           
           INFO     Rank: 0 - Epoch:3/20, Batch:156,    progress_callback.py:218
                    loss:1.402876, finished 19.73%.                             
[23:15:12] INFO     Rank: 0 - Epoch:3/20, Batch:157,    progress_callback.py:218
                    loss:1.235888, finished 19.76%.                             
[23:15:19] INFO     Rank: 0 - Epoch:3/20, Batch:158,    progress_callback.py:218
                    loss:1.419607, finished 19.79%.                             
[23:15:31] INFO     Rank: 0 - Epoch:3/20, Batch:159,    progress_callback.py:218
                    loss:1.420249, finished 19.82%.                             
[23:15:47] INFO     Rank: 0 - Epoch:3/20, Batch:160,    progress_callback.py:218
                    loss:1.254859, finished 19.85%.                             
[23:15:54] INFO     Rank: 0 - Epoch:3/20, Batch:161,    progress_callback.py:218
                    loss:1.869425, finished 19.88%.                             
[23:16:06] INFO     Rank: 0 - Epoch:3/20, Batch:162,    progress_callback.py:218
                    loss:1.533769, finished 19.91%.                             
[23:16:18] INFO     Rank: 0 - Epoch:3/20, Batch:163,    progress_callback.py:218
                    loss:1.278333, finished 19.94%.                             
[23:16:25] INFO     Rank: 0 - Epoch:3/20, Batch:164,    progress_callback.py:218
                    loss:1.651491, finished 19.97%.                             
[23:16:31] INFO     Rank: 0 - Epoch:3/20, Batch:165,    progress_callback.py:218
                    loss:1.348041, finished 20.0%.                              
           INFO     Rank: 0 -                           progress_callback.py:204
                    **********Epoch:4 starts**********                          
[23:16:36] INFO     Rank: 0 - Contrastive loss is                 callback.py:66
                    0.5323928743600845, nll_loss is                             
                    0.8732590526342392                                          
[23:16:38] INFO     Rank: 0 - Epoch:4/20, Batch:1,      progress_callback.py:218
                    loss:1.044858, finished 20.03%.                             
[23:16:45] INFO     Rank: 0 - Epoch:4/20, Batch:2,      progress_callback.py:218
                    loss:2.109032, finished 20.06%.                             
[23:16:54] INFO     Rank: 0 - Epoch:4/20, Batch:3,      progress_callback.py:218
                    loss:1.42355, finished 20.09%.                              
[23:17:00] INFO     Rank: 0 - Epoch:4/20, Batch:4,      progress_callback.py:218
                    loss:1.892701, finished 20.12%.                             
[23:17:08] INFO     Rank: 0 - Epoch:4/20, Batch:5,      progress_callback.py:218
                    loss:1.247125, finished 20.15%.                             
[23:17:16] INFO     Rank: 0 - Epoch:4/20, Batch:6,      progress_callback.py:218
                    loss:1.491477, finished 20.18%.                             
[23:17:25] INFO     Rank: 0 - Epoch:4/20, Batch:7,      progress_callback.py:218
                    loss:1.883525, finished 20.21%.                             
[23:17:34] INFO     Rank: 0 - Epoch:4/20, Batch:8,      progress_callback.py:218
                    loss:1.760242, finished 20.24%.                             
[23:17:43] INFO     Rank: 0 - Epoch:4/20, Batch:9,      progress_callback.py:218
                    loss:1.520916, finished 20.27%.                             
[23:17:52] INFO     Rank: 0 - Epoch:4/20, Batch:10,     progress_callback.py:218
                    loss:1.664681, finished 20.3%.                              
[23:18:05] INFO     Rank: 0 - Contrastive loss is                 callback.py:66
                    0.5986537933349609, nll_loss is                             
                    1.120655357837677                                           
[23:18:06] INFO     Rank: 0 - Epoch:4/20, Batch:11,     progress_callback.py:218
                    loss:2.199842, finished 20.33%.                             
[23:18:15] INFO     Rank: 0 - Epoch:4/20, Batch:12,     progress_callback.py:218
                    loss:1.358481, finished 20.36%.                             
[23:18:24] INFO     Rank: 0 - Epoch:4/20, Batch:13,     progress_callback.py:218
                    loss:1.438381, finished 20.39%.                             
[23:18:31] INFO     Rank: 0 - Epoch:4/20, Batch:14,     progress_callback.py:218
                    loss:1.710896, finished 20.42%.                             
[23:18:39] INFO     Rank: 0 - Epoch:4/20, Batch:15,     progress_callback.py:218
                    loss:1.635628, finished 20.45%.                             
[23:18:46] INFO     Rank: 0 - Epoch:4/20, Batch:16,     progress_callback.py:218
                    loss:1.414467, finished 20.48%.                             
[23:18:53] INFO     Rank: 0 - Epoch:4/20, Batch:17,     progress_callback.py:218
                    loss:2.356761, finished 20.52%.                             
[23:19:05] INFO     Rank: 0 - Epoch:4/20, Batch:18,     progress_callback.py:218
                    loss:1.471127, finished 20.55%.                             
[23:19:26] INFO     Rank: 0 - Epoch:4/20, Batch:19,     progress_callback.py:218
                    loss:2.222156, finished 20.58%.                             
[23:19:33] INFO     Rank: 0 - Epoch:4/20, Batch:20,     progress_callback.py:218
                    loss:1.964199, finished 20.61%.                             
           INFO     Rank: 0 -                                   evaluator.py:317
                    **********Evaluation starts**********                       
[23:20:03] INFO     Rank: 0 - **********Evaluation              evaluator.py:349
                    ends**********                                              
                                                                                
           INFO     Rank: 0 - ----------Eval. results   progress_callback.py:233
                    on Epoch:4, Batch:20----------                              
           INFO     Rank: 0 -                           progress_callback.py:238
                    {"torch_ngram#ngram-overlap":                               
                    0.4470405578613281}                                         
 ============= save model at results/2023-03-25-21_28_56_059637/epoch-4_step-680.pt ============= 
save hyperparams in  results/2023-03-25-21_28_56_059637/hyperparams.txt
[23:20:12] INFO     Rank: 0 - Contrastive loss is                 callback.py:66
                    0.6273935914039612, nll_loss is                             
                    1.0940665483474732                                          
[23:20:13] INFO     Rank: 0 - Epoch:4/20, Batch:21,     progress_callback.py:218
                    loss:1.642504, finished 20.64%.                             
[23:20:25] INFO     Rank: 0 - Epoch:4/20, Batch:22,     progress_callback.py:218
                    loss:1.187387, finished 20.67%.                             
[23:20:40] INFO     Rank: 0 - Epoch:4/20, Batch:23,     progress_callback.py:218
                    loss:1.468521, finished 20.7%.                              
[23:20:47] INFO     Rank: 0 - Epoch:4/20, Batch:24,     progress_callback.py:218
                    loss:2.252609, finished 20.73%.                             
[23:20:55] INFO     Rank: 0 - Epoch:4/20, Batch:25,     progress_callback.py:218
                    loss:1.47415, finished 20.76%.                              
[23:21:01] INFO     Rank: 0 - Epoch:4/20, Batch:26,     progress_callback.py:218
                    loss:1.469713, finished 20.79%.                             
[23:21:11] INFO     Rank: 0 - Epoch:4/20, Batch:27,     progress_callback.py:218
                    loss:1.443249, finished 20.82%.                             
[23:21:18] INFO     Rank: 0 - Epoch:4/20, Batch:28,     progress_callback.py:218
                    loss:2.061376, finished 20.85%.                             
[23:21:25] INFO     Rank: 0 - Epoch:4/20, Batch:29,     progress_callback.py:218
                    loss:1.633276, finished 20.88%.                             
[23:21:32] INFO     Rank: 0 - Epoch:4/20, Batch:30,     progress_callback.py:218
                    loss:1.90219, finished 20.91%.                              
[23:21:43] INFO     Rank: 0 - Contrastive loss is                 callback.py:66
                    0.6392433673143387, nll_loss is                             
                    1.0261070817708968                                          
[23:21:44] INFO     Rank: 0 - Epoch:4/20, Batch:31,     progress_callback.py:218
                    loss:1.761035, finished 20.94%.                             
[23:21:52] INFO     Rank: 0 - Epoch:4/20, Batch:32,     progress_callback.py:218
                    loss:1.267644, finished 20.97%.                             
[23:21:59] INFO     Rank: 0 - Epoch:4/20, Batch:33,     progress_callback.py:218
                    loss:1.12811, finished 21.0%.                               
[23:22:08] INFO     Rank: 0 - Epoch:4/20, Batch:34,     progress_callback.py:218
                    loss:1.718106, finished 21.03%.                             
[23:22:15] INFO     Rank: 0 - Epoch:4/20, Batch:35,     progress_callback.py:218
                    loss:1.213057, finished 21.06%.                             
[23:22:23] INFO     Rank: 0 - Epoch:4/20, Batch:36,     progress_callback.py:218
                    loss:1.418702, finished 21.09%.                             
[23:22:29] INFO     Rank: 0 - Epoch:4/20, Batch:37,     progress_callback.py:218
                    loss:1.218766, finished 21.12%.                             
[23:22:37] INFO     Rank: 0 - Epoch:4/20, Batch:38,     progress_callback.py:218
                    loss:1.814992, finished 21.15%.                             
[23:22:48] INFO     Rank: 0 - Epoch:4/20, Batch:39,     progress_callback.py:218
                    loss:1.947704, finished 21.18%.                             
[23:23:03] INFO     Rank: 0 - Epoch:4/20, Batch:40,     progress_callback.py:218
                    loss:1.897142, finished 21.21%.                             
[23:23:14] INFO     Rank: 0 - Contrastive loss is                 callback.py:66
                    0.5924367338418961, nll_loss is                             
                    0.9400831669569015                                          
           INFO     Rank: 0 - Epoch:4/20, Batch:41,     progress_callback.py:218
                    loss:1.700975, finished 21.24%.                             
[23:23:20] INFO     Rank: 0 - Epoch:4/20, Batch:42,     progress_callback.py:218
                    loss:1.653941, finished 21.27%.                             
[23:23:29] INFO     Rank: 0 - Epoch:4/20, Batch:43,     progress_callback.py:218
                    loss:1.681083, finished 21.3%.                              
[23:23:39] INFO     Rank: 0 - Epoch:4/20, Batch:44,     progress_callback.py:218
                    loss:2.099949, finished 21.33%.                             
[23:23:48] INFO     Rank: 0 - Epoch:4/20, Batch:45,     progress_callback.py:218
                    loss:2.269839, finished 21.36%.                             
[23:23:59] INFO     Rank: 0 - Epoch:4/20, Batch:46,     progress_callback.py:218
                    loss:1.383402, finished 21.39%.                             
[23:24:18] INFO     Rank: 0 - Epoch:4/20, Batch:47,     progress_callback.py:218
                    loss:1.77419, finished 21.42%.                              
[23:24:27] INFO     Rank: 0 - Epoch:4/20, Batch:48,     progress_callback.py:218
                    loss:1.466586, finished 21.45%.                             
[23:24:35] INFO     Rank: 0 - Epoch:4/20, Batch:49,     progress_callback.py:218
                    loss:1.351864, finished 21.48%.                             
[23:24:44] INFO     Rank: 0 - Epoch:4/20, Batch:50,     progress_callback.py:218
                    loss:1.242219, finished 21.52%.                             
[23:24:51] INFO     Rank: 0 - Contrastive loss is                 callback.py:66
                    0.671522980928421, nll_loss is                              
                    0.9466066062450409                                          
           INFO     Rank: 0 - Epoch:4/20, Batch:51,     progress_callback.py:218
                    loss:1.258222, finished 21.55%.                             
[23:24:58] INFO     Rank: 0 - Epoch:4/20, Batch:52,     progress_callback.py:218
                    loss:1.630932, finished 21.58%.                             
[23:25:05] INFO     Rank: 0 - Epoch:4/20, Batch:53,     progress_callback.py:218
                    loss:2.283189, finished 21.61%.                             
[23:25:14] INFO     Rank: 0 - Epoch:4/20, Batch:54,     progress_callback.py:218
                    loss:1.644685, finished 21.64%.                             
[23:25:24] INFO     Rank: 0 - Epoch:4/20, Batch:55,     progress_callback.py:218
                    loss:1.5029, finished 21.67%.                               
[23:25:33] INFO     Rank: 0 - Epoch:4/20, Batch:56,     progress_callback.py:218
                    loss:2.145276, finished 21.7%.                              
[23:25:41] INFO     Rank: 0 - Epoch:4/20, Batch:57,     progress_callback.py:218
                    loss:1.867501, finished 21.73%.                             
[23:25:49] INFO     Rank: 0 - Epoch:4/20, Batch:58,     progress_callback.py:218
                    loss:1.921526, finished 21.76%.                             
[23:25:57] INFO     Rank: 0 - Epoch:4/20, Batch:59,     progress_callback.py:218
                    loss:1.525965, finished 21.79%.                             
[23:26:05] INFO     Rank: 0 - Epoch:4/20, Batch:60,     progress_callback.py:218
                    loss:1.725138, finished 21.82%.                             
           INFO     Rank: 0 -                                   evaluator.py:317
                    **********Evaluation starts**********                       
[23:26:33] INFO     Rank: 0 - **********Evaluation              evaluator.py:349
                    ends**********                                              
                                                                                
           INFO     Rank: 0 - ----------Eval. results   progress_callback.py:233
                    on Epoch:4, Batch:60----------                              
           INFO     Rank: 0 -                           progress_callback.py:238
                    {"torch_ngram#ngram-overlap":                               
                    0.4428122639656067}                                         
[23:26:38] INFO     Rank: 0 - Contrastive loss is                 callback.py:66
                    0.6230367094278335, nll_loss is                             
                    1.1631958931684494                                          
[23:26:41] INFO     Rank: 0 - Epoch:4/20, Batch:61,     progress_callback.py:218
                    loss:1.615214, finished 21.85%.                             
[23:26:47] INFO     Rank: 0 - Epoch:4/20, Batch:62,     progress_callback.py:218
                    loss:1.330149, finished 21.88%.                             
[23:26:54] INFO     Rank: 0 - Epoch:4/20, Batch:63,     progress_callback.py:218
                    loss:1.298727, finished 21.91%.                             
[23:27:02] INFO     Rank: 0 - Epoch:4/20, Batch:64,     progress_callback.py:218
                    loss:1.116637, finished 21.94%.                             
[23:27:09] INFO     Rank: 0 - Epoch:4/20, Batch:65,     progress_callback.py:218
                    loss:2.080128, finished 21.97%.                             
[23:27:17] INFO     Rank: 0 - Epoch:4/20, Batch:66,     progress_callback.py:218
                    loss:1.596995, finished 22.0%.                              
[23:27:25] INFO     Rank: 0 - Epoch:4/20, Batch:67,     progress_callback.py:218
                    loss:1.271724, finished 22.03%.                             
[23:27:35] INFO     Rank: 0 - Epoch:4/20, Batch:68,     progress_callback.py:218
                    loss:1.577406, finished 22.06%.                             
[23:27:43] INFO     Rank: 0 - Epoch:4/20, Batch:69,     progress_callback.py:218
                    loss:1.643598, finished 22.09%.                             
[23:27:51] INFO     Rank: 0 - Epoch:4/20, Batch:70,     progress_callback.py:218
                    loss:1.518931, finished 22.12%.                             
[23:27:57] INFO     Rank: 0 - Contrastive loss is                 callback.py:66
                    0.5999933183193207, nll_loss is                             
                    0.9457338511943817                                          
[23:27:58] INFO     Rank: 0 - Epoch:4/20, Batch:71,     progress_callback.py:218
                    loss:2.022976, finished 22.15%.                             
[23:28:05] INFO     Rank: 0 - Epoch:4/20, Batch:72,     progress_callback.py:218
                    loss:2.138547, finished 22.18%.                             
[23:28:12] INFO     Rank: 0 - Epoch:4/20, Batch:73,     progress_callback.py:218
                    loss:1.176044, finished 22.21%.                             
[23:28:21] INFO     Rank: 0 - Epoch:4/20, Batch:74,     progress_callback.py:218
                    loss:0.715366, finished 22.24%.                             
[23:28:29] INFO     Rank: 0 - Epoch:4/20, Batch:75,     progress_callback.py:218
                    loss:1.665759, finished 22.27%.                             
[23:28:35] INFO     Rank: 0 - Epoch:4/20, Batch:76,     progress_callback.py:218
                    loss:1.542638, finished 22.3%.                              
[23:28:58] INFO     Rank: 0 - Epoch:4/20, Batch:77,     progress_callback.py:218
                    loss:1.758692, finished 22.33%.                             
[23:29:08] INFO     Rank: 0 - Epoch:4/20, Batch:78,     progress_callback.py:218
                    loss:1.37768, finished 22.36%.                              
[23:29:15] INFO     Rank: 0 - Epoch:4/20, Batch:79,     progress_callback.py:218
                    loss:1.422815, finished 22.39%.                             
[23:29:21] INFO     Rank: 0 - Epoch:4/20, Batch:80,     progress_callback.py:218
                    loss:1.322613, finished 22.42%.                             
[23:29:28] INFO     Rank: 0 - Contrastive loss is                 callback.py:66
                    0.6097134977579117, nll_loss is                             
                    0.8712150186300278                                          
[23:29:29] INFO     Rank: 0 - Epoch:4/20, Batch:81,     progress_callback.py:218
                    loss:1.689131, finished 22.45%.                             
[23:29:38] INFO     Rank: 0 - Epoch:4/20, Batch:82,     progress_callback.py:218
                    loss:1.335051, finished 22.48%.                             
[23:29:44] INFO     Rank: 0 - Epoch:4/20, Batch:83,     progress_callback.py:218
                    loss:1.374503, finished 22.52%.                             
[23:29:52] INFO     Rank: 0 - Epoch:4/20, Batch:84,     progress_callback.py:218
                    loss:1.92017, finished 22.55%.                              
[23:30:04] INFO     Rank: 0 - Epoch:4/20, Batch:85,     progress_callback.py:218
                    loss:1.96032, finished 22.58%.                              
[23:30:15] INFO     Rank: 0 - Epoch:4/20, Batch:86,     progress_callback.py:218
                    loss:1.848352, finished 22.61%.                             
[23:30:23] INFO     Rank: 0 - Epoch:4/20, Batch:87,     progress_callback.py:218
                    loss:2.015442, finished 22.64%.                             
[23:30:28] INFO     Rank: 0 - Epoch:4/20, Batch:88,     progress_callback.py:218
                    loss:1.435909, finished 22.67%.                             
[23:30:37] INFO     Rank: 0 - Epoch:4/20, Batch:89,     progress_callback.py:218
                    loss:1.201968, finished 22.7%.                              
[23:30:46] INFO     Rank: 0 - Epoch:4/20, Batch:90,     progress_callback.py:218
                    loss:1.782307, finished 22.73%.                             
[23:30:51] INFO     Rank: 0 - Contrastive loss is                 callback.py:66
                    0.6156892240047455, nll_loss is                             
                    1.0162830412387849                                          
[23:30:54] INFO     Rank: 0 - Epoch:4/20, Batch:91,     progress_callback.py:218
                    loss:1.445701, finished 22.76%.                             
[23:31:01] INFO     Rank: 0 - Epoch:4/20, Batch:92,     progress_callback.py:218
                    loss:2.593586, finished 22.79%.                             
[23:31:11] INFO     Rank: 0 - Epoch:4/20, Batch:93,     progress_callback.py:218
                    loss:1.359852, finished 22.82%.                             
[23:31:24] INFO     Rank: 0 - Epoch:4/20, Batch:94,     progress_callback.py:218
                    loss:1.291893, finished 22.85%.                             
[23:31:31] INFO     Rank: 0 - Epoch:4/20, Batch:95,     progress_callback.py:218
                    loss:1.945411, finished 22.88%.                             
[23:31:37] INFO     Rank: 0 - Epoch:4/20, Batch:96,     progress_callback.py:218
                    loss:1.678116, finished 22.91%.                             
[23:31:46] INFO     Rank: 0 - Epoch:4/20, Batch:97,     progress_callback.py:218
                    loss:1.252021, finished 22.94%.                             
[23:31:53] INFO     Rank: 0 - Epoch:4/20, Batch:98,     progress_callback.py:218
                    loss:1.453623, finished 22.97%.                             
[23:31:59] INFO     Rank: 0 - Epoch:4/20, Batch:99,     progress_callback.py:218
                    loss:1.726588, finished 23.0%.                              
[23:32:08] INFO     Rank: 0 - Epoch:4/20, Batch:100,    progress_callback.py:218
                    loss:1.065165, finished 23.03%.                             
           INFO     Rank: 0 -                                   evaluator.py:317
                    **********Evaluation starts**********                       
[23:32:36] INFO     Rank: 0 - **********Evaluation              evaluator.py:349
                    ends**********                                              
                                                                                
           INFO     Rank: 0 - ----------Eval. results   progress_callback.py:233
                    on Epoch:4, Batch:100----------                             
           INFO     Rank: 0 -                           progress_callback.py:238
                    {"torch_ngram#ngram-overlap":                               
                    0.44400596618652344}                                        
 ============= save model at results/2023-03-25-21_28_56_059637/epoch-4_step-760.pt ============= 
save hyperparams in  results/2023-03-25-21_28_56_059637/hyperparams.txt
[23:32:45] INFO     Rank: 0 - Contrastive loss is                 callback.py:66
                    0.6046073466539383, nll_loss is                             
                    0.9672948688268661                                          
           INFO     Rank: 0 - Epoch:4/20, Batch:101,    progress_callback.py:218
                    loss:1.352767, finished 23.06%.                             
[23:32:52] INFO     Rank: 0 - Epoch:4/20, Batch:102,    progress_callback.py:218
                    loss:1.512613, finished 23.09%.                             
[23:33:00] INFO     Rank: 0 - Epoch:4/20, Batch:103,    progress_callback.py:218
                    loss:1.763203, finished 23.12%.                             
[23:33:06] INFO     Rank: 0 - Epoch:4/20, Batch:104,    progress_callback.py:218
                    loss:1.743428, finished 23.15%.                             
[23:33:15] INFO     Rank: 0 - Epoch:4/20, Batch:105,    progress_callback.py:218
                    loss:1.792592, finished 23.18%.                             
[23:33:23] INFO     Rank: 0 - Epoch:4/20, Batch:106,    progress_callback.py:218
                    loss:1.436564, finished 23.21%.                             
[23:33:41] INFO     Rank: 0 - Epoch:4/20, Batch:107,    progress_callback.py:218
                    loss:1.902388, finished 23.24%.                             
[23:33:54] INFO     Rank: 0 - Epoch:4/20, Batch:108,    progress_callback.py:218
                    loss:1.534942, finished 23.27%.                             
[23:34:02] INFO     Rank: 0 - Epoch:4/20, Batch:109,    progress_callback.py:218
                    loss:1.76916, finished 23.3%.                               
[23:34:09] INFO     Rank: 0 - Epoch:4/20, Batch:110,    progress_callback.py:218
                    loss:1.657998, finished 23.33%.                             
[23:34:15] INFO     Rank: 0 - Contrastive loss is                 callback.py:66
                    0.6281503438949585, nll_loss is                             
                    1.015738070011139                                           
[23:34:17] INFO     Rank: 0 - Epoch:4/20, Batch:111,    progress_callback.py:218
                    loss:1.325996, finished 23.36%.                             
[23:34:24] INFO     Rank: 0 - Epoch:4/20, Batch:112,    progress_callback.py:218
                    loss:1.2818, finished 23.39%.                               
[23:34:32] INFO     Rank: 0 - Epoch:4/20, Batch:113,    progress_callback.py:218
                    loss:1.329887, finished 23.42%.                             
[23:34:39] INFO     Rank: 0 - Epoch:4/20, Batch:114,    progress_callback.py:218
                    loss:1.588973, finished 23.45%.                             
[23:34:59] INFO     Rank: 0 - Epoch:4/20, Batch:115,    progress_callback.py:218
                    loss:1.179826, finished 23.48%.                             
[23:35:06] INFO     Rank: 0 - Epoch:4/20, Batch:116,    progress_callback.py:218
                    loss:2.610188, finished 23.52%.                             
[23:35:15] INFO     Rank: 0 - Epoch:4/20, Batch:117,    progress_callback.py:218
                    loss:2.16455, finished 23.55%.                              
[23:35:23] INFO     Rank: 0 - Epoch:4/20, Batch:118,    progress_callback.py:218
                    loss:2.380206, finished 23.58%.                             
[23:35:28] INFO     Rank: 0 - Epoch:4/20, Batch:119,    progress_callback.py:218
                    loss:1.564195, finished 23.61%.                             
[23:35:34] INFO     Rank: 0 - Epoch:4/20, Batch:120,    progress_callback.py:218
                    loss:1.686359, finished 23.64%.                             
[23:35:41] INFO     Rank: 0 - Contrastive loss is                 callback.py:66
                    0.650718492269516, nll_loss is                              
                    1.0851126611232758                                          
[23:35:42] INFO     Rank: 0 - Epoch:4/20, Batch:121,    progress_callback.py:218
                    loss:1.572326, finished 23.67%.                             
[23:35:48] INFO     Rank: 0 - Epoch:4/20, Batch:122,    progress_callback.py:218
                    loss:1.493735, finished 23.7%.                              
[23:35:55] INFO     Rank: 0 - Epoch:4/20, Batch:123,    progress_callback.py:218
                    loss:1.490948, finished 23.73%.                             
[23:36:08] INFO     Rank: 0 - Epoch:4/20, Batch:124,    progress_callback.py:218
                    loss:1.128006, finished 23.76%.                             
[23:36:16] INFO     Rank: 0 - Epoch:4/20, Batch:125,    progress_callback.py:218
                    loss:1.685683, finished 23.79%.                             
[23:36:24] INFO     Rank: 0 - Epoch:4/20, Batch:126,    progress_callback.py:218
                    loss:1.241817, finished 23.82%.                             
[23:36:31] INFO     Rank: 0 - Epoch:4/20, Batch:127,    progress_callback.py:218
                    loss:1.670065, finished 23.85%.                             
[23:36:39] INFO     Rank: 0 - Epoch:4/20, Batch:128,    progress_callback.py:218
                    loss:1.781572, finished 23.88%.                             
[23:36:45] INFO     Rank: 0 - Epoch:4/20, Batch:129,    progress_callback.py:218
                    loss:1.84552, finished 23.91%.                              
[23:36:52] INFO     Rank: 0 - Epoch:4/20, Batch:130,    progress_callback.py:218
                    loss:1.358011, finished 23.94%.                             
[23:36:56] INFO     Rank: 0 - Contrastive loss is                 callback.py:66
                    0.5777529865503311, nll_loss is                             
                    0.9420280545949936                                          
[23:36:57] INFO     Rank: 0 - Epoch:4/20, Batch:131,    progress_callback.py:218
                    loss:1.502452, finished 23.97%.                             
[23:37:08] INFO     Rank: 0 - Epoch:4/20, Batch:132,    progress_callback.py:218
                    loss:1.800296, finished 24.0%.                              
[23:37:19] INFO     Rank: 0 - Epoch:4/20, Batch:133,    progress_callback.py:218
                    loss:1.867844, finished 24.03%.                             
[23:37:26] INFO     Rank: 0 - Epoch:4/20, Batch:134,    progress_callback.py:218
                    loss:1.73962, finished 24.06%.                              
[23:37:33] INFO     Rank: 0 - Epoch:4/20, Batch:135,    progress_callback.py:218
                    loss:1.844066, finished 24.09%.                             
[23:37:41] INFO     Rank: 0 - Epoch:4/20, Batch:136,    progress_callback.py:218
                    loss:1.296518, finished 24.12%.                             
[23:37:48] INFO     Rank: 0 - Epoch:4/20, Batch:137,    progress_callback.py:218
                    loss:2.174591, finished 24.15%.                             
[23:37:56] INFO     Rank: 0 - Epoch:4/20, Batch:138,    progress_callback.py:218
                    loss:1.754245, finished 24.18%.                             
[23:38:03] INFO     Rank: 0 - Epoch:4/20, Batch:139,    progress_callback.py:218
                    loss:1.170833, finished 24.21%.                             
[23:38:11] INFO     Rank: 0 - Epoch:4/20, Batch:140,    progress_callback.py:218
                    loss:1.921689, finished 24.24%.                             
           INFO     Rank: 0 -                                   evaluator.py:317
                    **********Evaluation starts**********                       
[23:38:41] INFO     Rank: 0 - **********Evaluation              evaluator.py:349
                    ends**********                                              
                                                                                
           INFO     Rank: 0 - ----------Eval. results   progress_callback.py:233
                    on Epoch:4, Batch:140----------                             
           INFO     Rank: 0 -                           progress_callback.py:238
                    {"torch_ngram#ngram-overlap":                               
                    0.44909802079200745}                                        
 ============= save model at results/2023-03-25-21_28_56_059637/epoch-4_step-800.pt ============= 
save hyperparams in  results/2023-03-25-21_28_56_059637/hyperparams.txt
[23:38:50] INFO     Rank: 0 - Contrastive loss is                 callback.py:66
                    0.6181085407733917, nll_loss is                             
                    1.0992314875125886                                          
[23:38:51] INFO     Rank: 0 - Epoch:4/20, Batch:141,    progress_callback.py:218
                    loss:1.603698, finished 24.27%.                             
[23:38:57] INFO     Rank: 0 - Epoch:4/20, Batch:142,    progress_callback.py:218
                    loss:1.469696, finished 24.3%.                              
[23:39:05] INFO     Rank: 0 - Epoch:4/20, Batch:143,    progress_callback.py:218
                    loss:1.452657, finished 24.33%.                             
[23:39:16] INFO     Rank: 0 - Epoch:4/20, Batch:144,    progress_callback.py:218
                    loss:1.92194, finished 24.36%.                              
[23:39:36] INFO     Rank: 0 - Epoch:4/20, Batch:145,    progress_callback.py:218
                    loss:1.744783, finished 24.39%.                             
[23:39:52] INFO     Rank: 0 - Epoch:4/20, Batch:146,    progress_callback.py:218
                    loss:1.782397, finished 24.42%.                             
[23:40:01] INFO     Rank: 0 - Epoch:4/20, Batch:147,    progress_callback.py:218
                    loss:1.170804, finished 24.45%.                             
[23:40:09] INFO     Rank: 0 - Epoch:4/20, Batch:148,    progress_callback.py:218
                    loss:1.322169, finished 24.48%.                             
[23:40:16] INFO     Rank: 0 - Epoch:4/20, Batch:149,    progress_callback.py:218
                    loss:1.81798, finished 24.52%.                              
[23:40:23] INFO     Rank: 0 - Epoch:4/20, Batch:150,    progress_callback.py:218
                    loss:2.022882, finished 24.55%.                             
[23:40:31] INFO     Rank: 0 - Contrastive loss is                 callback.py:66
                    0.575277054309845, nll_loss is                              
                    1.1220534920692444                                          
[23:40:34] INFO     Rank: 0 - Epoch:4/20, Batch:151,    progress_callback.py:218
                    loss:2.267998, finished 24.58%.                             
[23:40:40] INFO     Rank: 0 - Epoch:4/20, Batch:152,    progress_callback.py:218
                    loss:1.936071, finished 24.61%.                             
[23:40:51] INFO     Rank: 0 - Epoch:4/20, Batch:153,    progress_callback.py:218
                    loss:1.460221, finished 24.64%.                             
[23:41:05] INFO     Rank: 0 - Epoch:4/20, Batch:154,    progress_callback.py:218
                    loss:1.468715, finished 24.67%.                             
[23:41:14] INFO     Rank: 0 - Epoch:4/20, Batch:155,    progress_callback.py:218
                    loss:1.47567, finished 24.7%.                               
[23:41:23] INFO     Rank: 0 - Epoch:4/20, Batch:156,    progress_callback.py:218
                    loss:1.100996, finished 24.73%.                             
[23:41:30] INFO     Rank: 0 - Epoch:4/20, Batch:157,    progress_callback.py:218
                    loss:1.616213, finished 24.76%.                             
[23:41:37] INFO     Rank: 0 - Epoch:4/20, Batch:158,    progress_callback.py:218
                    loss:1.325925, finished 24.79%.                             
[23:41:43] INFO     Rank: 0 - Epoch:4/20, Batch:159,    progress_callback.py:218
                    loss:1.494841, finished 24.82%.                             
[23:41:50] INFO     Rank: 0 - Epoch:4/20, Batch:160,    progress_callback.py:218
                    loss:1.760466, finished 24.85%.                             
[23:41:57] INFO     Rank: 0 - Contrastive loss is                 callback.py:66
                    0.5574264883995056, nll_loss is                             
                    0.9601546287536621                                          
[23:41:59] INFO     Rank: 0 - Epoch:4/20, Batch:161,    progress_callback.py:218
                    loss:1.536693, finished 24.88%.                             
[23:42:13] INFO     Rank: 0 - Epoch:4/20, Batch:162,    progress_callback.py:218
                    loss:1.329182, finished 24.91%.                             
[23:42:21] INFO     Rank: 0 - Epoch:4/20, Batch:163,    progress_callback.py:218
                    loss:1.92522, finished 24.94%.                              
[23:42:32] INFO     Rank: 0 - Epoch:4/20, Batch:164,    progress_callback.py:218
                    loss:1.429458, finished 24.97%.                             
[23:42:39] INFO     Rank: 0 - Epoch:4/20, Batch:165,    progress_callback.py:218
                    loss:1.492696, finished 25.0%.                              
           INFO     Rank: 0 -                           progress_callback.py:204
                    **********Epoch:5 starts**********                          
[23:42:47] INFO     Rank: 0 - Epoch:5/20, Batch:1,      progress_callback.py:218
                    loss:1.606903, finished 25.03%.                             
[23:42:54] INFO     Rank: 0 - Epoch:5/20, Batch:2,      progress_callback.py:218
                    loss:1.833398, finished 25.06%.                             
[23:43:04] INFO     Rank: 0 - Epoch:5/20, Batch:3,      progress_callback.py:218
                    loss:1.47636, finished 25.09%.                              
[23:43:21] INFO     Rank: 0 - Epoch:5/20, Batch:4,      progress_callback.py:218
                    loss:1.153764, finished 25.12%.                             
[23:43:33] INFO     Rank: 0 - Epoch:5/20, Batch:5,      progress_callback.py:218
                    loss:1.602915, finished 25.15%.                             
[23:43:43] INFO     Rank: 0 - Contrastive loss is                 callback.py:66
                    0.6320587694644928, nll_loss is                             
                    0.8418889582157135                                          
[23:43:44] INFO     Rank: 0 - Epoch:5/20, Batch:6,      progress_callback.py:218
                    loss:0.889582, finished 25.18%.                             
[23:43:54] INFO     Rank: 0 - Epoch:5/20, Batch:7,      progress_callback.py:218
                    loss:1.465125, finished 25.21%.                             
[23:44:00] INFO     Rank: 0 - Epoch:5/20, Batch:8,      progress_callback.py:218
                    loss:1.623735, finished 25.24%.                             
[23:44:10] INFO     Rank: 0 - Epoch:5/20, Batch:9,      progress_callback.py:218
                    loss:1.564393, finished 25.27%.                             
[23:44:16] INFO     Rank: 0 - Epoch:5/20, Batch:10,     progress_callback.py:218
                    loss:1.484874, finished 25.3%.                              
[23:44:24] INFO     Rank: 0 - Epoch:5/20, Batch:11,     progress_callback.py:218
                    loss:1.163007, finished 25.33%.                             
[23:44:43] INFO     Rank: 0 - Epoch:5/20, Batch:12,     progress_callback.py:218
                    loss:1.516187, finished 25.36%.                             
[23:44:55] INFO     Rank: 0 - Epoch:5/20, Batch:13,     progress_callback.py:218
                    loss:1.184256, finished 25.39%.                             
[23:45:04] INFO     Rank: 0 - Epoch:5/20, Batch:14,     progress_callback.py:218
                    loss:1.161013, finished 25.42%.                             
[23:45:12] INFO     Rank: 0 - Epoch:5/20, Batch:15,     progress_callback.py:218
                    loss:1.542975, finished 25.45%.                             
           INFO     Rank: 0 -                                   evaluator.py:317
                    **********Evaluation starts**********                       
[23:45:41] INFO     Rank: 0 - **********Evaluation              evaluator.py:349
                    ends**********                                              
                                                                                
           INFO     Rank: 0 - ----------Eval. results   progress_callback.py:233
                    on Epoch:5, Batch:15----------                              
[23:45:42] INFO     Rank: 0 -                           progress_callback.py:238
                    {"torch_ngram#ngram-overlap":                               
                    0.4451664984226227}                                         
 ============= save model at results/2023-03-25-21_28_56_059637/epoch-5_step-840.pt ============= 
save hyperparams in  results/2023-03-25-21_28_56_059637/hyperparams.txt
[23:45:55] INFO     Rank: 0 - Contrastive loss is                 callback.py:66
                    0.5310067474842072, nll_loss is                             
                    0.9151169955730438                                          
           INFO     Rank: 0 - Epoch:5/20, Batch:16,     progress_callback.py:218
                    loss:1.755671, finished 25.48%.                             
[23:46:03] INFO     Rank: 0 - Epoch:5/20, Batch:17,     progress_callback.py:218
                    loss:1.222035, finished 25.52%.                             
[23:46:14] INFO     Rank: 0 - Epoch:5/20, Batch:18,     progress_callback.py:218
                    loss:1.150598, finished 25.55%.                             
[23:46:27] INFO     Rank: 0 - Epoch:5/20, Batch:19,     progress_callback.py:218
                    loss:2.041893, finished 25.58%.                             
[23:46:39] INFO     Rank: 0 - Epoch:5/20, Batch:20,     progress_callback.py:218
                    loss:1.433546, finished 25.61%.                             
[23:47:00] INFO     Rank: 0 - Epoch:5/20, Batch:21,     progress_callback.py:218
                    loss:1.023839, finished 25.64%.                             
[23:47:19] INFO     Rank: 0 - Epoch:5/20, Batch:22,     progress_callback.py:218
                    loss:1.712841, finished 25.67%.                             
[23:47:34] INFO     Rank: 0 - Epoch:5/20, Batch:23,     progress_callback.py:218
                    loss:1.973735, finished 25.7%.                              
[23:47:45] INFO     Rank: 0 - Epoch:5/20, Batch:24,     progress_callback.py:218
                    loss:1.487791, finished 25.73%.                             
[23:48:00] INFO     Rank: 0 - Epoch:5/20, Batch:25,     progress_callback.py:218
                    loss:1.763757, finished 25.76%.                             
[23:48:10] INFO     Rank: 0 - Contrastive loss is                 callback.py:66
                    0.5855441212654113, nll_loss is                             
                    0.9682656645774841                                          
[23:48:11] INFO     Rank: 0 - Epoch:5/20, Batch:26,     progress_callback.py:218
                    loss:1.728064, finished 25.79%.                             
[23:48:22] INFO     Rank: 0 - Epoch:5/20, Batch:27,     progress_callback.py:218
                    loss:1.635741, finished 25.82%.                             
[23:48:33] INFO     Rank: 0 - Epoch:5/20, Batch:28,     progress_callback.py:218
                    loss:1.649331, finished 25.85%.                             
[23:48:42] INFO     Rank: 0 - Epoch:5/20, Batch:29,     progress_callback.py:218
                    loss:1.953567, finished 25.88%.                             
[23:48:55] INFO     Rank: 0 - Epoch:5/20, Batch:30,     progress_callback.py:218
                    loss:1.218621, finished 25.91%.                             
[23:49:01] INFO     Rank: 0 - Epoch:5/20, Batch:31,     progress_callback.py:218
                    loss:1.704662, finished 25.94%.                             
[23:49:08] INFO     Rank: 0 - Epoch:5/20, Batch:32,     progress_callback.py:218
                    loss:1.640751, finished 25.97%.                             
[23:49:16] INFO     Rank: 0 - Epoch:5/20, Batch:33,     progress_callback.py:218
                    loss:2.041447, finished 26.0%.                              
[23:49:24] INFO     Rank: 0 - Epoch:5/20, Batch:34,     progress_callback.py:218
                    loss:1.729833, finished 26.03%.                             
[23:49:37] INFO     Rank: 0 - Epoch:5/20, Batch:35,     progress_callback.py:218
                    loss:1.074015, finished 26.06%.                             
[23:49:44] INFO     Rank: 0 - Contrastive loss is                 callback.py:66
                    0.638674283027649, nll_loss is                              
                    0.9836950659751892                                          
[23:49:45] INFO     Rank: 0 - Epoch:5/20, Batch:36,     progress_callback.py:218
                    loss:1.575724, finished 26.09%.                             
[23:49:50] INFO     Rank: 0 - Epoch:5/20, Batch:37,     progress_callback.py:218
                    loss:1.454907, finished 26.12%.                             
[23:49:57] INFO     Rank: 0 - Epoch:5/20, Batch:38,     progress_callback.py:218
                    loss:1.280016, finished 26.15%.                             
[23:50:03] INFO     Rank: 0 - Epoch:5/20, Batch:39,     progress_callback.py:218
                    loss:1.947948, finished 26.18%.                             
[23:50:11] INFO     Rank: 0 - Epoch:5/20, Batch:40,     progress_callback.py:218
                    loss:1.391498, finished 26.21%.                             
[23:50:18] INFO     Rank: 0 - Epoch:5/20, Batch:41,     progress_callback.py:218
                    loss:1.500021, finished 26.24%.                             
[23:50:30] INFO     Rank: 0 - Epoch:5/20, Batch:42,     progress_callback.py:218
                    loss:1.546028, finished 26.27%.                             
[23:50:44] INFO     Rank: 0 - Epoch:5/20, Batch:43,     progress_callback.py:218
                    loss:1.782146, finished 26.3%.                              
[23:50:55] INFO     Rank: 0 - Epoch:5/20, Batch:44,     progress_callback.py:218
                    loss:1.887254, finished 26.33%.                             
[23:51:04] INFO     Rank: 0 - Epoch:5/20, Batch:45,     progress_callback.py:218
                    loss:1.432376, finished 26.36%.                             
[23:51:12] INFO     Rank: 0 - Contrastive loss is                 callback.py:66
                    0.5675172954797745, nll_loss is                             
                    1.039442202448845                                           
[23:51:14] INFO     Rank: 0 - Epoch:5/20, Batch:46,     progress_callback.py:218
                    loss:1.847401, finished 26.39%.                             
[23:51:23] INFO     Rank: 0 - Epoch:5/20, Batch:47,     progress_callback.py:218
                    loss:1.395178, finished 26.42%.                             
[23:51:36] INFO     Rank: 0 - Epoch:5/20, Batch:48,     progress_callback.py:218
                    loss:1.486161, finished 26.45%.                             
[23:51:47] INFO     Rank: 0 - Epoch:5/20, Batch:49,     progress_callback.py:218
                    loss:1.27004, finished 26.48%.                              
[23:52:12] INFO     Rank: 0 - Epoch:5/20, Batch:50,     progress_callback.py:218
                    loss:1.740462, finished 26.52%.                             
[23:52:23] INFO     Rank: 0 - Epoch:5/20, Batch:51,     progress_callback.py:218
                    loss:1.769936, finished 26.55%.                             
[23:52:32] INFO     Rank: 0 - Epoch:5/20, Batch:52,     progress_callback.py:218
                    loss:1.961879, finished 26.58%.                             
[23:52:41] INFO     Rank: 0 - Epoch:5/20, Batch:53,     progress_callback.py:218
                    loss:0.964281, finished 26.61%.                             
[23:52:48] INFO     Rank: 0 - Epoch:5/20, Batch:54,     progress_callback.py:218
                    loss:1.860497, finished 26.64%.                             
[23:52:55] INFO     Rank: 0 - Epoch:5/20, Batch:55,     progress_callback.py:218
                    loss:1.245836, finished 26.67%.                             
           INFO     Rank: 0 -                                   evaluator.py:317
                    **********Evaluation starts**********                       
[23:53:23] INFO     Rank: 0 - **********Evaluation              evaluator.py:349
                    ends**********                                              
                                                                                
           INFO     Rank: 0 - ----------Eval. results   progress_callback.py:233
                    on Epoch:5, Batch:55----------                              
           INFO     Rank: 0 -                           progress_callback.py:238
                    {"torch_ngram#ngram-overlap":                               
                    0.4452509880065918}                                         
 ============= save model at results/2023-03-25-21_28_56_059637/epoch-5_step-880.pt ============= 
save hyperparams in  results/2023-03-25-21_28_56_059637/hyperparams.txt
[23:53:35] INFO     Rank: 0 - Contrastive loss is                 callback.py:66
                    0.5969518780708313, nll_loss is                             
                    0.9609866857528686                                          
           INFO     Rank: 0 - Epoch:5/20, Batch:56,     progress_callback.py:218
                    loss:1.885116, finished 26.7%.                              
[23:53:43] INFO     Rank: 0 - Epoch:5/20, Batch:57,     progress_callback.py:218
                    loss:1.677635, finished 26.73%.                             
[23:53:54] INFO     Rank: 0 - Epoch:5/20, Batch:58,     progress_callback.py:218
                    loss:1.373872, finished 26.76%.                             
[23:54:00] INFO     Rank: 0 - Epoch:5/20, Batch:59,     progress_callback.py:218
                    loss:1.67947, finished 26.79%.                              
[23:54:06] INFO     Rank: 0 - Epoch:5/20, Batch:60,     progress_callback.py:218
                    loss:1.872128, finished 26.82%.                             
[23:54:13] INFO     Rank: 0 - Epoch:5/20, Batch:61,     progress_callback.py:218
                    loss:1.618516, finished 26.85%.                             
[23:54:21] INFO     Rank: 0 - Epoch:5/20, Batch:62,     progress_callback.py:218
                    loss:1.591165, finished 26.88%.                             
[23:54:36] INFO     Rank: 0 - Epoch:5/20, Batch:63,     progress_callback.py:218
                    loss:0.941046, finished 26.91%.                             
[23:54:50] INFO     Rank: 0 - Epoch:5/20, Batch:64,     progress_callback.py:218
                    loss:1.504611, finished 26.94%.                             
[23:54:57] INFO     Rank: 0 - Epoch:5/20, Batch:65,     progress_callback.py:218
                    loss:1.501722, finished 26.97%.                             
[23:55:03] INFO     Rank: 0 - Contrastive loss is                 callback.py:66
                    0.6512850165367127, nll_loss is                             
                    0.8905170679092407                                          
[23:55:04] INFO     Rank: 0 - Epoch:5/20, Batch:66,     progress_callback.py:218
                    loss:1.657858, finished 27.0%.                              
[23:55:15] INFO     Rank: 0 - Epoch:5/20, Batch:67,     progress_callback.py:218
                    loss:2.074242, finished 27.03%.                             
[23:55:25] INFO     Rank: 0 - Epoch:5/20, Batch:68,     progress_callback.py:218
                    loss:1.90314, finished 27.06%.                              
[23:55:31] INFO     Rank: 0 - Epoch:5/20, Batch:69,     progress_callback.py:218
                    loss:1.446486, finished 27.09%.                             
[23:55:43] INFO     Rank: 0 - Epoch:5/20, Batch:70,     progress_callback.py:218
                    loss:1.374824, finished 27.12%.                             
[23:55:54] INFO     Rank: 0 - Epoch:5/20, Batch:71,     progress_callback.py:218
                    loss:1.169734, finished 27.15%.                             
[23:56:01] INFO     Rank: 0 - Epoch:5/20, Batch:72,     progress_callback.py:218
                    loss:1.191086, finished 27.18%.                             
[23:56:08] INFO     Rank: 0 - Epoch:5/20, Batch:73,     progress_callback.py:218
                    loss:0.96265, finished 27.21%.                              
[23:56:13] INFO     Rank: 0 - Epoch:5/20, Batch:74,     progress_callback.py:218
                    loss:1.465457, finished 27.24%.                             
[23:56:21] INFO     Rank: 0 - Epoch:5/20, Batch:75,     progress_callback.py:218
                    loss:1.878338, finished 27.27%.                             
[23:56:28] INFO     Rank: 0 - Contrastive loss is                 callback.py:66
                    0.5883792370557785, nll_loss is                             
                    0.9173602312803268                                          
           INFO     Rank: 0 - Epoch:5/20, Batch:76,     progress_callback.py:218
                    loss:1.591437, finished 27.3%.                              
[23:56:34] INFO     Rank: 0 - Epoch:5/20, Batch:77,     progress_callback.py:218
                    loss:1.469867, finished 27.33%.                             
[23:56:42] INFO     Rank: 0 - Epoch:5/20, Batch:78,     progress_callback.py:218
                    loss:1.566254, finished 27.36%.                             
[23:56:52] INFO     Rank: 0 - Epoch:5/20, Batch:79,     progress_callback.py:218
                    loss:1.812944, finished 27.39%.                             
[23:57:03] INFO     Rank: 0 - Epoch:5/20, Batch:80,     progress_callback.py:218
                    loss:1.706483, finished 27.42%.                             
[23:57:11] INFO     Rank: 0 - Epoch:5/20, Batch:81,     progress_callback.py:218
                    loss:1.387739, finished 27.45%.                             
[23:57:19] INFO     Rank: 0 - Epoch:5/20, Batch:82,     progress_callback.py:218
                    loss:1.274813, finished 27.48%.                             
[23:57:29] INFO     Rank: 0 - Epoch:5/20, Batch:83,     progress_callback.py:218
                    loss:1.544114, finished 27.52%.                             
[23:57:38] INFO     Rank: 0 - Epoch:5/20, Batch:84,     progress_callback.py:218
                    loss:1.687001, finished 27.55%.                             
[23:57:47] INFO     Rank: 0 - Epoch:5/20, Batch:85,     progress_callback.py:218
                    loss:1.918304, finished 27.58%.                             
[23:57:55] INFO     Rank: 0 - Contrastive loss is                 callback.py:66
                    0.6100924968719482, nll_loss is                             
                    0.9949002623558044                                          
           INFO     Rank: 0 - Epoch:5/20, Batch:86,     progress_callback.py:218
                    loss:1.68241, finished 27.61%.                              
[23:58:03] INFO     Rank: 0 - Epoch:5/20, Batch:87,     progress_callback.py:218
                    loss:1.252882, finished 27.64%.                             
[23:58:20] INFO     Rank: 0 - Epoch:5/20, Batch:88,     progress_callback.py:218
                    loss:1.135364, finished 27.67%.                             
[23:58:29] INFO     Rank: 0 - Epoch:5/20, Batch:89,     progress_callback.py:218
                    loss:2.243955, finished 27.7%.                              
[23:58:37] INFO     Rank: 0 - Epoch:5/20, Batch:90,     progress_callback.py:218
                    loss:1.778226, finished 27.73%.                             
[23:58:47] INFO     Rank: 0 - Epoch:5/20, Batch:91,     progress_callback.py:218
                    loss:1.686664, finished 27.76%.                             
[23:58:55] INFO     Rank: 0 - Epoch:5/20, Batch:92,     progress_callback.py:218
                    loss:1.524268, finished 27.79%.                             
[23:59:04] INFO     Rank: 0 - Epoch:5/20, Batch:93,     progress_callback.py:218
                    loss:1.102564, finished 27.82%.                             
[23:59:11] INFO     Rank: 0 - Epoch:5/20, Batch:94,     progress_callback.py:218
                    loss:1.762577, finished 27.85%.                             
[23:59:19] INFO     Rank: 0 - Epoch:5/20, Batch:95,     progress_callback.py:218
                    loss:1.121266, finished 27.88%.                             
           INFO     Rank: 0 -                                   evaluator.py:317
                    **********Evaluation starts**********                       
[23:59:48] INFO     Rank: 0 - **********Evaluation              evaluator.py:349
                    ends**********                                              
                                                                                
           INFO     Rank: 0 - ----------Eval. results   progress_callback.py:233
                    on Epoch:5, Batch:95----------                              
           INFO     Rank: 0 -                           progress_callback.py:238
                    {"torch_ngram#ngram-overlap":                               
                    0.44289782643318176}                                        
[23:59:56] INFO     Rank: 0 - Contrastive loss is                 callback.py:66
                    0.5681733042001724, nll_loss is                             
                    0.9117196649312973                                          
[23:59:57] INFO     Rank: 0 - Epoch:5/20, Batch:96,     progress_callback.py:218
                    loss:1.191165, finished 27.91%.                             
[00:00:03] INFO     Rank: 0 - Epoch:5/20, Batch:97,     progress_callback.py:218
                    loss:1.37869, finished 27.94%.                              
[00:00:10] INFO     Rank: 0 - Epoch:5/20, Batch:98,     progress_callback.py:218
                    loss:1.665119, finished 27.97%.                             
[00:00:17] INFO     Rank: 0 - Epoch:5/20, Batch:99,     progress_callback.py:218
                    loss:1.552132, finished 28.0%.                              
[00:00:25] INFO     Rank: 0 - Epoch:5/20, Batch:100,    progress_callback.py:218
                    loss:1.480691, finished 28.03%.                             
[00:00:39] INFO     Rank: 0 - Epoch:5/20, Batch:101,    progress_callback.py:218
                    loss:1.338737, finished 28.06%.                             
[00:00:47] INFO     Rank: 0 - Epoch:5/20, Batch:102,    progress_callback.py:218
                    loss:1.521566, finished 28.09%.                             
[00:00:57] INFO     Rank: 0 - Epoch:5/20, Batch:103,    progress_callback.py:218
                    loss:1.160542, finished 28.12%.                             
[00:01:04] INFO     Rank: 0 - Epoch:5/20, Batch:104,    progress_callback.py:218
                    loss:1.129595, finished 28.15%.                             
[00:01:10] INFO     Rank: 0 - Epoch:5/20, Batch:105,    progress_callback.py:218
                    loss:1.666803, finished 28.18%.                             
[00:01:17] INFO     Rank: 0 - Contrastive loss is                 callback.py:66
                    0.54983891248703, nll_loss is                               
                    0.86524498462677                                            
[00:01:18] INFO     Rank: 0 - Epoch:5/20, Batch:106,    progress_callback.py:218
                    loss:1.256965, finished 28.21%.                             
[00:01:25] INFO     Rank: 0 - Epoch:5/20, Batch:107,    progress_callback.py:218
                    loss:1.074182, finished 28.24%.                             
[00:01:32] INFO     Rank: 0 - Epoch:5/20, Batch:108,    progress_callback.py:218
                    loss:1.583103, finished 28.27%.                             
[00:01:42] INFO     Rank: 0 - Epoch:5/20, Batch:109,    progress_callback.py:218
                    loss:1.911193, finished 28.3%.                              
[00:02:02] INFO     Rank: 0 - Epoch:5/20, Batch:110,    progress_callback.py:218
                    loss:1.598358, finished 28.33%.                             
[00:02:13] INFO     Rank: 0 - Epoch:5/20, Batch:111,    progress_callback.py:218
                    loss:1.537126, finished 28.36%.                             
[00:02:27] INFO     Rank: 0 - Epoch:5/20, Batch:112,    progress_callback.py:218
                    loss:1.495802, finished 28.39%.                             
[00:02:36] INFO     Rank: 0 - Epoch:5/20, Batch:113,    progress_callback.py:218
                    loss:1.105153, finished 28.42%.                             
[00:02:47] INFO     Rank: 0 - Epoch:5/20, Batch:114,    progress_callback.py:218
                    loss:1.562504, finished 28.45%.                             
[00:02:55] INFO     Rank: 0 - Epoch:5/20, Batch:115,    progress_callback.py:218
                    loss:2.16716, finished 28.48%.                              
[00:03:07] INFO     Rank: 0 - Contrastive loss is                 callback.py:66
                    0.6118385851383209, nll_loss is                             
                    0.9763207852840423                                          
           INFO     Rank: 0 - Epoch:5/20, Batch:116,    progress_callback.py:218
                    loss:1.847013, finished 28.52%.                             
[00:03:18] INFO     Rank: 0 - Epoch:5/20, Batch:117,    progress_callback.py:218
                    loss:1.461761, finished 28.55%.                             
[00:03:28] INFO     Rank: 0 - Epoch:5/20, Batch:118,    progress_callback.py:218
                    loss:2.176022, finished 28.58%.                             
[00:03:35] INFO     Rank: 0 - Epoch:5/20, Batch:119,    progress_callback.py:218
                    loss:1.659521, finished 28.61%.                             
[00:03:42] INFO     Rank: 0 - Epoch:5/20, Batch:120,    progress_callback.py:218
                    loss:1.220541, finished 28.64%.                             
[00:03:47] INFO     Rank: 0 - Epoch:5/20, Batch:121,    progress_callback.py:218
                    loss:1.934878, finished 28.67%.                             
[00:03:54] INFO     Rank: 0 - Epoch:5/20, Batch:122,    progress_callback.py:218
                    loss:1.237433, finished 28.7%.                              
[00:04:02] INFO     Rank: 0 - Epoch:5/20, Batch:123,    progress_callback.py:218
                    loss:1.531381, finished 28.73%.                             
[00:04:12] INFO     Rank: 0 - Epoch:5/20, Batch:124,    progress_callback.py:218
                    loss:1.76565, finished 28.76%.                              
[00:04:25] INFO     Rank: 0 - Epoch:5/20, Batch:125,    progress_callback.py:218
                    loss:1.511586, finished 28.79%.                             
[00:04:31] INFO     Rank: 0 - Contrastive loss is                 callback.py:66
                    0.6221416652202606, nll_loss is                             
                    0.9847305476665497                                          
[00:04:39] INFO     Rank: 0 - Epoch:5/20, Batch:126,    progress_callback.py:218
                    loss:1.569948, finished 28.82%.                             
[00:04:45] INFO     Rank: 0 - Epoch:5/20, Batch:127,    progress_callback.py:218
                    loss:1.256335, finished 28.85%.                             
[00:04:51] INFO     Rank: 0 - Epoch:5/20, Batch:128,    progress_callback.py:218
                    loss:1.731519, finished 28.88%.                             
[00:04:59] INFO     Rank: 0 - Epoch:5/20, Batch:129,    progress_callback.py:218
                    loss:2.086939, finished 28.91%.                             
[00:05:10] INFO     Rank: 0 - Epoch:5/20, Batch:130,    progress_callback.py:218
                    loss:1.557693, finished 28.94%.                             
[00:05:15] INFO     Rank: 0 - Epoch:5/20, Batch:131,    progress_callback.py:218
                    loss:1.925677, finished 28.97%.                             
[00:05:24] INFO     Rank: 0 - Epoch:5/20, Batch:132,    progress_callback.py:218
                    loss:1.822197, finished 29.0%.                              
[00:05:36] INFO     Rank: 0 - Epoch:5/20, Batch:133,    progress_callback.py:218
                    loss:1.846263, finished 29.03%.                             
[00:05:47] INFO     Rank: 0 - Epoch:5/20, Batch:134,    progress_callback.py:218
                    loss:1.2639, finished 29.06%.                               
[00:05:52] INFO     Rank: 0 - Epoch:5/20, Batch:135,    progress_callback.py:218
                    loss:1.014906, finished 29.09%.                             
           INFO     Rank: 0 -                                   evaluator.py:317
                    **********Evaluation starts**********                       
[00:06:22] INFO     Rank: 0 - **********Evaluation              evaluator.py:349
                    ends**********                                              
                                                                                
           INFO     Rank: 0 - ----------Eval. results   progress_callback.py:233
                    on Epoch:5, Batch:135----------                             
           INFO     Rank: 0 -                           progress_callback.py:238
                    {"torch_ngram#ngram-overlap":                               
                    0.44591808319091797}                                        
 ============= save model at results/2023-03-25-21_28_56_059637/epoch-5_step-960.pt ============= 
save hyperparams in  results/2023-03-25-21_28_56_059637/hyperparams.txt
[00:06:29] INFO     Rank: 0 - Contrastive loss is                 callback.py:66
                    0.6147911757230758, nll_loss is                             
                    0.9308555155992508                                          
[00:06:33] INFO     Rank: 0 - Epoch:5/20, Batch:136,    progress_callback.py:218
                    loss:0.951037, finished 29.12%.                             
[00:06:48] INFO     Rank: 0 - Epoch:5/20, Batch:137,    progress_callback.py:218
                    loss:2.198163, finished 29.15%.                             
[00:06:54] INFO     Rank: 0 - Epoch:5/20, Batch:138,    progress_callback.py:218
                    loss:2.074471, finished 29.18%.                             
[00:07:02] INFO     Rank: 0 - Epoch:5/20, Batch:139,    progress_callback.py:218
                    loss:1.884996, finished 29.21%.                             
[00:07:10] INFO     Rank: 0 - Epoch:5/20, Batch:140,    progress_callback.py:218
                    loss:1.734912, finished 29.24%.                             
[00:07:17] INFO     Rank: 0 - Epoch:5/20, Batch:141,    progress_callback.py:218
                    loss:1.787335, finished 29.27%.                             
[00:07:26] INFO     Rank: 0 - Epoch:5/20, Batch:142,    progress_callback.py:218
                    loss:1.350888, finished 29.3%.                              
[00:07:37] INFO     Rank: 0 - Epoch:5/20, Batch:143,    progress_callback.py:218
                    loss:1.388542, finished 29.33%.                             
[00:07:48] INFO     Rank: 0 - Epoch:5/20, Batch:144,    progress_callback.py:218
                    loss:0.81897, finished 29.36%.                              
[00:08:04] INFO     Rank: 0 - Epoch:5/20, Batch:145,    progress_callback.py:218
                    loss:1.369815, finished 29.39%.                             
[00:08:13] INFO     Rank: 0 - Contrastive loss is                 callback.py:66
                    0.6966649800539017, nll_loss is                             
                    0.9109580785036087                                          
           INFO     Rank: 0 - Epoch:5/20, Batch:146,    progress_callback.py:218
                    loss:1.46814, finished 29.42%.                              
[00:08:22] INFO     Rank: 0 - Epoch:5/20, Batch:147,    progress_callback.py:218
                    loss:1.201392, finished 29.45%.                             
[00:08:31] INFO     Rank: 0 - Epoch:5/20, Batch:148,    progress_callback.py:218
                    loss:1.355137, finished 29.48%.                             
[00:08:39] INFO     Rank: 0 - Epoch:5/20, Batch:149,    progress_callback.py:218
                    loss:1.449965, finished 29.52%.                             
[00:08:45] INFO     Rank: 0 - Epoch:5/20, Batch:150,    progress_callback.py:218
                    loss:1.20561, finished 29.55%.                              
[00:08:52] INFO     Rank: 0 - Epoch:5/20, Batch:151,    progress_callback.py:218
                    loss:1.297733, finished 29.58%.                             
[00:08:59] INFO     Rank: 0 - Epoch:5/20, Batch:152,    progress_callback.py:218
                    loss:2.022283, finished 29.61%.                             
[00:09:08] INFO     Rank: 0 - Epoch:5/20, Batch:153,    progress_callback.py:218
                    loss:1.571245, finished 29.64%.                             
[00:09:19] INFO     Rank: 0 - Epoch:5/20, Batch:154,    progress_callback.py:218
                    loss:1.363631, finished 29.67%.                             
[00:09:26] INFO     Rank: 0 - Epoch:5/20, Batch:155,    progress_callback.py:218
                    loss:1.344288, finished 29.7%.                              
[00:09:31] INFO     Rank: 0 - Contrastive loss is                 callback.py:66
                    0.5746062099933624, nll_loss is                             
                    0.8751009047031403                                          
[00:09:35] INFO     Rank: 0 - Epoch:5/20, Batch:156,    progress_callback.py:218
                    loss:1.685788, finished 29.73%.                             
[00:09:42] INFO     Rank: 0 - Epoch:5/20, Batch:157,    progress_callback.py:218
                    loss:1.658043, finished 29.76%.                             
[00:09:50] INFO     Rank: 0 - Epoch:5/20, Batch:158,    progress_callback.py:218
                    loss:2.337329, finished 29.79%.                             
[00:09:59] INFO     Rank: 0 - Epoch:5/20, Batch:159,    progress_callback.py:218
                    loss:1.527131, finished 29.82%.                             
[00:10:06] INFO     Rank: 0 - Epoch:5/20, Batch:160,    progress_callback.py:218
                    loss:2.058504, finished 29.85%.                             
[00:10:19] INFO     Rank: 0 - Epoch:5/20, Batch:161,    progress_callback.py:218
                    loss:1.258891, finished 29.88%.                             
[00:10:33] INFO     Rank: 0 - Epoch:5/20, Batch:162,    progress_callback.py:218
                    loss:1.496227, finished 29.91%.                             
[00:10:41] INFO     Rank: 0 - Epoch:5/20, Batch:163,    progress_callback.py:218
                    loss:1.417365, finished 29.94%.                             
[00:10:48] INFO     Rank: 0 - Epoch:5/20, Batch:164,    progress_callback.py:218
                    loss:2.322638, finished 29.97%.                             
[00:10:56] INFO     Rank: 0 - Epoch:5/20, Batch:165,    progress_callback.py:218
                    loss:1.338676, finished 30.0%.                              
           INFO     Rank: 0 -                           progress_callback.py:204
                    **********Epoch:6 starts**********                          
[00:11:03] INFO     Rank: 0 - Contrastive loss is                 callback.py:66
                    0.6617778778076172, nll_loss is                             
                    1.0612549185752869                                          
[00:11:04] INFO     Rank: 0 - Epoch:6/20, Batch:1,      progress_callback.py:218
                    loss:1.815523, finished 30.03%.                             
[00:11:11] INFO     Rank: 0 - Epoch:6/20, Batch:2,      progress_callback.py:218
                    loss:1.311759, finished 30.06%.                             
[00:11:19] INFO     Rank: 0 - Epoch:6/20, Batch:3,      progress_callback.py:218
                    loss:1.042554, finished 30.09%.                             
[00:11:28] INFO     Rank: 0 - Epoch:6/20, Batch:4,      progress_callback.py:218
                    loss:1.389077, finished 30.12%.                             
[00:11:38] INFO     Rank: 0 - Epoch:6/20, Batch:5,      progress_callback.py:218
                    loss:1.586, finished 30.15%.                                
[00:11:44] INFO     Rank: 0 - Epoch:6/20, Batch:6,      progress_callback.py:218
                    loss:0.829646, finished 30.18%.                             
[00:11:51] INFO     Rank: 0 - Epoch:6/20, Batch:7,      progress_callback.py:218
                    loss:1.915801, finished 30.21%.                             
[00:12:01] INFO     Rank: 0 - Epoch:6/20, Batch:8,      progress_callback.py:218
                    loss:0.889972, finished 30.24%.                             
[00:12:12] INFO     Rank: 0 - Epoch:6/20, Batch:9,      progress_callback.py:218
                    loss:1.400167, finished 30.27%.                             
[00:12:21] INFO     Rank: 0 - Epoch:6/20, Batch:10,     progress_callback.py:218
                    loss:1.128886, finished 30.3%.                              
           INFO     Rank: 0 -                                   evaluator.py:317
                    **********Evaluation starts**********                       
[00:12:50] INFO     Rank: 0 - **********Evaluation              evaluator.py:349
                    ends**********                                              
                                                                                
           INFO     Rank: 0 - ----------Eval. results   progress_callback.py:233
                    on Epoch:6, Batch:10----------                              
           INFO     Rank: 0 -                           progress_callback.py:238
                    {"torch_ngram#ngram-overlap":                               
                    0.4472307562828064}                                         
 ============= save model at results/2023-03-25-21_28_56_059637/epoch-6_step-1000.pt ============= 
save hyperparams in  results/2023-03-25-21_28_56_059637/hyperparams.txt
[00:12:58] INFO     Rank: 0 - Contrastive loss is                 callback.py:66
                    0.5484097272157669, nll_loss is                             
                    0.717364278435707                                           
           INFO     Rank: 0 - Epoch:6/20, Batch:11,     progress_callback.py:218
                    loss:1.163878, finished 30.33%.                             
[00:13:08] INFO     Rank: 0 - Epoch:6/20, Batch:12,     progress_callback.py:218
                    loss:1.184284, finished 30.36%.                             
[00:13:18] INFO     Rank: 0 - Epoch:6/20, Batch:13,     progress_callback.py:218
                    loss:1.144361, finished 30.39%.                             
[00:13:28] INFO     Rank: 0 - Epoch:6/20, Batch:14,     progress_callback.py:218
                    loss:1.620985, finished 30.42%.                             
[00:13:35] INFO     Rank: 0 - Epoch:6/20, Batch:15,     progress_callback.py:218
                    loss:1.183455, finished 30.45%.                             
[00:13:47] INFO     Rank: 0 - Epoch:6/20, Batch:16,     progress_callback.py:218
                    loss:1.91778, finished 30.48%.                              
[00:14:02] INFO     Rank: 0 - Epoch:6/20, Batch:17,     progress_callback.py:218
                    loss:1.168908, finished 30.52%.                             
[00:14:11] INFO     Rank: 0 - Epoch:6/20, Batch:18,     progress_callback.py:218
                    loss:0.85462, finished 30.55%.                              
[00:14:18] INFO     Rank: 0 - Epoch:6/20, Batch:19,     progress_callback.py:218
                    loss:1.803021, finished 30.58%.                             
[00:14:27] INFO     Rank: 0 - Epoch:6/20, Batch:20,     progress_callback.py:218
                    loss:1.133259, finished 30.61%.                             
[00:14:33] INFO     Rank: 0 - Contrastive loss is                 callback.py:66
                    0.556473222374916, nll_loss is                              
                    0.826286467909813                                           
           INFO     Rank: 0 - Epoch:6/20, Batch:21,     progress_callback.py:218
                    loss:1.816923, finished 30.64%.                             
[00:14:41] INFO     Rank: 0 - Epoch:6/20, Batch:22,     progress_callback.py:218
                    loss:1.489616, finished 30.67%.                             
[00:14:48] INFO     Rank: 0 - Epoch:6/20, Batch:23,     progress_callback.py:218
                    loss:1.638735, finished 30.7%.                              
[00:14:55] INFO     Rank: 0 - Epoch:6/20, Batch:24,     progress_callback.py:218
                    loss:1.43431, finished 30.73%.                              
[00:15:09] INFO     Rank: 0 - Epoch:6/20, Batch:25,     progress_callback.py:218
                    loss:1.328557, finished 30.76%.                             
[00:15:19] INFO     Rank: 0 - Epoch:6/20, Batch:26,     progress_callback.py:218
                    loss:1.298485, finished 30.79%.                             
[00:15:29] INFO     Rank: 0 - Epoch:6/20, Batch:27,     progress_callback.py:218
                    loss:1.802684, finished 30.82%.                             
[00:15:37] INFO     Rank: 0 - Epoch:6/20, Batch:28,     progress_callback.py:218
                    loss:1.091439, finished 30.85%.                             
[00:15:47] INFO     Rank: 0 - Epoch:6/20, Batch:29,     progress_callback.py:218
                    loss:1.617869, finished 30.88%.                             
[00:16:02] INFO     Rank: 0 - Epoch:6/20, Batch:30,     progress_callback.py:218
                    loss:1.331479, finished 30.91%.                             
[00:16:15] INFO     Rank: 0 - Contrastive loss is                 callback.py:66
                    0.6189463078975678, nll_loss is                             
                    0.8145483791828155                                          
[00:16:16] INFO     Rank: 0 - Epoch:6/20, Batch:31,     progress_callback.py:218
                    loss:1.301772, finished 30.94%.                             
[00:16:26] INFO     Rank: 0 - Epoch:6/20, Batch:32,     progress_callback.py:218
                    loss:1.392357, finished 30.97%.                             
[00:16:38] INFO     Rank: 0 - Epoch:6/20, Batch:33,     progress_callback.py:218
                    loss:1.317642, finished 31.0%.                              
[00:16:45] INFO     Rank: 0 - Epoch:6/20, Batch:34,     progress_callback.py:218
                    loss:0.998359, finished 31.03%.                             
[00:16:53] INFO     Rank: 0 - Epoch:6/20, Batch:35,     progress_callback.py:218
                    loss:1.253686, finished 31.06%.                             
[00:17:01] INFO     Rank: 0 - Epoch:6/20, Batch:36,     progress_callback.py:218
                    loss:1.692234, finished 31.09%.                             
[00:17:11] INFO     Rank: 0 - Epoch:6/20, Batch:37,     progress_callback.py:218
                    loss:0.955673, finished 31.12%.                             
[00:17:18] INFO     Rank: 0 - Epoch:6/20, Batch:38,     progress_callback.py:218
                    loss:1.834827, finished 31.15%.                             
[00:17:31] INFO     Rank: 0 - Epoch:6/20, Batch:39,     progress_callback.py:218
                    loss:1.491056, finished 31.18%.                             
[00:17:40] INFO     Rank: 0 - Epoch:6/20, Batch:40,     progress_callback.py:218
                    loss:1.618563, finished 31.21%.                             
[00:17:45] INFO     Rank: 0 - Contrastive loss is                 callback.py:66
                    0.5704047203063964, nll_loss is                             
                    0.8272789537906646                                          
[00:17:46] INFO     Rank: 0 - Epoch:6/20, Batch:41,     progress_callback.py:218
                    loss:1.422439, finished 31.24%.                             
[00:17:53] INFO     Rank: 0 - Epoch:6/20, Batch:42,     progress_callback.py:218
                    loss:2.013692, finished 31.27%.                             
[00:18:01] INFO     Rank: 0 - Epoch:6/20, Batch:43,     progress_callback.py:218
                    loss:1.306238, finished 31.3%.                              
[00:18:09] INFO     Rank: 0 - Epoch:6/20, Batch:44,     progress_callback.py:218
                    loss:2.226082, finished 31.33%.                             
[00:18:17] INFO     Rank: 0 - Epoch:6/20, Batch:45,     progress_callback.py:218
                    loss:2.070584, finished 31.36%.                             
[00:18:24] INFO     Rank: 0 - Epoch:6/20, Batch:46,     progress_callback.py:218
                    loss:1.28156, finished 31.39%.                              
[00:18:33] INFO     Rank: 0 - Epoch:6/20, Batch:47,     progress_callback.py:218
                    loss:2.036725, finished 31.42%.                             
[00:18:48] INFO     Rank: 0 - Epoch:6/20, Batch:48,     progress_callback.py:218
                    loss:2.213447, finished 31.45%.                             
[00:18:57] INFO     Rank: 0 - Epoch:6/20, Batch:49,     progress_callback.py:218
                    loss:1.29289, finished 31.48%.                              
[00:19:07] INFO     Rank: 0 - Epoch:6/20, Batch:50,     progress_callback.py:218
                    loss:1.181838, finished 31.52%.                             
           INFO     Rank: 0 -                                   evaluator.py:317
                    **********Evaluation starts**********                       
[00:19:35] INFO     Rank: 0 - **********Evaluation              evaluator.py:349
                    ends**********                                              
                                                                                
           INFO     Rank: 0 - ----------Eval. results   progress_callback.py:233
                    on Epoch:6, Batch:50----------                              
           INFO     Rank: 0 -                           progress_callback.py:238
                    {"torch_ngram#ngram-overlap":                               
                    0.4472355544567108}                                         
 ============= save model at results/2023-03-25-21_28_56_059637/epoch-6_step-1040.pt ============= 
save hyperparams in  results/2023-03-25-21_28_56_059637/hyperparams.txt
[00:19:41] INFO     Rank: 0 - Contrastive loss is                 callback.py:66
                    0.575127586722374, nll_loss is                              
                    1.1479401379823684                                          
[00:19:43] INFO     Rank: 0 - Epoch:6/20, Batch:51,     progress_callback.py:218
                    loss:1.607622, finished 31.55%.                             
[00:19:52] INFO     Rank: 0 - Epoch:6/20, Batch:52,     progress_callback.py:218
                    loss:1.21576, finished 31.58%.                              
[00:20:03] INFO     Rank: 0 - Epoch:6/20, Batch:53,     progress_callback.py:218
                    loss:2.0312, finished 31.61%.                               
[00:20:08] INFO     Rank: 0 - Epoch:6/20, Batch:54,     progress_callback.py:218
                    loss:1.475529, finished 31.64%.                             
[00:20:14] INFO     Rank: 0 - Epoch:6/20, Batch:55,     progress_callback.py:218
                    loss:1.12782, finished 31.67%.                              
[00:20:25] INFO     Rank: 0 - Epoch:6/20, Batch:56,     progress_callback.py:218
                    loss:1.132711, finished 31.7%.                              
[00:20:30] INFO     Rank: 0 - Epoch:6/20, Batch:57,     progress_callback.py:218
                    loss:1.858764, finished 31.73%.                             
[00:20:36] INFO     Rank: 0 - Epoch:6/20, Batch:58,     progress_callback.py:218
                    loss:2.160484, finished 31.76%.                             
[00:20:43] INFO     Rank: 0 - Epoch:6/20, Batch:59,     progress_callback.py:218
                    loss:1.570923, finished 31.79%.                             
[00:20:49] INFO     Rank: 0 - Epoch:6/20, Batch:60,     progress_callback.py:218
                    loss:1.600607, finished 31.82%.                             
[00:20:55] INFO     Rank: 0 - Contrastive loss is                 callback.py:66
                    0.599600288271904, nll_loss is                              
                    1.0010966688394547                                          
[00:20:56] INFO     Rank: 0 - Epoch:6/20, Batch:61,     progress_callback.py:218
                    loss:1.833172, finished 31.85%.                             
[00:21:12] INFO     Rank: 0 - Epoch:6/20, Batch:62,     progress_callback.py:218
                    loss:1.8415, finished 31.88%.                               
[00:21:24] INFO     Rank: 0 - Epoch:6/20, Batch:63,     progress_callback.py:218
                    loss:1.8806, finished 31.91%.                               
[00:21:31] INFO     Rank: 0 - Epoch:6/20, Batch:64,     progress_callback.py:218
                    loss:1.317761, finished 31.94%.                             
[00:21:41] INFO     Rank: 0 - Epoch:6/20, Batch:65,     progress_callback.py:218
                    loss:1.901442, finished 31.97%.                             
[00:21:50] INFO     Rank: 0 - Epoch:6/20, Batch:66,     progress_callback.py:218
                    loss:1.272516, finished 32.0%.                              
[00:21:58] INFO     Rank: 0 - Epoch:6/20, Batch:67,     progress_callback.py:218
                    loss:1.403655, finished 32.03%.                             
[00:22:07] INFO     Rank: 0 - Epoch:6/20, Batch:68,     progress_callback.py:218
                    loss:1.977355, finished 32.06%.                             
[00:22:20] INFO     Rank: 0 - Epoch:6/20, Batch:69,     progress_callback.py:218
                    loss:1.997839, finished 32.09%.                             
[00:22:26] INFO     Rank: 0 - Epoch:6/20, Batch:70,     progress_callback.py:218
                    loss:1.806041, finished 32.12%.                             
[00:22:33] INFO     Rank: 0 - Contrastive loss is                 callback.py:66
                    0.6598022520542145, nll_loss is                             
                    1.036006098985672                                           
[00:22:34] INFO     Rank: 0 - Epoch:6/20, Batch:71,     progress_callback.py:218
                    loss:1.559376, finished 32.15%.                             
[00:22:40] INFO     Rank: 0 - Epoch:6/20, Batch:72,     progress_callback.py:218
                    loss:1.660076, finished 32.18%.                             
[00:22:51] INFO     Rank: 0 - Epoch:6/20, Batch:73,     progress_callback.py:218
                    loss:1.618082, finished 32.21%.                             
[00:22:59] INFO     Rank: 0 - Epoch:6/20, Batch:74,     progress_callback.py:218
                    loss:1.612071, finished 32.24%.                             
[00:23:05] INFO     Rank: 0 - Epoch:6/20, Batch:75,     progress_callback.py:218
                    loss:2.100627, finished 32.27%.                             
[00:23:25] INFO     Rank: 0 - Epoch:6/20, Batch:76,     progress_callback.py:218
                    loss:1.525968, finished 32.3%.                              
[00:23:42] INFO     Rank: 0 - Epoch:6/20, Batch:77,     progress_callback.py:218
                    loss:1.723347, finished 32.33%.                             
[00:23:49] INFO     Rank: 0 - Epoch:6/20, Batch:78,     progress_callback.py:218
                    loss:1.339715, finished 32.36%.                             
[00:23:57] INFO     Rank: 0 - Epoch:6/20, Batch:79,     progress_callback.py:218
                    loss:1.481166, finished 32.39%.                             
[00:24:07] INFO     Rank: 0 - Epoch:6/20, Batch:80,     progress_callback.py:218
                    loss:1.981836, finished 32.42%.                             
[00:24:13] INFO     Rank: 0 - Contrastive loss is                 callback.py:66
                    0.647794532775879, nll_loss is                              
                    1.0343420863151551                                          
           INFO     Rank: 0 - Epoch:6/20, Batch:81,     progress_callback.py:218
                    loss:1.77848, finished 32.45%.                              
[00:24:26] INFO     Rank: 0 - Epoch:6/20, Batch:82,     progress_callback.py:218
                    loss:1.033097, finished 32.48%.                             
[00:24:34] INFO     Rank: 0 - Epoch:6/20, Batch:83,     progress_callback.py:218
                    loss:1.246788, finished 32.52%.                             
[00:24:44] INFO     Rank: 0 - Epoch:6/20, Batch:84,     progress_callback.py:218
                    loss:1.732531, finished 32.55%.                             
[00:24:54] INFO     Rank: 0 - Epoch:6/20, Batch:85,     progress_callback.py:218
                    loss:1.27735, finished 32.58%.                              
[00:25:00] INFO     Rank: 0 - Epoch:6/20, Batch:86,     progress_callback.py:218
                    loss:1.364541, finished 32.61%.                             
[00:25:06] INFO     Rank: 0 - Epoch:6/20, Batch:87,     progress_callback.py:218
                    loss:2.079178, finished 32.64%.                             
[00:25:11] INFO     Rank: 0 - Epoch:6/20, Batch:88,     progress_callback.py:218
                    loss:1.834636, finished 32.67%.                             
[00:25:19] INFO     Rank: 0 - Epoch:6/20, Batch:89,     progress_callback.py:218
                    loss:1.459561, finished 32.7%.                              
[00:25:26] INFO     Rank: 0 - Epoch:6/20, Batch:90,     progress_callback.py:218
                    loss:1.348626, finished 32.73%.                             
           INFO     Rank: 0 -                                   evaluator.py:317
                    **********Evaluation starts**********                       
[00:25:55] INFO     Rank: 0 - **********Evaluation              evaluator.py:349
                    ends**********                                              
                                                                                
           INFO     Rank: 0 - ----------Eval. results   progress_callback.py:233
                    on Epoch:6, Batch:90----------                              
           INFO     Rank: 0 -                           progress_callback.py:238
                    {"torch_ngram#ngram-overlap":                               
                    0.4457511901855469}                                         
[00:26:00] INFO     Rank: 0 - Contrastive loss is                 callback.py:66
                    0.5334594517946243, nll_loss is                             
                    0.964813694357872                                           
[00:26:04] INFO     Rank: 0 - Epoch:6/20, Batch:91,     progress_callback.py:218
                    loss:1.606424, finished 32.76%.                             
[00:26:09] INFO     Rank: 0 - Epoch:6/20, Batch:92,     progress_callback.py:218
                    loss:1.464338, finished 32.79%.                             
[00:26:21] INFO     Rank: 0 - Epoch:6/20, Batch:93,     progress_callback.py:218
                    loss:0.862741, finished 32.82%.                             
[00:26:31] INFO     Rank: 0 - Epoch:6/20, Batch:94,     progress_callback.py:218
                    loss:1.46388, finished 32.85%.                              
[00:26:38] INFO     Rank: 0 - Epoch:6/20, Batch:95,     progress_callback.py:218
                    loss:1.409601, finished 32.88%.                             
[00:26:45] INFO     Rank: 0 - Epoch:6/20, Batch:96,     progress_callback.py:218
                    loss:1.71644, finished 32.91%.                              
[00:26:59] INFO     Rank: 0 - Epoch:6/20, Batch:97,     progress_callback.py:218
                    loss:1.343909, finished 32.94%.                             
[00:27:13] INFO     Rank: 0 - Epoch:6/20, Batch:98,     progress_callback.py:218
                    loss:1.815351, finished 32.97%.                             
[00:27:19] INFO     Rank: 0 - Epoch:6/20, Batch:99,     progress_callback.py:218
                    loss:1.588868, finished 33.0%.                              
[00:27:27] INFO     Rank: 0 - Epoch:6/20, Batch:100,    progress_callback.py:218
                    loss:1.32865, finished 33.03%.                              
[00:27:32] INFO     Rank: 0 - Contrastive loss is                 callback.py:66
                    0.5800053924322128, nll_loss is                             
                    0.8555508524179458                                          
[00:27:35] INFO     Rank: 0 - Epoch:6/20, Batch:101,    progress_callback.py:218
                    loss:1.361784, finished 33.06%.                             
[00:27:42] INFO     Rank: 0 - Epoch:6/20, Batch:102,    progress_callback.py:218
                    loss:1.747572, finished 33.09%.                             
[00:27:47] INFO     Rank: 0 - Epoch:6/20, Batch:103,    progress_callback.py:218
                    loss:1.465223, finished 33.12%.                             
[00:27:56] INFO     Rank: 0 - Epoch:6/20, Batch:104,    progress_callback.py:218
                    loss:1.563637, finished 33.15%.                             
[00:28:03] INFO     Rank: 0 - Epoch:6/20, Batch:105,    progress_callback.py:218
                    loss:1.36077, finished 33.18%.                              
[00:28:14] INFO     Rank: 0 - Epoch:6/20, Batch:106,    progress_callback.py:218
                    loss:1.397638, finished 33.21%.                             
[00:28:29] INFO     Rank: 0 - Epoch:6/20, Batch:107,    progress_callback.py:218
                    loss:1.262841, finished 33.24%.                             
[00:28:39] INFO     Rank: 0 - Epoch:6/20, Batch:108,    progress_callback.py:218
                    loss:1.942055, finished 33.27%.                             
[00:28:45] INFO     Rank: 0 - Epoch:6/20, Batch:109,    progress_callback.py:218
                    loss:1.601736, finished 33.3%.                              
[00:28:55] INFO     Rank: 0 - Epoch:6/20, Batch:110,    progress_callback.py:218
                    loss:1.080923, finished 33.33%.                             
[00:29:04] INFO     Rank: 0 - Contrastive loss is                 callback.py:66
                    0.5873338460922242, nll_loss is                             
                    0.8429822564125061                                          
[00:29:05] INFO     Rank: 0 - Epoch:6/20, Batch:111,    progress_callback.py:218
                    loss:0.880767, finished 33.36%.                             
[00:29:12] INFO     Rank: 0 - Epoch:6/20, Batch:112,    progress_callback.py:218
                    loss:1.739021, finished 33.39%.                             
[00:29:21] INFO     Rank: 0 - Epoch:6/20, Batch:113,    progress_callback.py:218
                    loss:1.360888, finished 33.42%.                             
[00:29:43] INFO     Rank: 0 - Epoch:6/20, Batch:114,    progress_callback.py:218
                    loss:2.129338, finished 33.45%.                             
[00:29:52] INFO     Rank: 0 - Epoch:6/20, Batch:115,    progress_callback.py:218
                    loss:1.500532, finished 33.48%.                             
[00:29:57] INFO     Rank: 0 - Epoch:6/20, Batch:116,    progress_callback.py:218
                    loss:1.043486, finished 33.52%.                             
[00:30:03] INFO     Rank: 0 - Epoch:6/20, Batch:117,    progress_callback.py:218
                    loss:1.752619, finished 33.55%.                             
[00:30:11] INFO     Rank: 0 - Epoch:6/20, Batch:118,    progress_callback.py:218
                    loss:1.771785, finished 33.58%.                             
[00:30:17] INFO     Rank: 0 - Epoch:6/20, Batch:119,    progress_callback.py:218
                    loss:1.681126, finished 33.61%.                             
[00:30:25] INFO     Rank: 0 - Epoch:6/20, Batch:120,    progress_callback.py:218
                    loss:1.147895, finished 33.64%.                             
[00:30:32] INFO     Rank: 0 - Contrastive loss is                 callback.py:66
                    0.6215724468231201, nll_loss is                             
                    0.9471040010452271                                          
           INFO     Rank: 0 - Epoch:6/20, Batch:121,    progress_callback.py:218
                    loss:1.560076, finished 33.67%.                             
[00:30:47] INFO     Rank: 0 - Epoch:6/20, Batch:122,    progress_callback.py:218
                    loss:1.314785, finished 33.7%.                              
[00:31:01] INFO     Rank: 0 - Epoch:6/20, Batch:123,    progress_callback.py:218
                    loss:1.709853, finished 33.73%.                             
[00:31:10] INFO     Rank: 0 - Epoch:6/20, Batch:124,    progress_callback.py:218
                    loss:1.443252, finished 33.76%.                             
[00:31:16] INFO     Rank: 0 - Epoch:6/20, Batch:125,    progress_callback.py:218
                    loss:1.766376, finished 33.79%.                             
[00:31:26] INFO     Rank: 0 - Epoch:6/20, Batch:126,    progress_callback.py:218
                    loss:1.648379, finished 33.82%.                             
[00:31:41] INFO     Rank: 0 - Epoch:6/20, Batch:127,    progress_callback.py:218
                    loss:1.370758, finished 33.85%.                             
[00:32:01] INFO     Rank: 0 - Epoch:6/20, Batch:128,    progress_callback.py:218
                    loss:1.183945, finished 33.88%.                             
[00:32:14] INFO     Rank: 0 - Epoch:6/20, Batch:129,    progress_callback.py:218
                    loss:1.295568, finished 33.91%.                             
[00:32:21] INFO     Rank: 0 - Epoch:6/20, Batch:130,    progress_callback.py:218
                    loss:1.813899, finished 33.94%.                             
           INFO     Rank: 0 -                                   evaluator.py:317
                    **********Evaluation starts**********                       
[00:32:51] INFO     Rank: 0 - **********Evaluation              evaluator.py:349
                    ends**********                                              
                                                                                
           INFO     Rank: 0 - ----------Eval. results   progress_callback.py:233
                    on Epoch:6, Batch:130----------                             
           INFO     Rank: 0 -                           progress_callback.py:238
                    {"torch_ngram#ngram-overlap":                               
                    0.44307222962379456}                                        
[00:33:00] INFO     Rank: 0 - Contrastive loss is                 callback.py:66
                    0.5895912915468215, nll_loss is                             
                    0.8781180113554001                                          
[00:33:01] INFO     Rank: 0 - Epoch:6/20, Batch:131,    progress_callback.py:218
                    loss:1.130279, finished 33.97%.                             
[00:33:08] INFO     Rank: 0 - Epoch:6/20, Batch:132,    progress_callback.py:218
                    loss:1.848855, finished 34.0%.                              
[00:33:18] INFO     Rank: 0 - Epoch:6/20, Batch:133,    progress_callback.py:218
                    loss:2.191876, finished 34.03%.                             
[00:33:30] INFO     Rank: 0 - Epoch:6/20, Batch:134,    progress_callback.py:218
                    loss:1.341303, finished 34.06%.                             
[00:33:39] INFO     Rank: 0 - Epoch:6/20, Batch:135,    progress_callback.py:218
                    loss:1.57181, finished 34.09%.                              
[00:33:50] INFO     Rank: 0 - Epoch:6/20, Batch:136,    progress_callback.py:218
                    loss:1.808683, finished 34.12%.                             
[00:33:56] INFO     Rank: 0 - Epoch:6/20, Batch:137,    progress_callback.py:218
                    loss:1.53313, finished 34.15%.                              
[00:34:05] INFO     Rank: 0 - Epoch:6/20, Batch:138,    progress_callback.py:218
                    loss:1.610053, finished 34.18%.                             
[00:34:10] INFO     Rank: 0 - Epoch:6/20, Batch:139,    progress_callback.py:218
                    loss:1.252886, finished 34.21%.                             
[00:34:18] INFO     Rank: 0 - Epoch:6/20, Batch:140,    progress_callback.py:218
                    loss:1.398539, finished 34.24%.                             
[00:34:30] INFO     Rank: 0 - Contrastive loss is                 callback.py:66
                    0.6224808901548385, nll_loss is                             
                    0.9817283183336258                                          
           INFO     Rank: 0 - Epoch:6/20, Batch:141,    progress_callback.py:218
                    loss:1.484958, finished 34.27%.                             
[00:34:42] INFO     Rank: 0 - Epoch:6/20, Batch:142,    progress_callback.py:218
                    loss:1.029449, finished 34.3%.                              
[00:34:51] INFO     Rank: 0 - Epoch:6/20, Batch:143,    progress_callback.py:218
                    loss:1.12694, finished 34.33%.                              
[00:34:59] INFO     Rank: 0 - Epoch:6/20, Batch:144,    progress_callback.py:218
                    loss:1.773959, finished 34.36%.                             
[00:35:05] INFO     Rank: 0 - Epoch:6/20, Batch:145,    progress_callback.py:218
                    loss:1.163463, finished 34.39%.                             
[00:35:11] INFO     Rank: 0 - Epoch:6/20, Batch:146,    progress_callback.py:218
                    loss:1.473295, finished 34.42%.                             
[00:35:19] INFO     Rank: 0 - Epoch:6/20, Batch:147,    progress_callback.py:218
                    loss:1.498274, finished 34.45%.                             
[00:35:25] INFO     Rank: 0 - Epoch:6/20, Batch:148,    progress_callback.py:218
                    loss:1.955972, finished 34.48%.                             
[00:35:31] INFO     Rank: 0 - Epoch:6/20, Batch:149,    progress_callback.py:218
                    loss:1.973361, finished 34.52%.                             
[00:35:40] INFO     Rank: 0 - Epoch:6/20, Batch:150,    progress_callback.py:218
                    loss:1.881362, finished 34.55%.                             
[00:35:47] INFO     Rank: 0 - Contrastive loss is                 callback.py:66
                    0.6152799189090729, nll_loss is                             
                    0.9322463572025299                                          
[00:35:48] INFO     Rank: 0 - Epoch:6/20, Batch:151,    progress_callback.py:218
                    loss:1.599188, finished 34.58%.                             
[00:35:57] INFO     Rank: 0 - Epoch:6/20, Batch:152,    progress_callback.py:218
                    loss:1.904207, finished 34.61%.                             
[00:36:07] INFO     Rank: 0 - Epoch:6/20, Batch:153,    progress_callback.py:218
                    loss:1.749554, finished 34.64%.                             
[00:36:17] INFO     Rank: 0 - Epoch:6/20, Batch:154,    progress_callback.py:218
                    loss:1.553317, finished 34.67%.                             
[00:36:24] INFO     Rank: 0 - Epoch:6/20, Batch:155,    progress_callback.py:218
                    loss:1.603444, finished 34.7%.                              
[00:36:37] INFO     Rank: 0 - Epoch:6/20, Batch:156,    progress_callback.py:218
                    loss:1.878876, finished 34.73%.                             
[00:36:48] INFO     Rank: 0 - Epoch:6/20, Batch:157,    progress_callback.py:218
                    loss:1.459516, finished 34.76%.                             
[00:36:56] INFO     Rank: 0 - Epoch:6/20, Batch:158,    progress_callback.py:218
                    loss:1.282159, finished 34.79%.                             
[00:37:05] INFO     Rank: 0 - Epoch:6/20, Batch:159,    progress_callback.py:218
                    loss:1.377344, finished 34.82%.                             
[00:37:12] INFO     Rank: 0 - Epoch:6/20, Batch:160,    progress_callback.py:218
                    loss:1.939887, finished 34.85%.                             
[00:37:22] INFO     Rank: 0 - Contrastive loss is                 callback.py:66
                    0.6213367760181427, nll_loss is                             
                    0.9622157275676727                                          
           INFO     Rank: 0 - Epoch:6/20, Batch:161,    progress_callback.py:218
                    loss:1.087221, finished 34.88%.                             
[00:37:32] INFO     Rank: 0 - Epoch:6/20, Batch:162,    progress_callback.py:218
                    loss:1.474808, finished 34.91%.                             
[00:37:40] INFO     Rank: 0 - Epoch:6/20, Batch:163,    progress_callback.py:218
                    loss:1.217656, finished 34.94%.                             
[00:37:52] INFO     Rank: 0 - Epoch:6/20, Batch:164,    progress_callback.py:218
                    loss:1.413235, finished 34.97%.                             
[00:38:07] INFO     Rank: 0 - Epoch:6/20, Batch:165,    progress_callback.py:218
                    loss:1.228009, finished 35.0%.                              
           INFO     Rank: 0 -                           progress_callback.py:204
                    **********Epoch:7 starts**********                          
[00:38:16] INFO     Rank: 0 - Epoch:7/20, Batch:1,      progress_callback.py:218
                    loss:1.494982, finished 35.03%.                             
[00:38:24] INFO     Rank: 0 - Epoch:7/20, Batch:2,      progress_callback.py:218
                    loss:1.487477, finished 35.06%.                             
[00:38:34] INFO     Rank: 0 - Epoch:7/20, Batch:3,      progress_callback.py:218
                    loss:1.576656, finished 35.09%.                             
[00:38:42] INFO     Rank: 0 - Epoch:7/20, Batch:4,      progress_callback.py:218
                    loss:1.507296, finished 35.12%.                             
[00:38:51] INFO     Rank: 0 - Epoch:7/20, Batch:5,      progress_callback.py:218
                    loss:1.226776, finished 35.15%.                             
           INFO     Rank: 0 -                                   evaluator.py:317
                    **********Evaluation starts**********                       
[00:39:19] INFO     Rank: 0 - **********Evaluation              evaluator.py:349
                    ends**********                                              
                                                                                
           INFO     Rank: 0 - ----------Eval. results   progress_callback.py:233
                    on Epoch:7, Batch:5----------                               
           INFO     Rank: 0 -                           progress_callback.py:238
                    {"torch_ngram#ngram-overlap":                               
                    0.4431276023387909}                                         
[00:39:28] INFO     Rank: 0 - Contrastive loss is                 callback.py:66
                    0.5214205682277679, nll_loss is                             
                    0.8754862725734711                                          
           INFO     Rank: 0 - Epoch:7/20, Batch:6,      progress_callback.py:218
                    loss:1.342176, finished 35.18%.                             
[00:39:36] INFO     Rank: 0 - Epoch:7/20, Batch:7,      progress_callback.py:218
                    loss:1.019904, finished 35.21%.                             
[00:39:42] INFO     Rank: 0 - Epoch:7/20, Batch:8,      progress_callback.py:218
                    loss:1.376251, finished 35.24%.                             
[00:39:49] INFO     Rank: 0 - Epoch:7/20, Batch:9,      progress_callback.py:218
                    loss:1.301082, finished 35.27%.                             
[00:39:58] INFO     Rank: 0 - Epoch:7/20, Batch:10,     progress_callback.py:218
                    loss:1.425675, finished 35.3%.                              
[00:40:08] INFO     Rank: 0 - Epoch:7/20, Batch:11,     progress_callback.py:218
                    loss:1.614456, finished 35.33%.                             
[00:40:16] INFO     Rank: 0 - Epoch:7/20, Batch:12,     progress_callback.py:218
                    loss:1.070889, finished 35.36%.                             
[00:40:27] INFO     Rank: 0 - Epoch:7/20, Batch:13,     progress_callback.py:218
                    loss:1.344665, finished 35.39%.                             
[00:40:35] INFO     Rank: 0 - Epoch:7/20, Batch:14,     progress_callback.py:218
                    loss:1.533571, finished 35.42%.                             
[00:40:41] INFO     Rank: 0 - Epoch:7/20, Batch:15,     progress_callback.py:218
                    loss:1.782629, finished 35.45%.                             
[00:40:50] INFO     Rank: 0 - Contrastive loss is                 callback.py:66
                    0.5407167792320251, nll_loss is                             
                    0.801604688167572                                           
           INFO     Rank: 0 - Epoch:7/20, Batch:16,     progress_callback.py:218
                    loss:0.954092, finished 35.48%.                             
[00:40:57] INFO     Rank: 0 - Epoch:7/20, Batch:17,     progress_callback.py:218
                    loss:1.967811, finished 35.52%.                             
[00:41:04] INFO     Rank: 0 - Epoch:7/20, Batch:18,     progress_callback.py:218
                    loss:1.771974, finished 35.55%.                             
[00:41:12] INFO     Rank: 0 - Epoch:7/20, Batch:19,     progress_callback.py:218
                    loss:1.335715, finished 35.58%.                             
[00:41:18] INFO     Rank: 0 - Epoch:7/20, Batch:20,     progress_callback.py:218
                    loss:2.114109, finished 35.61%.                             
[00:41:30] INFO     Rank: 0 - Epoch:7/20, Batch:21,     progress_callback.py:218
                    loss:1.205894, finished 35.64%.                             
[00:41:45] INFO     Rank: 0 - Epoch:7/20, Batch:22,     progress_callback.py:218
                    loss:1.589328, finished 35.67%.                             
[00:41:52] INFO     Rank: 0 - Epoch:7/20, Batch:23,     progress_callback.py:218
                    loss:1.617886, finished 35.7%.                              
[00:42:01] INFO     Rank: 0 - Epoch:7/20, Batch:24,     progress_callback.py:218
                    loss:1.986434, finished 35.73%.                             
[00:42:09] INFO     Rank: 0 - Epoch:7/20, Batch:25,     progress_callback.py:218
                    loss:1.807596, finished 35.76%.                             
[00:42:14] INFO     Rank: 0 - Contrastive loss is                 callback.py:66
                    0.6521129071712494, nll_loss is                             
                    1.0779594838619233                                          
[00:42:15] INFO     Rank: 0 - Epoch:7/20, Batch:26,     progress_callback.py:218
                    loss:1.903976, finished 35.79%.                             
[00:42:29] INFO     Rank: 0 - Epoch:7/20, Batch:27,     progress_callback.py:218
                    loss:1.340679, finished 35.82%.                             
[00:42:37] INFO     Rank: 0 - Epoch:7/20, Batch:28,     progress_callback.py:218
                    loss:1.277209, finished 35.85%.                             
[00:42:51] INFO     Rank: 0 - Epoch:7/20, Batch:29,     progress_callback.py:218
                    loss:1.352625, finished 35.88%.                             
[00:43:01] INFO     Rank: 0 - Epoch:7/20, Batch:30,     progress_callback.py:218
                    loss:1.333738, finished 35.91%.                             
[00:43:11] INFO     Rank: 0 - Epoch:7/20, Batch:31,     progress_callback.py:218
                    loss:1.606568, finished 35.94%.                             
[00:43:19] INFO     Rank: 0 - Epoch:7/20, Batch:32,     progress_callback.py:218
                    loss:1.186811, finished 35.97%.                             
[00:43:27] INFO     Rank: 0 - Epoch:7/20, Batch:33,     progress_callback.py:218
                    loss:1.497149, finished 36.0%.                              
[00:43:38] INFO     Rank: 0 - Epoch:7/20, Batch:34,     progress_callback.py:218
                    loss:1.75286, finished 36.03%.                              
[00:43:46] INFO     Rank: 0 - Epoch:7/20, Batch:35,     progress_callback.py:218
                    loss:1.855613, finished 36.06%.                             
[00:43:51] INFO     Rank: 0 - Contrastive loss is                 callback.py:66
                    0.5744016468524933, nll_loss is                             
                    0.8407754957675934                                          
[00:43:56] INFO     Rank: 0 - Epoch:7/20, Batch:36,     progress_callback.py:218
                    loss:0.948519, finished 36.09%.                             
[00:44:12] INFO     Rank: 0 - Epoch:7/20, Batch:37,     progress_callback.py:218
                    loss:1.418001, finished 36.12%.                             
[00:44:20] INFO     Rank: 0 - Epoch:7/20, Batch:38,     progress_callback.py:218
                    loss:1.286519, finished 36.15%.                             
[00:44:29] INFO     Rank: 0 - Epoch:7/20, Batch:39,     progress_callback.py:218
                    loss:1.455357, finished 36.18%.                             
[00:44:37] INFO     Rank: 0 - Epoch:7/20, Batch:40,     progress_callback.py:218
                    loss:1.448957, finished 36.21%.                             
[00:44:46] INFO     Rank: 0 - Epoch:7/20, Batch:41,     progress_callback.py:218
                    loss:1.274159, finished 36.24%.                             
[00:44:54] INFO     Rank: 0 - Epoch:7/20, Batch:42,     progress_callback.py:218
                    loss:1.638725, finished 36.27%.                             
[00:45:03] INFO     Rank: 0 - Epoch:7/20, Batch:43,     progress_callback.py:218
                    loss:1.722419, finished 36.3%.                              
[00:45:12] INFO     Rank: 0 - Epoch:7/20, Batch:44,     progress_callback.py:218
                    loss:1.522699, finished 36.33%.                             
[00:45:25] INFO     Rank: 0 - Epoch:7/20, Batch:45,     progress_callback.py:218
                    loss:1.457937, finished 36.36%.                             
           INFO     Rank: 0 -                                   evaluator.py:317
                    **********Evaluation starts**********                       
[00:45:55] INFO     Rank: 0 - **********Evaluation              evaluator.py:349
                    ends**********                                              
                                                                                
           INFO     Rank: 0 - ----------Eval. results   progress_callback.py:233
                    on Epoch:7, Batch:45----------                              
           INFO     Rank: 0 -                           progress_callback.py:238
                    {"torch_ngram#ngram-overlap":                               
                    0.4449062645435333}                                         
[00:46:01] INFO     Rank: 0 - Contrastive loss is                 callback.py:66
                    0.5296591758728028, nll_loss is                             
                    0.9489926218986511                                          
[00:46:02] INFO     Rank: 0 - Epoch:7/20, Batch:46,     progress_callback.py:218
                    loss:1.561744, finished 36.39%.                             
[00:46:09] INFO     Rank: 0 - Epoch:7/20, Batch:47,     progress_callback.py:218
                    loss:1.538214, finished 36.42%.                             
[00:46:16] INFO     Rank: 0 - Epoch:7/20, Batch:48,     progress_callback.py:218
                    loss:1.240663, finished 36.45%.                             
[00:46:33] INFO     Rank: 0 - Epoch:7/20, Batch:49,     progress_callback.py:218
                    loss:1.455744, finished 36.48%.                             
[00:46:42] INFO     Rank: 0 - Epoch:7/20, Batch:50,     progress_callback.py:218
                    loss:1.971417, finished 36.52%.                             
[00:46:49] INFO     Rank: 0 - Epoch:7/20, Batch:51,     progress_callback.py:218
                    loss:1.166321, finished 36.55%.                             
[00:46:57] INFO     Rank: 0 - Epoch:7/20, Batch:52,     progress_callback.py:218
                    loss:1.132869, finished 36.58%.                             
[00:47:06] INFO     Rank: 0 - Epoch:7/20, Batch:53,     progress_callback.py:218
                    loss:1.781915, finished 36.61%.                             
[00:47:15] INFO     Rank: 0 - Epoch:7/20, Batch:54,     progress_callback.py:218
                    loss:0.906979, finished 36.64%.                             
[00:47:25] INFO     Rank: 0 - Epoch:7/20, Batch:55,     progress_callback.py:218
                    loss:1.436187, finished 36.67%.                             
[00:47:37] INFO     Rank: 0 - Contrastive loss is                 callback.py:66
                    0.5613363415002823, nll_loss is                             
                    0.8020220965147018                                          
           INFO     Rank: 0 - Epoch:7/20, Batch:56,     progress_callback.py:218
                    loss:1.003275, finished 36.7%.                              
[00:47:48] INFO     Rank: 0 - Epoch:7/20, Batch:57,     progress_callback.py:218
                    loss:1.135903, finished 36.73%.                             
[00:47:57] INFO     Rank: 0 - Epoch:7/20, Batch:58,     progress_callback.py:218
                    loss:1.279282, finished 36.76%.                             
[00:48:05] INFO     Rank: 0 - Epoch:7/20, Batch:59,     progress_callback.py:218
                    loss:1.505213, finished 36.79%.                             
[00:48:13] INFO     Rank: 0 - Epoch:7/20, Batch:60,     progress_callback.py:218
                    loss:1.295877, finished 36.82%.                             
[00:48:18] INFO     Rank: 0 - Epoch:7/20, Batch:61,     progress_callback.py:218
                    loss:2.130222, finished 36.85%.                             
[00:48:26] INFO     Rank: 0 - Epoch:7/20, Batch:62,     progress_callback.py:218
                    loss:1.546564, finished 36.88%.                             
[00:48:35] INFO     Rank: 0 - Epoch:7/20, Batch:63,     progress_callback.py:218
                    loss:1.602531, finished 36.91%.                             
[00:48:55] INFO     Rank: 0 - Epoch:7/20, Batch:64,     progress_callback.py:218
                    loss:1.37714, finished 36.94%.                              
[00:49:04] INFO     Rank: 0 - Epoch:7/20, Batch:65,     progress_callback.py:218
                    loss:1.738279, finished 36.97%.                             
[00:49:10] INFO     Rank: 0 - Contrastive loss is                 callback.py:66
                    0.5648985952138901, nll_loss is                             
                    0.9349783927202224                                          
[00:49:11] INFO     Rank: 0 - Epoch:7/20, Batch:66,     progress_callback.py:218
                    loss:1.387759, finished 37.0%.                              
[00:49:22] INFO     Rank: 0 - Epoch:7/20, Batch:67,     progress_callback.py:218
                    loss:1.411035, finished 37.03%.                             
[00:49:30] INFO     Rank: 0 - Epoch:7/20, Batch:68,     progress_callback.py:218
                    loss:1.358749, finished 37.06%.                             
[00:49:40] INFO     Rank: 0 - Epoch:7/20, Batch:69,     progress_callback.py:218
                    loss:1.351509, finished 37.09%.                             
[00:49:47] INFO     Rank: 0 - Epoch:7/20, Batch:70,     progress_callback.py:218
                    loss:1.559152, finished 37.12%.                             
[00:49:59] INFO     Rank: 0 - Epoch:7/20, Batch:71,     progress_callback.py:218
                    loss:1.457447, finished 37.15%.                             
[00:50:12] INFO     Rank: 0 - Epoch:7/20, Batch:72,     progress_callback.py:218
                    loss:1.234036, finished 37.18%.                             
[00:50:18] INFO     Rank: 0 - Epoch:7/20, Batch:73,     progress_callback.py:218
                    loss:1.34363, finished 37.21%.                              
[00:50:27] INFO     Rank: 0 - Epoch:7/20, Batch:74,     progress_callback.py:218
                    loss:0.961144, finished 37.24%.                             
[00:50:34] INFO     Rank: 0 - Epoch:7/20, Batch:75,     progress_callback.py:218
                    loss:1.111368, finished 37.27%.                             
[00:50:40] INFO     Rank: 0 - Contrastive loss is                 callback.py:66
                    0.5612305581569672, nll_loss is                             
                    0.7785868704319                                             
[00:50:41] INFO     Rank: 0 - Epoch:7/20, Batch:76,     progress_callback.py:218
                    loss:1.610105, finished 37.3%.                              
[00:50:49] INFO     Rank: 0 - Epoch:7/20, Batch:77,     progress_callback.py:218
                    loss:1.636911, finished 37.33%.                             
[00:50:56] INFO     Rank: 0 - Epoch:7/20, Batch:78,     progress_callback.py:218
                    loss:1.568269, finished 37.36%.                             
[00:51:03] INFO     Rank: 0 - Epoch:7/20, Batch:79,     progress_callback.py:218
                    loss:1.110006, finished 37.39%.                             
[00:51:20] INFO     Rank: 0 - Epoch:7/20, Batch:80,     progress_callback.py:218
                    loss:1.179582, finished 37.42%.                             
[00:51:26] INFO     Rank: 0 - Epoch:7/20, Batch:81,     progress_callback.py:218
                    loss:1.541965, finished 37.45%.                             
[00:51:33] INFO     Rank: 0 - Epoch:7/20, Batch:82,     progress_callback.py:218
                    loss:1.443167, finished 37.48%.                             
[00:51:39] INFO     Rank: 0 - Epoch:7/20, Batch:83,     progress_callback.py:218
                    loss:1.321661, finished 37.52%.                             
[00:51:47] INFO     Rank: 0 - Epoch:7/20, Batch:84,     progress_callback.py:218
                    loss:1.517785, finished 37.55%.                             
[00:51:56] INFO     Rank: 0 - Epoch:7/20, Batch:85,     progress_callback.py:218
                    loss:1.466092, finished 37.58%.                             
           INFO     Rank: 0 -                                   evaluator.py:317
                    **********Evaluation starts**********                       
[00:52:25] INFO     Rank: 0 - **********Evaluation              evaluator.py:349
                    ends**********                                              
                                                                                
           INFO     Rank: 0 - ----------Eval. results   progress_callback.py:233
                    on Epoch:7, Batch:85----------                              
           INFO     Rank: 0 -                           progress_callback.py:238
                    {"torch_ngram#ngram-overlap":                               
                    0.44421330094337463}                                        
[00:52:36] INFO     Rank: 0 - Contrastive loss is                 callback.py:66
                    0.5990173667669296, nll_loss is                             
                    0.8265508800745011                                          
           INFO     Rank: 0 - Epoch:7/20, Batch:86,     progress_callback.py:218
                    loss:1.470244, finished 37.61%.                             
[00:52:45] INFO     Rank: 0 - Epoch:7/20, Batch:87,     progress_callback.py:218
                    loss:0.932287, finished 37.64%.                             
[00:52:51] INFO     Rank: 0 - Epoch:7/20, Batch:88,     progress_callback.py:218
                    loss:1.542836, finished 37.67%.                             
[00:52:59] INFO     Rank: 0 - Epoch:7/20, Batch:89,     progress_callback.py:218
                    loss:1.872494, finished 37.7%.                              
[00:53:06] INFO     Rank: 0 - Epoch:7/20, Batch:90,     progress_callback.py:218
                    loss:1.565327, finished 37.73%.                             
[00:53:14] INFO     Rank: 0 - Epoch:7/20, Batch:91,     progress_callback.py:218
                    loss:1.30809, finished 37.76%.                              
[00:53:20] INFO     Rank: 0 - Epoch:7/20, Batch:92,     progress_callback.py:218
                    loss:1.551777, finished 37.79%.                             
[00:53:42] INFO     Rank: 0 - Epoch:7/20, Batch:93,     progress_callback.py:218
                    loss:1.623984, finished 37.82%.                             
[00:53:51] INFO     Rank: 0 - Epoch:7/20, Batch:94,     progress_callback.py:218
                    loss:1.233457, finished 37.85%.                             
[00:54:00] INFO     Rank: 0 - Epoch:7/20, Batch:95,     progress_callback.py:218
                    loss:1.273369, finished 37.88%.                             
[00:54:07] INFO     Rank: 0 - Contrastive loss is                 callback.py:66
                    0.5944829165935517, nll_loss is                             
                    0.8292437076568604                                          
[00:54:09] INFO     Rank: 0 - Epoch:7/20, Batch:96,     progress_callback.py:218
                    loss:1.333645, finished 37.91%.                             
[00:54:18] INFO     Rank: 0 - Epoch:7/20, Batch:97,     progress_callback.py:218
                    loss:1.474796, finished 37.94%.                             
[00:54:29] INFO     Rank: 0 - Epoch:7/20, Batch:98,     progress_callback.py:218
                    loss:1.411604, finished 37.97%.                             
[00:54:38] INFO     Rank: 0 - Epoch:7/20, Batch:99,     progress_callback.py:218
                    loss:1.587652, finished 38.0%.                              
[00:54:57] INFO     Rank: 0 - Epoch:7/20, Batch:100,    progress_callback.py:218
                    loss:1.778376, finished 38.03%.                             
[00:55:06] INFO     Rank: 0 - Epoch:7/20, Batch:101,    progress_callback.py:218
                    loss:1.728479, finished 38.06%.                             
[00:55:15] INFO     Rank: 0 - Epoch:7/20, Batch:102,    progress_callback.py:218
                    loss:1.018845, finished 38.09%.                             
[00:55:23] INFO     Rank: 0 - Epoch:7/20, Batch:103,    progress_callback.py:218
                    loss:1.88295, finished 38.12%.                              
[00:55:31] INFO     Rank: 0 - Epoch:7/20, Batch:104,    progress_callback.py:218
                    loss:1.642941, finished 38.15%.                             
[00:55:39] INFO     Rank: 0 - Epoch:7/20, Batch:105,    progress_callback.py:218
                    loss:1.682634, finished 38.18%.                             
[00:55:43] INFO     Rank: 0 - Contrastive loss is                 callback.py:66
                    0.5881940215826035, nll_loss is                             
                    1.0131586819887162                                          
[00:55:45] INFO     Rank: 0 - Epoch:7/20, Batch:106,    progress_callback.py:218
                    loss:1.80525, finished 38.21%.                              
[00:56:05] INFO     Rank: 0 - Epoch:7/20, Batch:107,    progress_callback.py:218
                    loss:1.159232, finished 38.24%.                             
[00:56:10] INFO     Rank: 0 - Epoch:7/20, Batch:108,    progress_callback.py:218
                    loss:1.591685, finished 38.27%.                             
[00:56:19] INFO     Rank: 0 - Epoch:7/20, Batch:109,    progress_callback.py:218
                    loss:1.466566, finished 38.3%.                              
[00:56:28] INFO     Rank: 0 - Epoch:7/20, Batch:110,    progress_callback.py:218
                    loss:1.980807, finished 38.33%.                             
[00:56:41] INFO     Rank: 0 - Epoch:7/20, Batch:111,    progress_callback.py:218
                    loss:1.290734, finished 38.36%.                             
[00:56:49] INFO     Rank: 0 - Epoch:7/20, Batch:112,    progress_callback.py:218
                    loss:1.414774, finished 38.39%.                             
[00:56:57] INFO     Rank: 0 - Epoch:7/20, Batch:113,    progress_callback.py:218
                    loss:1.577775, finished 38.42%.                             
[00:57:07] INFO     Rank: 0 - Epoch:7/20, Batch:114,    progress_callback.py:218
                    loss:1.741439, finished 38.45%.                             
[00:57:22] INFO     Rank: 0 - Epoch:7/20, Batch:115,    progress_callback.py:218
                    loss:1.153768, finished 38.48%.                             
[00:57:32] INFO     Rank: 0 - Contrastive loss is                 callback.py:66
                    0.6302359163761139, nll_loss is                             
                    0.8356505930423737                                          
           INFO     Rank: 0 - Epoch:7/20, Batch:116,    progress_callback.py:218
                    loss:1.282084, finished 38.52%.                             
[00:57:41] INFO     Rank: 0 - Epoch:7/20, Batch:117,    progress_callback.py:218
                    loss:1.405104, finished 38.55%.                             
[00:57:48] INFO     Rank: 0 - Epoch:7/20, Batch:118,    progress_callback.py:218
                    loss:1.17164, finished 38.58%.                              
[00:57:56] INFO     Rank: 0 - Epoch:7/20, Batch:119,    progress_callback.py:218
                    loss:1.840188, finished 38.61%.                             
[00:58:02] INFO     Rank: 0 - Epoch:7/20, Batch:120,    progress_callback.py:218
                    loss:1.25479, finished 38.64%.                              
[00:58:10] INFO     Rank: 0 - Epoch:7/20, Batch:121,    progress_callback.py:218
                    loss:0.874104, finished 38.67%.                             
[00:58:18] INFO     Rank: 0 - Epoch:7/20, Batch:122,    progress_callback.py:218
                    loss:1.222878, finished 38.7%.                              
[00:58:29] INFO     Rank: 0 - Epoch:7/20, Batch:123,    progress_callback.py:218
                    loss:0.755532, finished 38.73%.                             
[00:58:36] INFO     Rank: 0 - Epoch:7/20, Batch:124,    progress_callback.py:218
                    loss:1.665101, finished 38.76%.                             
[00:58:44] INFO     Rank: 0 - Epoch:7/20, Batch:125,    progress_callback.py:218
                    loss:1.526307, finished 38.79%.                             
           INFO     Rank: 0 -                                   evaluator.py:317
                    **********Evaluation starts**********                       
[00:59:13] INFO     Rank: 0 - **********Evaluation              evaluator.py:349
                    ends**********                                              
                                                                                
           INFO     Rank: 0 - ----------Eval. results   progress_callback.py:233
                    on Epoch:7, Batch:125----------                             
           INFO     Rank: 0 -                           progress_callback.py:238
                    {"torch_ngram#ngram-overlap":                               
                    0.44368329644203186}                                        
[00:59:19] INFO     Rank: 0 - Contrastive loss is                 callback.py:66
                    0.5615865260362625, nll_loss is                             
                    0.7267270594835281                                          
[00:59:22] INFO     Rank: 0 - Epoch:7/20, Batch:126,    progress_callback.py:218
                    loss:1.167491, finished 38.82%.                             
[00:59:41] INFO     Rank: 0 - Epoch:7/20, Batch:127,    progress_callback.py:218
                    loss:1.073707, finished 38.85%.                             
[00:59:48] INFO     Rank: 0 - Epoch:7/20, Batch:128,    progress_callback.py:218
                    loss:1.575449, finished 38.88%.                             
[00:59:57] INFO     Rank: 0 - Epoch:7/20, Batch:129,    progress_callback.py:218
                    loss:1.496708, finished 38.91%.                             
[01:00:09] INFO     Rank: 0 - Epoch:7/20, Batch:130,    progress_callback.py:218
                    loss:1.607708, finished 38.94%.                             
[01:00:25] INFO     Rank: 0 - Epoch:7/20, Batch:131,    progress_callback.py:218
                    loss:1.425655, finished 38.97%.                             
[01:00:32] INFO     Rank: 0 - Epoch:7/20, Batch:132,    progress_callback.py:218
                    loss:1.073631, finished 39.0%.                              
[01:00:39] INFO     Rank: 0 - Epoch:7/20, Batch:133,    progress_callback.py:218
                    loss:1.387141, finished 39.03%.                             
[01:00:53] INFO     Rank: 0 - Epoch:7/20, Batch:134,    progress_callback.py:218
                    loss:1.277137, finished 39.06%.                             
[01:01:13] INFO     Rank: 0 - Epoch:7/20, Batch:135,    progress_callback.py:218
                    loss:1.417282, finished 39.09%.                             
[01:01:24] INFO     Rank: 0 - Contrastive loss is                 callback.py:66
                    0.6005067974328995, nll_loss is                             
                    0.8205813974142074                                          
           INFO     Rank: 0 - Epoch:7/20, Batch:136,    progress_callback.py:218
                    loss:1.876463, finished 39.12%.                             
[01:01:45] INFO     Rank: 0 - Epoch:7/20, Batch:137,    progress_callback.py:218
                    loss:1.398098, finished 39.15%.                             
[01:02:05] INFO     Rank: 0 - Epoch:7/20, Batch:138,    progress_callback.py:218
                    loss:1.40345, finished 39.18%.                              
[01:02:28] INFO     Rank: 0 - Epoch:7/20, Batch:139,    progress_callback.py:218
                    loss:1.553929, finished 39.21%.                             
[01:02:34] INFO     Rank: 0 - Epoch:7/20, Batch:140,    progress_callback.py:218
                    loss:1.826832, finished 39.24%.                             
[01:02:43] INFO     Rank: 0 - Epoch:7/20, Batch:141,    progress_callback.py:218
                    loss:1.681016, finished 39.27%.                             
[01:02:53] INFO     Rank: 0 - Epoch:7/20, Batch:142,    progress_callback.py:218
                    loss:1.542161, finished 39.3%.                              
[01:03:03] INFO     Rank: 0 - Epoch:7/20, Batch:143,    progress_callback.py:218
                    loss:1.242511, finished 39.33%.                             
[01:03:15] INFO     Rank: 0 - Epoch:7/20, Batch:144,    progress_callback.py:218
                    loss:1.284871, finished 39.36%.                             
[01:03:24] INFO     Rank: 0 - Epoch:7/20, Batch:145,    progress_callback.py:218
                    loss:2.023572, finished 39.39%.                             
[01:03:35] INFO     Rank: 0 - Contrastive loss is                 callback.py:66
                    0.6147592008113861, nll_loss is                             
                    0.965467756986618                                           
           INFO     Rank: 0 - Epoch:7/20, Batch:146,    progress_callback.py:218
                    loss:1.845828, finished 39.42%.                             
[01:03:46] INFO     Rank: 0 - Epoch:7/20, Batch:147,    progress_callback.py:218
                    loss:1.886129, finished 39.45%.                             
[01:03:59] INFO     Rank: 0 - Epoch:7/20, Batch:148,    progress_callback.py:218
                    loss:1.255561, finished 39.48%.                             
[01:04:07] INFO     Rank: 0 - Epoch:7/20, Batch:149,    progress_callback.py:218
                    loss:1.893344, finished 39.52%.                             
[01:04:17] INFO     Rank: 0 - Epoch:7/20, Batch:150,    progress_callback.py:218
                    loss:2.018506, finished 39.55%.                             
[01:04:38] INFO     Rank: 0 - Epoch:7/20, Batch:151,    progress_callback.py:218
                    loss:1.928918, finished 39.58%.                             
[01:05:02] INFO     Rank: 0 - Epoch:7/20, Batch:152,    progress_callback.py:218
                    loss:1.196989, finished 39.61%.                             
[01:05:22] INFO     Rank: 0 - Epoch:7/20, Batch:153,    progress_callback.py:218
                    loss:1.504284, finished 39.64%.                             
[01:05:35] INFO     Rank: 0 - Epoch:7/20, Batch:154,    progress_callback.py:218
                    loss:1.174705, finished 39.67%.                             
[01:05:48] INFO     Rank: 0 - Epoch:7/20, Batch:155,    progress_callback.py:218
                    loss:1.644207, finished 39.7%.                              
[01:05:59] INFO     Rank: 0 - Contrastive loss is                 callback.py:66
                    0.6156229019165039, nll_loss is                             
                    0.9507966041564941                                          
           INFO     Rank: 0 - Epoch:7/20, Batch:156,    progress_callback.py:218
                    loss:1.161552, finished 39.73%.                             
[01:06:18] INFO     Rank: 0 - Epoch:7/20, Batch:157,    progress_callback.py:218
                    loss:1.72655, finished 39.76%.                              
[01:06:27] INFO     Rank: 0 - Epoch:7/20, Batch:158,    progress_callback.py:218
                    loss:1.666037, finished 39.79%.                             
[01:06:35] INFO     Rank: 0 - Epoch:7/20, Batch:159,    progress_callback.py:218
                    loss:1.099239, finished 39.82%.                             
[01:06:48] INFO     Rank: 0 - Epoch:7/20, Batch:160,    progress_callback.py:218
                    loss:1.275746, finished 39.85%.                             
[01:07:08] INFO     Rank: 0 - Epoch:7/20, Batch:161,    progress_callback.py:218
                    loss:1.55098, finished 39.88%.                              
[01:07:30] INFO     Rank: 0 - Epoch:7/20, Batch:162,    progress_callback.py:218
                    loss:1.128105, finished 39.91%.                             
[01:07:47] INFO     Rank: 0 - Epoch:7/20, Batch:163,    progress_callback.py:218
                    loss:1.532963, finished 39.94%.                             
[01:08:00] INFO     Rank: 0 - Epoch:7/20, Batch:164,    progress_callback.py:218
                    loss:1.092558, finished 39.97%.                             
[01:08:09] INFO     Rank: 0 - Epoch:7/20, Batch:165,    progress_callback.py:218
                    loss:1.456141, finished 40.0%.                              
           INFO     Rank: 0 -                                   evaluator.py:317
                    **********Evaluation starts**********                       
[01:08:38] INFO     Rank: 0 - **********Evaluation              evaluator.py:349
                    ends**********                                              
                                                                                
           INFO     Rank: 0 - ----------Eval. results   progress_callback.py:233
                    on Epoch:7, Batch:165----------                             
           INFO     Rank: 0 -                           progress_callback.py:238
                    {"torch_ngram#ngram-overlap":                               
                    0.44638994336128235}                                        
           INFO     Rank: 0 -                           progress_callback.py:204
                    **********Epoch:8 starts**********                          
[01:08:48] INFO     Rank: 0 - Contrastive loss is                 callback.py:66
                    0.5461919605731964, nll_loss is                             
                    0.9047631919384003                                          
[01:08:51] INFO     Rank: 0 - Epoch:8/20, Batch:1,      progress_callback.py:218
                    loss:1.981233, finished 40.03%.                             
[01:09:02] INFO     Rank: 0 - Epoch:8/20, Batch:2,      progress_callback.py:218
                    loss:1.606366, finished 40.06%.                             
[01:09:10] INFO     Rank: 0 - Epoch:8/20, Batch:3,      progress_callback.py:218
                    loss:1.077929, finished 40.09%.                             
[01:09:16] INFO     Rank: 0 - Epoch:8/20, Batch:4,      progress_callback.py:218
                    loss:1.563095, finished 40.12%.                             
[01:09:27] INFO     Rank: 0 - Epoch:8/20, Batch:5,      progress_callback.py:218
                    loss:0.854603, finished 40.15%.                             
[01:09:54] INFO     Rank: 0 - Epoch:8/20, Batch:6,      progress_callback.py:218
                    loss:1.199924, finished 40.18%.                             
[01:10:12] INFO     Rank: 0 - Epoch:8/20, Batch:7,      progress_callback.py:218
                    loss:1.481258, finished 40.21%.                             
[01:10:26] INFO     Rank: 0 - Epoch:8/20, Batch:8,      progress_callback.py:218
                    loss:1.759442, finished 40.24%.                             
[01:10:40] INFO     Rank: 0 - Epoch:8/20, Batch:9,      progress_callback.py:218
                    loss:1.611912, finished 40.27%.                             
[01:10:55] INFO     Rank: 0 - Epoch:8/20, Batch:10,     progress_callback.py:218
                    loss:1.290875, finished 40.3%.                              
[01:11:10] INFO     Rank: 0 - Contrastive loss is                 callback.py:66
                    0.5326243877410889, nll_loss is                             
                    0.8834923446178437                                          
[01:11:11] INFO     Rank: 0 - Epoch:8/20, Batch:11,     progress_callback.py:218
                    loss:1.715764, finished 40.33%.                             
[01:11:27] INFO     Rank: 0 - Epoch:8/20, Batch:12,     progress_callback.py:218
                    loss:1.06705, finished 40.36%.                              
[01:11:37] INFO     Rank: 0 - Epoch:8/20, Batch:13,     progress_callback.py:218
                    loss:1.323534, finished 40.39%.                             
[01:11:43] INFO     Rank: 0 - Epoch:8/20, Batch:14,     progress_callback.py:218
                    loss:1.748912, finished 40.42%.                             
[01:11:50] INFO     Rank: 0 - Epoch:8/20, Batch:15,     progress_callback.py:218
                    loss:1.618173, finished 40.45%.                             
[01:12:00] INFO     Rank: 0 - Epoch:8/20, Batch:16,     progress_callback.py:218
                    loss:1.682714, finished 40.48%.                             
[01:12:08] INFO     Rank: 0 - Epoch:8/20, Batch:17,     progress_callback.py:218
                    loss:0.952538, finished 40.52%.                             
[01:12:14] INFO     Rank: 0 - Epoch:8/20, Batch:18,     progress_callback.py:218
                    loss:1.629837, finished 40.55%.                             
[01:12:22] INFO     Rank: 0 - Epoch:8/20, Batch:19,     progress_callback.py:218
                    loss:1.674887, finished 40.58%.                             
[01:12:40] INFO     Rank: 0 - Epoch:8/20, Batch:20,     progress_callback.py:218
                    loss:1.518533, finished 40.61%.                             
[01:12:56] INFO     Rank: 0 - Contrastive loss is                 callback.py:66
                    0.5442420154809952, nll_loss is                             
                    0.9058895915746689                                          
[01:12:57] INFO     Rank: 0 - Epoch:8/20, Batch:21,     progress_callback.py:218
                    loss:1.285138, finished 40.64%.                             
[01:13:14] INFO     Rank: 0 - Epoch:8/20, Batch:22,     progress_callback.py:218
                    loss:0.99274, finished 40.67%.                              
[01:13:32] INFO     Rank: 0 - Epoch:8/20, Batch:23,     progress_callback.py:218
                    loss:1.423337, finished 40.7%.                              
[01:13:46] INFO     Rank: 0 - Epoch:8/20, Batch:24,     progress_callback.py:218
                    loss:1.281695, finished 40.73%.                             
[01:14:03] INFO     Rank: 0 - Epoch:8/20, Batch:25,     progress_callback.py:218
                    loss:1.588534, finished 40.76%.                             
[01:14:15] INFO     Rank: 0 - Epoch:8/20, Batch:26,     progress_callback.py:218
                    loss:1.503616, finished 40.79%.                             
[01:14:24] INFO     Rank: 0 - Epoch:8/20, Batch:27,     progress_callback.py:218
                    loss:1.285645, finished 40.82%.                             
[01:14:35] INFO     Rank: 0 - Epoch:8/20, Batch:28,     progress_callback.py:218
                    loss:1.010301, finished 40.85%.                             
[01:14:43] INFO     Rank: 0 - Epoch:8/20, Batch:29,     progress_callback.py:218
                    loss:1.291224, finished 40.88%.                             
[01:14:56] INFO     Rank: 0 - Epoch:8/20, Batch:30,     progress_callback.py:218
                    loss:1.485032, finished 40.91%.                             
[01:15:07] INFO     Rank: 0 - Contrastive loss is                 callback.py:66
                    0.5644231855869293, nll_loss is                             
                    0.7704666674137115                                          
[01:15:10] INFO     Rank: 0 - Epoch:8/20, Batch:31,     progress_callback.py:218
                    loss:1.486775, finished 40.94%.                             
[01:15:18] INFO     Rank: 0 - Epoch:8/20, Batch:32,     progress_callback.py:218
                    loss:1.773778, finished 40.97%.                             
[01:15:28] INFO     Rank: 0 - Epoch:8/20, Batch:33,     progress_callback.py:218
                    loss:2.052898, finished 41.0%.                              
[01:15:40] INFO     Rank: 0 - Epoch:8/20, Batch:34,     progress_callback.py:218
                    loss:1.073995, finished 41.03%.                             
[01:15:57] INFO     Rank: 0 - Epoch:8/20, Batch:35,     progress_callback.py:218
                    loss:1.359419, finished 41.06%.                             
[01:16:21] INFO     Rank: 0 - Epoch:8/20, Batch:36,     progress_callback.py:218
                    loss:1.612943, finished 41.09%.                             
[01:16:38] INFO     Rank: 0 - Epoch:8/20, Batch:37,     progress_callback.py:218
                    loss:1.244875, finished 41.12%.                             
[01:16:46] INFO     Rank: 0 - Epoch:8/20, Batch:38,     progress_callback.py:218
                    loss:1.426286, finished 41.15%.                             
[01:16:53] INFO     Rank: 0 - Epoch:8/20, Batch:39,     progress_callback.py:218
                    loss:1.380781, finished 41.18%.                             
[01:17:07] INFO     Rank: 0 - Epoch:8/20, Batch:40,     progress_callback.py:218
                    loss:1.324672, finished 41.21%.                             
           INFO     Rank: 0 -                                   evaluator.py:317
                    **********Evaluation starts**********                       
[01:17:35] INFO     Rank: 0 - **********Evaluation              evaluator.py:349
                    ends**********                                              
                                                                                
           INFO     Rank: 0 - ----------Eval. results   progress_callback.py:233
                    on Epoch:8, Batch:40----------                              
           INFO     Rank: 0 -                           progress_callback.py:238
                    {"torch_ngram#ngram-overlap":                               
                    0.4461190104484558}                                         
[01:17:42] INFO     Rank: 0 - Contrastive loss is                 callback.py:66
                    0.621566864848137, nll_loss is                              
                    0.8954720169305801                                          
           INFO     Rank: 0 - Epoch:8/20, Batch:41,     progress_callback.py:218
                    loss:1.920742, finished 41.24%.                             
[01:17:53] INFO     Rank: 0 - Epoch:8/20, Batch:42,     progress_callback.py:218
                    loss:1.526351, finished 41.27%.                             
[01:18:03] INFO     Rank: 0 - Epoch:8/20, Batch:43,     progress_callback.py:218
                    loss:2.045167, finished 41.3%.                              
[01:18:13] INFO     Rank: 0 - Epoch:8/20, Batch:44,     progress_callback.py:218
                    loss:1.111272, finished 41.33%.                             
[01:18:19] INFO     Rank: 0 - Epoch:8/20, Batch:45,     progress_callback.py:218
                    loss:1.151763, finished 41.36%.                             
[01:18:25] INFO     Rank: 0 - Epoch:8/20, Batch:46,     progress_callback.py:218
                    loss:1.537138, finished 41.39%.                             
[01:18:37] INFO     Rank: 0 - Epoch:8/20, Batch:47,     progress_callback.py:218
                    loss:2.031695, finished 41.42%.                             
[01:18:50] INFO     Rank: 0 - Epoch:8/20, Batch:48,     progress_callback.py:218
                    loss:1.702184, finished 41.45%.                             
[01:18:59] INFO     Rank: 0 - Epoch:8/20, Batch:49,     progress_callback.py:218
                    loss:1.580109, finished 41.48%.                             
[01:19:07] INFO     Rank: 0 - Epoch:8/20, Batch:50,     progress_callback.py:218
                    loss:1.536316, finished 41.52%.                             
[01:19:16] INFO     Rank: 0 - Contrastive loss is                 callback.py:66
                    0.5768032521009445, nll_loss is                             
                    0.9487981230020524                                          
           INFO     Rank: 0 - Epoch:8/20, Batch:51,     progress_callback.py:218
                    loss:1.034018, finished 41.55%.                             
[01:19:22] INFO     Rank: 0 - Epoch:8/20, Batch:52,     progress_callback.py:218
                    loss:2.078941, finished 41.58%.                             
[01:19:31] INFO     Rank: 0 - Epoch:8/20, Batch:53,     progress_callback.py:218
                    loss:1.372277, finished 41.61%.                             
[01:19:38] INFO     Rank: 0 - Epoch:8/20, Batch:54,     progress_callback.py:218
                    loss:1.356111, finished 41.64%.                             
[01:19:48] INFO     Rank: 0 - Epoch:8/20, Batch:55,     progress_callback.py:218
                    loss:1.337432, finished 41.67%.                             
[01:20:02] INFO     Rank: 0 - Epoch:8/20, Batch:56,     progress_callback.py:218
                    loss:1.41781, finished 41.7%.                               
[01:20:11] INFO     Rank: 0 - Epoch:8/20, Batch:57,     progress_callback.py:218
                    loss:1.844021, finished 41.73%.                             
[01:20:20] INFO     Rank: 0 - Epoch:8/20, Batch:58,     progress_callback.py:218
                    loss:1.029038, finished 41.76%.                             
[01:20:28] INFO     Rank: 0 - Epoch:8/20, Batch:59,     progress_callback.py:218
                    loss:1.775377, finished 41.79%.                             
[01:20:38] INFO     Rank: 0 - Epoch:8/20, Batch:60,     progress_callback.py:218
                    loss:1.106629, finished 41.82%.                             
[01:20:47] INFO     Rank: 0 - Contrastive loss is                 callback.py:66
                    0.57229685485363, nll_loss is                               
                    0.8752430111169816                                          
           INFO     Rank: 0 - Epoch:8/20, Batch:61,     progress_callback.py:218
                    loss:1.157763, finished 41.85%.                             
[01:20:59] INFO     Rank: 0 - Epoch:8/20, Batch:62,     progress_callback.py:218
                    loss:1.138077, finished 41.88%.                             
[01:21:20] INFO     Rank: 0 - Epoch:8/20, Batch:63,     progress_callback.py:218
                    loss:1.191897, finished 41.91%.                             
[01:21:28] INFO     Rank: 0 - Epoch:8/20, Batch:64,     progress_callback.py:218
                    loss:0.974919, finished 41.94%.                             
[01:21:37] INFO     Rank: 0 - Epoch:8/20, Batch:65,     progress_callback.py:218
                    loss:1.273053, finished 41.97%.                             
[01:21:44] INFO     Rank: 0 - Epoch:8/20, Batch:66,     progress_callback.py:218
                    loss:1.546055, finished 42.0%.                              
[01:21:54] INFO     Rank: 0 - Epoch:8/20, Batch:67,     progress_callback.py:218
                    loss:1.674186, finished 42.03%.                             
[01:22:03] INFO     Rank: 0 - Epoch:8/20, Batch:68,     progress_callback.py:218
                    loss:1.273486, finished 42.06%.                             
[01:22:12] INFO     Rank: 0 - Epoch:8/20, Batch:69,     progress_callback.py:218
                    loss:1.389528, finished 42.09%.                             
[01:22:30] INFO     Rank: 0 - Epoch:8/20, Batch:70,     progress_callback.py:218
                    loss:1.157925, finished 42.12%.                             
[01:22:36] INFO     Rank: 0 - Contrastive loss is                 callback.py:66
                    0.5496402114629746, nll_loss is                             
                    0.7604590326547622                                          
[01:22:37] INFO     Rank: 0 - Epoch:8/20, Batch:71,     progress_callback.py:218
                    loss:1.481866, finished 42.15%.                             
[01:22:44] INFO     Rank: 0 - Epoch:8/20, Batch:72,     progress_callback.py:218
                    loss:1.380654, finished 42.18%.                             
[01:22:58] INFO     Rank: 0 - Epoch:8/20, Batch:73,     progress_callback.py:218
                    loss:1.439188, finished 42.21%.                             
[01:23:05] INFO     Rank: 0 - Epoch:8/20, Batch:74,     progress_callback.py:218
                    loss:0.993657, finished 42.24%.                             
[01:23:17] INFO     Rank: 0 - Epoch:8/20, Batch:75,     progress_callback.py:218
                    loss:1.387075, finished 42.27%.                             
[01:23:24] INFO     Rank: 0 - Epoch:8/20, Batch:76,     progress_callback.py:218
                    loss:1.722369, finished 42.3%.                              
[01:23:36] INFO     Rank: 0 - Epoch:8/20, Batch:77,     progress_callback.py:218
                    loss:1.497957, finished 42.33%.                             
[01:23:51] INFO     Rank: 0 - Epoch:8/20, Batch:78,     progress_callback.py:218
                    loss:1.206328, finished 42.36%.                             
[01:23:58] INFO     Rank: 0 - Epoch:8/20, Batch:79,     progress_callback.py:218
                    loss:1.49884, finished 42.39%.                              
[01:24:05] INFO     Rank: 0 - Epoch:8/20, Batch:80,     progress_callback.py:218
                    loss:1.371204, finished 42.42%.                             
           INFO     Rank: 0 -                                   evaluator.py:317
                    **********Evaluation starts**********                       
[01:24:32] INFO     Rank: 0 - **********Evaluation              evaluator.py:349
                    ends**********                                              
                                                                                
           INFO     Rank: 0 - ----------Eval. results   progress_callback.py:233
                    on Epoch:8, Batch:80----------                              
           INFO     Rank: 0 -                           progress_callback.py:238
                    {"torch_ngram#ngram-overlap":                               
                    0.4482640326023102}                                         
 ============= save model at results/2023-03-25-21_28_56_059637/epoch-8_step-1400.pt ============= 
save hyperparams in  results/2023-03-25-21_28_56_059637/hyperparams.txt
[01:24:40] INFO     Rank: 0 - Contrastive loss is                 callback.py:66
                    0.5934767216444016, nll_loss is                             
                    0.7873950153589249                                          
[01:24:41] INFO     Rank: 0 - Epoch:8/20, Batch:81,     progress_callback.py:218
                    loss:1.311445, finished 42.45%.                             
[01:25:01] INFO     Rank: 0 - Epoch:8/20, Batch:82,     progress_callback.py:218
                    loss:1.155958, finished 42.48%.                             
[01:25:08] INFO     Rank: 0 - Epoch:8/20, Batch:83,     progress_callback.py:218
                    loss:1.162595, finished 42.52%.                             
[01:25:16] INFO     Rank: 0 - Epoch:8/20, Batch:84,     progress_callback.py:218
                    loss:1.887826, finished 42.55%.                             
[01:25:21] INFO     Rank: 0 - Epoch:8/20, Batch:85,     progress_callback.py:218
                    loss:1.841695, finished 42.58%.                             
[01:25:28] INFO     Rank: 0 - Epoch:8/20, Batch:86,     progress_callback.py:218
                    loss:1.800495, finished 42.61%.                             
[01:25:38] INFO     Rank: 0 - Epoch:8/20, Batch:87,     progress_callback.py:218
                    loss:1.213155, finished 42.64%.                             
[01:25:45] INFO     Rank: 0 - Epoch:8/20, Batch:88,     progress_callback.py:218
                    loss:1.349905, finished 42.67%.                             
[01:25:51] INFO     Rank: 0 - Epoch:8/20, Batch:89,     progress_callback.py:218
                    loss:1.209209, finished 42.7%.                              
[01:26:09] INFO     Rank: 0 - Epoch:8/20, Batch:90,     progress_callback.py:218
                    loss:1.029519, finished 42.73%.                             
[01:26:20] INFO     Rank: 0 - Contrastive loss is                 callback.py:66
                    0.5643091470003128, nll_loss is                             
                    0.8169822305440902                                          
           INFO     Rank: 0 - Epoch:8/20, Batch:91,     progress_callback.py:218
                    loss:1.162558, finished 42.76%.                             
[01:26:29] INFO     Rank: 0 - Epoch:8/20, Batch:92,     progress_callback.py:218
                    loss:1.358448, finished 42.79%.                             
[01:26:35] INFO     Rank: 0 - Epoch:8/20, Batch:93,     progress_callback.py:218
                    loss:1.960507, finished 42.82%.                             
[01:26:41] INFO     Rank: 0 - Epoch:8/20, Batch:94,     progress_callback.py:218
                    loss:1.532582, finished 42.85%.                             
[01:26:50] INFO     Rank: 0 - Epoch:8/20, Batch:95,     progress_callback.py:218
                    loss:1.023424, finished 42.88%.                             
[01:26:56] INFO     Rank: 0 - Epoch:8/20, Batch:96,     progress_callback.py:218
                    loss:1.78861, finished 42.91%.                              
[01:27:05] INFO     Rank: 0 - Epoch:8/20, Batch:97,     progress_callback.py:218
                    loss:1.380618, finished 42.94%.                             
[01:27:16] INFO     Rank: 0 - Epoch:8/20, Batch:98,     progress_callback.py:218
                    loss:1.078902, finished 42.97%.                             
[01:27:32] INFO     Rank: 0 - Epoch:8/20, Batch:99,     progress_callback.py:218
                    loss:1.522365, finished 43.0%.                              
[01:27:40] INFO     Rank: 0 - Epoch:8/20, Batch:100,    progress_callback.py:218
                    loss:1.337062, finished 43.03%.                             
[01:27:47] INFO     Rank: 0 - Contrastive loss is                 callback.py:66
                    0.5355602830648423, nll_loss is                             
                    0.873691800236702                                           
[01:27:48] INFO     Rank: 0 - Epoch:8/20, Batch:101,    progress_callback.py:218
                    loss:1.110002, finished 43.06%.                             
[01:27:54] INFO     Rank: 0 - Epoch:8/20, Batch:102,    progress_callback.py:218
                    loss:1.52521, finished 43.09%.                              
[01:28:00] INFO     Rank: 0 - Epoch:8/20, Batch:103,    progress_callback.py:218
                    loss:1.932331, finished 43.12%.                             
[01:28:07] INFO     Rank: 0 - Epoch:8/20, Batch:104,    progress_callback.py:218
                    loss:1.739631, finished 43.15%.                             
[01:28:15] INFO     Rank: 0 - Epoch:8/20, Batch:105,    progress_callback.py:218
                    loss:1.219922, finished 43.18%.                             
[01:28:23] INFO     Rank: 0 - Epoch:8/20, Batch:106,    progress_callback.py:218
                    loss:0.853144, finished 43.21%.                             
[01:28:40] INFO     Rank: 0 - Epoch:8/20, Batch:107,    progress_callback.py:218
                    loss:1.003745, finished 43.24%.                             
[01:28:53] INFO     Rank: 0 - Epoch:8/20, Batch:108,    progress_callback.py:218
                    loss:1.001333, finished 43.27%.                             
[01:29:01] INFO     Rank: 0 - Epoch:8/20, Batch:109,    progress_callback.py:218
                    loss:1.423505, finished 43.3%.                              
[01:29:15] INFO     Rank: 0 - Epoch:8/20, Batch:110,    progress_callback.py:218
                    loss:1.351038, finished 43.33%.                             
[01:29:19] INFO     Rank: 0 - Contrastive loss is                 callback.py:66
                    0.5300120651721955, nll_loss is                             
                    0.8219981729984284                                          
[01:29:20] INFO     Rank: 0 - Epoch:8/20, Batch:111,    progress_callback.py:218
                    loss:1.470244, finished 43.36%.                             
[01:29:27] INFO     Rank: 0 - Epoch:8/20, Batch:112,    progress_callback.py:218
                    loss:1.162292, finished 43.39%.                             
[01:29:37] INFO     Rank: 0 - Epoch:8/20, Batch:113,    progress_callback.py:218
                    loss:1.163078, finished 43.42%.                             
[01:29:49] INFO     Rank: 0 - Epoch:8/20, Batch:114,    progress_callback.py:218
                    loss:1.025187, finished 43.45%.                             
[01:30:00] INFO     Rank: 0 - Epoch:8/20, Batch:115,    progress_callback.py:218
                    loss:1.484457, finished 43.48%.                             
[01:30:07] INFO     Rank: 0 - Epoch:8/20, Batch:116,    progress_callback.py:218
                    loss:1.500179, finished 43.52%.                             
[01:30:18] INFO     Rank: 0 - Epoch:8/20, Batch:117,    progress_callback.py:218
                    loss:1.287423, finished 43.55%.                             
[01:30:24] INFO     Rank: 0 - Epoch:8/20, Batch:118,    progress_callback.py:218
                    loss:1.107038, finished 43.58%.                             
[01:30:32] INFO     Rank: 0 - Epoch:8/20, Batch:119,    progress_callback.py:218
                    loss:1.253209, finished 43.61%.                             
[01:30:40] INFO     Rank: 0 - Epoch:8/20, Batch:120,    progress_callback.py:218
                    loss:1.617006, finished 43.64%.                             
           INFO     Rank: 0 -                                   evaluator.py:317
                    **********Evaluation starts**********                       
[01:31:06] INFO     Rank: 0 - **********Evaluation              evaluator.py:349
                    ends**********                                              
                                                                                
           INFO     Rank: 0 - ----------Eval. results   progress_callback.py:233
                    on Epoch:8, Batch:120----------                             
           INFO     Rank: 0 -                           progress_callback.py:238
                    {"torch_ngram#ngram-overlap":                               
                    0.4474356472492218}                                         
 ============= save model at results/2023-03-25-21_28_56_059637/epoch-8_step-1440.pt ============= 
save hyperparams in  results/2023-03-25-21_28_56_059637/hyperparams.txt
[01:31:16] INFO     Rank: 0 - Contrastive loss is                 callback.py:66
                    0.5916568130254746, nll_loss is                             
                    0.6889209657907486                                          
           INFO     Rank: 0 - Epoch:8/20, Batch:121,    progress_callback.py:218
                    loss:1.205908, finished 43.67%.                             
[01:31:23] INFO     Rank: 0 - Epoch:8/20, Batch:122,    progress_callback.py:218
                    loss:1.565987, finished 43.7%.                              
[01:31:32] INFO     Rank: 0 - Epoch:8/20, Batch:123,    progress_callback.py:218
                    loss:1.807873, finished 43.73%.                             
[01:31:37] INFO     Rank: 0 - Epoch:8/20, Batch:124,    progress_callback.py:218
                    loss:1.345517, finished 43.76%.                             
[01:31:44] INFO     Rank: 0 - Epoch:8/20, Batch:125,    progress_callback.py:218
                    loss:1.145224, finished 43.79%.                             
[01:31:51] INFO     Rank: 0 - Epoch:8/20, Batch:126,    progress_callback.py:218
                    loss:1.499913, finished 43.82%.                             
[01:32:02] INFO     Rank: 0 - Epoch:8/20, Batch:127,    progress_callback.py:218
                    loss:1.41432, finished 43.85%.                              
[01:32:14] INFO     Rank: 0 - Epoch:8/20, Batch:128,    progress_callback.py:218
                    loss:0.827383, finished 43.88%.                             
[01:32:21] INFO     Rank: 0 - Epoch:8/20, Batch:129,    progress_callback.py:218
                    loss:1.592467, finished 43.91%.                             
[01:32:31] INFO     Rank: 0 - Epoch:8/20, Batch:130,    progress_callback.py:218
                    loss:0.895214, finished 43.94%.                             
[01:32:36] INFO     Rank: 0 - Contrastive loss is                 callback.py:66
                    0.6424571186304092, nll_loss is                             
                    0.7518833130598068                                          
[01:32:38] INFO     Rank: 0 - Epoch:8/20, Batch:131,    progress_callback.py:218
                    loss:1.849507, finished 43.97%.                             
[01:32:47] INFO     Rank: 0 - Epoch:8/20, Batch:132,    progress_callback.py:218
                    loss:1.865821, finished 44.0%.                              
[01:32:56] INFO     Rank: 0 - Epoch:8/20, Batch:133,    progress_callback.py:218
                    loss:1.746619, finished 44.03%.                             
[01:33:04] INFO     Rank: 0 - Epoch:8/20, Batch:134,    progress_callback.py:218
                    loss:1.919932, finished 44.06%.                             
[01:33:25] INFO     Rank: 0 - Epoch:8/20, Batch:135,    progress_callback.py:218
                    loss:1.069546, finished 44.09%.                             
[01:33:36] INFO     Rank: 0 - Epoch:8/20, Batch:136,    progress_callback.py:218
                    loss:0.833377, finished 44.12%.                             
[01:33:43] INFO     Rank: 0 - Epoch:8/20, Batch:137,    progress_callback.py:218
                    loss:0.98917, finished 44.15%.                              
[01:33:52] INFO     Rank: 0 - Epoch:8/20, Batch:138,    progress_callback.py:218
                    loss:1.27241, finished 44.18%.                              
[01:34:01] INFO     Rank: 0 - Epoch:8/20, Batch:139,    progress_callback.py:218
                    loss:1.691423, finished 44.21%.                             
[01:34:10] INFO     Rank: 0 - Epoch:8/20, Batch:140,    progress_callback.py:218
                    loss:1.32237, finished 44.24%.                              
[01:34:17] INFO     Rank: 0 - Contrastive loss is                 callback.py:66
                    0.5405543446540833, nll_loss is                             
                    0.8592940628528595                                          
[01:34:18] INFO     Rank: 0 - Epoch:8/20, Batch:141,    progress_callback.py:218
                    loss:1.287816, finished 44.27%.                             
[01:34:26] INFO     Rank: 0 - Epoch:8/20, Batch:142,    progress_callback.py:218
                    loss:1.724312, finished 44.3%.                              
[01:34:42] INFO     Rank: 0 - Epoch:8/20, Batch:143,    progress_callback.py:218
                    loss:1.428751, finished 44.33%.                             
[01:34:50] INFO     Rank: 0 - Epoch:8/20, Batch:144,    progress_callback.py:218
                    loss:1.569216, finished 44.36%.                             
[01:35:01] INFO     Rank: 0 - Epoch:8/20, Batch:145,    progress_callback.py:218
                    loss:1.293103, finished 44.39%.                             
[01:35:12] INFO     Rank: 0 - Epoch:8/20, Batch:146,    progress_callback.py:218
                    loss:1.152683, finished 44.42%.                             
[01:35:19] INFO     Rank: 0 - Epoch:8/20, Batch:147,    progress_callback.py:218
                    loss:1.231317, finished 44.45%.                             
[01:35:28] INFO     Rank: 0 - Epoch:8/20, Batch:148,    progress_callback.py:218
                    loss:0.931395, finished 44.48%.                             
[01:35:35] INFO     Rank: 0 - Epoch:8/20, Batch:149,    progress_callback.py:218
                    loss:1.198242, finished 44.52%.                             
[01:35:45] INFO     Rank: 0 - Epoch:8/20, Batch:150,    progress_callback.py:218
                    loss:1.410704, finished 44.55%.                             
[01:35:54] INFO     Rank: 0 - Contrastive loss is                 callback.py:66
                    0.5864837825298309, nll_loss is                             
                    0.7442384719848633                                          
           INFO     Rank: 0 - Epoch:8/20, Batch:151,    progress_callback.py:218
                    loss:1.3675, finished 44.58%.                               
[01:36:01] INFO     Rank: 0 - Epoch:8/20, Batch:152,    progress_callback.py:218
                    loss:1.503908, finished 44.61%.                             
[01:36:10] INFO     Rank: 0 - Epoch:8/20, Batch:153,    progress_callback.py:218
                    loss:0.799701, finished 44.64%.                             
[01:36:17] INFO     Rank: 0 - Epoch:8/20, Batch:154,    progress_callback.py:218
                    loss:1.408586, finished 44.67%.                             
[01:36:25] INFO     Rank: 0 - Epoch:8/20, Batch:155,    progress_callback.py:218
                    loss:1.594077, finished 44.7%.                              
[01:36:34] INFO     Rank: 0 - Epoch:8/20, Batch:156,    progress_callback.py:218
                    loss:1.145222, finished 44.73%.                             
[01:36:44] INFO     Rank: 0 - Epoch:8/20, Batch:157,    progress_callback.py:218
                    loss:1.163852, finished 44.76%.                             
[01:36:58] INFO     Rank: 0 - Epoch:8/20, Batch:158,    progress_callback.py:218
                    loss:0.719644, finished 44.79%.                             
[01:37:12] INFO     Rank: 0 - Epoch:8/20, Batch:159,    progress_callback.py:218
                    loss:1.261618, finished 44.82%.                             
[01:37:19] INFO     Rank: 0 - Epoch:8/20, Batch:160,    progress_callback.py:218
                    loss:1.637258, finished 44.85%.                             
           INFO     Rank: 0 -                                   evaluator.py:317
                    **********Evaluation starts**********                       
[01:37:47] INFO     Rank: 0 - **********Evaluation              evaluator.py:349
                    ends**********                                              
                                                                                
           INFO     Rank: 0 - ----------Eval. results   progress_callback.py:233
                    on Epoch:8, Batch:160----------                             
           INFO     Rank: 0 -                           progress_callback.py:238
                    {"torch_ngram#ngram-overlap":                               
                    0.44592374563217163}                                        
[01:37:55] INFO     Rank: 0 - Contrastive loss is                 callback.py:66
                    0.5602722972631454, nll_loss is                             
                    0.7046149760484696                                          
           INFO     Rank: 0 - Epoch:8/20, Batch:161,    progress_callback.py:218
                    loss:1.415007, finished 44.88%.                             
[01:38:08] INFO     Rank: 0 - Epoch:8/20, Batch:162,    progress_callback.py:218
                    loss:1.949467, finished 44.91%.                             
[01:38:22] INFO     Rank: 0 - Epoch:8/20, Batch:163,    progress_callback.py:218
                    loss:1.509645, finished 44.94%.                             
[01:38:31] INFO     Rank: 0 - Epoch:8/20, Batch:164,    progress_callback.py:218
                    loss:1.044622, finished 44.97%.                             
[01:38:40] INFO     Rank: 0 - Epoch:8/20, Batch:165,    progress_callback.py:218
                    loss:1.176412, finished 45.0%.                              
           INFO     Rank: 0 -                           progress_callback.py:204
                    **********Epoch:9 starts**********                          
[01:38:49] INFO     Rank: 0 - Epoch:9/20, Batch:1,      progress_callback.py:218
                    loss:1.690144, finished 45.03%.                             
[01:38:59] INFO     Rank: 0 - Epoch:9/20, Batch:2,      progress_callback.py:218
                    loss:1.440016, finished 45.06%.                             
[01:39:05] INFO     Rank: 0 - Epoch:9/20, Batch:3,      progress_callback.py:218
                    loss:1.824906, finished 45.09%.                             
[01:39:12] INFO     Rank: 0 - Epoch:9/20, Batch:4,      progress_callback.py:218
                    loss:1.63571, finished 45.12%.                              
[01:39:29] INFO     Rank: 0 - Epoch:9/20, Batch:5,      progress_callback.py:218
                    loss:0.905694, finished 45.15%.                             
[01:39:38] INFO     Rank: 0 - Contrastive loss is                 callback.py:66
                    0.5799879223108292, nll_loss is                             
                    0.8373067587614059                                          
[01:39:39] INFO     Rank: 0 - Epoch:9/20, Batch:6,      progress_callback.py:218
                    loss:0.99633, finished 45.18%.                              
[01:39:47] INFO     Rank: 0 - Epoch:9/20, Batch:7,      progress_callback.py:218
                    loss:1.694339, finished 45.21%.                             
[01:39:56] INFO     Rank: 0 - Epoch:9/20, Batch:8,      progress_callback.py:218
                    loss:1.274069, finished 45.24%.                             
[01:40:03] INFO     Rank: 0 - Epoch:9/20, Batch:9,      progress_callback.py:218
                    loss:1.518652, finished 45.27%.                             
[01:40:08] INFO     Rank: 0 - Epoch:9/20, Batch:10,     progress_callback.py:218
                    loss:1.512927, finished 45.3%.                              
[01:40:15] INFO     Rank: 0 - Epoch:9/20, Batch:11,     progress_callback.py:218
                    loss:1.320214, finished 45.33%.                             
[01:40:22] INFO     Rank: 0 - Epoch:9/20, Batch:12,     progress_callback.py:218
                    loss:1.696458, finished 45.36%.                             
[01:40:34] INFO     Rank: 0 - Epoch:9/20, Batch:13,     progress_callback.py:218
                    loss:1.298009, finished 45.39%.                             
[01:40:48] INFO     Rank: 0 - Epoch:9/20, Batch:14,     progress_callback.py:218
                    loss:1.554134, finished 45.42%.                             
[01:40:58] INFO     Rank: 0 - Epoch:9/20, Batch:15,     progress_callback.py:218
                    loss:1.317216, finished 45.45%.                             
[01:41:06] INFO     Rank: 0 - Contrastive loss is                 callback.py:66
                    0.6307481706142426, nll_loss is                             
                    0.8026929318904876                                          
           INFO     Rank: 0 - Epoch:9/20, Batch:16,     progress_callback.py:218
                    loss:1.148393, finished 45.48%.                             
[01:41:14] INFO     Rank: 0 - Epoch:9/20, Batch:17,     progress_callback.py:218
                    loss:1.29239, finished 45.52%.                              
[01:41:19] INFO     Rank: 0 - Epoch:9/20, Batch:18,     progress_callback.py:218
                    loss:1.333979, finished 45.55%.                             
[01:41:27] INFO     Rank: 0 - Epoch:9/20, Batch:19,     progress_callback.py:218
                    loss:1.266191, finished 45.58%.                             
[01:41:36] INFO     Rank: 0 - Epoch:9/20, Batch:20,     progress_callback.py:218
                    loss:1.507189, finished 45.61%.                             
[01:41:51] INFO     Rank: 0 - Epoch:9/20, Batch:21,     progress_callback.py:218
                    loss:1.543662, finished 45.64%.                             
[01:42:07] INFO     Rank: 0 - Epoch:9/20, Batch:22,     progress_callback.py:218
                    loss:1.24321, finished 45.67%.                              
[01:42:15] INFO     Rank: 0 - Epoch:9/20, Batch:23,     progress_callback.py:218
                    loss:1.512397, finished 45.7%.                              
[01:42:27] INFO     Rank: 0 - Epoch:9/20, Batch:24,     progress_callback.py:218
                    loss:1.507707, finished 45.73%.                             
[01:42:33] INFO     Rank: 0 - Epoch:9/20, Batch:25,     progress_callback.py:218
                    loss:1.78399, finished 45.76%.                              
[01:42:42] INFO     Rank: 0 - Contrastive loss is                 callback.py:66
                    0.5944262981414795, nll_loss is                             
                    0.8341711640357972                                          
[01:42:43] INFO     Rank: 0 - Epoch:9/20, Batch:26,     progress_callback.py:218
                    loss:1.295258, finished 45.79%.                             
[01:42:51] INFO     Rank: 0 - Epoch:9/20, Batch:27,     progress_callback.py:218
                    loss:1.470497, finished 45.82%.                             
[01:43:13] INFO     Rank: 0 - Epoch:9/20, Batch:28,     progress_callback.py:218
                    loss:1.0867, finished 45.85%.                               
[01:43:26] INFO     Rank: 0 - Epoch:9/20, Batch:29,     progress_callback.py:218
                    loss:1.532593, finished 45.88%.                             
[01:43:34] INFO     Rank: 0 - Epoch:9/20, Batch:30,     progress_callback.py:218
                    loss:1.152812, finished 45.91%.                             
[01:43:42] INFO     Rank: 0 - Epoch:9/20, Batch:31,     progress_callback.py:218
                    loss:1.476911, finished 45.94%.                             
[01:43:52] INFO     Rank: 0 - Epoch:9/20, Batch:32,     progress_callback.py:218
                    loss:1.064149, finished 45.97%.                             
[01:43:59] INFO     Rank: 0 - Epoch:9/20, Batch:33,     progress_callback.py:218
                    loss:1.75479, finished 46.0%.                               
[01:44:17] INFO     Rank: 0 - Epoch:9/20, Batch:34,     progress_callback.py:218
                    loss:1.278591, finished 46.03%.                             
[01:44:34] INFO     Rank: 0 - Epoch:9/20, Batch:35,     progress_callback.py:218
                    loss:1.716934, finished 46.06%.                             
           INFO     Rank: 0 -                                   evaluator.py:317
                    **********Evaluation starts**********                       
[01:45:01] INFO     Rank: 0 - **********Evaluation              evaluator.py:349
                    ends**********                                              
                                                                                
           INFO     Rank: 0 - ----------Eval. results   progress_callback.py:233
                    on Epoch:9, Batch:35----------                              
           INFO     Rank: 0 -                           progress_callback.py:238
                    {"torch_ngram#ngram-overlap":                               
                    0.446686327457428}                                          
[01:45:08] INFO     Rank: 0 - Contrastive loss is                 callback.py:66
                    0.5556818902492523, nll_loss is                             
                    0.8456376016139984                                          
[01:45:10] INFO     Rank: 0 - Epoch:9/20, Batch:36,     progress_callback.py:218
                    loss:1.479218, finished 46.09%.                             
[01:45:17] INFO     Rank: 0 - Epoch:9/20, Batch:37,     progress_callback.py:218
                    loss:1.441184, finished 46.12%.                             
[01:45:27] INFO     Rank: 0 - Epoch:9/20, Batch:38,     progress_callback.py:218
                    loss:1.248132, finished 46.15%.                             
[01:45:43] INFO     Rank: 0 - Epoch:9/20, Batch:39,     progress_callback.py:218
                    loss:1.41422, finished 46.18%.                              
[01:45:50] INFO     Rank: 0 - Epoch:9/20, Batch:40,     progress_callback.py:218
                    loss:1.310192, finished 46.21%.                             
[01:45:56] INFO     Rank: 0 - Epoch:9/20, Batch:41,     progress_callback.py:218
                    loss:1.488171, finished 46.24%.                             
[01:46:03] INFO     Rank: 0 - Epoch:9/20, Batch:42,     progress_callback.py:218
                    loss:1.30348, finished 46.27%.                              
[01:46:11] INFO     Rank: 0 - Epoch:9/20, Batch:43,     progress_callback.py:218
                    loss:1.452001, finished 46.3%.                              
[01:46:19] INFO     Rank: 0 - Epoch:9/20, Batch:44,     progress_callback.py:218
                    loss:1.15993, finished 46.33%.                              
[01:46:29] INFO     Rank: 0 - Epoch:9/20, Batch:45,     progress_callback.py:218
                    loss:1.463624, finished 46.36%.                             
[01:46:34] INFO     Rank: 0 - Contrastive loss is                 callback.py:66
                    0.5798254996538162, nll_loss is                             
                    0.8140066832304                                             
[01:46:35] INFO     Rank: 0 - Epoch:9/20, Batch:46,     progress_callback.py:218
                    loss:1.657389, finished 46.39%.                             
[01:46:55] INFO     Rank: 0 - Epoch:9/20, Batch:47,     progress_callback.py:218
                    loss:0.692355, finished 46.42%.                             
[01:47:01] INFO     Rank: 0 - Epoch:9/20, Batch:48,     progress_callback.py:218
                    loss:1.393905, finished 46.45%.                             
[01:47:11] INFO     Rank: 0 - Epoch:9/20, Batch:49,     progress_callback.py:218
                    loss:1.710731, finished 46.48%.                             
[01:47:18] INFO     Rank: 0 - Epoch:9/20, Batch:50,     progress_callback.py:218
                    loss:1.440472, finished 46.52%.                             
[01:47:27] INFO     Rank: 0 - Epoch:9/20, Batch:51,     progress_callback.py:218
                    loss:0.852558, finished 46.55%.                             
[01:47:36] INFO     Rank: 0 - Epoch:9/20, Batch:52,     progress_callback.py:218
                    loss:1.243258, finished 46.58%.                             
[01:47:45] INFO     Rank: 0 - Epoch:9/20, Batch:53,     progress_callback.py:218
                    loss:1.363529, finished 46.61%.                             
[01:48:02] INFO     Rank: 0 - Epoch:9/20, Batch:54,     progress_callback.py:218
                    loss:1.681316, finished 46.64%.                             
[01:48:11] INFO     Rank: 0 - Epoch:9/20, Batch:55,     progress_callback.py:218
                    loss:1.411229, finished 46.67%.                             
[01:48:20] INFO     Rank: 0 - Contrastive loss is                 callback.py:66
                    0.5704296499490737, nll_loss is                             
                    0.7862089186906814                                          
           INFO     Rank: 0 - Epoch:9/20, Batch:56,     progress_callback.py:218
                    loss:1.777032, finished 46.7%.                              
[01:48:26] INFO     Rank: 0 - Epoch:9/20, Batch:57,     progress_callback.py:218
                    loss:1.618188, finished 46.73%.                             
[01:48:33] INFO     Rank: 0 - Epoch:9/20, Batch:58,     progress_callback.py:218
                    loss:1.914071, finished 46.76%.                             
[01:48:40] INFO     Rank: 0 - Epoch:9/20, Batch:59,     progress_callback.py:218
                    loss:1.486537, finished 46.79%.                             
[01:48:49] INFO     Rank: 0 - Epoch:9/20, Batch:60,     progress_callback.py:218
                    loss:1.408465, finished 46.82%.                             
[01:49:04] INFO     Rank: 0 - Epoch:9/20, Batch:61,     progress_callback.py:218
                    loss:1.385338, finished 46.85%.                             
[01:49:21] INFO     Rank: 0 - Epoch:9/20, Batch:62,     progress_callback.py:218
                    loss:1.649864, finished 46.88%.                             
[01:49:30] INFO     Rank: 0 - Epoch:9/20, Batch:63,     progress_callback.py:218
                    loss:1.00715, finished 46.91%.                              
[01:49:42] INFO     Rank: 0 - Epoch:9/20, Batch:64,     progress_callback.py:218
                    loss:1.681867, finished 46.94%.                             
[01:49:53] INFO     Rank: 0 - Epoch:9/20, Batch:65,     progress_callback.py:218
                    loss:1.273174, finished 46.97%.                             
[01:50:00] INFO     Rank: 0 - Contrastive loss is                 callback.py:66
                    0.5919737368822098, nll_loss is                             
                    0.8927569121122361                                          
[01:50:02] INFO     Rank: 0 - Epoch:9/20, Batch:66,     progress_callback.py:218
                    loss:1.422652, finished 47.0%.                              
[01:50:12] INFO     Rank: 0 - Epoch:9/20, Batch:67,     progress_callback.py:218
                    loss:1.395358, finished 47.03%.                             
[01:50:22] INFO     Rank: 0 - Epoch:9/20, Batch:68,     progress_callback.py:218
                    loss:1.887752, finished 47.06%.                             
[01:50:37] INFO     Rank: 0 - Epoch:9/20, Batch:69,     progress_callback.py:218
                    loss:1.446718, finished 47.09%.                             
[01:50:44] INFO     Rank: 0 - Epoch:9/20, Batch:70,     progress_callback.py:218
                    loss:1.279057, finished 47.12%.                             
[01:50:55] INFO     Rank: 0 - Epoch:9/20, Batch:71,     progress_callback.py:218
                    loss:1.570402, finished 47.15%.                             
[01:51:02] INFO     Rank: 0 - Epoch:9/20, Batch:72,     progress_callback.py:218
                    loss:1.432447, finished 47.18%.                             
[01:51:08] INFO     Rank: 0 - Epoch:9/20, Batch:73,     progress_callback.py:218
                    loss:1.090093, finished 47.21%.                             
[01:51:15] INFO     Rank: 0 - Epoch:9/20, Batch:74,     progress_callback.py:218
                    loss:1.084805, finished 47.24%.                             
[01:51:25] INFO     Rank: 0 - Epoch:9/20, Batch:75,     progress_callback.py:218
                    loss:1.238917, finished 47.27%.                             
           INFO     Rank: 0 -                                   evaluator.py:317
                    **********Evaluation starts**********                       
[01:51:52] INFO     Rank: 0 - **********Evaluation              evaluator.py:349
                    ends**********                                              
                                                                                
           INFO     Rank: 0 - ----------Eval. results   progress_callback.py:233
                    on Epoch:9, Batch:75----------                              
           INFO     Rank: 0 -                           progress_callback.py:238
                    {"torch_ngram#ngram-overlap":                               
                    0.4438159763813019}                                         
[01:51:56] INFO     Rank: 0 - Contrastive loss is                 callback.py:66
                    0.6015869349241256, nll_loss is                             
                    0.777508345246315                                           
[01:52:01] INFO     Rank: 0 - Epoch:9/20, Batch:76,     progress_callback.py:218
                    loss:1.365404, finished 47.3%.                              
[01:52:11] INFO     Rank: 0 - Epoch:9/20, Batch:77,     progress_callback.py:218
                    loss:1.311734, finished 47.33%.                             
[01:52:19] INFO     Rank: 0 - Epoch:9/20, Batch:78,     progress_callback.py:218
                    loss:1.512034, finished 47.36%.                             
[01:52:26] INFO     Rank: 0 - Epoch:9/20, Batch:79,     progress_callback.py:218
                    loss:0.818291, finished 47.39%.                             
[01:52:32] INFO     Rank: 0 - Epoch:9/20, Batch:80,     progress_callback.py:218
                    loss:1.544291, finished 47.42%.                             
[01:52:39] INFO     Rank: 0 - Epoch:9/20, Batch:81,     progress_callback.py:218
                    loss:1.235568, finished 47.45%.                             
[01:52:59] INFO     Rank: 0 - Epoch:9/20, Batch:82,     progress_callback.py:218
                    loss:1.146321, finished 47.48%.                             
[01:53:09] INFO     Rank: 0 - Epoch:9/20, Batch:83,     progress_callback.py:218
                    loss:1.367334, finished 47.52%.                             
[01:53:17] INFO     Rank: 0 - Epoch:9/20, Batch:84,     progress_callback.py:218
                    loss:1.48875, finished 47.55%.                              
[01:53:26] INFO     Rank: 0 - Epoch:9/20, Batch:85,     progress_callback.py:218
                    loss:1.315579, finished 47.58%.                             
[01:53:35] INFO     Rank: 0 - Contrastive loss is                 callback.py:66
                    0.5756662398576736, nll_loss is                             
                    0.7625779241323472                                          
[01:53:37] INFO     Rank: 0 - Epoch:9/20, Batch:86,     progress_callback.py:218
                    loss:1.642541, finished 47.61%.                             
[01:53:46] INFO     Rank: 0 - Epoch:9/20, Batch:87,     progress_callback.py:218
                    loss:0.918263, finished 47.64%.                             
[01:53:53] INFO     Rank: 0 - Epoch:9/20, Batch:88,     progress_callback.py:218
                    loss:1.421965, finished 47.67%.                             
[01:54:06] INFO     Rank: 0 - Epoch:9/20, Batch:89,     progress_callback.py:218
                    loss:1.285008, finished 47.7%.                              
[01:54:23] INFO     Rank: 0 - Epoch:9/20, Batch:90,     progress_callback.py:218
                    loss:2.1092, finished 47.73%.                               
[01:54:31] INFO     Rank: 0 - Epoch:9/20, Batch:91,     progress_callback.py:218
                    loss:1.580982, finished 47.76%.                             
[01:54:38] INFO     Rank: 0 - Epoch:9/20, Batch:92,     progress_callback.py:218
                    loss:1.645929, finished 47.79%.                             
[01:54:47] INFO     Rank: 0 - Epoch:9/20, Batch:93,     progress_callback.py:218
                    loss:1.959971, finished 47.82%.                             
[01:54:58] INFO     Rank: 0 - Epoch:9/20, Batch:94,     progress_callback.py:218
                    loss:1.585246, finished 47.85%.                             
[01:55:08] INFO     Rank: 0 - Epoch:9/20, Batch:95,     progress_callback.py:218
                    loss:1.244532, finished 47.88%.                             
[01:55:14] INFO     Rank: 0 - Contrastive loss is                 callback.py:66
                    0.6167761594057083, nll_loss is                             
                    0.9349160343408585                                          
[01:55:16] INFO     Rank: 0 - Epoch:9/20, Batch:96,     progress_callback.py:218
                    loss:1.765827, finished 47.91%.                             
[01:55:31] INFO     Rank: 0 - Epoch:9/20, Batch:97,     progress_callback.py:218
                    loss:1.382818, finished 47.94%.                             
[01:55:40] INFO     Rank: 0 - Epoch:9/20, Batch:98,     progress_callback.py:218
                    loss:1.414213, finished 47.97%.                             
[01:55:46] INFO     Rank: 0 - Epoch:9/20, Batch:99,     progress_callback.py:218
                    loss:1.2046, finished 48.0%.                                
[01:55:56] INFO     Rank: 0 - Epoch:9/20, Batch:100,    progress_callback.py:218
                    loss:1.225397, finished 48.03%.                             
[01:56:03] INFO     Rank: 0 - Epoch:9/20, Batch:101,    progress_callback.py:218
                    loss:1.496386, finished 48.06%.                             
[01:56:12] INFO     Rank: 0 - Epoch:9/20, Batch:102,    progress_callback.py:218
                    loss:1.164424, finished 48.09%.                             
[01:56:20] INFO     Rank: 0 - Epoch:9/20, Batch:103,    progress_callback.py:218
                    loss:1.090858, finished 48.12%.                             
[01:56:29] INFO     Rank: 0 - Epoch:9/20, Batch:104,    progress_callback.py:218
                    loss:1.116319, finished 48.15%.                             
[01:56:46] INFO     Rank: 0 - Epoch:9/20, Batch:105,    progress_callback.py:218
                    loss:1.062517, finished 48.18%.                             
[01:56:57] INFO     Rank: 0 - Contrastive loss is                 callback.py:66
                    0.5651849418878555, nll_loss is                             
                    0.6672823160886765                                          
           INFO     Rank: 0 - Epoch:9/20, Batch:106,    progress_callback.py:218
                    loss:1.167142, finished 48.21%.                             
[01:57:08] INFO     Rank: 0 - Epoch:9/20, Batch:107,    progress_callback.py:218
                    loss:1.489887, finished 48.24%.                             
[01:57:17] INFO     Rank: 0 - Epoch:9/20, Batch:108,    progress_callback.py:218
                    loss:1.107435, finished 48.27%.                             
[01:57:26] INFO     Rank: 0 - Epoch:9/20, Batch:109,    progress_callback.py:218
                    loss:1.505402, finished 48.3%.                              
[01:57:37] INFO     Rank: 0 - Epoch:9/20, Batch:110,    progress_callback.py:218
                    loss:1.164016, finished 48.33%.                             
[01:57:54] INFO     Rank: 0 - Epoch:9/20, Batch:111,    progress_callback.py:218
                    loss:1.245365, finished 48.36%.                             
[01:58:05] INFO     Rank: 0 - Epoch:9/20, Batch:112,    progress_callback.py:218
                    loss:1.258886, finished 48.39%.                             
[01:58:14] INFO     Rank: 0 - Epoch:9/20, Batch:113,    progress_callback.py:218
                    loss:1.023115, finished 48.42%.                             
[01:58:21] INFO     Rank: 0 - Epoch:9/20, Batch:114,    progress_callback.py:218
                    loss:0.978511, finished 48.45%.                             
[01:58:29] INFO     Rank: 0 - Epoch:9/20, Batch:115,    progress_callback.py:218
                    loss:1.437528, finished 48.48%.                             
           INFO     Rank: 0 -                                   evaluator.py:317
                    **********Evaluation starts**********                       
[01:58:56] INFO     Rank: 0 - **********Evaluation              evaluator.py:349
                    ends**********                                              
                                                                                
           INFO     Rank: 0 - ----------Eval. results   progress_callback.py:233
                    on Epoch:9, Batch:115----------                             
           INFO     Rank: 0 -                           progress_callback.py:238
                    {"torch_ngram#ngram-overlap":                               
                    0.4455464780330658}                                         
[01:59:07] INFO     Rank: 0 - Contrastive loss is                 callback.py:66
                    0.5384165465831756, nll_loss is                             
                    0.7330105006694794                                          
[01:59:09] INFO     Rank: 0 - Epoch:9/20, Batch:116,    progress_callback.py:218
                    loss:1.504125, finished 48.52%.                             
[01:59:18] INFO     Rank: 0 - Epoch:9/20, Batch:117,    progress_callback.py:218
                    loss:1.662364, finished 48.55%.                             
[01:59:24] INFO     Rank: 0 - Epoch:9/20, Batch:118,    progress_callback.py:218
                    loss:1.234398, finished 48.58%.                             
[01:59:36] INFO     Rank: 0 - Epoch:9/20, Batch:119,    progress_callback.py:218
                    loss:1.387284, finished 48.61%.                             
[01:59:46] INFO     Rank: 0 - Epoch:9/20, Batch:120,    progress_callback.py:218
                    loss:1.40486, finished 48.64%.                              
[01:59:53] INFO     Rank: 0 - Epoch:9/20, Batch:121,    progress_callback.py:218
                    loss:1.328933, finished 48.67%.                             
[02:00:03] INFO     Rank: 0 - Epoch:9/20, Batch:122,    progress_callback.py:218
                    loss:1.595977, finished 48.7%.                              
[02:00:29] INFO     Rank: 0 - Epoch:9/20, Batch:123,    progress_callback.py:218
                    loss:1.328696, finished 48.73%.                             
[02:00:38] INFO     Rank: 0 - Epoch:9/20, Batch:124,    progress_callback.py:218
                    loss:1.364179, finished 48.76%.                             
[02:00:51] INFO     Rank: 0 - Epoch:9/20, Batch:125,    progress_callback.py:218
                    loss:1.265125, finished 48.79%.                             
[02:01:04] INFO     Rank: 0 - Contrastive loss is                 callback.py:66
                    0.5791962504386902, nll_loss is                             
                    0.8171477794647217                                          
           INFO     Rank: 0 - Epoch:9/20, Batch:126,    progress_callback.py:218
                    loss:1.391625, finished 48.82%.                             
[02:01:11] INFO     Rank: 0 - Epoch:9/20, Batch:127,    progress_callback.py:218
                    loss:1.561816, finished 48.85%.                             
[02:01:30] INFO     Rank: 0 - Epoch:9/20, Batch:128,    progress_callback.py:218
                    loss:1.121232, finished 48.88%.                             
[02:01:43] INFO     Rank: 0 - Epoch:9/20, Batch:129,    progress_callback.py:218
                    loss:1.251914, finished 48.91%.                             
[02:01:56] INFO     Rank: 0 - Epoch:9/20, Batch:130,    progress_callback.py:218
                    loss:1.228929, finished 48.94%.                             
[02:02:03] INFO     Rank: 0 - Epoch:9/20, Batch:131,    progress_callback.py:218
                    loss:1.197728, finished 48.97%.                             
[02:02:10] INFO     Rank: 0 - Epoch:9/20, Batch:132,    progress_callback.py:218
                    loss:1.213702, finished 49.0%.                              
[02:02:15] INFO     Rank: 0 - Epoch:9/20, Batch:133,    progress_callback.py:218
                    loss:2.001903, finished 49.03%.                             
[02:02:23] INFO     Rank: 0 - Epoch:9/20, Batch:134,    progress_callback.py:218
                    loss:1.1536, finished 49.06%.                               
[02:02:32] INFO     Rank: 0 - Epoch:9/20, Batch:135,    progress_callback.py:218
                    loss:1.637539, finished 49.09%.                             
[02:02:40] INFO     Rank: 0 - Contrastive loss is                 callback.py:66
                    0.5628792822360993, nll_loss is                             
                    0.818613988161087                                           
[02:02:42] INFO     Rank: 0 - Epoch:9/20, Batch:136,    progress_callback.py:218
                    loss:1.446569, finished 49.12%.                             
[02:02:54] INFO     Rank: 0 - Epoch:9/20, Batch:137,    progress_callback.py:218
                    loss:1.468301, finished 49.15%.                             
[02:03:02] INFO     Rank: 0 - Epoch:9/20, Batch:138,    progress_callback.py:218
                    loss:1.212518, finished 49.18%.                             
[02:03:09] INFO     Rank: 0 - Epoch:9/20, Batch:139,    progress_callback.py:218
                    loss:1.584031, finished 49.21%.                             
[02:03:18] INFO     Rank: 0 - Epoch:9/20, Batch:140,    progress_callback.py:218
                    loss:1.561451, finished 49.24%.                             
[02:03:28] INFO     Rank: 0 - Epoch:9/20, Batch:141,    progress_callback.py:218
                    loss:1.282488, finished 49.27%.                             
[02:03:35] INFO     Rank: 0 - Epoch:9/20, Batch:142,    progress_callback.py:218
                    loss:1.284149, finished 49.3%.                              
[02:03:43] INFO     Rank: 0 - Epoch:9/20, Batch:143,    progress_callback.py:218
                    loss:1.065768, finished 49.33%.                             
[02:03:52] INFO     Rank: 0 - Epoch:9/20, Batch:144,    progress_callback.py:218
                    loss:1.169857, finished 49.36%.                             
[02:04:11] INFO     Rank: 0 - Epoch:9/20, Batch:145,    progress_callback.py:218
                    loss:1.278493, finished 49.39%.                             
[02:04:20] INFO     Rank: 0 - Contrastive loss is                 callback.py:66
                    0.5571525871753693, nll_loss is                             
                    0.7432763874530792                                          
           INFO     Rank: 0 - Epoch:9/20, Batch:146,    progress_callback.py:218
                    loss:1.097234, finished 49.42%.                             
[02:04:28] INFO     Rank: 0 - Epoch:9/20, Batch:147,    progress_callback.py:218
                    loss:1.580467, finished 49.45%.                             
[02:04:36] INFO     Rank: 0 - Epoch:9/20, Batch:148,    progress_callback.py:218
                    loss:1.128964, finished 49.48%.                             
[02:04:44] INFO     Rank: 0 - Epoch:9/20, Batch:149,    progress_callback.py:218
                    loss:1.726669, finished 49.52%.                             
[02:04:53] INFO     Rank: 0 - Epoch:9/20, Batch:150,    progress_callback.py:218
                    loss:1.105832, finished 49.55%.                             
[02:05:00] INFO     Rank: 0 - Epoch:9/20, Batch:151,    progress_callback.py:218
                    loss:1.078757, finished 49.58%.                             
[02:05:12] INFO     Rank: 0 - Epoch:9/20, Batch:152,    progress_callback.py:218
                    loss:1.889765, finished 49.61%.                             
[02:05:23] INFO     Rank: 0 - Epoch:9/20, Batch:153,    progress_callback.py:218
                    loss:1.468084, finished 49.64%.                             
[02:05:31] INFO     Rank: 0 - Epoch:9/20, Batch:154,    progress_callback.py:218
                    loss:1.654085, finished 49.67%.                             
[02:05:40] INFO     Rank: 0 - Epoch:9/20, Batch:155,    progress_callback.py:218
                    loss:1.106379, finished 49.7%.                              
           INFO     Rank: 0 -                                   evaluator.py:317
                    **********Evaluation starts**********                       
[02:06:09] INFO     Rank: 0 - **********Evaluation              evaluator.py:349
                    ends**********                                              
                                                                                
           INFO     Rank: 0 - ----------Eval. results   progress_callback.py:233
                    on Epoch:9, Batch:155----------                             
           INFO     Rank: 0 -                           progress_callback.py:238
                    {"torch_ngram#ngram-overlap":                               
                    0.4461861252784729}                                         
[02:06:18] INFO     Rank: 0 - Contrastive loss is                 callback.py:66
                    0.581179267168045, nll_loss is                              
                    0.8110345780849457                                          
           INFO     Rank: 0 - Epoch:9/20, Batch:156,    progress_callback.py:218
                    loss:1.183136, finished 49.73%.                             
[02:06:34] INFO     Rank: 0 - Epoch:9/20, Batch:157,    progress_callback.py:218
                    loss:1.454572, finished 49.76%.                             
[02:06:41] INFO     Rank: 0 - Epoch:9/20, Batch:158,    progress_callback.py:218
                    loss:1.495773, finished 49.79%.                             
[02:06:51] INFO     Rank: 0 - Epoch:9/20, Batch:159,    progress_callback.py:218
                    loss:0.961866, finished 49.82%.                             
[02:06:58] INFO     Rank: 0 - Epoch:9/20, Batch:160,    progress_callback.py:218
                    loss:1.639013, finished 49.85%.                             
[02:07:06] INFO     Rank: 0 - Epoch:9/20, Batch:161,    progress_callback.py:218
                    loss:1.384458, finished 49.88%.                             
[02:07:12] INFO     Rank: 0 - Epoch:9/20, Batch:162,    progress_callback.py:218
                    loss:1.530898, finished 49.91%.                             
[02:07:19] INFO     Rank: 0 - Epoch:9/20, Batch:163,    progress_callback.py:218
                    loss:2.036279, finished 49.94%.                             
[02:07:25] INFO     Rank: 0 - Epoch:9/20, Batch:164,    progress_callback.py:218
                    loss:1.274107, finished 49.97%.                             
[02:07:33] INFO     Rank: 0 - Epoch:9/20, Batch:165,    progress_callback.py:218
                    loss:1.46701, finished 50.0%.                               
           INFO     Rank: 0 -                           progress_callback.py:204
                    **********Epoch:10 starts**********                         
[02:07:45] INFO     Rank: 0 - Contrastive loss is                 callback.py:66
                    0.6204409122467041, nll_loss is                             
                    0.8399978280067444                                          
           INFO     Rank: 0 - Epoch:10/20, Batch:1,     progress_callback.py:218
                    loss:1.360411, finished 50.03%.                             
[02:07:55] INFO     Rank: 0 - Epoch:10/20, Batch:2,     progress_callback.py:218
                    loss:1.250721, finished 50.06%.                             
[02:08:06] INFO     Rank: 0 - Epoch:10/20, Batch:3,     progress_callback.py:218
                    loss:1.294695, finished 50.09%.                             
[02:08:14] INFO     Rank: 0 - Epoch:10/20, Batch:4,     progress_callback.py:218
                    loss:1.211497, finished 50.12%.                             
[02:08:22] INFO     Rank: 0 - Epoch:10/20, Batch:5,     progress_callback.py:218
                    loss:0.897186, finished 50.15%.                             
[02:08:32] INFO     Rank: 0 - Epoch:10/20, Batch:6,     progress_callback.py:218
                    loss:0.917606, finished 50.18%.                             
[02:08:38] INFO     Rank: 0 - Epoch:10/20, Batch:7,     progress_callback.py:218
                    loss:1.640007, finished 50.21%.                             
[02:08:52] INFO     Rank: 0 - Epoch:10/20, Batch:8,     progress_callback.py:218
                    loss:1.056691, finished 50.24%.                             
[02:09:01] INFO     Rank: 0 - Epoch:10/20, Batch:9,     progress_callback.py:218
                    loss:1.160938, finished 50.27%.                             
[02:09:09] INFO     Rank: 0 - Epoch:10/20, Batch:10,    progress_callback.py:218
                    loss:1.239341, finished 50.3%.                              
[02:09:17] INFO     Rank: 0 - Contrastive loss is                 callback.py:66
                    0.5256701737642289, nll_loss is                             
                    0.6705904096364975                                          
           INFO     Rank: 0 - Epoch:10/20, Batch:11,    progress_callback.py:218
                    loss:1.293923, finished 50.33%.                             
[02:09:28] INFO     Rank: 0 - Epoch:10/20, Batch:12,    progress_callback.py:218
                    loss:1.569562, finished 50.36%.                             
[02:09:36] INFO     Rank: 0 - Epoch:10/20, Batch:13,    progress_callback.py:218
                    loss:1.308627, finished 50.39%.                             
[02:09:41] INFO     Rank: 0 - Epoch:10/20, Batch:14,    progress_callback.py:218
                    loss:1.832269, finished 50.42%.                             
[02:09:49] INFO     Rank: 0 - Epoch:10/20, Batch:15,    progress_callback.py:218
                    loss:1.149666, finished 50.45%.                             
[02:09:58] INFO     Rank: 0 - Epoch:10/20, Batch:16,    progress_callback.py:218
                    loss:1.639302, finished 50.48%.                             
[02:10:13] INFO     Rank: 0 - Epoch:10/20, Batch:17,    progress_callback.py:218
                    loss:1.079975, finished 50.52%.                             
[02:10:19] INFO     Rank: 0 - Epoch:10/20, Batch:18,    progress_callback.py:218
                    loss:1.465575, finished 50.55%.                             
[02:10:28] INFO     Rank: 0 - Epoch:10/20, Batch:19,    progress_callback.py:218
                    loss:0.905805, finished 50.58%.                             
[02:10:36] INFO     Rank: 0 - Epoch:10/20, Batch:20,    progress_callback.py:218
                    loss:0.833509, finished 50.61%.                             
[02:10:44] INFO     Rank: 0 - Contrastive loss is                 callback.py:66
                    0.5119454085826873, nll_loss is                             
                    0.8296846926212311                                          
[02:10:47] INFO     Rank: 0 - Epoch:10/20, Batch:21,    progress_callback.py:218
                    loss:1.63201, finished 50.64%.                              
[02:10:55] INFO     Rank: 0 - Epoch:10/20, Batch:22,    progress_callback.py:218
                    loss:1.180851, finished 50.67%.                             
[02:11:04] INFO     Rank: 0 - Epoch:10/20, Batch:23,    progress_callback.py:218
                    loss:1.715452, finished 50.7%.                              
[02:11:16] INFO     Rank: 0 - Epoch:10/20, Batch:24,    progress_callback.py:218
                    loss:0.779323, finished 50.73%.                             
[02:11:34] INFO     Rank: 0 - Epoch:10/20, Batch:25,    progress_callback.py:218
                    loss:1.671546, finished 50.76%.                             
[02:11:41] INFO     Rank: 0 - Epoch:10/20, Batch:26,    progress_callback.py:218
                    loss:1.782129, finished 50.79%.                             
[02:11:49] INFO     Rank: 0 - Epoch:10/20, Batch:27,    progress_callback.py:218
                    loss:1.287383, finished 50.82%.                             
[02:11:58] INFO     Rank: 0 - Epoch:10/20, Batch:28,    progress_callback.py:218
                    loss:1.251241, finished 50.85%.                             
[02:12:05] INFO     Rank: 0 - Epoch:10/20, Batch:29,    progress_callback.py:218
                    loss:1.160678, finished 50.88%.                             
[02:12:15] INFO     Rank: 0 - Epoch:10/20, Batch:30,    progress_callback.py:218
                    loss:1.114828, finished 50.91%.                             
           INFO     Rank: 0 -                                   evaluator.py:317
                    **********Evaluation starts**********                       
[02:12:43] INFO     Rank: 0 - **********Evaluation              evaluator.py:349
                    ends**********                                              
                                                                                
           INFO     Rank: 0 - ----------Eval. results   progress_callback.py:233
                    on Epoch:10, Batch:30----------                             
           INFO     Rank: 0 -                           progress_callback.py:238
                    {"torch_ngram#ngram-overlap":                               
                    0.4446578919887543}                                         
[02:12:53] INFO     Rank: 0 - Contrastive loss is                 callback.py:66
                    0.5275602579116822, nll_loss is                             
                    0.8105719089508057                                          
[02:12:54] INFO     Rank: 0 - Epoch:10/20, Batch:31,    progress_callback.py:218
                    loss:1.437892, finished 50.94%.                             
[02:13:01] INFO     Rank: 0 - Epoch:10/20, Batch:32,    progress_callback.py:218
                    loss:1.671173, finished 50.97%.                             
[02:13:09] INFO     Rank: 0 - Epoch:10/20, Batch:33,    progress_callback.py:218
                    loss:1.573834, finished 51.0%.                              
[02:13:16] INFO     Rank: 0 - Epoch:10/20, Batch:34,    progress_callback.py:218
                    loss:1.499619, finished 51.03%.                             
[02:13:23] INFO     Rank: 0 - Epoch:10/20, Batch:35,    progress_callback.py:218
                    loss:1.242805, finished 51.06%.                             
[02:13:38] INFO     Rank: 0 - Epoch:10/20, Batch:36,    progress_callback.py:218
                    loss:1.644453, finished 51.09%.                             
[02:13:54] INFO     Rank: 0 - Epoch:10/20, Batch:37,    progress_callback.py:218
                    loss:1.37319, finished 51.12%.                              
[02:14:02] INFO     Rank: 0 - Epoch:10/20, Batch:38,    progress_callback.py:218
                    loss:1.428925, finished 51.15%.                             
[02:14:13] INFO     Rank: 0 - Epoch:10/20, Batch:39,    progress_callback.py:218
                    loss:1.450077, finished 51.18%.                             
[02:14:20] INFO     Rank: 0 - Epoch:10/20, Batch:40,    progress_callback.py:218
                    loss:1.213864, finished 51.21%.                             
[02:14:27] INFO     Rank: 0 - Contrastive loss is                 callback.py:66
                    0.5697268396615982, nll_loss is                             
                    0.8508369654417038                                          
[02:14:28] INFO     Rank: 0 - Epoch:10/20, Batch:41,    progress_callback.py:218
                    loss:1.107698, finished 51.24%.                             
[02:14:37] INFO     Rank: 0 - Epoch:10/20, Batch:42,    progress_callback.py:218
                    loss:1.035376, finished 51.27%.                             
[02:14:50] INFO     Rank: 0 - Epoch:10/20, Batch:43,    progress_callback.py:218
                    loss:1.353572, finished 51.3%.                              
[02:15:00] INFO     Rank: 0 - Epoch:10/20, Batch:44,    progress_callback.py:218
                    loss:1.695295, finished 51.33%.                             
[02:15:08] INFO     Rank: 0 - Epoch:10/20, Batch:45,    progress_callback.py:218
                    loss:1.104262, finished 51.36%.                             
[02:15:17] INFO     Rank: 0 - Epoch:10/20, Batch:46,    progress_callback.py:218
                    loss:1.407063, finished 51.39%.                             
[02:15:28] INFO     Rank: 0 - Epoch:10/20, Batch:47,    progress_callback.py:218
                    loss:0.900732, finished 51.42%.                             
[02:15:35] INFO     Rank: 0 - Epoch:10/20, Batch:48,    progress_callback.py:218
                    loss:1.312693, finished 51.45%.                             
[02:15:43] INFO     Rank: 0 - Epoch:10/20, Batch:49,    progress_callback.py:218
                    loss:1.05328, finished 51.48%.                              
[02:15:53] INFO     Rank: 0 - Epoch:10/20, Batch:50,    progress_callback.py:218
                    loss:1.115024, finished 51.52%.                             
[02:16:13] INFO     Rank: 0 - Contrastive loss is                 callback.py:66
                    0.5331627428531647, nll_loss is                             
                    0.7049062192440033                                          
[02:16:14] INFO     Rank: 0 - Epoch:10/20, Batch:51,    progress_callback.py:218
                    loss:1.403393, finished 51.55%.                             
[02:16:23] INFO     Rank: 0 - Epoch:10/20, Batch:52,    progress_callback.py:218
                    loss:1.353595, finished 51.58%.                             
[02:16:30] INFO     Rank: 0 - Epoch:10/20, Batch:53,    progress_callback.py:218
                    loss:1.557177, finished 51.61%.                             
[02:16:40] INFO     Rank: 0 - Epoch:10/20, Batch:54,    progress_callback.py:218
                    loss:0.768979, finished 51.64%.                             
[02:16:49] INFO     Rank: 0 - Epoch:10/20, Batch:55,    progress_callback.py:218
                    loss:1.942218, finished 51.67%.                             
[02:16:55] INFO     Rank: 0 - Epoch:10/20, Batch:56,    progress_callback.py:218
                    loss:1.146548, finished 51.7%.                              
[02:17:05] INFO     Rank: 0 - Epoch:10/20, Batch:57,    progress_callback.py:218
                    loss:1.497369, finished 51.73%.                             
[02:17:23] INFO     Rank: 0 - Epoch:10/20, Batch:58,    progress_callback.py:218
                    loss:1.086538, finished 51.76%.                             
[02:17:30] INFO     Rank: 0 - Epoch:10/20, Batch:59,    progress_callback.py:218
                    loss:1.490185, finished 51.79%.                             
[02:17:37] INFO     Rank: 0 - Epoch:10/20, Batch:60,    progress_callback.py:218
                    loss:1.419008, finished 51.82%.                             
[02:17:44] INFO     Rank: 0 - Contrastive loss is                 callback.py:66
                    0.5742998510599137, nll_loss is                             
                    0.7774419158697128                                          
           INFO     Rank: 0 - Epoch:10/20, Batch:61,    progress_callback.py:218
                    loss:1.255801, finished 51.85%.                             
[02:17:51] INFO     Rank: 0 - Epoch:10/20, Batch:62,    progress_callback.py:218
                    loss:0.893876, finished 51.88%.                             
[02:17:58] INFO     Rank: 0 - Epoch:10/20, Batch:63,    progress_callback.py:218
                    loss:1.169864, finished 51.91%.                             
[02:18:06] INFO     Rank: 0 - Epoch:10/20, Batch:64,    progress_callback.py:218
                    loss:0.969428, finished 51.94%.                             
[02:18:12] INFO     Rank: 0 - Epoch:10/20, Batch:65,    progress_callback.py:218
                    loss:1.248214, finished 51.97%.                             
[02:18:23] INFO     Rank: 0 - Epoch:10/20, Batch:66,    progress_callback.py:218
                    loss:1.533393, finished 52.0%.                              
[02:18:41] INFO     Rank: 0 - Epoch:10/20, Batch:67,    progress_callback.py:218
                    loss:1.529983, finished 52.03%.                             
[02:18:51] INFO     Rank: 0 - Epoch:10/20, Batch:68,    progress_callback.py:218
                    loss:1.535569, finished 52.06%.                             
[02:19:02] INFO     Rank: 0 - Epoch:10/20, Batch:69,    progress_callback.py:218
                    loss:1.368653, finished 52.09%.                             
[02:19:10] INFO     Rank: 0 - Epoch:10/20, Batch:70,    progress_callback.py:218
                    loss:0.910346, finished 52.12%.                             
           INFO     Rank: 0 -                                   evaluator.py:317
                    **********Evaluation starts**********                       
[02:19:38] INFO     Rank: 0 - **********Evaluation              evaluator.py:349
                    ends**********                                              
                                                                                
           INFO     Rank: 0 - ----------Eval. results   progress_callback.py:233
                    on Epoch:10, Batch:70----------                             
           INFO     Rank: 0 -                           progress_callback.py:238
                    {"torch_ngram#ngram-overlap":                               
                    0.44543179869651794}                                        
[02:19:54] INFO     Rank: 0 - Contrastive loss is                 callback.py:66
                    0.5143451243638992, nll_loss is                             
                    0.7001405090093613                                          
[02:19:55] INFO     Rank: 0 - Epoch:10/20, Batch:71,    progress_callback.py:218
                    loss:0.985531, finished 52.15%.                             
[02:20:02] INFO     Rank: 0 - Epoch:10/20, Batch:72,    progress_callback.py:218
                    loss:1.461722, finished 52.18%.                             
[02:20:08] INFO     Rank: 0 - Epoch:10/20, Batch:73,    progress_callback.py:218
                    loss:1.554312, finished 52.21%.                             
[02:20:16] INFO     Rank: 0 - Epoch:10/20, Batch:74,    progress_callback.py:218
                    loss:1.319647, finished 52.24%.                             
[02:20:23] INFO     Rank: 0 - Epoch:10/20, Batch:75,    progress_callback.py:218
                    loss:1.19685, finished 52.27%.                              
[02:20:30] INFO     Rank: 0 - Epoch:10/20, Batch:76,    progress_callback.py:218
                    loss:1.737235, finished 52.3%.                              
[02:20:37] INFO     Rank: 0 - Epoch:10/20, Batch:77,    progress_callback.py:218
                    loss:1.55248, finished 52.33%.                              
[02:20:45] INFO     Rank: 0 - Epoch:10/20, Batch:78,    progress_callback.py:218
                    loss:1.368529, finished 52.36%.                             
[02:21:06] INFO     Rank: 0 - Epoch:10/20, Batch:79,    progress_callback.py:218
                    loss:1.361223, finished 52.39%.                             
[02:21:14] INFO     Rank: 0 - Epoch:10/20, Batch:80,    progress_callback.py:218
                    loss:1.299296, finished 52.42%.                             
[02:21:23] INFO     Rank: 0 - Contrastive loss is                 callback.py:66
                    0.5925733983516693, nll_loss is                             
                    0.7772247612476348                                          
[02:21:24] INFO     Rank: 0 - Epoch:10/20, Batch:81,    progress_callback.py:218
                    loss:0.846688, finished 52.45%.                             
[02:21:32] INFO     Rank: 0 - Epoch:10/20, Batch:82,    progress_callback.py:218
                    loss:1.21717, finished 52.48%.                              
[02:21:40] INFO     Rank: 0 - Epoch:10/20, Batch:83,    progress_callback.py:218
                    loss:1.473113, finished 52.52%.                             
[02:21:49] INFO     Rank: 0 - Epoch:10/20, Batch:84,    progress_callback.py:218
                    loss:1.22387, finished 52.55%.                              
[02:22:01] INFO     Rank: 0 - Epoch:10/20, Batch:85,    progress_callback.py:218
                    loss:1.519111, finished 52.58%.                             
[02:22:23] INFO     Rank: 0 - Epoch:10/20, Batch:86,    progress_callback.py:218
                    loss:1.806254, finished 52.61%.                             
[02:22:32] INFO     Rank: 0 - Epoch:10/20, Batch:87,    progress_callback.py:218
                    loss:1.420326, finished 52.64%.                             
[02:22:40] INFO     Rank: 0 - Epoch:10/20, Batch:88,    progress_callback.py:218
                    loss:1.799597, finished 52.67%.                             
[02:22:51] INFO     Rank: 0 - Epoch:10/20, Batch:89,    progress_callback.py:218
                    loss:1.05805, finished 52.7%.                               
[02:23:02] INFO     Rank: 0 - Epoch:10/20, Batch:90,    progress_callback.py:218
                    loss:1.13853, finished 52.73%.                              
[02:23:23] INFO     Rank: 0 - Contrastive loss is                 callback.py:66
                    0.5427527338266372, nll_loss is                             
                    0.827549621462822                                           
[02:23:24] INFO     Rank: 0 - Epoch:10/20, Batch:91,    progress_callback.py:218
                    loss:1.047004, finished 52.76%.                             
[02:23:35] INFO     Rank: 0 - Epoch:10/20, Batch:92,    progress_callback.py:218
                    loss:0.862273, finished 52.79%.                             
[02:23:42] INFO     Rank: 0 - Epoch:10/20, Batch:93,    progress_callback.py:218
                    loss:1.296715, finished 52.82%.                             
[02:23:50] INFO     Rank: 0 - Epoch:10/20, Batch:94,    progress_callback.py:218
                    loss:1.103764, finished 52.85%.                             
[02:23:58] INFO     Rank: 0 - Epoch:10/20, Batch:95,    progress_callback.py:218
                    loss:1.588952, finished 52.88%.                             
[02:24:07] INFO     Rank: 0 - Epoch:10/20, Batch:96,    progress_callback.py:218
                    loss:1.109426, finished 52.91%.                             
[02:24:22] INFO     Rank: 0 - Epoch:10/20, Batch:97,    progress_callback.py:218
                    loss:1.69594, finished 52.94%.                              
[02:24:35] INFO     Rank: 0 - Epoch:10/20, Batch:98,    progress_callback.py:218
                    loss:1.022381, finished 52.97%.                             
[02:24:47] INFO     Rank: 0 - Epoch:10/20, Batch:99,    progress_callback.py:218
                    loss:1.26054, finished 53.0%.                               
[02:24:57] INFO     Rank: 0 - Epoch:10/20, Batch:100,   progress_callback.py:218
                    loss:1.394941, finished 53.03%.                             
[02:25:04] INFO     Rank: 0 - Contrastive loss is                 callback.py:66
                    0.5275221318006516, nll_loss is                             
                    0.7055493742227554                                          
[02:25:05] INFO     Rank: 0 - Epoch:10/20, Batch:101,   progress_callback.py:218
                    loss:0.995783, finished 53.06%.                             
[02:25:15] INFO     Rank: 0 - Epoch:10/20, Batch:102,   progress_callback.py:218
                    loss:1.675358, finished 53.09%.                             
[02:25:22] INFO     Rank: 0 - Epoch:10/20, Batch:103,   progress_callback.py:218
                    loss:1.598702, finished 53.12%.                             
[02:25:30] INFO     Rank: 0 - Epoch:10/20, Batch:104,   progress_callback.py:218
                    loss:1.686268, finished 53.15%.                             
[02:25:52] INFO     Rank: 0 - Epoch:10/20, Batch:105,   progress_callback.py:218
                    loss:0.877914, finished 53.18%.                             
[02:26:07] INFO     Rank: 0 - Epoch:10/20, Batch:106,   progress_callback.py:218
                    loss:1.484243, finished 53.21%.                             
[02:26:16] INFO     Rank: 0 - Epoch:10/20, Batch:107,   progress_callback.py:218
                    loss:1.171308, finished 53.24%.                             
[02:26:25] INFO     Rank: 0 - Epoch:10/20, Batch:108,   progress_callback.py:218
                    loss:1.129722, finished 53.27%.                             
[02:26:37] INFO     Rank: 0 - Epoch:10/20, Batch:109,   progress_callback.py:218
                    loss:1.351586, finished 53.3%.                              
[02:26:48] INFO     Rank: 0 - Epoch:10/20, Batch:110,   progress_callback.py:218
                    loss:1.361878, finished 53.33%.                             
           INFO     Rank: 0 -                                   evaluator.py:317
                    **********Evaluation starts**********                       
[02:27:17] INFO     Rank: 0 - **********Evaluation              evaluator.py:349
                    ends**********                                              
                                                                                
           INFO     Rank: 0 - ----------Eval. results   progress_callback.py:233
                    on Epoch:10, Batch:110----------                            
           INFO     Rank: 0 -                           progress_callback.py:238
                    {"torch_ngram#ngram-overlap":                               
                    0.44464460015296936}                                        
[02:27:27] INFO     Rank: 0 - Contrastive loss is                 callback.py:66
                    0.5773540645837784, nll_loss is                             
                    0.7887644499540329                                          
[02:27:32] INFO     Rank: 0 - Epoch:10/20, Batch:111,   progress_callback.py:218
                    loss:1.324206, finished 53.36%.                             
[02:27:44] INFO     Rank: 0 - Epoch:10/20, Batch:112,   progress_callback.py:218
                    loss:0.940559, finished 53.39%.                             
[02:27:53] INFO     Rank: 0 - Epoch:10/20, Batch:113,   progress_callback.py:218
                    loss:1.472948, finished 53.42%.                             
[02:28:23] INFO     Rank: 0 - Epoch:10/20, Batch:114,   progress_callback.py:218
                    loss:1.348002, finished 53.45%.                             
[02:28:55] INFO     Rank: 0 - Epoch:10/20, Batch:115,   progress_callback.py:218
                    loss:1.031018, finished 53.48%.                             
[02:29:14] INFO     Rank: 0 - Epoch:10/20, Batch:116,   progress_callback.py:218
                    loss:1.646635, finished 53.52%.                             
[02:29:33] INFO     Rank: 0 - Epoch:10/20, Batch:117,   progress_callback.py:218
                    loss:0.846359, finished 53.55%.                             
[02:29:53] INFO     Rank: 0 - Epoch:10/20, Batch:118,   progress_callback.py:218
                    loss:0.824988, finished 53.58%.                             
[02:30:15] INFO     Rank: 0 - Epoch:10/20, Batch:119,   progress_callback.py:218
                    loss:1.253661, finished 53.61%.                             
[02:30:23] INFO     Rank: 0 - Epoch:10/20, Batch:120,   progress_callback.py:218
                    loss:1.599313, finished 53.64%.                             
[02:30:28] INFO     Rank: 0 - Contrastive loss is                 callback.py:66
                    0.557477805018425, nll_loss is                              
                    0.6204646974802017                                          
[02:30:33] INFO     Rank: 0 - Epoch:10/20, Batch:121,   progress_callback.py:218
                    loss:0.815942, finished 53.67%.                             
[02:30:42] INFO     Rank: 0 - Epoch:10/20, Batch:122,   progress_callback.py:218
                    loss:1.186819, finished 53.7%.                              
[02:30:52] INFO     Rank: 0 - Epoch:10/20, Batch:123,   progress_callback.py:218
                    loss:1.594069, finished 53.73%.                             
[02:31:02] INFO     Rank: 0 - Epoch:10/20, Batch:124,   progress_callback.py:218
                    loss:1.478063, finished 53.76%.                             
[02:31:11] INFO     Rank: 0 - Epoch:10/20, Batch:125,   progress_callback.py:218
                    loss:1.164514, finished 53.79%.                             
[02:31:28] INFO     Rank: 0 - Epoch:10/20, Batch:126,   progress_callback.py:218
                    loss:0.991556, finished 53.82%.                             
[02:31:36] INFO     Rank: 0 - Epoch:10/20, Batch:127,   progress_callback.py:218
                    loss:1.117182, finished 53.85%.                             
[02:31:43] INFO     Rank: 0 - Epoch:10/20, Batch:128,   progress_callback.py:218
                    loss:1.495916, finished 53.88%.                             
[02:31:52] INFO     Rank: 0 - Epoch:10/20, Batch:129,   progress_callback.py:218
                    loss:1.003269, finished 53.91%.                             
[02:32:00] INFO     Rank: 0 - Epoch:10/20, Batch:130,   progress_callback.py:218
                    loss:1.640688, finished 53.94%.                             
[02:32:04] INFO     Rank: 0 - Contrastive loss is                 callback.py:66
                    0.5352827310562134, nll_loss is                             
                    0.7659908413887024                                          
[02:32:05] INFO     Rank: 0 - Epoch:10/20, Batch:131,   progress_callback.py:218
                    loss:1.340659, finished 53.97%.                             
[02:32:13] INFO     Rank: 0 - Epoch:10/20, Batch:132,   progress_callback.py:218
                    loss:1.335316, finished 54.0%.                              
[02:32:31] INFO     Rank: 0 - Epoch:10/20, Batch:133,   progress_callback.py:218
                    loss:1.178639, finished 54.03%.                             
[02:32:49] INFO     Rank: 0 - Epoch:10/20, Batch:134,   progress_callback.py:218
                    loss:1.254605, finished 54.06%.                             
[02:33:06] INFO     Rank: 0 - Epoch:10/20, Batch:135,   progress_callback.py:218
                    loss:1.290528, finished 54.09%.                             
[02:33:15] INFO     Rank: 0 - Epoch:10/20, Batch:136,   progress_callback.py:218
                    loss:1.466585, finished 54.12%.                             
[02:33:23] INFO     Rank: 0 - Epoch:10/20, Batch:137,   progress_callback.py:218
                    loss:1.289144, finished 54.15%.                             
[02:33:32] INFO     Rank: 0 - Epoch:10/20, Batch:138,   progress_callback.py:218
                    loss:1.036078, finished 54.18%.                             
[02:33:42] INFO     Rank: 0 - Epoch:10/20, Batch:139,   progress_callback.py:218
                    loss:1.295987, finished 54.21%.                             
[02:34:05] INFO     Rank: 0 - Epoch:10/20, Batch:140,   progress_callback.py:218
                    loss:0.93918, finished 54.24%.                              
[02:34:12] INFO     Rank: 0 - Contrastive loss is                 callback.py:66
                    0.5287373691797257, nll_loss is                             
                    0.7105363816022873                                          
           INFO     Rank: 0 - Epoch:10/20, Batch:141,   progress_callback.py:218
                    loss:1.306673, finished 54.27%.                             
[02:34:25] INFO     Rank: 0 - Epoch:10/20, Batch:142,   progress_callback.py:218
                    loss:1.275339, finished 54.3%.                              
[02:34:30] INFO     Rank: 0 - Epoch:10/20, Batch:143,   progress_callback.py:218
                    loss:1.043601, finished 54.33%.                             
[02:34:38] INFO     Rank: 0 - Epoch:10/20, Batch:144,   progress_callback.py:218
                    loss:1.323604, finished 54.36%.                             
[02:34:47] INFO     Rank: 0 - Epoch:10/20, Batch:145,   progress_callback.py:218
                    loss:1.246781, finished 54.39%.                             
[02:34:58] INFO     Rank: 0 - Epoch:10/20, Batch:146,   progress_callback.py:218
                    loss:1.300722, finished 54.42%.                             
[02:35:12] INFO     Rank: 0 - Epoch:10/20, Batch:147,   progress_callback.py:218
                    loss:1.345719, finished 54.45%.                             
[02:35:26] INFO     Rank: 0 - Epoch:10/20, Batch:148,   progress_callback.py:218
                    loss:0.970711, finished 54.48%.                             
[02:35:32] INFO     Rank: 0 - Epoch:10/20, Batch:149,   progress_callback.py:218
                    loss:1.57368, finished 54.52%.                              
[02:35:42] INFO     Rank: 0 - Epoch:10/20, Batch:150,   progress_callback.py:218
                    loss:1.434274, finished 54.55%.                             
           INFO     Rank: 0 -                                   evaluator.py:317
                    **********Evaluation starts**********                       
[02:36:10] INFO     Rank: 0 - **********Evaluation              evaluator.py:349
                    ends**********                                              
                                                                                
           INFO     Rank: 0 - ----------Eval. results   progress_callback.py:233
                    on Epoch:10, Batch:150----------                            
           INFO     Rank: 0 -                           progress_callback.py:238
                    {"torch_ngram#ngram-overlap":                               
                    0.44646528363227844}                                        
[02:36:18] INFO     Rank: 0 - Contrastive loss is                 callback.py:66
                    0.5116105794906616, nll_loss is                             
                    0.7595675468444825                                          
[02:36:19] INFO     Rank: 0 - Epoch:10/20, Batch:151,   progress_callback.py:218
                    loss:1.19735, finished 54.58%.                              
[02:36:34] INFO     Rank: 0 - Epoch:10/20, Batch:152,   progress_callback.py:218
                    loss:1.479799, finished 54.61%.                             
[02:36:44] INFO     Rank: 0 - Epoch:10/20, Batch:153,   progress_callback.py:218
                    loss:1.62099, finished 54.64%.                              
[02:36:53] INFO     Rank: 0 - Epoch:10/20, Batch:154,   progress_callback.py:218
                    loss:1.313157, finished 54.67%.                             
[02:37:01] INFO     Rank: 0 - Epoch:10/20, Batch:155,   progress_callback.py:218
                    loss:1.232061, finished 54.7%.                              
[02:37:08] INFO     Rank: 0 - Epoch:10/20, Batch:156,   progress_callback.py:218
                    loss:1.825578, finished 54.73%.                             
[02:37:18] INFO     Rank: 0 - Epoch:10/20, Batch:157,   progress_callback.py:218
                    loss:1.393985, finished 54.76%.                             
[02:37:25] INFO     Rank: 0 - Epoch:10/20, Batch:158,   progress_callback.py:218
                    loss:1.403665, finished 54.79%.                             
[02:37:35] INFO     Rank: 0 - Epoch:10/20, Batch:159,   progress_callback.py:218
                    loss:1.551319, finished 54.82%.                             
[02:37:54] INFO     Rank: 0 - Epoch:10/20, Batch:160,   progress_callback.py:218
                    loss:1.486011, finished 54.85%.                             
[02:38:00] INFO     Rank: 0 - Contrastive loss is                 callback.py:66
                    0.6607709050178527, nll_loss is                             
                    0.8221691370010376                                          
[02:38:03] INFO     Rank: 0 - Epoch:10/20, Batch:161,   progress_callback.py:218
                    loss:1.522835, finished 54.88%.                             
[02:38:11] INFO     Rank: 0 - Epoch:10/20, Batch:162,   progress_callback.py:218
                    loss:1.221463, finished 54.91%.                             
[02:38:18] INFO     Rank: 0 - Epoch:10/20, Batch:163,   progress_callback.py:218
                    loss:0.950227, finished 54.94%.                             
[02:38:25] INFO     Rank: 0 - Epoch:10/20, Batch:164,   progress_callback.py:218
                    loss:1.453727, finished 54.97%.                             
[02:38:31] INFO     Rank: 0 - Epoch:10/20, Batch:165,   progress_callback.py:218
                    loss:0.670792, finished 55.0%.                              
           INFO     Rank: 0 -                           progress_callback.py:204
                    **********Epoch:11 starts**********                         
[02:38:39] INFO     Rank: 0 - Epoch:11/20, Batch:1,     progress_callback.py:218
                    loss:1.052027, finished 55.03%.                             
[02:38:45] INFO     Rank: 0 - Epoch:11/20, Batch:2,     progress_callback.py:218
                    loss:1.563104, finished 55.06%.                             
[02:38:57] INFO     Rank: 0 - Epoch:11/20, Batch:3,     progress_callback.py:218
                    loss:1.111248, finished 55.09%.                             
[02:39:11] INFO     Rank: 0 - Epoch:11/20, Batch:4,     progress_callback.py:218
                    loss:1.176261, finished 55.12%.                             
[02:39:22] INFO     Rank: 0 - Epoch:11/20, Batch:5,     progress_callback.py:218
                    loss:1.122188, finished 55.15%.                             
[02:39:27] INFO     Rank: 0 - Contrastive loss is                 callback.py:66
                    0.5335001349449158, nll_loss is                             
                    0.6591050505638123                                          
[02:39:31] INFO     Rank: 0 - Epoch:11/20, Batch:6,     progress_callback.py:218
                    loss:1.605015, finished 55.18%.                             
[02:39:39] INFO     Rank: 0 - Epoch:11/20, Batch:7,     progress_callback.py:218
                    loss:1.118812, finished 55.21%.                             
[02:39:52] INFO     Rank: 0 - Epoch:11/20, Batch:8,     progress_callback.py:218
                    loss:1.482301, finished 55.24%.                             
[02:39:58] INFO     Rank: 0 - Epoch:11/20, Batch:9,     progress_callback.py:218
                    loss:1.640928, finished 55.27%.                             
[02:40:16] INFO     Rank: 0 - Epoch:11/20, Batch:10,    progress_callback.py:218
                    loss:1.394659, finished 55.3%.                              
[02:40:29] INFO     Rank: 0 - Epoch:11/20, Batch:11,    progress_callback.py:218
                    loss:1.218086, finished 55.33%.                             
[02:40:39] INFO     Rank: 0 - Epoch:11/20, Batch:12,    progress_callback.py:218
                    loss:1.242126, finished 55.36%.                             
[02:40:50] INFO     Rank: 0 - Epoch:11/20, Batch:13,    progress_callback.py:218
                    loss:1.250805, finished 55.39%.                             
[02:41:02] INFO     Rank: 0 - Epoch:11/20, Batch:14,    progress_callback.py:218
                    loss:1.30997, finished 55.42%.                              
[02:41:13] INFO     Rank: 0 - Epoch:11/20, Batch:15,    progress_callback.py:218
                    loss:1.533164, finished 55.45%.                             
[02:41:29] INFO     Rank: 0 - Contrastive loss is                 callback.py:66
                    0.5517200231552124, nll_loss is                             
                    0.8155515670776368                                          
           INFO     Rank: 0 - Epoch:11/20, Batch:16,    progress_callback.py:218
                    loss:1.481866, finished 55.48%.                             
[02:41:46] INFO     Rank: 0 - Epoch:11/20, Batch:17,    progress_callback.py:218
                    loss:1.241519, finished 55.52%.                             
[02:41:55] INFO     Rank: 0 - Epoch:11/20, Batch:18,    progress_callback.py:218
                    loss:1.294379, finished 55.55%.                             
[02:42:09] INFO     Rank: 0 - Epoch:11/20, Batch:19,    progress_callback.py:218
                    loss:1.391926, finished 55.58%.                             
[02:42:19] INFO     Rank: 0 - Epoch:11/20, Batch:20,    progress_callback.py:218
                    loss:1.602552, finished 55.61%.                             
[02:42:31] INFO     Rank: 0 - Epoch:11/20, Batch:21,    progress_callback.py:218
                    loss:1.107514, finished 55.64%.                             
[02:42:42] INFO     Rank: 0 - Epoch:11/20, Batch:22,    progress_callback.py:218
                    loss:1.628671, finished 55.67%.                             
[02:43:00] INFO     Rank: 0 - Epoch:11/20, Batch:23,    progress_callback.py:218
                    loss:1.432165, finished 55.7%.                              
[02:43:10] INFO     Rank: 0 - Epoch:11/20, Batch:24,    progress_callback.py:218
                    loss:1.248377, finished 55.73%.                             
[02:43:19] INFO     Rank: 0 - Epoch:11/20, Batch:25,    progress_callback.py:218
                    loss:1.594277, finished 55.76%.                             
           INFO     Rank: 0 -                                   evaluator.py:317
                    **********Evaluation starts**********                       
[02:43:48] INFO     Rank: 0 - **********Evaluation              evaluator.py:349
                    ends**********                                              
                                                                                
           INFO     Rank: 0 - ----------Eval. results   progress_callback.py:233
                    on Epoch:11, Batch:25----------                             
           INFO     Rank: 0 -                           progress_callback.py:238
                    {"torch_ngram#ngram-overlap":                               
                    0.44606447219848633}                                        
[02:43:55] INFO     Rank: 0 - Contrastive loss is                 callback.py:66
                    0.5897524237632752, nll_loss is                             
                    0.7968623876571655                                          
[02:43:58] INFO     Rank: 0 - Epoch:11/20, Batch:26,    progress_callback.py:218
                    loss:1.324768, finished 55.79%.                             
[02:44:11] INFO     Rank: 0 - Epoch:11/20, Batch:27,    progress_callback.py:218
                    loss:1.57946, finished 55.82%.                              
[02:44:21] INFO     Rank: 0 - Epoch:11/20, Batch:28,    progress_callback.py:218
                    loss:0.691406, finished 55.85%.                             
[02:44:35] INFO     Rank: 0 - Epoch:11/20, Batch:29,    progress_callback.py:218
                    loss:1.16823, finished 55.88%.                              
[02:44:45] INFO     Rank: 0 - Epoch:11/20, Batch:30,    progress_callback.py:218
                    loss:1.157624, finished 55.91%.                             
[02:45:06] INFO     Rank: 0 - Epoch:11/20, Batch:31,    progress_callback.py:218
                    loss:0.997245, finished 55.94%.                             
[02:45:20] INFO     Rank: 0 - Epoch:11/20, Batch:32,    progress_callback.py:218
                    loss:1.386151, finished 55.97%.                             
[02:45:29] INFO     Rank: 0 - Epoch:11/20, Batch:33,    progress_callback.py:218
                    loss:1.36463, finished 56.0%.                               
[02:45:37] INFO     Rank: 0 - Epoch:11/20, Batch:34,    progress_callback.py:218
                    loss:1.097177, finished 56.03%.                             
[02:45:47] INFO     Rank: 0 - Epoch:11/20, Batch:35,    progress_callback.py:218
                    loss:1.191756, finished 56.06%.                             
[02:45:55] INFO     Rank: 0 - Contrastive loss is                 callback.py:66
                    0.5247885167598725, nll_loss is                             
                    0.6650158345699311                                          
[02:45:56] INFO     Rank: 0 - Epoch:11/20, Batch:36,    progress_callback.py:218
                    loss:1.264364, finished 56.09%.                             
[02:46:06] INFO     Rank: 0 - Epoch:11/20, Batch:37,    progress_callback.py:218
                    loss:1.289931, finished 56.12%.                             
[02:46:37] INFO     Rank: 0 - Epoch:11/20, Batch:38,    progress_callback.py:218
                    loss:1.409845, finished 56.15%.                             
[02:46:48] INFO     Rank: 0 - Epoch:11/20, Batch:39,    progress_callback.py:218
                    loss:1.111392, finished 56.18%.                             
[02:46:55] INFO     Rank: 0 - Epoch:11/20, Batch:40,    progress_callback.py:218
                    loss:1.958055, finished 56.21%.                             
[02:47:06] INFO     Rank: 0 - Epoch:11/20, Batch:41,    progress_callback.py:218
                    loss:1.39133, finished 56.24%.                              
[02:47:16] INFO     Rank: 0 - Epoch:11/20, Batch:42,    progress_callback.py:218
                    loss:1.269687, finished 56.27%.                             
[02:47:35] INFO     Rank: 0 - Epoch:11/20, Batch:43,    progress_callback.py:218
                    loss:1.094094, finished 56.3%.                              
[02:47:54] INFO     Rank: 0 - Epoch:11/20, Batch:44,    progress_callback.py:218
                    loss:1.416727, finished 56.33%.                             
[02:48:04] INFO     Rank: 0 - Epoch:11/20, Batch:45,    progress_callback.py:218
                    loss:1.497626, finished 56.36%.                             
[02:48:11] INFO     Rank: 0 - Contrastive loss is                 callback.py:66
                    0.5810553580522537, nll_loss is                             
                    0.7610510498285293                                          
           INFO     Rank: 0 - Epoch:11/20, Batch:46,    progress_callback.py:218
                    loss:0.982377, finished 56.39%.                             
[02:48:19] INFO     Rank: 0 - Epoch:11/20, Batch:47,    progress_callback.py:218
                    loss:1.153475, finished 56.42%.                             
[02:48:30] INFO     Rank: 0 - Epoch:11/20, Batch:48,    progress_callback.py:218
                    loss:0.593836, finished 56.45%.                             
[02:48:40] INFO     Rank: 0 - Epoch:11/20, Batch:49,    progress_callback.py:218
                    loss:1.339141, finished 56.48%.                             
[02:48:47] INFO     Rank: 0 - Epoch:11/20, Batch:50,    progress_callback.py:218
                    loss:1.60864, finished 56.52%.                              
[02:49:06] INFO     Rank: 0 - Epoch:11/20, Batch:51,    progress_callback.py:218
                    loss:1.176074, finished 56.55%.                             
[02:49:13] INFO     Rank: 0 - Epoch:11/20, Batch:52,    progress_callback.py:218
                    loss:1.402616, finished 56.58%.                             
[02:49:21] INFO     Rank: 0 - Epoch:11/20, Batch:53,    progress_callback.py:218
                    loss:1.356618, finished 56.61%.                             
[02:49:31] INFO     Rank: 0 - Epoch:11/20, Batch:54,    progress_callback.py:218
                    loss:1.150198, finished 56.64%.                             
[02:49:42] INFO     Rank: 0 - Epoch:11/20, Batch:55,    progress_callback.py:218
                    loss:1.142403, finished 56.67%.                             
[02:49:51] INFO     Rank: 0 - Contrastive loss is                 callback.py:66
                    0.497102764248848, nll_loss is                              
                    0.723636707663536                                           
[02:49:52] INFO     Rank: 0 - Epoch:11/20, Batch:56,    progress_callback.py:218
                    loss:1.284394, finished 56.7%.                              
[02:49:59] INFO     Rank: 0 - Epoch:11/20, Batch:57,    progress_callback.py:218
                    loss:1.26617, finished 56.73%.                              
[02:50:14] INFO     Rank: 0 - Epoch:11/20, Batch:58,    progress_callback.py:218
                    loss:1.263017, finished 56.76%.                             
[02:50:26] INFO     Rank: 0 - Epoch:11/20, Batch:59,    progress_callback.py:218
                    loss:0.904372, finished 56.79%.                             
[02:50:35] INFO     Rank: 0 - Epoch:11/20, Batch:60,    progress_callback.py:218
                    loss:1.033559, finished 56.82%.                             
[02:50:45] INFO     Rank: 0 - Epoch:11/20, Batch:61,    progress_callback.py:218
                    loss:1.402339, finished 56.85%.                             
[02:50:54] INFO     Rank: 0 - Epoch:11/20, Batch:62,    progress_callback.py:218
                    loss:1.259722, finished 56.88%.                             
[02:51:04] INFO     Rank: 0 - Epoch:11/20, Batch:63,    progress_callback.py:218
                    loss:1.632184, finished 56.91%.                             
[02:51:14] INFO     Rank: 0 - Epoch:11/20, Batch:64,    progress_callback.py:218
                    loss:1.315551, finished 56.94%.                             
[02:51:37] INFO     Rank: 0 - Epoch:11/20, Batch:65,    progress_callback.py:218
                    loss:1.286346, finished 56.97%.                             
           INFO     Rank: 0 -                                   evaluator.py:317
                    **********Evaluation starts**********                       
[02:52:07] INFO     Rank: 0 - **********Evaluation              evaluator.py:349
                    ends**********                                              
                                                                                
           INFO     Rank: 0 - ----------Eval. results   progress_callback.py:233
                    on Epoch:11, Batch:65----------                             
           INFO     Rank: 0 -                           progress_callback.py:238
                    {"torch_ngram#ngram-overlap":                               
                    0.44388601183891296}                                        
[02:52:16] INFO     Rank: 0 - Contrastive loss is                 callback.py:66
                    0.5676542460918427, nll_loss is                             
                    0.6884939312934876                                          
           INFO     Rank: 0 - Epoch:11/20, Batch:66,    progress_callback.py:218
                    loss:1.198223, finished 57.0%.                              
[02:52:25] INFO     Rank: 0 - Epoch:11/20, Batch:67,    progress_callback.py:218
                    loss:1.294515, finished 57.03%.                             
[02:52:36] INFO     Rank: 0 - Epoch:11/20, Batch:68,    progress_callback.py:218
                    loss:1.043133, finished 57.06%.                             
[02:52:50] INFO     Rank: 0 - Epoch:11/20, Batch:69,    progress_callback.py:218
                    loss:1.46614, finished 57.09%.                              
[02:53:00] INFO     Rank: 0 - Epoch:11/20, Batch:70,    progress_callback.py:218
                    loss:1.229471, finished 57.12%.                             
[02:53:12] INFO     Rank: 0 - Epoch:11/20, Batch:71,    progress_callback.py:218
                    loss:1.191534, finished 57.15%.                             
[02:53:21] INFO     Rank: 0 - Epoch:11/20, Batch:72,    progress_callback.py:218
                    loss:1.416386, finished 57.18%.                             
[02:53:29] INFO     Rank: 0 - Epoch:11/20, Batch:73,    progress_callback.py:218
                    loss:1.347535, finished 57.21%.                             
[02:53:36] INFO     Rank: 0 - Epoch:11/20, Batch:74,    progress_callback.py:218
                    loss:1.502926, finished 57.24%.                             
[02:53:47] INFO     Rank: 0 - Epoch:11/20, Batch:75,    progress_callback.py:218
                    loss:1.535948, finished 57.27%.                             
[02:53:58] INFO     Rank: 0 - Contrastive loss is                 callback.py:66
                    0.6138083726167679, nll_loss is                             
                    0.7697064012289048                                          
[02:54:02] INFO     Rank: 0 - Epoch:11/20, Batch:76,    progress_callback.py:218
                    loss:1.807558, finished 57.3%.                              
[02:54:15] INFO     Rank: 0 - Epoch:11/20, Batch:77,    progress_callback.py:218
                    loss:1.434377, finished 57.33%.                             
[02:54:24] INFO     Rank: 0 - Epoch:11/20, Batch:78,    progress_callback.py:218
                    loss:1.054306, finished 57.36%.                             
[02:54:34] INFO     Rank: 0 - Epoch:11/20, Batch:79,    progress_callback.py:218
                    loss:1.325377, finished 57.39%.                             
[02:54:40] INFO     Rank: 0 - Epoch:11/20, Batch:80,    progress_callback.py:218
                    loss:1.63588, finished 57.42%.                              
[02:54:52] INFO     Rank: 0 - Epoch:11/20, Batch:81,    progress_callback.py:218
                    loss:1.323871, finished 57.45%.                             
[02:55:00] INFO     Rank: 0 - Epoch:11/20, Batch:82,    progress_callback.py:218
                    loss:1.443663, finished 57.48%.                             
[02:55:11] INFO     Rank: 0 - Epoch:11/20, Batch:83,    progress_callback.py:218
                    loss:1.571796, finished 57.52%.                             
[02:55:23] INFO     Rank: 0 - Epoch:11/20, Batch:84,    progress_callback.py:218
                    loss:1.331228, finished 57.55%.                             
[02:55:31] INFO     Rank: 0 - Epoch:11/20, Batch:85,    progress_callback.py:218
                    loss:1.620929, finished 57.58%.                             
[02:55:38] INFO     Rank: 0 - Contrastive loss is                 callback.py:66
                    0.5799377053976059, nll_loss is                             
                    0.8216080218553543                                          
           INFO     Rank: 0 - Epoch:11/20, Batch:86,    progress_callback.py:218
                    loss:1.274031, finished 57.61%.                             
[02:55:52] INFO     Rank: 0 - Epoch:11/20, Batch:87,    progress_callback.py:218
                    loss:1.326007, finished 57.64%.                             
[02:56:02] INFO     Rank: 0 - Epoch:11/20, Batch:88,    progress_callback.py:218
                    loss:1.051991, finished 57.67%.                             
[02:56:12] INFO     Rank: 0 - Epoch:11/20, Batch:89,    progress_callback.py:218
                    loss:1.602054, finished 57.7%.                              
[02:56:32] INFO     Rank: 0 - Epoch:11/20, Batch:90,    progress_callback.py:218
                    loss:1.218383, finished 57.73%.                             
[02:56:43] INFO     Rank: 0 - Epoch:11/20, Batch:91,    progress_callback.py:218
                    loss:1.430604, finished 57.76%.                             
[02:56:53] INFO     Rank: 0 - Epoch:11/20, Batch:92,    progress_callback.py:218
                    loss:1.102034, finished 57.79%.                             
[02:57:03] INFO     Rank: 0 - Epoch:11/20, Batch:93,    progress_callback.py:218
                    loss:1.235287, finished 57.82%.                             
[02:57:14] INFO     Rank: 0 - Epoch:11/20, Batch:94,    progress_callback.py:218
                    loss:1.231621, finished 57.85%.                             
[02:57:27] INFO     Rank: 0 - Epoch:11/20, Batch:95,    progress_callback.py:218
                    loss:1.496284, finished 57.88%.                             
[02:57:34] INFO     Rank: 0 - Contrastive loss is                 callback.py:66
                    0.5245157450437545, nll_loss is                             
                    0.7549239546060562                                          
[02:57:36] INFO     Rank: 0 - Epoch:11/20, Batch:96,    progress_callback.py:218
                    loss:1.100132, finished 57.91%.                             
[02:57:48] INFO     Rank: 0 - Epoch:11/20, Batch:97,    progress_callback.py:218
                    loss:1.089123, finished 57.94%.                             
[02:57:59] INFO     Rank: 0 - Epoch:11/20, Batch:98,    progress_callback.py:218
                    loss:1.328148, finished 57.97%.                             
[02:58:10] INFO     Rank: 0 - Epoch:11/20, Batch:99,    progress_callback.py:218
                    loss:1.38485, finished 58.0%.                               
[02:58:20] INFO     Rank: 0 - Epoch:11/20, Batch:100,   progress_callback.py:218
                    loss:1.495802, finished 58.03%.                             
[02:58:29] INFO     Rank: 0 - Epoch:11/20, Batch:101,   progress_callback.py:218
                    loss:1.655396, finished 58.06%.                             
[02:58:40] INFO     Rank: 0 - Epoch:11/20, Batch:102,   progress_callback.py:218
                    loss:1.452419, finished 58.09%.                             
[02:58:53] INFO     Rank: 0 - Epoch:11/20, Batch:103,   progress_callback.py:218
                    loss:1.417057, finished 58.12%.                             
[02:59:06] INFO     Rank: 0 - Epoch:11/20, Batch:104,   progress_callback.py:218
                    loss:0.996846, finished 58.15%.                             
[02:59:13] INFO     Rank: 0 - Epoch:11/20, Batch:105,   progress_callback.py:218
                    loss:1.415941, finished 58.18%.                             
           INFO     Rank: 0 -                                   evaluator.py:317
                    **********Evaluation starts**********                       
[02:59:41] INFO     Rank: 0 - **********Evaluation              evaluator.py:349
                    ends**********                                              
                                                                                
           INFO     Rank: 0 - ----------Eval. results   progress_callback.py:233
                    on Epoch:11, Batch:105----------                            
           INFO     Rank: 0 -                           progress_callback.py:238
                    {"torch_ngram#ngram-overlap":                               
                    0.44775840640068054}                                        
 ============= save model at results/2023-03-25-21_28_56_059637/epoch-11_step-1920.pt ============= 
save hyperparams in  results/2023-03-25-21_28_56_059637/hyperparams.txt
[02:59:49] INFO     Rank: 0 - Contrastive loss is                 callback.py:66
                    0.5961738377809525, nll_loss is                             
                    0.7215251296758651                                          
[02:59:53] INFO     Rank: 0 - Epoch:11/20, Batch:106,   progress_callback.py:218
                    loss:0.941409, finished 58.21%.                             
[03:00:18] INFO     Rank: 0 - Epoch:11/20, Batch:107,   progress_callback.py:218
                    loss:1.324379, finished 58.24%.                             
[03:00:26] INFO     Rank: 0 - Epoch:11/20, Batch:108,   progress_callback.py:218
                    loss:1.170943, finished 58.27%.                             
[03:00:35] INFO     Rank: 0 - Epoch:11/20, Batch:109,   progress_callback.py:218
                    loss:1.067889, finished 58.3%.                              
[03:00:41] INFO     Rank: 0 - Epoch:11/20, Batch:110,   progress_callback.py:218
                    loss:0.910935, finished 58.33%.                             
[03:00:48] INFO     Rank: 0 - Epoch:11/20, Batch:111,   progress_callback.py:218
                    loss:1.251208, finished 58.36%.                             
[03:01:01] INFO     Rank: 0 - Epoch:11/20, Batch:112,   progress_callback.py:218
                    loss:1.281629, finished 58.39%.                             
[03:01:17] INFO     Rank: 0 - Epoch:11/20, Batch:113,   progress_callback.py:218
                    loss:1.16835, finished 58.42%.                              
[03:01:30] INFO     Rank: 0 - Epoch:11/20, Batch:114,   progress_callback.py:218
                    loss:1.251513, finished 58.45%.                             
[03:01:39] INFO     Rank: 0 - Epoch:11/20, Batch:115,   progress_callback.py:218
                    loss:1.586081, finished 58.48%.                             
[03:01:46] INFO     Rank: 0 - Contrastive loss is                 callback.py:66
                    0.5680920273065567, nll_loss is                             
                    0.676336607336998                                           
[03:01:50] INFO     Rank: 0 - Epoch:11/20, Batch:116,   progress_callback.py:218
                    loss:1.431359, finished 58.52%.                             
[03:01:58] INFO     Rank: 0 - Epoch:11/20, Batch:117,   progress_callback.py:218
                    loss:1.333905, finished 58.55%.                             
[03:02:10] INFO     Rank: 0 - Epoch:11/20, Batch:118,   progress_callback.py:218
                    loss:1.717448, finished 58.58%.                             
[03:02:17] INFO     Rank: 0 - Epoch:11/20, Batch:119,   progress_callback.py:218
                    loss:1.648688, finished 58.61%.                             
[03:02:37] INFO     Rank: 0 - Epoch:11/20, Batch:120,   progress_callback.py:218
                    loss:1.169708, finished 58.64%.                             
[03:02:50] INFO     Rank: 0 - Epoch:11/20, Batch:121,   progress_callback.py:218
                    loss:1.334918, finished 58.67%.                             
[03:03:00] INFO     Rank: 0 - Epoch:11/20, Batch:122,   progress_callback.py:218
                    loss:0.805534, finished 58.7%.                              
[03:03:11] INFO     Rank: 0 - Epoch:11/20, Batch:123,   progress_callback.py:218
                    loss:0.917228, finished 58.73%.                             
[03:03:20] INFO     Rank: 0 - Epoch:11/20, Batch:124,   progress_callback.py:218
                    loss:0.792145, finished 58.76%.                             
[03:03:30] INFO     Rank: 0 - Epoch:11/20, Batch:125,   progress_callback.py:218
                    loss:1.471947, finished 58.79%.                             
[03:03:36] INFO     Rank: 0 - Contrastive loss is                 callback.py:66
                    0.5480044513940812, nll_loss is                             
                    0.7367209643125534                                          
[03:03:37] INFO     Rank: 0 - Epoch:11/20, Batch:126,   progress_callback.py:218
                    loss:1.655733, finished 58.82%.                             
[03:03:49] INFO     Rank: 0 - Epoch:11/20, Batch:127,   progress_callback.py:218
                    loss:1.232156, finished 58.85%.                             
[03:04:03] INFO     Rank: 0 - Epoch:11/20, Batch:128,   progress_callback.py:218
                    loss:1.433379, finished 58.88%.                             
[03:04:12] INFO     Rank: 0 - Epoch:11/20, Batch:129,   progress_callback.py:218
                    loss:1.199246, finished 58.91%.                             
[03:04:23] INFO     Rank: 0 - Epoch:11/20, Batch:130,   progress_callback.py:218
                    loss:1.606719, finished 58.94%.                             
[03:04:30] INFO     Rank: 0 - Epoch:11/20, Batch:131,   progress_callback.py:218
                    loss:1.342854, finished 58.97%.                             
[03:04:39] INFO     Rank: 0 - Epoch:11/20, Batch:132,   progress_callback.py:218
                    loss:1.51915, finished 59.0%.                               
[03:04:49] INFO     Rank: 0 - Epoch:11/20, Batch:133,   progress_callback.py:218
                    loss:1.30065, finished 59.03%.                              
[03:04:56] INFO     Rank: 0 - Epoch:11/20, Batch:134,   progress_callback.py:218
                    loss:1.093302, finished 59.06%.                             
[03:05:13] INFO     Rank: 0 - Epoch:11/20, Batch:135,   progress_callback.py:218
                    loss:1.814693, finished 59.09%.                             
[03:05:20] INFO     Rank: 0 - Contrastive loss is                 callback.py:66
                    0.632964450120926, nll_loss is                              
                    0.7322794735431671                                          
           INFO     Rank: 0 - Epoch:11/20, Batch:136,   progress_callback.py:218
                    loss:1.110292, finished 59.12%.                             
[03:05:29] INFO     Rank: 0 - Epoch:11/20, Batch:137,   progress_callback.py:218
                    loss:1.219505, finished 59.15%.                             
[03:05:39] INFO     Rank: 0 - Epoch:11/20, Batch:138,   progress_callback.py:218
                    loss:0.639115, finished 59.18%.                             
[03:05:48] INFO     Rank: 0 - Epoch:11/20, Batch:139,   progress_callback.py:218
                    loss:1.054619, finished 59.21%.                             
[03:06:00] INFO     Rank: 0 - Epoch:11/20, Batch:140,   progress_callback.py:218
                    loss:1.478194, finished 59.24%.                             
[03:06:11] INFO     Rank: 0 - Epoch:11/20, Batch:141,   progress_callback.py:218
                    loss:1.039496, finished 59.27%.                             
[03:06:24] INFO     Rank: 0 - Epoch:11/20, Batch:142,   progress_callback.py:218
                    loss:1.491984, finished 59.3%.                              
[03:06:35] INFO     Rank: 0 - Epoch:11/20, Batch:143,   progress_callback.py:218
                    loss:1.477334, finished 59.33%.                             
[03:06:41] INFO     Rank: 0 - Epoch:11/20, Batch:144,   progress_callback.py:218
                    loss:1.503478, finished 59.36%.                             
[03:06:49] INFO     Rank: 0 - Epoch:11/20, Batch:145,   progress_callback.py:218
                    loss:1.277044, finished 59.39%.                             
           INFO     Rank: 0 -                                   evaluator.py:317
                    **********Evaluation starts**********                       
[03:07:17] INFO     Rank: 0 - **********Evaluation              evaluator.py:349
                    ends**********                                              
                                                                                
           INFO     Rank: 0 - ----------Eval. results   progress_callback.py:233
                    on Epoch:11, Batch:145----------                            
           INFO     Rank: 0 -                           progress_callback.py:238
                    {"torch_ngram#ngram-overlap":                               
                    0.4467036724090576}                                         
[03:07:28] INFO     Rank: 0 - Contrastive loss is                 callback.py:66
                    0.5190722554922104, nll_loss is                             
                    0.683082202076912                                           
           INFO     Rank: 0 - Epoch:11/20, Batch:146,   progress_callback.py:218
                    loss:0.840775, finished 59.42%.                             
[03:07:47] INFO     Rank: 0 - Epoch:11/20, Batch:147,   progress_callback.py:218
                    loss:0.966773, finished 59.45%.                             
[03:08:02] INFO     Rank: 0 - Epoch:11/20, Batch:148,   progress_callback.py:218
                    loss:1.391073, finished 59.48%.                             
[03:08:08] INFO     Rank: 0 - Epoch:11/20, Batch:149,   progress_callback.py:218
                    loss:1.095749, finished 59.52%.                             
[03:08:18] INFO     Rank: 0 - Epoch:11/20, Batch:150,   progress_callback.py:218
                    loss:1.373576, finished 59.55%.                             
[03:08:29] INFO     Rank: 0 - Epoch:11/20, Batch:151,   progress_callback.py:218
                    loss:1.330397, finished 59.58%.                             
[03:08:38] INFO     Rank: 0 - Epoch:11/20, Batch:152,   progress_callback.py:218
                    loss:1.460238, finished 59.61%.                             
[03:09:05] INFO     Rank: 0 - Epoch:11/20, Batch:153,   progress_callback.py:218
                    loss:0.71621, finished 59.64%.                              
[03:09:21] INFO     Rank: 0 - Epoch:11/20, Batch:154,   progress_callback.py:218
                    loss:1.748762, finished 59.67%.                             
[03:09:37] INFO     Rank: 0 - Epoch:11/20, Batch:155,   progress_callback.py:218
                    loss:1.480101, finished 59.7%.                              
[03:09:44] INFO     Rank: 0 - Contrastive loss is                 callback.py:66
                    0.5607409685850143, nll_loss is                             
                    0.7602556496858597                                          
[03:09:53] INFO     Rank: 0 - Epoch:11/20, Batch:156,   progress_callback.py:218
                    loss:1.647087, finished 59.73%.                             
[03:10:02] INFO     Rank: 0 - Epoch:11/20, Batch:157,   progress_callback.py:218
                    loss:1.389113, finished 59.76%.                             
[03:10:23] INFO     Rank: 0 - Epoch:11/20, Batch:158,   progress_callback.py:218
                    loss:1.588409, finished 59.79%.                             
[03:10:36] INFO     Rank: 0 - Epoch:11/20, Batch:159,   progress_callback.py:218
                    loss:1.268194, finished 59.82%.                             
[03:10:43] INFO     Rank: 0 - Epoch:11/20, Batch:160,   progress_callback.py:218
                    loss:1.360031, finished 59.85%.                             
[03:10:53] INFO     Rank: 0 - Epoch:11/20, Batch:161,   progress_callback.py:218
                    loss:1.21312, finished 59.88%.                              
[03:11:03] INFO     Rank: 0 - Epoch:11/20, Batch:162,   progress_callback.py:218
                    loss:1.165857, finished 59.91%.                             
[03:11:13] INFO     Rank: 0 - Epoch:11/20, Batch:163,   progress_callback.py:218
                    loss:1.051314, finished 59.94%.                             
[03:11:24] INFO     Rank: 0 - Epoch:11/20, Batch:164,   progress_callback.py:218
                    loss:1.382937, finished 59.97%.                             
[03:11:42] INFO     Rank: 0 - Epoch:11/20, Batch:165,   progress_callback.py:218
                    loss:1.265183, finished 60.0%.                              
           INFO     Rank: 0 -                           progress_callback.py:204
                    **********Epoch:12 starts**********                         
[03:11:57] INFO     Rank: 0 - Contrastive loss is                 callback.py:66
                    0.5152822524309159, nll_loss is                             
                    0.8054483026266098                                          
           INFO     Rank: 0 - Epoch:12/20, Batch:1,     progress_callback.py:218
                    loss:1.523147, finished 60.03%.                             
[03:12:15] INFO     Rank: 0 - Epoch:12/20, Batch:2,     progress_callback.py:218
                    loss:1.192631, finished 60.06%.                             
[03:12:33] INFO     Rank: 0 - Epoch:12/20, Batch:3,     progress_callback.py:218
                    loss:1.004372, finished 60.09%.                             
[03:12:59] INFO     Rank: 0 - Epoch:12/20, Batch:4,     progress_callback.py:218
                    loss:1.268571, finished 60.12%.                             
[03:13:10] INFO     Rank: 0 - Epoch:12/20, Batch:5,     progress_callback.py:218
                    loss:0.834418, finished 60.15%.                             
[03:13:21] INFO     Rank: 0 - Epoch:12/20, Batch:6,     progress_callback.py:218
                    loss:1.553557, finished 60.18%.                             
[03:13:32] INFO     Rank: 0 - Epoch:12/20, Batch:7,     progress_callback.py:218
                    loss:1.232241, finished 60.21%.                             
[03:13:48] INFO     Rank: 0 - Epoch:12/20, Batch:8,     progress_callback.py:218
                    loss:0.828658, finished 60.24%.                             
[03:13:55] INFO     Rank: 0 - Epoch:12/20, Batch:9,     progress_callback.py:218
                    loss:1.418022, finished 60.27%.                             
[03:14:10] INFO     Rank: 0 - Epoch:12/20, Batch:10,    progress_callback.py:218
                    loss:1.080844, finished 60.3%.                              
[03:14:25] INFO     Rank: 0 - Contrastive loss is                 callback.py:66
                    0.5000292897224426, nll_loss is                             
                    0.695946729183197                                           
[03:14:31] INFO     Rank: 0 - Epoch:12/20, Batch:11,    progress_callback.py:218
                    loss:1.546447, finished 60.33%.                             
[03:14:38] INFO     Rank: 0 - Epoch:12/20, Batch:12,    progress_callback.py:218
                    loss:1.578588, finished 60.36%.                             
[03:14:48] INFO     Rank: 0 - Epoch:12/20, Batch:13,    progress_callback.py:218
                    loss:1.61028, finished 60.39%.                              
[03:14:56] INFO     Rank: 0 - Epoch:12/20, Batch:14,    progress_callback.py:218
                    loss:1.406622, finished 60.42%.                             
[03:15:03] INFO     Rank: 0 - Epoch:12/20, Batch:15,    progress_callback.py:218
                    loss:1.531653, finished 60.45%.                             
[03:15:13] INFO     Rank: 0 - Epoch:12/20, Batch:16,    progress_callback.py:218
                    loss:1.136007, finished 60.48%.                             
[03:15:26] INFO     Rank: 0 - Epoch:12/20, Batch:17,    progress_callback.py:218
                    loss:1.521599, finished 60.52%.                             
[03:15:36] INFO     Rank: 0 - Epoch:12/20, Batch:18,    progress_callback.py:218
                    loss:1.378473, finished 60.55%.                             
[03:15:44] INFO     Rank: 0 - Epoch:12/20, Batch:19,    progress_callback.py:218
                    loss:1.100669, finished 60.58%.                             
[03:15:52] INFO     Rank: 0 - Epoch:12/20, Batch:20,    progress_callback.py:218
                    loss:0.912138, finished 60.61%.                             
           INFO     Rank: 0 -                                   evaluator.py:317
                    **********Evaluation starts**********                       
[03:16:20] INFO     Rank: 0 - **********Evaluation              evaluator.py:349
                    ends**********                                              
                                                                                
           INFO     Rank: 0 - ----------Eval. results   progress_callback.py:233
                    on Epoch:12, Batch:20----------                             
           INFO     Rank: 0 -                           progress_callback.py:238
                    {"torch_ngram#ngram-overlap":                               
                    0.44651246070861816}                                        
[03:16:30] INFO     Rank: 0 - Contrastive loss is                 callback.py:66
                    0.5175738394260406, nll_loss is                             
                    0.817348164319992                                           
[03:16:35] INFO     Rank: 0 - Epoch:12/20, Batch:21,    progress_callback.py:218
                    loss:1.17319, finished 60.64%.                              
[03:16:55] INFO     Rank: 0 - Epoch:12/20, Batch:22,    progress_callback.py:218
                    loss:1.067104, finished 60.67%.                             
[03:17:05] INFO     Rank: 0 - Epoch:12/20, Batch:23,    progress_callback.py:218
                    loss:1.547255, finished 60.7%.                              
[03:17:17] INFO     Rank: 0 - Epoch:12/20, Batch:24,    progress_callback.py:218
                    loss:0.94411, finished 60.73%.                              
[03:17:26] INFO     Rank: 0 - Epoch:12/20, Batch:25,    progress_callback.py:218
                    loss:1.535128, finished 60.76%.                             
[03:17:36] INFO     Rank: 0 - Epoch:12/20, Batch:26,    progress_callback.py:218
                    loss:1.411901, finished 60.79%.                             
[03:17:46] INFO     Rank: 0 - Epoch:12/20, Batch:27,    progress_callback.py:218
                    loss:1.205163, finished 60.82%.                             
[03:18:04] INFO     Rank: 0 - Epoch:12/20, Batch:28,    progress_callback.py:218
                    loss:1.058499, finished 60.85%.                             
[03:18:18] INFO     Rank: 0 - Epoch:12/20, Batch:29,    progress_callback.py:218
                    loss:1.093124, finished 60.88%.                             
[03:18:26] INFO     Rank: 0 - Epoch:12/20, Batch:30,    progress_callback.py:218
                    loss:1.00095, finished 60.91%.                              
[03:18:33] INFO     Rank: 0 - Contrastive loss is                 callback.py:66
                    0.5050006955862045, nll_loss is                             
                    0.6799477726221085                                          
[03:18:34] INFO     Rank: 0 - Epoch:12/20, Batch:31,    progress_callback.py:218
                    loss:0.98625, finished 60.94%.                              
[03:18:41] INFO     Rank: 0 - Epoch:12/20, Batch:32,    progress_callback.py:218
                    loss:0.764957, finished 60.97%.                             
[03:18:50] INFO     Rank: 0 - Epoch:12/20, Batch:33,    progress_callback.py:218
                    loss:1.548918, finished 61.0%.                              
[03:18:56] INFO     Rank: 0 - Epoch:12/20, Batch:34,    progress_callback.py:218
                    loss:1.994768, finished 61.03%.                             
[03:19:05] INFO     Rank: 0 - Epoch:12/20, Batch:35,    progress_callback.py:218
                    loss:0.913583, finished 61.06%.                             
[03:19:21] INFO     Rank: 0 - Epoch:12/20, Batch:36,    progress_callback.py:218
                    loss:1.414699, finished 61.09%.                             
[03:19:30] INFO     Rank: 0 - Epoch:12/20, Batch:37,    progress_callback.py:218
                    loss:1.387972, finished 61.12%.                             
[03:19:37] INFO     Rank: 0 - Epoch:12/20, Batch:38,    progress_callback.py:218
                    loss:1.282389, finished 61.15%.                             
[03:19:51] INFO     Rank: 0 - Epoch:12/20, Batch:39,    progress_callback.py:218
                    loss:1.318813, finished 61.18%.                             
[03:19:57] INFO     Rank: 0 - Epoch:12/20, Batch:40,    progress_callback.py:218
                    loss:1.518276, finished 61.21%.                             
[03:20:04] INFO     Rank: 0 - Contrastive loss is                 callback.py:66
                    0.5887874007225037, nll_loss is                             
                    0.7622212767601013                                          
[03:20:05] INFO     Rank: 0 - Epoch:12/20, Batch:41,    progress_callback.py:218
                    loss:1.36571, finished 61.24%.                              
[03:20:14] INFO     Rank: 0 - Epoch:12/20, Batch:42,    progress_callback.py:218
                    loss:1.165651, finished 61.27%.                             
[03:20:26] INFO     Rank: 0 - Epoch:12/20, Batch:43,    progress_callback.py:218
                    loss:1.083495, finished 61.3%.                              
[03:20:41] INFO     Rank: 0 - Epoch:12/20, Batch:44,    progress_callback.py:218
                    loss:1.038606, finished 61.33%.                             
[03:20:49] INFO     Rank: 0 - Epoch:12/20, Batch:45,    progress_callback.py:218
                    loss:1.506212, finished 61.36%.                             
[03:21:01] INFO     Rank: 0 - Epoch:12/20, Batch:46,    progress_callback.py:218
                    loss:0.949114, finished 61.39%.                             
[03:21:08] INFO     Rank: 0 - Epoch:12/20, Batch:47,    progress_callback.py:218
                    loss:1.40529, finished 61.42%.                              
[03:21:17] INFO     Rank: 0 - Epoch:12/20, Batch:48,    progress_callback.py:218
                    loss:1.692473, finished 61.45%.                             
[03:21:28] INFO     Rank: 0 - Epoch:12/20, Batch:49,    progress_callback.py:218
                    loss:1.195145, finished 61.48%.                             
[03:21:37] INFO     Rank: 0 - Epoch:12/20, Batch:50,    progress_callback.py:218
                    loss:1.408575, finished 61.52%.                             
[03:21:54] INFO     Rank: 0 - Contrastive loss is                 callback.py:66
                    0.5342045992612838, nll_loss is                             
                    0.7159214884042739                                          
[03:21:55] INFO     Rank: 0 - Epoch:12/20, Batch:51,    progress_callback.py:218
                    loss:1.0567, finished 61.55%.                               
[03:22:03] INFO     Rank: 0 - Epoch:12/20, Batch:52,    progress_callback.py:218
                    loss:0.836075, finished 61.58%.                             
[03:22:12] INFO     Rank: 0 - Epoch:12/20, Batch:53,    progress_callback.py:218
                    loss:1.217919, finished 61.61%.                             
[03:22:22] INFO     Rank: 0 - Epoch:12/20, Batch:54,    progress_callback.py:218
                    loss:1.03023, finished 61.64%.                              
[03:22:34] INFO     Rank: 0 - Epoch:12/20, Batch:55,    progress_callback.py:218
                    loss:1.491826, finished 61.67%.                             
[03:22:45] INFO     Rank: 0 - Epoch:12/20, Batch:56,    progress_callback.py:218
                    loss:1.367302, finished 61.7%.                              
[03:22:52] INFO     Rank: 0 - Epoch:12/20, Batch:57,    progress_callback.py:218
                    loss:1.132302, finished 61.73%.                             
[03:23:05] INFO     Rank: 0 - Epoch:12/20, Batch:58,    progress_callback.py:218
                    loss:1.731108, finished 61.76%.                             
[03:23:13] INFO     Rank: 0 - Epoch:12/20, Batch:59,    progress_callback.py:218
                    loss:1.236634, finished 61.79%.                             
[03:23:24] INFO     Rank: 0 - Epoch:12/20, Batch:60,    progress_callback.py:218
                    loss:1.26411, finished 61.82%.                              
           INFO     Rank: 0 -                                   evaluator.py:317
                    **********Evaluation starts**********                       
[03:23:53] INFO     Rank: 0 - **********Evaluation              evaluator.py:349
                    ends**********                                              
                                                                                
           INFO     Rank: 0 - ----------Eval. results   progress_callback.py:233
                    on Epoch:12, Batch:60----------                             
           INFO     Rank: 0 -                           progress_callback.py:238
                    {"torch_ngram#ngram-overlap":                               
                    0.4448936879634857}                                         
[03:24:11] INFO     Rank: 0 - Contrastive loss is                 callback.py:66
                    0.5597452759742737, nll_loss is                             
                    0.6688849687576294                                          
[03:24:12] INFO     Rank: 0 - Epoch:12/20, Batch:61,    progress_callback.py:218
                    loss:0.978796, finished 61.85%.                             
[03:24:24] INFO     Rank: 0 - Epoch:12/20, Batch:62,    progress_callback.py:218
                    loss:0.99215, finished 61.88%.                              
[03:24:36] INFO     Rank: 0 - Epoch:12/20, Batch:63,    progress_callback.py:218
                    loss:1.297578, finished 61.91%.                             
[03:24:41] INFO     Rank: 0 - Epoch:12/20, Batch:64,    progress_callback.py:218
                    loss:0.980927, finished 61.94%.                             
[03:24:52] INFO     Rank: 0 - Epoch:12/20, Batch:65,    progress_callback.py:218
                    loss:1.167784, finished 61.97%.                             
[03:25:00] INFO     Rank: 0 - Epoch:12/20, Batch:66,    progress_callback.py:218
                    loss:0.856577, finished 62.0%.                              
[03:25:09] INFO     Rank: 0 - Epoch:12/20, Batch:67,    progress_callback.py:218
                    loss:0.965147, finished 62.03%.                             
[03:25:29] INFO     Rank: 0 - Epoch:12/20, Batch:68,    progress_callback.py:218
                    loss:1.131675, finished 62.06%.                             
[03:25:42] INFO     Rank: 0 - Epoch:12/20, Batch:69,    progress_callback.py:218
                    loss:1.062548, finished 62.09%.                             
[03:25:51] INFO     Rank: 0 - Epoch:12/20, Batch:70,    progress_callback.py:218
                    loss:1.504154, finished 62.12%.                             
[03:26:02] INFO     Rank: 0 - Contrastive loss is                 callback.py:66
                    0.5081913620233536, nll_loss is                             
                    0.6182416588068008                                          
[03:26:03] INFO     Rank: 0 - Epoch:12/20, Batch:71,    progress_callback.py:218
                    loss:1.30579, finished 62.15%.                              
[03:26:12] INFO     Rank: 0 - Epoch:12/20, Batch:72,    progress_callback.py:218
                    loss:1.194205, finished 62.18%.                             
[03:26:24] INFO     Rank: 0 - Epoch:12/20, Batch:73,    progress_callback.py:218
                    loss:1.351994, finished 62.21%.                             
[03:26:35] INFO     Rank: 0 - Epoch:12/20, Batch:74,    progress_callback.py:218
                    loss:1.32933, finished 62.24%.                              
[03:26:47] INFO     Rank: 0 - Epoch:12/20, Batch:75,    progress_callback.py:218
                    loss:1.158764, finished 62.27%.                             
[03:26:54] INFO     Rank: 0 - Epoch:12/20, Batch:76,    progress_callback.py:218
                    loss:1.17007, finished 62.3%.                               
[03:27:08] INFO     Rank: 0 - Epoch:12/20, Batch:77,    progress_callback.py:218
                    loss:1.2029, finished 62.33%.                               
[03:27:17] INFO     Rank: 0 - Epoch:12/20, Batch:78,    progress_callback.py:218
                    loss:1.539856, finished 62.36%.                             
[03:27:26] INFO     Rank: 0 - Epoch:12/20, Batch:79,    progress_callback.py:218
                    loss:1.564149, finished 62.39%.                             
[03:27:39] INFO     Rank: 0 - Epoch:12/20, Batch:80,    progress_callback.py:218
                    loss:1.232647, finished 62.42%.                             
[03:27:52] INFO     Rank: 0 - Contrastive loss is                 callback.py:66
                    0.5789907991886138, nll_loss is                             
                    0.7097312152385712                                          
           INFO     Rank: 0 - Epoch:12/20, Batch:81,    progress_callback.py:218
                    loss:1.143303, finished 62.45%.                             
[03:28:02] INFO     Rank: 0 - Epoch:12/20, Batch:82,    progress_callback.py:218
                    loss:0.836777, finished 62.48%.                             
[03:28:10] INFO     Rank: 0 - Epoch:12/20, Batch:83,    progress_callback.py:218
                    loss:1.163158, finished 62.52%.                             
[03:28:19] INFO     Rank: 0 - Epoch:12/20, Batch:84,    progress_callback.py:218
                    loss:1.04573, finished 62.55%.                              
[03:28:30] INFO     Rank: 0 - Epoch:12/20, Batch:85,    progress_callback.py:218
                    loss:1.23327, finished 62.58%.                              
[03:28:42] INFO     Rank: 0 - Epoch:12/20, Batch:86,    progress_callback.py:218
                    loss:1.204628, finished 62.61%.                             
[03:28:51] INFO     Rank: 0 - Epoch:12/20, Batch:87,    progress_callback.py:218
                    loss:1.347076, finished 62.64%.                             
[03:29:14] INFO     Rank: 0 - Epoch:12/20, Batch:88,    progress_callback.py:218
                    loss:1.455513, finished 62.67%.                             
[03:29:25] INFO     Rank: 0 - Epoch:12/20, Batch:89,    progress_callback.py:218
                    loss:1.582859, finished 62.7%.                              
[03:29:34] INFO     Rank: 0 - Epoch:12/20, Batch:90,    progress_callback.py:218
                    loss:1.114877, finished 62.73%.                             
[03:29:46] INFO     Rank: 0 - Contrastive loss is                 callback.py:66
                    0.5771930426359176, nll_loss is                             
                    0.6681201606988907                                          
[03:29:47] INFO     Rank: 0 - Epoch:12/20, Batch:91,    progress_callback.py:218
                    loss:1.469245, finished 62.76%.                             
[03:29:57] INFO     Rank: 0 - Epoch:12/20, Batch:92,    progress_callback.py:218
                    loss:1.470741, finished 62.79%.                             
[03:30:07] INFO     Rank: 0 - Epoch:12/20, Batch:93,    progress_callback.py:218
                    loss:1.345879, finished 62.82%.                             
[03:30:21] INFO     Rank: 0 - Epoch:12/20, Batch:94,    progress_callback.py:218
                    loss:1.567046, finished 62.85%.                             
[03:30:45] INFO     Rank: 0 - Epoch:12/20, Batch:95,    progress_callback.py:218
                    loss:0.869294, finished 62.88%.                             
[03:30:53] INFO     Rank: 0 - Epoch:12/20, Batch:96,    progress_callback.py:218
                    loss:1.227996, finished 62.91%.                             
[03:31:08] INFO     Rank: 0 - Epoch:12/20, Batch:97,    progress_callback.py:218
                    loss:1.054481, finished 62.94%.                             
[03:31:20] INFO     Rank: 0 - Epoch:12/20, Batch:98,    progress_callback.py:218
                    loss:1.046499, finished 62.97%.                             
[03:31:28] INFO     Rank: 0 - Epoch:12/20, Batch:99,    progress_callback.py:218
                    loss:1.192927, finished 63.0%.                              
[03:31:46] INFO     Rank: 0 - Epoch:12/20, Batch:100,   progress_callback.py:218
                    loss:1.27696, finished 63.03%.                              
           INFO     Rank: 0 -                                   evaluator.py:317
                    **********Evaluation starts**********                       
[03:32:15] INFO     Rank: 0 - **********Evaluation              evaluator.py:349
                    ends**********                                              
                                                                                
           INFO     Rank: 0 - ----------Eval. results   progress_callback.py:233
                    on Epoch:12, Batch:100----------                            
           INFO     Rank: 0 -                           progress_callback.py:238
                    {"torch_ngram#ngram-overlap":                               
                    0.4442109167575836}                                         
[03:32:20] INFO     Rank: 0 - Contrastive loss is                 callback.py:66
                    0.5897229611873627, nll_loss is                             
                    0.6660591006278992                                          
[03:32:22] INFO     Rank: 0 - Epoch:12/20, Batch:101,   progress_callback.py:218
                    loss:1.505998, finished 63.06%.                             
[03:32:31] INFO     Rank: 0 - Epoch:12/20, Batch:102,   progress_callback.py:218
                    loss:1.105243, finished 63.09%.                             
[03:32:42] INFO     Rank: 0 - Epoch:12/20, Batch:103,   progress_callback.py:218
                    loss:1.063571, finished 63.12%.                             
[03:32:59] INFO     Rank: 0 - Epoch:12/20, Batch:104,   progress_callback.py:218
                    loss:1.41758, finished 63.15%.                              
[03:33:04] INFO     Rank: 0 - Epoch:12/20, Batch:105,   progress_callback.py:218
                    loss:1.429413, finished 63.18%.                             
[03:33:14] INFO     Rank: 0 - Epoch:12/20, Batch:106,   progress_callback.py:218
                    loss:1.11777, finished 63.21%.                              
[03:33:24] INFO     Rank: 0 - Epoch:12/20, Batch:107,   progress_callback.py:218
                    loss:0.833262, finished 63.24%.                             
[03:33:34] INFO     Rank: 0 - Epoch:12/20, Batch:108,   progress_callback.py:218
                    loss:1.14282, finished 63.27%.                              
[03:33:43] INFO     Rank: 0 - Epoch:12/20, Batch:109,   progress_callback.py:218
                    loss:1.286712, finished 63.3%.                              
[03:33:51] INFO     Rank: 0 - Epoch:12/20, Batch:110,   progress_callback.py:218
                    loss:1.295488, finished 63.33%.                             
[03:34:03] INFO     Rank: 0 - Contrastive loss is                 callback.py:66
                    0.5175183355808258, nll_loss is                             
                    0.6841157674789429                                          
[03:34:11] INFO     Rank: 0 - Epoch:12/20, Batch:111,   progress_callback.py:218
                    loss:1.324482, finished 63.36%.                             
[03:34:23] INFO     Rank: 0 - Epoch:12/20, Batch:112,   progress_callback.py:218
                    loss:1.277435, finished 63.39%.                             
[03:34:32] INFO     Rank: 0 - Epoch:12/20, Batch:113,   progress_callback.py:218
                    loss:1.232642, finished 63.42%.                             
[03:34:42] INFO     Rank: 0 - Epoch:12/20, Batch:114,   progress_callback.py:218
                    loss:1.096518, finished 63.45%.                             
[03:34:54] INFO     Rank: 0 - Epoch:12/20, Batch:115,   progress_callback.py:218
                    loss:1.499171, finished 63.48%.                             
[03:35:03] INFO     Rank: 0 - Epoch:12/20, Batch:116,   progress_callback.py:218
                    loss:1.216175, finished 63.52%.                             
[03:35:12] INFO     Rank: 0 - Epoch:12/20, Batch:117,   progress_callback.py:218
                    loss:0.684516, finished 63.55%.                             
[03:35:30] INFO     Rank: 0 - Epoch:12/20, Batch:118,   progress_callback.py:218
                    loss:1.164418, finished 63.58%.                             
[03:35:39] INFO     Rank: 0 - Epoch:12/20, Batch:119,   progress_callback.py:218
                    loss:1.562383, finished 63.61%.                             
[03:35:47] INFO     Rank: 0 - Epoch:12/20, Batch:120,   progress_callback.py:218
                    loss:1.438831, finished 63.64%.                             
[03:35:57] INFO     Rank: 0 - Contrastive loss is                 callback.py:66
                    0.5554475218057633, nll_loss is                             
                    0.6753106087446212                                          
[03:36:01] INFO     Rank: 0 - Epoch:12/20, Batch:121,   progress_callback.py:218
                    loss:1.135493, finished 63.67%.                             
[03:36:09] INFO     Rank: 0 - Epoch:12/20, Batch:122,   progress_callback.py:218
                    loss:1.235307, finished 63.7%.                              
[03:36:18] INFO     Rank: 0 - Epoch:12/20, Batch:123,   progress_callback.py:218
                    loss:1.149063, finished 63.73%.                             
[03:36:26] INFO     Rank: 0 - Epoch:12/20, Batch:124,   progress_callback.py:218
                    loss:0.884638, finished 63.76%.                             
[03:36:44] INFO     Rank: 0 - Epoch:12/20, Batch:125,   progress_callback.py:218
                    loss:1.09922, finished 63.79%.                              
[03:36:56] INFO     Rank: 0 - Epoch:12/20, Batch:126,   progress_callback.py:218
                    loss:1.245526, finished 63.82%.                             
[03:37:04] INFO     Rank: 0 - Epoch:12/20, Batch:127,   progress_callback.py:218
                    loss:1.285868, finished 63.85%.                             
[03:37:13] INFO     Rank: 0 - Epoch:12/20, Batch:128,   progress_callback.py:218
                    loss:1.187296, finished 63.88%.                             
[03:37:21] INFO     Rank: 0 - Epoch:12/20, Batch:129,   progress_callback.py:218
                    loss:0.971496, finished 63.91%.                             
[03:37:27] INFO     Rank: 0 - Epoch:12/20, Batch:130,   progress_callback.py:218
                    loss:1.255554, finished 63.94%.                             
[03:37:34] INFO     Rank: 0 - Contrastive loss is                 callback.py:66
                    0.5398767232894898, nll_loss is                             
                    0.6359358489513397                                          
[03:37:35] INFO     Rank: 0 - Epoch:12/20, Batch:131,   progress_callback.py:218
                    loss:1.444158, finished 63.97%.                             
[03:37:45] INFO     Rank: 0 - Epoch:12/20, Batch:132,   progress_callback.py:218
                    loss:1.06, finished 64.0%.                                  
[03:38:00] INFO     Rank: 0 - Epoch:12/20, Batch:133,   progress_callback.py:218
                    loss:0.917835, finished 64.03%.                             
[03:38:13] INFO     Rank: 0 - Epoch:12/20, Batch:134,   progress_callback.py:218
                    loss:1.109692, finished 64.06%.                             
[03:38:25] INFO     Rank: 0 - Epoch:12/20, Batch:135,   progress_callback.py:218
                    loss:1.071272, finished 64.09%.                             
[03:38:36] INFO     Rank: 0 - Epoch:12/20, Batch:136,   progress_callback.py:218
                    loss:1.302053, finished 64.12%.                             
[03:38:52] INFO     Rank: 0 - Epoch:12/20, Batch:137,   progress_callback.py:218
                    loss:1.218758, finished 64.15%.                             
[03:39:09] INFO     Rank: 0 - Epoch:12/20, Batch:138,   progress_callback.py:218
                    loss:1.435481, finished 64.18%.                             
[03:39:19] INFO     Rank: 0 - Epoch:12/20, Batch:139,   progress_callback.py:218
                    loss:1.503278, finished 64.21%.                             
[03:39:29] INFO     Rank: 0 - Epoch:12/20, Batch:140,   progress_callback.py:218
                    loss:1.201284, finished 64.24%.                             
           INFO     Rank: 0 -                                   evaluator.py:317
                    **********Evaluation starts**********                       
[03:39:58] INFO     Rank: 0 - **********Evaluation              evaluator.py:349
                    ends**********                                              
                                                                                
           INFO     Rank: 0 - ----------Eval. results   progress_callback.py:233
                    on Epoch:12, Batch:140----------                            
           INFO     Rank: 0 -                           progress_callback.py:238
                    {"torch_ngram#ngram-overlap":                               
                    0.44423848390579224}                                        
[03:40:06] INFO     Rank: 0 - Contrastive loss is                 callback.py:66
                    0.5550309866666794, nll_loss is                             
                    0.6743257492780685                                          
           INFO     Rank: 0 - Epoch:12/20, Batch:141,   progress_callback.py:218
                    loss:1.473914, finished 64.27%.                             
[03:40:32] INFO     Rank: 0 - Epoch:12/20, Batch:142,   progress_callback.py:218
                    loss:1.32835, finished 64.3%.                               
[03:40:40] INFO     Rank: 0 - Epoch:12/20, Batch:143,   progress_callback.py:218
                    loss:1.351467, finished 64.33%.                             
[03:40:46] INFO     Rank: 0 - Epoch:12/20, Batch:144,   progress_callback.py:218
                    loss:1.414003, finished 64.36%.                             
[03:40:54] INFO     Rank: 0 - Epoch:12/20, Batch:145,   progress_callback.py:218
                    loss:1.124203, finished 64.39%.                             
[03:41:06] INFO     Rank: 0 - Epoch:12/20, Batch:146,   progress_callback.py:218
                    loss:1.69429, finished 64.42%.                              
[03:41:16] INFO     Rank: 0 - Epoch:12/20, Batch:147,   progress_callback.py:218
                    loss:0.720967, finished 64.45%.                             
[03:41:23] INFO     Rank: 0 - Epoch:12/20, Batch:148,   progress_callback.py:218
                    loss:1.024883, finished 64.48%.                             
[03:41:41] INFO     Rank: 0 - Epoch:12/20, Batch:149,   progress_callback.py:218
                    loss:1.4424, finished 64.52%.                               
[03:41:48] INFO     Rank: 0 - Epoch:12/20, Batch:150,   progress_callback.py:218
                    loss:1.280791, finished 64.55%.                             
[03:41:56] INFO     Rank: 0 - Contrastive loss is                 callback.py:66
                    0.5800098836421966, nll_loss is                             
                    0.6919248640537262                                          
           INFO     Rank: 0 - Epoch:12/20, Batch:151,   progress_callback.py:218
                    loss:1.337994, finished 64.58%.                             
[03:42:06] INFO     Rank: 0 - Epoch:12/20, Batch:152,   progress_callback.py:218
                    loss:0.947131, finished 64.61%.                             
[03:42:16] INFO     Rank: 0 - Epoch:12/20, Batch:153,   progress_callback.py:218
                    loss:0.974449, finished 64.64%.                             
[03:42:26] INFO     Rank: 0 - Epoch:12/20, Batch:154,   progress_callback.py:218
                    loss:1.084654, finished 64.67%.                             
[03:42:33] INFO     Rank: 0 - Epoch:12/20, Batch:155,   progress_callback.py:218
                    loss:1.549181, finished 64.7%.                              
[03:42:57] INFO     Rank: 0 - Epoch:12/20, Batch:156,   progress_callback.py:218
                    loss:1.476447, finished 64.73%.                             
[03:43:06] INFO     Rank: 0 - Epoch:12/20, Batch:157,   progress_callback.py:218
                    loss:1.025112, finished 64.76%.                             
[03:43:17] INFO     Rank: 0 - Epoch:12/20, Batch:158,   progress_callback.py:218
                    loss:1.525175, finished 64.79%.                             
[03:43:24] INFO     Rank: 0 - Epoch:12/20, Batch:159,   progress_callback.py:218
                    loss:1.186586, finished 64.82%.                             
[03:43:34] INFO     Rank: 0 - Epoch:12/20, Batch:160,   progress_callback.py:218
                    loss:1.141939, finished 64.85%.                             
[03:43:45] INFO     Rank: 0 - Contrastive loss is                 callback.py:66
                    0.5542928487062454, nll_loss is                             
                    0.6822117418050766                                          
           INFO     Rank: 0 - Epoch:12/20, Batch:161,   progress_callback.py:218
                    loss:1.45437, finished 64.88%.                              
[03:44:03] INFO     Rank: 0 - Epoch:12/20, Batch:162,   progress_callback.py:218
                    loss:1.14732, finished 64.91%.                              
[03:44:16] INFO     Rank: 0 - Epoch:12/20, Batch:163,   progress_callback.py:218
                    loss:1.287602, finished 64.94%.                             
[03:44:23] INFO     Rank: 0 - Epoch:12/20, Batch:164,   progress_callback.py:218
                    loss:1.250431, finished 64.97%.                             
[03:44:30] INFO     Rank: 0 - Epoch:12/20, Batch:165,   progress_callback.py:218
                    loss:1.463012, finished 65.0%.                              
           INFO     Rank: 0 -                           progress_callback.py:204
                    **********Epoch:13 starts**********                         
[03:44:40] INFO     Rank: 0 - Epoch:13/20, Batch:1,     progress_callback.py:218
                    loss:1.170561, finished 65.03%.                             
[03:44:47] INFO     Rank: 0 - Epoch:13/20, Batch:2,     progress_callback.py:218
                    loss:1.485363, finished 65.06%.                             
[03:44:57] INFO     Rank: 0 - Epoch:13/20, Batch:3,     progress_callback.py:218
                    loss:1.034396, finished 65.09%.                             
[03:45:05] INFO     Rank: 0 - Epoch:13/20, Batch:4,     progress_callback.py:218
                    loss:1.211354, finished 65.12%.                             
[03:45:14] INFO     Rank: 0 - Epoch:13/20, Batch:5,     progress_callback.py:218
                    loss:1.13158, finished 65.15%.                              
[03:45:24] INFO     Rank: 0 - Contrastive loss is                 callback.py:66
                    0.5544887334108353, nll_loss is                             
                    0.6873090595006943                                          
           INFO     Rank: 0 - Epoch:13/20, Batch:6,     progress_callback.py:218
                    loss:1.236358, finished 65.18%.                             
[03:45:31] INFO     Rank: 0 - Epoch:13/20, Batch:7,     progress_callback.py:218
                    loss:0.852828, finished 65.21%.                             
[03:45:40] INFO     Rank: 0 - Epoch:13/20, Batch:8,     progress_callback.py:218
                    loss:1.163284, finished 65.24%.                             
[03:45:49] INFO     Rank: 0 - Epoch:13/20, Batch:9,     progress_callback.py:218
                    loss:1.50087, finished 65.27%.                              
[03:45:57] INFO     Rank: 0 - Epoch:13/20, Batch:10,    progress_callback.py:218
                    loss:1.216417, finished 65.3%.                              
[03:46:08] INFO     Rank: 0 - Epoch:13/20, Batch:11,    progress_callback.py:218
                    loss:1.233922, finished 65.33%.                             
[03:46:22] INFO     Rank: 0 - Epoch:13/20, Batch:12,    progress_callback.py:218
                    loss:1.412411, finished 65.36%.                             
[03:46:39] INFO     Rank: 0 - Epoch:13/20, Batch:13,    progress_callback.py:218
                    loss:1.104764, finished 65.39%.                             
[03:46:52] INFO     Rank: 0 - Epoch:13/20, Batch:14,    progress_callback.py:218
                    loss:1.588467, finished 65.42%.                             
[03:47:00] INFO     Rank: 0 - Epoch:13/20, Batch:15,    progress_callback.py:218
                    loss:1.306748, finished 65.45%.                             
           INFO     Rank: 0 -                                   evaluator.py:317
                    **********Evaluation starts**********                       
[03:47:29] INFO     Rank: 0 - **********Evaluation              evaluator.py:349
                    ends**********                                              
                                                                                
           INFO     Rank: 0 - ----------Eval. results   progress_callback.py:233
                    on Epoch:13, Batch:15----------                             
           INFO     Rank: 0 -                           progress_callback.py:238
                    {"torch_ngram#ngram-overlap":                               
                    0.4437292516231537}                                         
[03:47:41] INFO     Rank: 0 - Contrastive loss is                 callback.py:66
                    0.5545835673809052, nll_loss is                             
                    0.7182968914508819                                          
           INFO     Rank: 0 - Epoch:13/20, Batch:16,    progress_callback.py:218
                    loss:1.349093, finished 65.48%.                             
[03:47:58] INFO     Rank: 0 - Epoch:13/20, Batch:17,    progress_callback.py:218
                    loss:1.142737, finished 65.52%.                             
[03:48:05] INFO     Rank: 0 - Epoch:13/20, Batch:18,    progress_callback.py:218
                    loss:1.33837, finished 65.55%.                              
[03:48:12] INFO     Rank: 0 - Epoch:13/20, Batch:19,    progress_callback.py:218
                    loss:1.437285, finished 65.58%.                             
[03:48:23] INFO     Rank: 0 - Epoch:13/20, Batch:20,    progress_callback.py:218
                    loss:1.288709, finished 65.61%.                             
[03:48:39] INFO     Rank: 0 - Epoch:13/20, Batch:21,    progress_callback.py:218
                    loss:1.202472, finished 65.64%.                             
[03:48:48] INFO     Rank: 0 - Epoch:13/20, Batch:22,    progress_callback.py:218
                    loss:1.419795, finished 65.67%.                             
[03:49:09] INFO     Rank: 0 - Epoch:13/20, Batch:23,    progress_callback.py:218
                    loss:1.184118, finished 65.7%.                              
[03:49:17] INFO     Rank: 0 - Epoch:13/20, Batch:24,    progress_callback.py:218
                    loss:1.119243, finished 65.73%.                             
[03:49:25] INFO     Rank: 0 - Epoch:13/20, Batch:25,    progress_callback.py:218
                    loss:0.928457, finished 65.76%.                             
[03:49:35] INFO     Rank: 0 - Contrastive loss is                 callback.py:66
                    0.5247843235731124, nll_loss is                             
                    0.6836350291967392                                          
           INFO     Rank: 0 - Epoch:13/20, Batch:26,    progress_callback.py:218
                    loss:1.023006, finished 65.79%.                             
[03:49:43] INFO     Rank: 0 - Epoch:13/20, Batch:27,    progress_callback.py:218
                    loss:1.246312, finished 65.82%.                             
[03:49:51] INFO     Rank: 0 - Epoch:13/20, Batch:28,    progress_callback.py:218
                    loss:1.080129, finished 65.85%.                             
[03:50:01] INFO     Rank: 0 - Epoch:13/20, Batch:29,    progress_callback.py:218
                    loss:1.42284, finished 65.88%.                              
[03:50:08] INFO     Rank: 0 - Epoch:13/20, Batch:30,    progress_callback.py:218
                    loss:1.303368, finished 65.91%.                             
[03:50:23] INFO     Rank: 0 - Epoch:13/20, Batch:31,    progress_callback.py:218
                    loss:1.759538, finished 65.94%.                             
[03:50:30] INFO     Rank: 0 - Epoch:13/20, Batch:32,    progress_callback.py:218
                    loss:1.152347, finished 65.97%.                             
[03:50:36] INFO     Rank: 0 - Epoch:13/20, Batch:33,    progress_callback.py:218
                    loss:1.32835, finished 66.0%.                               
[03:50:47] INFO     Rank: 0 - Epoch:13/20, Batch:34,    progress_callback.py:218
                    loss:1.137854, finished 66.03%.                             
[03:50:56] INFO     Rank: 0 - Epoch:13/20, Batch:35,    progress_callback.py:218
                    loss:0.857565, finished 66.06%.                             
[03:51:02] INFO     Rank: 0 - Contrastive loss is                 callback.py:66
                    0.5493442863225937, nll_loss is                             
                    0.7403589636087418                                          
[03:51:06] INFO     Rank: 0 - Epoch:13/20, Batch:36,    progress_callback.py:218
                    loss:1.608729, finished 66.09%.                             
[03:51:15] INFO     Rank: 0 - Epoch:13/20, Batch:37,    progress_callback.py:218
                    loss:1.083116, finished 66.12%.                             
[03:51:41] INFO     Rank: 0 - Epoch:13/20, Batch:38,    progress_callback.py:218
                    loss:1.533033, finished 66.15%.                             
[03:51:50] INFO     Rank: 0 - Epoch:13/20, Batch:39,    progress_callback.py:218
                    loss:1.114845, finished 66.18%.                             
[03:52:03] INFO     Rank: 0 - Epoch:13/20, Batch:40,    progress_callback.py:218
                    loss:1.033031, finished 66.21%.                             
[03:52:15] INFO     Rank: 0 - Epoch:13/20, Batch:41,    progress_callback.py:218
                    loss:1.074321, finished 66.24%.                             
[03:52:24] INFO     Rank: 0 - Epoch:13/20, Batch:42,    progress_callback.py:218
                    loss:1.389439, finished 66.27%.                             
[03:52:35] INFO     Rank: 0 - Epoch:13/20, Batch:43,    progress_callback.py:218
                    loss:1.119193, finished 66.3%.                              
[03:52:50] INFO     Rank: 0 - Epoch:13/20, Batch:44,    progress_callback.py:218
                    loss:0.929821, finished 66.33%.                             
[03:52:58] INFO     Rank: 0 - Epoch:13/20, Batch:45,    progress_callback.py:218
                    loss:1.465871, finished 66.36%.                             
[03:53:04] INFO     Rank: 0 - Contrastive loss is                 callback.py:66
                    0.5285815387964249, nll_loss is                             
                    0.6495823293924332                                          
[03:53:05] INFO     Rank: 0 - Epoch:13/20, Batch:46,    progress_callback.py:218
                    loss:1.038969, finished 66.39%.                             
[03:53:14] INFO     Rank: 0 - Epoch:13/20, Batch:47,    progress_callback.py:218
                    loss:1.206511, finished 66.42%.                             
[03:53:23] INFO     Rank: 0 - Epoch:13/20, Batch:48,    progress_callback.py:218
                    loss:1.41292, finished 66.45%.                              
[03:53:29] INFO     Rank: 0 - Epoch:13/20, Batch:49,    progress_callback.py:218
                    loss:1.30557, finished 66.48%.                              
[03:53:38] INFO     Rank: 0 - Epoch:13/20, Batch:50,    progress_callback.py:218
                    loss:1.178557, finished 66.52%.                             
[03:53:46] INFO     Rank: 0 - Epoch:13/20, Batch:51,    progress_callback.py:218
                    loss:1.261668, finished 66.55%.                             
[03:54:08] INFO     Rank: 0 - Epoch:13/20, Batch:52,    progress_callback.py:218
                    loss:1.253236, finished 66.58%.                             
[03:54:16] INFO     Rank: 0 - Epoch:13/20, Batch:53,    progress_callback.py:218
                    loss:1.41981, finished 66.61%.                              
[03:54:24] INFO     Rank: 0 - Epoch:13/20, Batch:54,    progress_callback.py:218
                    loss:1.430801, finished 66.64%.                             
[03:54:33] INFO     Rank: 0 - Epoch:13/20, Batch:55,    progress_callback.py:218
                    loss:1.222065, finished 66.67%.                             
           INFO     Rank: 0 -                                   evaluator.py:317
                    **********Evaluation starts**********                       
[03:55:02] INFO     Rank: 0 - **********Evaluation              evaluator.py:349
                    ends**********                                              
                                                                                
           INFO     Rank: 0 - ----------Eval. results   progress_callback.py:233
                    on Epoch:13, Batch:55----------                             
           INFO     Rank: 0 -                           progress_callback.py:238
                    {"torch_ngram#ngram-overlap":                               
                    0.445211797952652}                                          
[03:55:19] INFO     Rank: 0 - Contrastive loss is                 callback.py:66
                    0.5379676401615143, nll_loss is                             
                    0.7158404529094696                                          
[03:55:22] INFO     Rank: 0 - Epoch:13/20, Batch:56,    progress_callback.py:218
                    loss:0.846942, finished 66.7%.                              
[03:55:29] INFO     Rank: 0 - Epoch:13/20, Batch:57,    progress_callback.py:218
                    loss:1.07336, finished 66.73%.                              
[03:55:38] INFO     Rank: 0 - Epoch:13/20, Batch:58,    progress_callback.py:218
                    loss:1.384167, finished 66.76%.                             
[03:55:50] INFO     Rank: 0 - Epoch:13/20, Batch:59,    progress_callback.py:218
                    loss:1.137665, finished 66.79%.                             
[03:56:02] INFO     Rank: 0 - Epoch:13/20, Batch:60,    progress_callback.py:218
                    loss:1.318626, finished 66.82%.                             
[03:56:11] INFO     Rank: 0 - Epoch:13/20, Batch:61,    progress_callback.py:218
                    loss:1.108233, finished 66.85%.                             
[03:56:30] INFO     Rank: 0 - Epoch:13/20, Batch:62,    progress_callback.py:218
                    loss:0.967491, finished 66.88%.                             
[03:56:44] INFO     Rank: 0 - Epoch:13/20, Batch:63,    progress_callback.py:218
                    loss:0.936046, finished 66.91%.                             
[03:56:52] INFO     Rank: 0 - Epoch:13/20, Batch:64,    progress_callback.py:218
                    loss:1.442242, finished 66.94%.                             
[03:57:01] INFO     Rank: 0 - Epoch:13/20, Batch:65,    progress_callback.py:218
                    loss:1.580063, finished 66.97%.                             
[03:57:07] INFO     Rank: 0 - Contrastive loss is                 callback.py:66
                    0.5866111844778061, nll_loss is                             
                    0.6666143208742141                                          
[03:57:08] INFO     Rank: 0 - Epoch:13/20, Batch:66,    progress_callback.py:218
                    loss:1.584362, finished 67.0%.                              
[03:57:15] INFO     Rank: 0 - Epoch:13/20, Batch:67,    progress_callback.py:218
                    loss:0.767719, finished 67.03%.                             
[03:57:22] INFO     Rank: 0 - Epoch:13/20, Batch:68,    progress_callback.py:218
                    loss:1.314304, finished 67.06%.                             
[03:57:29] INFO     Rank: 0 - Epoch:13/20, Batch:69,    progress_callback.py:218
                    loss:1.060455, finished 67.09%.                             
[03:57:48] INFO     Rank: 0 - Epoch:13/20, Batch:70,    progress_callback.py:218
                    loss:1.302472, finished 67.12%.                             
[03:57:57] INFO     Rank: 0 - Epoch:13/20, Batch:71,    progress_callback.py:218
                    loss:1.161187, finished 67.15%.                             
[03:58:08] INFO     Rank: 0 - Epoch:13/20, Batch:72,    progress_callback.py:218
                    loss:1.020773, finished 67.18%.                             
[03:58:16] INFO     Rank: 0 - Epoch:13/20, Batch:73,    progress_callback.py:218
                    loss:1.148256, finished 67.21%.                             
[03:58:23] INFO     Rank: 0 - Epoch:13/20, Batch:74,    progress_callback.py:218
                    loss:1.016386, finished 67.24%.                             
[03:58:36] INFO     Rank: 0 - Epoch:13/20, Batch:75,    progress_callback.py:218
                    loss:1.19098, finished 67.27%.                              
[03:58:45] INFO     Rank: 0 - Contrastive loss is                 callback.py:66
                    0.48453525006771087, nll_loss is                            
                    0.6754214853048325                                          
           INFO     Rank: 0 - Epoch:13/20, Batch:76,    progress_callback.py:218
                    loss:1.617035, finished 67.3%.                              
[03:59:03] INFO     Rank: 0 - Epoch:13/20, Batch:77,    progress_callback.py:218
                    loss:1.702989, finished 67.33%.                             
[03:59:12] INFO     Rank: 0 - Epoch:13/20, Batch:78,    progress_callback.py:218
                    loss:1.091332, finished 67.36%.                             
[03:59:23] INFO     Rank: 0 - Epoch:13/20, Batch:79,    progress_callback.py:218
                    loss:1.581518, finished 67.39%.                             
[03:59:32] INFO     Rank: 0 - Epoch:13/20, Batch:80,    progress_callback.py:218
                    loss:1.168461, finished 67.42%.                             
[03:59:42] INFO     Rank: 0 - Epoch:13/20, Batch:81,    progress_callback.py:218
                    loss:1.16567, finished 67.45%.                              
[03:59:52] INFO     Rank: 0 - Epoch:13/20, Batch:82,    progress_callback.py:218
                    loss:1.136039, finished 67.48%.                             
[04:00:05] INFO     Rank: 0 - Epoch:13/20, Batch:83,    progress_callback.py:218
                    loss:1.17624, finished 67.52%.                              
[04:00:18] INFO     Rank: 0 - Epoch:13/20, Batch:84,    progress_callback.py:218
                    loss:1.578, finished 67.55%.                                
[04:00:26] INFO     Rank: 0 - Epoch:13/20, Batch:85,    progress_callback.py:218
                    loss:1.164534, finished 67.58%.                             
[04:00:34] INFO     Rank: 0 - Contrastive loss is                 callback.py:66
                    0.5903615087270737, nll_loss is                             
                    0.713170400261879                                           
[04:00:36] INFO     Rank: 0 - Epoch:13/20, Batch:86,    progress_callback.py:218
                    loss:1.270536, finished 67.61%.                             
[04:00:49] INFO     Rank: 0 - Epoch:13/20, Batch:87,    progress_callback.py:218
                    loss:1.361798, finished 67.64%.                             
[04:00:59] INFO     Rank: 0 - Epoch:13/20, Batch:88,    progress_callback.py:218
                    loss:1.22018, finished 67.67%.                              
[04:01:07] INFO     Rank: 0 - Epoch:13/20, Batch:89,    progress_callback.py:218
                    loss:1.028167, finished 67.7%.                              
[04:01:22] INFO     Rank: 0 - Epoch:13/20, Batch:90,    progress_callback.py:218
                    loss:1.613814, finished 67.73%.                             
[04:01:31] INFO     Rank: 0 - Epoch:13/20, Batch:91,    progress_callback.py:218
                    loss:1.304096, finished 67.76%.                             
[04:01:39] INFO     Rank: 0 - Epoch:13/20, Batch:92,    progress_callback.py:218
                    loss:1.317181, finished 67.79%.                             
[04:01:49] INFO     Rank: 0 - Epoch:13/20, Batch:93,    progress_callback.py:218
                    loss:1.224996, finished 67.82%.                             
[04:01:56] INFO     Rank: 0 - Epoch:13/20, Batch:94,    progress_callback.py:218
                    loss:1.242967, finished 67.85%.                             
[04:02:04] INFO     Rank: 0 - Epoch:13/20, Batch:95,    progress_callback.py:218
                    loss:1.166409, finished 67.88%.                             
           INFO     Rank: 0 -                                   evaluator.py:317
                    **********Evaluation starts**********                       
[04:02:34] INFO     Rank: 0 - **********Evaluation              evaluator.py:349
                    ends**********                                              
                                                                                
           INFO     Rank: 0 - ----------Eval. results   progress_callback.py:233
                    on Epoch:13, Batch:95----------                             
           INFO     Rank: 0 -                           progress_callback.py:238
                    {"torch_ngram#ngram-overlap":                               
                    0.4447004795074463}                                         
[04:02:42] INFO     Rank: 0 - Contrastive loss is                 callback.py:66
                    0.5799789279699326, nll_loss is                             
                    0.681357029080391                                           
[04:02:43] INFO     Rank: 0 - Epoch:13/20, Batch:96,    progress_callback.py:218
                    loss:1.13375, finished 67.91%.                              
[04:02:53] INFO     Rank: 0 - Epoch:13/20, Batch:97,    progress_callback.py:218
                    loss:1.219719, finished 67.94%.                             
[04:03:01] INFO     Rank: 0 - Epoch:13/20, Batch:98,    progress_callback.py:218
                    loss:1.560445, finished 67.97%.                             
[04:03:07] INFO     Rank: 0 - Epoch:13/20, Batch:99,    progress_callback.py:218
                    loss:1.320051, finished 68.0%.                              
[04:03:17] INFO     Rank: 0 - Epoch:13/20, Batch:100,   progress_callback.py:218
                    loss:1.519471, finished 68.03%.                             
[04:03:34] INFO     Rank: 0 - Epoch:13/20, Batch:101,   progress_callback.py:218
                    loss:0.880336, finished 68.06%.                             
[04:03:50] INFO     Rank: 0 - Epoch:13/20, Batch:102,   progress_callback.py:218
                    loss:1.039253, finished 68.09%.                             
[04:03:58] INFO     Rank: 0 - Epoch:13/20, Batch:103,   progress_callback.py:218
                    loss:1.193714, finished 68.12%.                             
[04:04:08] INFO     Rank: 0 - Epoch:13/20, Batch:104,   progress_callback.py:218
                    loss:1.204327, finished 68.15%.                             
[04:04:17] INFO     Rank: 0 - Epoch:13/20, Batch:105,   progress_callback.py:218
                    loss:1.053282, finished 68.18%.                             
[04:04:25] INFO     Rank: 0 - Contrastive loss is                 callback.py:66
                    0.5447931230068207, nll_loss is                             
                    0.7059135138988495                                          
[04:04:28] INFO     Rank: 0 - Epoch:13/20, Batch:106,   progress_callback.py:218
                    loss:1.516468, finished 68.21%.                             
[04:04:36] INFO     Rank: 0 - Epoch:13/20, Batch:107,   progress_callback.py:218
                    loss:1.312044, finished 68.24%.                             
[04:04:52] INFO     Rank: 0 - Epoch:13/20, Batch:108,   progress_callback.py:218
                    loss:1.386904, finished 68.27%.                             
[04:05:07] INFO     Rank: 0 - Epoch:13/20, Batch:109,   progress_callback.py:218
                    loss:1.547799, finished 68.3%.                              
[04:05:18] INFO     Rank: 0 - Epoch:13/20, Batch:110,   progress_callback.py:218
                    loss:0.856255, finished 68.33%.                             
[04:05:25] INFO     Rank: 0 - Epoch:13/20, Batch:111,   progress_callback.py:218
                    loss:1.125375, finished 68.36%.                             
[04:05:34] INFO     Rank: 0 - Epoch:13/20, Batch:112,   progress_callback.py:218
                    loss:1.851249, finished 68.39%.                             
[04:05:43] INFO     Rank: 0 - Epoch:13/20, Batch:113,   progress_callback.py:218
                    loss:1.272717, finished 68.42%.                             
[04:05:53] INFO     Rank: 0 - Epoch:13/20, Batch:114,   progress_callback.py:218
                    loss:1.171288, finished 68.45%.                             
[04:06:06] INFO     Rank: 0 - Epoch:13/20, Batch:115,   progress_callback.py:218
                    loss:1.225338, finished 68.48%.                             
[04:06:16] INFO     Rank: 0 - Contrastive loss is                 callback.py:66
                    0.5566207379102707, nll_loss is                             
                    0.7156813830137253                                          
[04:06:20] INFO     Rank: 0 - Epoch:13/20, Batch:116,   progress_callback.py:218
                    loss:0.974052, finished 68.52%.                             
[04:06:28] INFO     Rank: 0 - Epoch:13/20, Batch:117,   progress_callback.py:218
                    loss:0.791511, finished 68.55%.                             
[04:06:36] INFO     Rank: 0 - Epoch:13/20, Batch:118,   progress_callback.py:218
                    loss:1.288857, finished 68.58%.                             
[04:06:46] INFO     Rank: 0 - Epoch:13/20, Batch:119,   progress_callback.py:218
                    loss:1.502024, finished 68.61%.                             
[04:06:55] INFO     Rank: 0 - Epoch:13/20, Batch:120,   progress_callback.py:218
                    loss:1.338482, finished 68.64%.                             
[04:07:04] INFO     Rank: 0 - Epoch:13/20, Batch:121,   progress_callback.py:218
                    loss:1.006063, finished 68.67%.                             
[04:07:20] INFO     Rank: 0 - Epoch:13/20, Batch:122,   progress_callback.py:218
                    loss:1.418446, finished 68.7%.                              
[04:07:34] INFO     Rank: 0 - Epoch:13/20, Batch:123,   progress_callback.py:218
                    loss:1.123308, finished 68.73%.                             
[04:07:45] INFO     Rank: 0 - Epoch:13/20, Batch:124,   progress_callback.py:218
                    loss:1.341315, finished 68.76%.                             
[04:07:59] INFO     Rank: 0 - Epoch:13/20, Batch:125,   progress_callback.py:218
                    loss:1.443226, finished 68.79%.                             
[04:08:08] INFO     Rank: 0 - Contrastive loss is                 callback.py:66
                    0.5285724371671676, nll_loss is                             
                    0.6815380483865738                                          
[04:08:09] INFO     Rank: 0 - Epoch:13/20, Batch:126,   progress_callback.py:218
                    loss:0.847872, finished 68.82%.                             
[04:08:23] INFO     Rank: 0 - Epoch:13/20, Batch:127,   progress_callback.py:218
                    loss:1.246956, finished 68.85%.                             
[04:08:42] INFO     Rank: 0 - Epoch:13/20, Batch:128,   progress_callback.py:218
                    loss:1.148955, finished 68.88%.                             
[04:08:49] INFO     Rank: 0 - Epoch:13/20, Batch:129,   progress_callback.py:218
                    loss:1.199925, finished 68.91%.                             
[04:08:58] INFO     Rank: 0 - Epoch:13/20, Batch:130,   progress_callback.py:218
                    loss:1.030561, finished 68.94%.                             
[04:09:13] INFO     Rank: 0 - Epoch:13/20, Batch:131,   progress_callback.py:218
                    loss:0.978648, finished 68.97%.                             
[04:09:23] INFO     Rank: 0 - Epoch:13/20, Batch:132,   progress_callback.py:218
                    loss:0.686319, finished 69.0%.                              
[04:09:34] INFO     Rank: 0 - Epoch:13/20, Batch:133,   progress_callback.py:218
                    loss:1.074999, finished 69.03%.                             
[04:09:43] INFO     Rank: 0 - Epoch:13/20, Batch:134,   progress_callback.py:218
                    loss:1.033527, finished 69.06%.                             
[04:09:59] INFO     Rank: 0 - Epoch:13/20, Batch:135,   progress_callback.py:218
                    loss:1.456235, finished 69.09%.                             
           INFO     Rank: 0 -                                   evaluator.py:317
                    **********Evaluation starts**********                       
[04:10:26] INFO     Rank: 0 - **********Evaluation              evaluator.py:349
                    ends**********                                              
                                                                                
           INFO     Rank: 0 - ----------Eval. results   progress_callback.py:233
                    on Epoch:13, Batch:135----------                            
           INFO     Rank: 0 -                           progress_callback.py:238
                    {"torch_ngram#ngram-overlap":                               
                    0.44275060296058655}                                        
[04:10:36] INFO     Rank: 0 - Contrastive loss is                 callback.py:66
                    0.5251999944448471, nll_loss is                             
                    0.5813445895910263                                          
[04:10:37] INFO     Rank: 0 - Epoch:13/20, Batch:136,   progress_callback.py:218
                    loss:1.20932, finished 69.12%.                              
[04:10:45] INFO     Rank: 0 - Epoch:13/20, Batch:137,   progress_callback.py:218
                    loss:0.862358, finished 69.15%.                             
[04:11:01] INFO     Rank: 0 - Epoch:13/20, Batch:138,   progress_callback.py:218
                    loss:1.242843, finished 69.18%.                             
[04:11:10] INFO     Rank: 0 - Epoch:13/20, Batch:139,   progress_callback.py:218
                    loss:1.25969, finished 69.21%.                              
[04:11:17] INFO     Rank: 0 - Epoch:13/20, Batch:140,   progress_callback.py:218
                    loss:1.645955, finished 69.24%.                             
[04:11:25] INFO     Rank: 0 - Epoch:13/20, Batch:141,   progress_callback.py:218
                    loss:1.173449, finished 69.27%.                             
[04:11:33] INFO     Rank: 0 - Epoch:13/20, Batch:142,   progress_callback.py:218
                    loss:1.579993, finished 69.3%.                              
[04:11:40] INFO     Rank: 0 - Epoch:13/20, Batch:143,   progress_callback.py:218
                    loss:1.361496, finished 69.33%.                             
[04:11:55] INFO     Rank: 0 - Epoch:13/20, Batch:144,   progress_callback.py:218
                    loss:1.235782, finished 69.36%.                             
[04:12:05] INFO     Rank: 0 - Epoch:13/20, Batch:145,   progress_callback.py:218
                    loss:1.276687, finished 69.39%.                             
[04:12:18] INFO     Rank: 0 - Contrastive loss is                 callback.py:66
                    0.5614912688732148, nll_loss is                             
                    0.7427132070064545                                          
[04:12:22] INFO     Rank: 0 - Epoch:13/20, Batch:146,   progress_callback.py:218
                    loss:1.403792, finished 69.42%.                             
[04:12:31] INFO     Rank: 0 - Epoch:13/20, Batch:147,   progress_callback.py:218
                    loss:1.265081, finished 69.45%.                             
[04:12:43] INFO     Rank: 0 - Epoch:13/20, Batch:148,   progress_callback.py:218
                    loss:0.917897, finished 69.48%.                             
[04:12:52] INFO     Rank: 0 - Epoch:13/20, Batch:149,   progress_callback.py:218
                    loss:1.444111, finished 69.52%.                             
[04:13:00] INFO     Rank: 0 - Epoch:13/20, Batch:150,   progress_callback.py:218
                    loss:1.379162, finished 69.55%.                             
[04:13:11] INFO     Rank: 0 - Epoch:13/20, Batch:151,   progress_callback.py:218
                    loss:1.266726, finished 69.58%.                             
[04:13:19] INFO     Rank: 0 - Epoch:13/20, Batch:152,   progress_callback.py:218
                    loss:1.073224, finished 69.61%.                             
[04:13:40] INFO     Rank: 0 - Epoch:13/20, Batch:153,   progress_callback.py:218
                    loss:1.252096, finished 69.64%.                             
[04:13:47] INFO     Rank: 0 - Epoch:13/20, Batch:154,   progress_callback.py:218
                    loss:1.033591, finished 69.67%.                             
[04:13:55] INFO     Rank: 0 - Epoch:13/20, Batch:155,   progress_callback.py:218
                    loss:1.408879, finished 69.7%.                              
[04:14:01] INFO     Rank: 0 - Contrastive loss is                 callback.py:66
                    0.5441239774227142, nll_loss is                             
                    0.6965117394924164                                          
[04:14:02] INFO     Rank: 0 - Epoch:13/20, Batch:156,   progress_callback.py:218
                    loss:1.365591, finished 69.73%.                             
[04:14:10] INFO     Rank: 0 - Epoch:13/20, Batch:157,   progress_callback.py:218
                    loss:1.076572, finished 69.76%.                             
[04:14:19] INFO     Rank: 0 - Epoch:13/20, Batch:158,   progress_callback.py:218
                    loss:1.17507, finished 69.79%.                              
[04:14:28] INFO     Rank: 0 - Epoch:13/20, Batch:159,   progress_callback.py:218
                    loss:0.930661, finished 69.82%.                             
[04:14:38] INFO     Rank: 0 - Epoch:13/20, Batch:160,   progress_callback.py:218
                    loss:1.142135, finished 69.85%.                             
[04:14:53] INFO     Rank: 0 - Epoch:13/20, Batch:161,   progress_callback.py:218
                    loss:1.243515, finished 69.88%.                             
[04:15:03] INFO     Rank: 0 - Epoch:13/20, Batch:162,   progress_callback.py:218
                    loss:1.081536, finished 69.91%.                             
[04:15:13] INFO     Rank: 0 - Epoch:13/20, Batch:163,   progress_callback.py:218
                    loss:1.072089, finished 69.94%.                             
[04:15:23] INFO     Rank: 0 - Epoch:13/20, Batch:164,   progress_callback.py:218
                    loss:1.381661, finished 69.97%.                             
[04:15:30] INFO     Rank: 0 - Epoch:13/20, Batch:165,   progress_callback.py:218
                    loss:1.05941, finished 70.0%.                               
           INFO     Rank: 0 -                           progress_callback.py:204
                    **********Epoch:14 starts**********                         
[04:15:40] INFO     Rank: 0 - Contrastive loss is                 callback.py:66
                    0.44829620867967607, nll_loss is                            
                    0.678882186114788                                           
[04:15:41] INFO     Rank: 0 - Epoch:14/20, Batch:1,     progress_callback.py:218
                    loss:1.109137, finished 70.03%.                             
[04:15:50] INFO     Rank: 0 - Epoch:14/20, Batch:2,     progress_callback.py:218
                    loss:1.221345, finished 70.06%.                             
[04:16:05] INFO     Rank: 0 - Epoch:14/20, Batch:3,     progress_callback.py:218
                    loss:1.369907, finished 70.09%.                             
[04:16:15] INFO     Rank: 0 - Epoch:14/20, Batch:4,     progress_callback.py:218
                    loss:1.304111, finished 70.12%.                             
[04:16:23] INFO     Rank: 0 - Epoch:14/20, Batch:5,     progress_callback.py:218
                    loss:1.192119, finished 70.15%.                             
[04:16:35] INFO     Rank: 0 - Epoch:14/20, Batch:6,     progress_callback.py:218
                    loss:1.373956, finished 70.18%.                             
[04:16:45] INFO     Rank: 0 - Epoch:14/20, Batch:7,     progress_callback.py:218
                    loss:1.321613, finished 70.21%.                             
[04:16:55] INFO     Rank: 0 - Epoch:14/20, Batch:8,     progress_callback.py:218
                    loss:0.985415, finished 70.24%.                             
[04:17:05] INFO     Rank: 0 - Epoch:14/20, Batch:9,     progress_callback.py:218
                    loss:1.117455, finished 70.27%.                             
[04:17:20] INFO     Rank: 0 - Epoch:14/20, Batch:10,    progress_callback.py:218
                    loss:1.623725, finished 70.3%.                              
           INFO     Rank: 0 -                                   evaluator.py:317
                    **********Evaluation starts**********                       
[04:17:50] INFO     Rank: 0 - **********Evaluation              evaluator.py:349
                    ends**********                                              
                                                                                
           INFO     Rank: 0 - ----------Eval. results   progress_callback.py:233
                    on Epoch:14, Batch:10----------                             
           INFO     Rank: 0 -                           progress_callback.py:238
                    {"torch_ngram#ngram-overlap":                               
                    0.4430850148200989}                                         
[04:17:58] INFO     Rank: 0 - Contrastive loss is                 callback.py:66
                    0.5538970082998276, nll_loss is                             
                    0.7345797091722488                                          
[04:17:59] INFO     Rank: 0 - Epoch:14/20, Batch:11,    progress_callback.py:218
                    loss:1.375122, finished 70.33%.                             
[04:18:13] INFO     Rank: 0 - Epoch:14/20, Batch:12,    progress_callback.py:218
                    loss:1.189868, finished 70.36%.                             
[04:18:39] INFO     Rank: 0 - Epoch:14/20, Batch:13,    progress_callback.py:218
                    loss:1.024889, finished 70.39%.                             
[04:18:47] INFO     Rank: 0 - Epoch:14/20, Batch:14,    progress_callback.py:218
                    loss:1.512012, finished 70.42%.                             
[04:19:00] INFO     Rank: 0 - Epoch:14/20, Batch:15,    progress_callback.py:218
                    loss:1.511556, finished 70.45%.                             
[04:19:13] INFO     Rank: 0 - Epoch:14/20, Batch:16,    progress_callback.py:218
                    loss:1.350841, finished 70.48%.                             
[04:19:24] INFO     Rank: 0 - Epoch:14/20, Batch:17,    progress_callback.py:218
                    loss:1.496075, finished 70.52%.                             
[04:19:33] INFO     Rank: 0 - Epoch:14/20, Batch:18,    progress_callback.py:218
                    loss:0.983732, finished 70.55%.                             
[04:19:50] INFO     Rank: 0 - Epoch:14/20, Batch:19,    progress_callback.py:218
                    loss:1.38665, finished 70.58%.                              
[04:19:58] INFO     Rank: 0 - Epoch:14/20, Batch:20,    progress_callback.py:218
                    loss:1.229723, finished 70.61%.                             
[04:20:07] INFO     Rank: 0 - Contrastive loss is                 callback.py:66
                    0.5917637705802917, nll_loss is                             
                    0.7221396803855896                                          
           INFO     Rank: 0 - Epoch:14/20, Batch:21,    progress_callback.py:218
                    loss:1.453687, finished 70.64%.                             
[04:20:17] INFO     Rank: 0 - Epoch:14/20, Batch:22,    progress_callback.py:218
                    loss:1.410334, finished 70.67%.                             
[04:20:26] INFO     Rank: 0 - Epoch:14/20, Batch:23,    progress_callback.py:218
                    loss:1.454299, finished 70.7%.                              
[04:20:35] INFO     Rank: 0 - Epoch:14/20, Batch:24,    progress_callback.py:218
                    loss:1.193583, finished 70.73%.                             
[04:20:43] INFO     Rank: 0 - Epoch:14/20, Batch:25,    progress_callback.py:218
                    loss:1.284348, finished 70.76%.                             
[04:21:01] INFO     Rank: 0 - Epoch:14/20, Batch:26,    progress_callback.py:218
                    loss:1.494489, finished 70.79%.                             
[04:21:13] INFO     Rank: 0 - Epoch:14/20, Batch:27,    progress_callback.py:218
                    loss:1.243872, finished 70.82%.                             
[04:21:23] INFO     Rank: 0 - Epoch:14/20, Batch:28,    progress_callback.py:218
                    loss:1.37463, finished 70.85%.                              
[04:21:31] INFO     Rank: 0 - Epoch:14/20, Batch:29,    progress_callback.py:218
                    loss:1.340998, finished 70.88%.                             
[04:21:38] INFO     Rank: 0 - Epoch:14/20, Batch:30,    progress_callback.py:218
                    loss:1.158542, finished 70.91%.                             
[04:21:44] INFO     Rank: 0 - Contrastive loss is                 callback.py:66
                    0.5811061143875123, nll_loss is                             
                    0.7424203753471375                                          
[04:21:46] INFO     Rank: 0 - Epoch:14/20, Batch:31,    progress_callback.py:218
                    loss:1.28017, finished 70.94%.                              
[04:21:55] INFO     Rank: 0 - Epoch:14/20, Batch:32,    progress_callback.py:218
                    loss:1.31024, finished 70.97%.                              
[04:22:13] INFO     Rank: 0 - Epoch:14/20, Batch:33,    progress_callback.py:218
                    loss:0.90002, finished 71.0%.                               
[04:22:26] INFO     Rank: 0 - Epoch:14/20, Batch:34,    progress_callback.py:218
                    loss:1.758431, finished 71.03%.                             
[04:22:34] INFO     Rank: 0 - Epoch:14/20, Batch:35,    progress_callback.py:218
                    loss:1.165924, finished 71.06%.                             
[04:22:44] INFO     Rank: 0 - Epoch:14/20, Batch:36,    progress_callback.py:218
                    loss:1.075559, finished 71.09%.                             
[04:22:52] INFO     Rank: 0 - Epoch:14/20, Batch:37,    progress_callback.py:218
                    loss:1.179889, finished 71.12%.                             
[04:23:06] INFO     Rank: 0 - Epoch:14/20, Batch:38,    progress_callback.py:218
                    loss:1.227323, finished 71.15%.                             
[04:23:19] INFO     Rank: 0 - Epoch:14/20, Batch:39,    progress_callback.py:218
                    loss:0.968631, finished 71.18%.                             
[04:23:39] INFO     Rank: 0 - Epoch:14/20, Batch:40,    progress_callback.py:218
                    loss:1.22858, finished 71.21%.                              
[04:23:46] INFO     Rank: 0 - Contrastive loss is                 callback.py:66
                    0.5424478113651275, nll_loss is                             
                    0.6456469118595123                                          
[04:23:47] INFO     Rank: 0 - Epoch:14/20, Batch:41,    progress_callback.py:218
                    loss:1.066351, finished 71.24%.                             
[04:24:01] INFO     Rank: 0 - Epoch:14/20, Batch:42,    progress_callback.py:218
                    loss:1.038306, finished 71.27%.                             
[04:24:13] INFO     Rank: 0 - Epoch:14/20, Batch:43,    progress_callback.py:218
                    loss:0.921206, finished 71.3%.                              
[04:24:22] INFO     Rank: 0 - Epoch:14/20, Batch:44,    progress_callback.py:218
                    loss:1.463196, finished 71.33%.                             
[04:24:39] INFO     Rank: 0 - Epoch:14/20, Batch:45,    progress_callback.py:218
                    loss:1.412693, finished 71.36%.                             
[04:24:54] INFO     Rank: 0 - Epoch:14/20, Batch:46,    progress_callback.py:218
                    loss:0.751136, finished 71.39%.                             
[04:25:04] INFO     Rank: 0 - Epoch:14/20, Batch:47,    progress_callback.py:218
                    loss:1.001563, finished 71.42%.                             
[04:25:14] INFO     Rank: 0 - Epoch:14/20, Batch:48,    progress_callback.py:218
                    loss:0.947875, finished 71.45%.                             
[04:25:23] INFO     Rank: 0 - Epoch:14/20, Batch:49,    progress_callback.py:218
                    loss:1.141768, finished 71.48%.                             
[04:25:32] INFO     Rank: 0 - Epoch:14/20, Batch:50,    progress_callback.py:218
                    loss:1.110922, finished 71.52%.                             
           INFO     Rank: 0 -                                   evaluator.py:317
                    **********Evaluation starts**********                       
[04:26:02] INFO     Rank: 0 - **********Evaluation              evaluator.py:349
                    ends**********                                              
                                                                                
           INFO     Rank: 0 - ----------Eval. results   progress_callback.py:233
                    on Epoch:14, Batch:50----------                             
           INFO     Rank: 0 -                           progress_callback.py:238
                    {"torch_ngram#ngram-overlap":                               
                    0.4448491036891937}                                         
[04:26:10] INFO     Rank: 0 - Contrastive loss is                 callback.py:66
                    0.5137253731489182, nll_loss is                             
                    0.5716001957654953                                          
[04:26:12] INFO     Rank: 0 - Epoch:14/20, Batch:51,    progress_callback.py:218
                    loss:1.064591, finished 71.55%.                             
[04:26:24] INFO     Rank: 0 - Epoch:14/20, Batch:52,    progress_callback.py:218
                    loss:1.024297, finished 71.58%.                             
[04:26:32] INFO     Rank: 0 - Epoch:14/20, Batch:53,    progress_callback.py:218
                    loss:1.281885, finished 71.61%.                             
[04:26:41] INFO     Rank: 0 - Epoch:14/20, Batch:54,    progress_callback.py:218
                    loss:1.651648, finished 71.64%.                             
[04:26:51] INFO     Rank: 0 - Epoch:14/20, Batch:55,    progress_callback.py:218
                    loss:1.104962, finished 71.67%.                             
[04:27:03] INFO     Rank: 0 - Epoch:14/20, Batch:56,    progress_callback.py:218
                    loss:1.155308, finished 71.7%.                              
[04:27:25] INFO     Rank: 0 - Epoch:14/20, Batch:57,    progress_callback.py:218
                    loss:0.857657, finished 71.73%.                             
[04:27:34] INFO     Rank: 0 - Epoch:14/20, Batch:58,    progress_callback.py:218
                    loss:1.421532, finished 71.76%.                             
[04:27:45] INFO     Rank: 0 - Epoch:14/20, Batch:59,    progress_callback.py:218
                    loss:1.031283, finished 71.79%.                             
[04:27:57] INFO     Rank: 0 - Epoch:14/20, Batch:60,    progress_callback.py:218
                    loss:0.788197, finished 71.82%.                             
[04:28:06] INFO     Rank: 0 - Contrastive loss is                 callback.py:66
                    0.5372888654470444, nll_loss is                             
                    0.6400531262159348                                          
           INFO     Rank: 0 - Epoch:14/20, Batch:61,    progress_callback.py:218
                    loss:1.456651, finished 71.85%.                             
[04:28:15] INFO     Rank: 0 - Epoch:14/20, Batch:62,    progress_callback.py:218
                    loss:1.623493, finished 71.88%.                             
[04:28:30] INFO     Rank: 0 - Epoch:14/20, Batch:63,    progress_callback.py:218
                    loss:1.449319, finished 71.91%.                             
[04:28:41] INFO     Rank: 0 - Epoch:14/20, Batch:64,    progress_callback.py:218
                    loss:1.251497, finished 71.94%.                             
[04:28:49] INFO     Rank: 0 - Epoch:14/20, Batch:65,    progress_callback.py:218
                    loss:1.393197, finished 71.97%.                             
[04:28:56] INFO     Rank: 0 - Epoch:14/20, Batch:66,    progress_callback.py:218
                    loss:1.354479, finished 72.0%.                              
[04:29:05] INFO     Rank: 0 - Epoch:14/20, Batch:67,    progress_callback.py:218
                    loss:1.311012, finished 72.03%.                             
[04:29:17] INFO     Rank: 0 - Epoch:14/20, Batch:68,    progress_callback.py:218
                    loss:1.264835, finished 72.06%.                             
[04:29:34] INFO     Rank: 0 - Epoch:14/20, Batch:69,    progress_callback.py:218
                    loss:0.688906, finished 72.09%.                             
[04:29:50] INFO     Rank: 0 - Epoch:14/20, Batch:70,    progress_callback.py:218
                    loss:1.57469, finished 72.12%.                              
[04:29:59] INFO     Rank: 0 - Contrastive loss is                 callback.py:66
                    0.5830250293016433, nll_loss is                             
                    0.7207659214735032                                          
           INFO     Rank: 0 - Epoch:14/20, Batch:71,    progress_callback.py:218
                    loss:1.126482, finished 72.15%.                             
[04:30:12] INFO     Rank: 0 - Epoch:14/20, Batch:72,    progress_callback.py:218
                    loss:0.653116, finished 72.18%.                             
[04:30:21] INFO     Rank: 0 - Epoch:14/20, Batch:73,    progress_callback.py:218
                    loss:1.404589, finished 72.21%.                             
[04:30:29] INFO     Rank: 0 - Epoch:14/20, Batch:74,    progress_callback.py:218
                    loss:0.945328, finished 72.24%.                             
[04:30:37] INFO     Rank: 0 - Epoch:14/20, Batch:75,    progress_callback.py:218
                    loss:1.067767, finished 72.27%.                             
[04:30:45] INFO     Rank: 0 - Epoch:14/20, Batch:76,    progress_callback.py:218
                    loss:1.085056, finished 72.3%.                              
[04:31:04] INFO     Rank: 0 - Epoch:14/20, Batch:77,    progress_callback.py:218
                    loss:1.182129, finished 72.33%.                             
[04:31:15] INFO     Rank: 0 - Epoch:14/20, Batch:78,    progress_callback.py:218
                    loss:1.282841, finished 72.36%.                             
[04:31:23] INFO     Rank: 0 - Epoch:14/20, Batch:79,    progress_callback.py:218
                    loss:0.949031, finished 72.39%.                             
[04:31:32] INFO     Rank: 0 - Epoch:14/20, Batch:80,    progress_callback.py:218
                    loss:1.512224, finished 72.42%.                             
[04:31:41] INFO     Rank: 0 - Contrastive loss is                 callback.py:66
                    0.5085589945316314, nll_loss is                             
                    0.6099233567714691                                          
           INFO     Rank: 0 - Epoch:14/20, Batch:81,    progress_callback.py:218
                    loss:1.102741, finished 72.45%.                             
[04:31:51] INFO     Rank: 0 - Epoch:14/20, Batch:82,    progress_callback.py:218
                    loss:1.0629, finished 72.48%.                               
[04:31:59] INFO     Rank: 0 - Epoch:14/20, Batch:83,    progress_callback.py:218
                    loss:1.430699, finished 72.52%.                             
[04:32:06] INFO     Rank: 0 - Epoch:14/20, Batch:84,    progress_callback.py:218
                    loss:0.894157, finished 72.55%.                             
[04:32:22] INFO     Rank: 0 - Epoch:14/20, Batch:85,    progress_callback.py:218
                    loss:0.972248, finished 72.58%.                             
[04:32:34] INFO     Rank: 0 - Epoch:14/20, Batch:86,    progress_callback.py:218
                    loss:0.904658, finished 72.61%.                             
[04:32:44] INFO     Rank: 0 - Epoch:14/20, Batch:87,    progress_callback.py:218
                    loss:1.313368, finished 72.64%.                             
[04:32:57] INFO     Rank: 0 - Epoch:14/20, Batch:88,    progress_callback.py:218
                    loss:1.290347, finished 72.67%.                             
[04:33:08] INFO     Rank: 0 - Epoch:14/20, Batch:89,    progress_callback.py:218
                    loss:1.266021, finished 72.7%.                              
[04:33:26] INFO     Rank: 0 - Epoch:14/20, Batch:90,    progress_callback.py:218
                    loss:1.302259, finished 72.73%.                             
           INFO     Rank: 0 -                                   evaluator.py:317
                    **********Evaluation starts**********                       
[04:33:56] INFO     Rank: 0 - **********Evaluation              evaluator.py:349
                    ends**********                                              
                                                                                
           INFO     Rank: 0 - ----------Eval. results   progress_callback.py:233
                    on Epoch:14, Batch:90----------                             
           INFO     Rank: 0 -                           progress_callback.py:238
                    {"torch_ngram#ngram-overlap":                               
                    0.44208580255508423}                                        
[04:34:09] INFO     Rank: 0 - Contrastive loss is                 callback.py:66
                    0.5133005529642105, nll_loss is                             
                    0.6581868678331375                                          
[04:34:13] INFO     Rank: 0 - Epoch:14/20, Batch:91,    progress_callback.py:218
                    loss:1.278218, finished 72.76%.                             
[04:34:28] INFO     Rank: 0 - Epoch:14/20, Batch:92,    progress_callback.py:218
                    loss:1.268461, finished 72.79%.                             
[04:34:40] INFO     Rank: 0 - Epoch:14/20, Batch:93,    progress_callback.py:218
                    loss:1.276058, finished 72.82%.                             
[04:35:03] INFO     Rank: 0 - Epoch:14/20, Batch:94,    progress_callback.py:218
                    loss:1.012218, finished 72.85%.                             
[04:35:13] INFO     Rank: 0 - Epoch:14/20, Batch:95,    progress_callback.py:218
                    loss:0.598041, finished 72.88%.                             
[04:35:20] INFO     Rank: 0 - Epoch:14/20, Batch:96,    progress_callback.py:218
                    loss:0.72392, finished 72.91%.                              
[04:35:29] INFO     Rank: 0 - Epoch:14/20, Batch:97,    progress_callback.py:218
                    loss:1.45028, finished 72.94%.                              
[04:35:37] INFO     Rank: 0 - Epoch:14/20, Batch:98,    progress_callback.py:218
                    loss:0.904876, finished 72.97%.                             
[04:35:46] INFO     Rank: 0 - Epoch:14/20, Batch:99,    progress_callback.py:218
                    loss:1.217271, finished 73.0%.                              
[04:35:55] INFO     Rank: 0 - Epoch:14/20, Batch:100,   progress_callback.py:218
                    loss:1.605253, finished 73.03%.                             
[04:36:12] INFO     Rank: 0 - Contrastive loss is                 callback.py:66
                    0.49101248383522034, nll_loss is                            
                    0.6095904767513275                                          
[04:36:14] INFO     Rank: 0 - Epoch:14/20, Batch:101,   progress_callback.py:218
                    loss:0.949651, finished 73.06%.                             
[04:36:29] INFO     Rank: 0 - Epoch:14/20, Batch:102,   progress_callback.py:218
                    loss:1.330372, finished 73.09%.                             
[04:36:46] INFO     Rank: 0 - Epoch:14/20, Batch:103,   progress_callback.py:218
                    loss:1.462232, finished 73.12%.                             
[04:37:13] INFO     Rank: 0 - Epoch:14/20, Batch:104,   progress_callback.py:218
                    loss:0.94943, finished 73.15%.                              
[04:37:37] INFO     Rank: 0 - Epoch:14/20, Batch:105,   progress_callback.py:218
                    loss:1.501839, finished 73.18%.                             
[04:37:52] INFO     Rank: 0 - Epoch:14/20, Batch:106,   progress_callback.py:218
                    loss:1.245149, finished 73.21%.                             
[04:37:58] INFO     Rank: 0 - Epoch:14/20, Batch:107,   progress_callback.py:218
                    loss:0.816958, finished 73.24%.                             
[04:38:08] INFO     Rank: 0 - Epoch:14/20, Batch:108,   progress_callback.py:218
                    loss:0.873854, finished 73.27%.                             
[04:38:13] INFO     Rank: 0 - Epoch:14/20, Batch:109,   progress_callback.py:218
                    loss:0.939378, finished 73.3%.                              
[04:38:23] INFO     Rank: 0 - Epoch:14/20, Batch:110,   progress_callback.py:218
                    loss:0.93006, finished 73.33%.                              
[04:38:31] INFO     Rank: 0 - Contrastive loss is                 callback.py:66
                    0.4654382705688477, nll_loss is                             
                    0.6509232342243194                                          
[04:38:32] INFO     Rank: 0 - Epoch:14/20, Batch:111,   progress_callback.py:218
                    loss:1.114344, finished 73.36%.                             
[04:38:48] INFO     Rank: 0 - Epoch:14/20, Batch:112,   progress_callback.py:218
                    loss:1.710594, finished 73.39%.                             
[04:39:06] INFO     Rank: 0 - Epoch:14/20, Batch:113,   progress_callback.py:218
                    loss:1.159303, finished 73.42%.                             
[04:39:15] INFO     Rank: 0 - Epoch:14/20, Batch:114,   progress_callback.py:218
                    loss:1.061028, finished 73.45%.                             
[04:39:20] INFO     Rank: 0 - Epoch:14/20, Batch:115,   progress_callback.py:218
                    loss:1.273068, finished 73.48%.                             
[04:39:30] INFO     Rank: 0 - Epoch:14/20, Batch:116,   progress_callback.py:218
                    loss:0.955849, finished 73.52%.                             
[04:39:40] INFO     Rank: 0 - Epoch:14/20, Batch:117,   progress_callback.py:218
                    loss:0.769664, finished 73.55%.                             
[04:39:48] INFO     Rank: 0 - Epoch:14/20, Batch:118,   progress_callback.py:218
                    loss:1.299803, finished 73.58%.                             
[04:39:56] INFO     Rank: 0 - Epoch:14/20, Batch:119,   progress_callback.py:218
                    loss:1.362249, finished 73.61%.                             
[04:40:11] INFO     Rank: 0 - Epoch:14/20, Batch:120,   progress_callback.py:218
                    loss:1.141646, finished 73.64%.                             
[04:40:23] INFO     Rank: 0 - Contrastive loss is                 callback.py:66
                    0.5181474313139915, nll_loss is                             
                    0.6862329795956612                                          
[04:40:25] INFO     Rank: 0 - Epoch:14/20, Batch:121,   progress_callback.py:218
                    loss:1.3106, finished 73.67%.                               
[04:40:36] INFO     Rank: 0 - Epoch:14/20, Batch:122,   progress_callback.py:218
                    loss:1.088023, finished 73.7%.                              
[04:40:42] INFO     Rank: 0 - Epoch:14/20, Batch:123,   progress_callback.py:218
                    loss:1.571697, finished 73.73%.                             
[04:40:53] INFO     Rank: 0 - Epoch:14/20, Batch:124,   progress_callback.py:218
                    loss:1.312671, finished 73.76%.                             
[04:41:01] INFO     Rank: 0 - Epoch:14/20, Batch:125,   progress_callback.py:218
                    loss:1.101419, finished 73.79%.                             
[04:41:12] INFO     Rank: 0 - Epoch:14/20, Batch:126,   progress_callback.py:218
                    loss:1.238924, finished 73.82%.                             
[04:41:30] INFO     Rank: 0 - Epoch:14/20, Batch:127,   progress_callback.py:218
                    loss:1.326094, finished 73.85%.                             
[04:41:42] INFO     Rank: 0 - Epoch:14/20, Batch:128,   progress_callback.py:218
                    loss:0.992267, finished 73.88%.                             
[04:41:50] INFO     Rank: 0 - Epoch:14/20, Batch:129,   progress_callback.py:218
                    loss:1.372875, finished 73.91%.                             
[04:42:03] INFO     Rank: 0 - Epoch:14/20, Batch:130,   progress_callback.py:218
                    loss:1.252691, finished 73.94%.                             
           INFO     Rank: 0 -                                   evaluator.py:317
                    **********Evaluation starts**********                       
[04:42:32] INFO     Rank: 0 - **********Evaluation              evaluator.py:349
                    ends**********                                              
                                                                                
           INFO     Rank: 0 - ----------Eval. results   progress_callback.py:233
                    on Epoch:14, Batch:130----------                            
           INFO     Rank: 0 -                           progress_callback.py:238
                    {"torch_ngram#ngram-overlap":                               
                    0.44430917501449585}                                        
[04:42:47] INFO     Rank: 0 - Contrastive loss is                 callback.py:66
                    0.5300379872322083, nll_loss is                             
                    0.7118477642536163                                          
[04:42:48] INFO     Rank: 0 - Epoch:14/20, Batch:131,   progress_callback.py:218
                    loss:1.162197, finished 73.97%.                             
[04:42:57] INFO     Rank: 0 - Epoch:14/20, Batch:132,   progress_callback.py:218
                    loss:1.011697, finished 74.0%.                              
[04:43:11] INFO     Rank: 0 - Epoch:14/20, Batch:133,   progress_callback.py:218
                    loss:0.915058, finished 74.03%.                             
[04:43:23] INFO     Rank: 0 - Epoch:14/20, Batch:134,   progress_callback.py:218
                    loss:1.132942, finished 74.06%.                             
[04:43:34] INFO     Rank: 0 - Epoch:14/20, Batch:135,   progress_callback.py:218
                    loss:1.288207, finished 74.09%.                             
[04:43:45] INFO     Rank: 0 - Epoch:14/20, Batch:136,   progress_callback.py:218
                    loss:1.425554, finished 74.12%.                             
[04:44:03] INFO     Rank: 0 - Epoch:14/20, Batch:137,   progress_callback.py:218
                    loss:1.313229, finished 74.15%.                             
[04:44:13] INFO     Rank: 0 - Epoch:14/20, Batch:138,   progress_callback.py:218
                    loss:1.364814, finished 74.18%.                             
[04:44:22] INFO     Rank: 0 - Epoch:14/20, Batch:139,   progress_callback.py:218
                    loss:0.998394, finished 74.21%.                             
[04:44:29] INFO     Rank: 0 - Epoch:14/20, Batch:140,   progress_callback.py:218
                    loss:1.080112, finished 74.24%.                             
[04:44:35] INFO     Rank: 0 - Contrastive loss is                 callback.py:66
                    0.5714907169342041, nll_loss is                             
                    0.6192445278167724                                          
[04:44:38] INFO     Rank: 0 - Epoch:14/20, Batch:141,   progress_callback.py:218
                    loss:1.377346, finished 74.27%.                             
[04:44:47] INFO     Rank: 0 - Epoch:14/20, Batch:142,   progress_callback.py:218
                    loss:1.476675, finished 74.3%.                              
[04:44:55] INFO     Rank: 0 - Epoch:14/20, Batch:143,   progress_callback.py:218
                    loss:0.842438, finished 74.33%.                             
[04:45:11] INFO     Rank: 0 - Epoch:14/20, Batch:144,   progress_callback.py:218
                    loss:0.796812, finished 74.36%.                             
[04:45:24] INFO     Rank: 0 - Epoch:14/20, Batch:145,   progress_callback.py:218
                    loss:1.060143, finished 74.39%.                             
[04:45:41] INFO     Rank: 0 - Epoch:14/20, Batch:146,   progress_callback.py:218
                    loss:1.140086, finished 74.42%.                             
[04:45:52] INFO     Rank: 0 - Epoch:14/20, Batch:147,   progress_callback.py:218
                    loss:0.686764, finished 74.45%.                             
[04:46:00] INFO     Rank: 0 - Epoch:14/20, Batch:148,   progress_callback.py:218
                    loss:1.14713, finished 74.48%.                              
[04:46:08] INFO     Rank: 0 - Epoch:14/20, Batch:149,   progress_callback.py:218
                    loss:1.322013, finished 74.52%.                             
[04:46:27] INFO     Rank: 0 - Epoch:14/20, Batch:150,   progress_callback.py:218
                    loss:1.266145, finished 74.55%.                             
[04:46:38] INFO     Rank: 0 - Contrastive loss is                 callback.py:66
                    0.5302236407995224, nll_loss is                             
                    0.5754864245653153                                          
[04:46:45] INFO     Rank: 0 - Epoch:14/20, Batch:151,   progress_callback.py:218
                    loss:1.318897, finished 74.58%.                             
[04:46:56] INFO     Rank: 0 - Epoch:14/20, Batch:152,   progress_callback.py:218
                    loss:1.121582, finished 74.61%.                             
[04:47:07] INFO     Rank: 0 - Epoch:14/20, Batch:153,   progress_callback.py:218
                    loss:0.787608, finished 74.64%.                             
[04:47:15] INFO     Rank: 0 - Epoch:14/20, Batch:154,   progress_callback.py:218
                    loss:0.97386, finished 74.67%.                              
[04:47:23] INFO     Rank: 0 - Epoch:14/20, Batch:155,   progress_callback.py:218
                    loss:1.527564, finished 74.7%.                              
[04:47:35] INFO     Rank: 0 - Epoch:14/20, Batch:156,   progress_callback.py:218
                    loss:1.217048, finished 74.73%.                             
[04:47:57] INFO     Rank: 0 - Epoch:14/20, Batch:157,   progress_callback.py:218
                    loss:1.216681, finished 74.76%.                             
[04:48:06] INFO     Rank: 0 - Epoch:14/20, Batch:158,   progress_callback.py:218
                    loss:1.269889, finished 74.79%.                             
[04:48:17] INFO     Rank: 0 - Epoch:14/20, Batch:159,   progress_callback.py:218
                    loss:1.141592, finished 74.82%.                             
[04:48:25] INFO     Rank: 0 - Epoch:14/20, Batch:160,   progress_callback.py:218
                    loss:1.320693, finished 74.85%.                             
[04:48:37] INFO     Rank: 0 - Contrastive loss is                 callback.py:66
                    0.51612648665905, nll_loss is                               
                    0.6440890818834305                                          
[04:48:38] INFO     Rank: 0 - Epoch:14/20, Batch:161,   progress_callback.py:218
                    loss:1.025639, finished 74.88%.                             
[04:48:50] INFO     Rank: 0 - Epoch:14/20, Batch:162,   progress_callback.py:218
                    loss:1.283686, finished 74.91%.                             
[04:49:05] INFO     Rank: 0 - Epoch:14/20, Batch:163,   progress_callback.py:218
                    loss:0.820886, finished 74.94%.                             
[04:49:15] INFO     Rank: 0 - Epoch:14/20, Batch:164,   progress_callback.py:218
                    loss:1.115036, finished 74.97%.                             
[04:49:24] INFO     Rank: 0 - Epoch:14/20, Batch:165,   progress_callback.py:218
                    loss:1.791353, finished 75.0%.                              
           INFO     Rank: 0 -                           progress_callback.py:204
                    **********Epoch:15 starts**********                         
[04:49:35] INFO     Rank: 0 - Epoch:15/20, Batch:1,     progress_callback.py:218
                    loss:0.949832, finished 75.03%.                             
[04:49:46] INFO     Rank: 0 - Epoch:15/20, Batch:2,     progress_callback.py:218
                    loss:1.467211, finished 75.06%.                             
[04:49:59] INFO     Rank: 0 - Epoch:15/20, Batch:3,     progress_callback.py:218
                    loss:1.026597, finished 75.09%.                             
[04:50:14] INFO     Rank: 0 - Epoch:15/20, Batch:4,     progress_callback.py:218
                    loss:1.221324, finished 75.12%.                             
[04:50:38] INFO     Rank: 0 - Epoch:15/20, Batch:5,     progress_callback.py:218
                    loss:0.818977, finished 75.15%.                             
           INFO     Rank: 0 -                                   evaluator.py:317
                    **********Evaluation starts**********                       
[04:51:07] INFO     Rank: 0 - **********Evaluation              evaluator.py:349
                    ends**********                                              
                                                                                
           INFO     Rank: 0 - ----------Eval. results   progress_callback.py:233
                    on Epoch:15, Batch:5----------                              
           INFO     Rank: 0 -                           progress_callback.py:238
                    {"torch_ngram#ngram-overlap":                               
                    0.4453108608722687}                                         
[04:51:16] INFO     Rank: 0 - Contrastive loss is                 callback.py:66
                    0.49146347045898436, nll_loss is                            
                    0.6699344754219055                                          
[04:51:17] INFO     Rank: 0 - Epoch:15/20, Batch:6,     progress_callback.py:218
                    loss:1.119077, finished 75.18%.                             
[04:51:26] INFO     Rank: 0 - Epoch:15/20, Batch:7,     progress_callback.py:218
                    loss:0.890957, finished 75.21%.                             
[04:51:43] INFO     Rank: 0 - Epoch:15/20, Batch:8,     progress_callback.py:218
                    loss:0.875831, finished 75.24%.                             
[04:52:00] INFO     Rank: 0 - Epoch:15/20, Batch:9,     progress_callback.py:218
                    loss:1.51476, finished 75.27%.                              
[04:52:09] INFO     Rank: 0 - Epoch:15/20, Batch:10,    progress_callback.py:218
                    loss:1.493971, finished 75.3%.                              
[04:52:18] INFO     Rank: 0 - Epoch:15/20, Batch:11,    progress_callback.py:218
                    loss:1.245277, finished 75.33%.                             
[04:52:28] INFO     Rank: 0 - Epoch:15/20, Batch:12,    progress_callback.py:218
                    loss:1.0952, finished 75.36%.                               
[04:52:43] INFO     Rank: 0 - Epoch:15/20, Batch:13,    progress_callback.py:218
                    loss:1.178535, finished 75.39%.                             
[04:53:04] INFO     Rank: 0 - Epoch:15/20, Batch:14,    progress_callback.py:218
                    loss:1.212926, finished 75.42%.                             
[04:53:13] INFO     Rank: 0 - Epoch:15/20, Batch:15,    progress_callback.py:218
                    loss:1.217711, finished 75.45%.                             
[04:53:19] INFO     Rank: 0 - Contrastive loss is                 callback.py:66
                    0.5289189100265503, nll_loss is                             
                    0.6291532158851624                                          
[04:53:21] INFO     Rank: 0 - Epoch:15/20, Batch:16,    progress_callback.py:218
                    loss:0.855553, finished 75.48%.                             
[04:53:29] INFO     Rank: 0 - Epoch:15/20, Batch:17,    progress_callback.py:218
                    loss:1.231258, finished 75.52%.                             
[04:53:36] INFO     Rank: 0 - Epoch:15/20, Batch:18,    progress_callback.py:218
                    loss:0.909358, finished 75.55%.                             
[04:53:45] INFO     Rank: 0 - Epoch:15/20, Batch:19,    progress_callback.py:218
                    loss:1.351316, finished 75.58%.                             
[04:53:53] INFO     Rank: 0 - Epoch:15/20, Batch:20,    progress_callback.py:218
                    loss:1.66631, finished 75.61%.                              
[04:54:02] INFO     Rank: 0 - Epoch:15/20, Batch:21,    progress_callback.py:218
                    loss:1.462083, finished 75.64%.                             
[04:54:13] INFO     Rank: 0 - Epoch:15/20, Batch:22,    progress_callback.py:218
                    loss:1.048746, finished 75.67%.                             
[04:54:21] INFO     Rank: 0 - Epoch:15/20, Batch:23,    progress_callback.py:218
                    loss:1.19051, finished 75.7%.                               
[04:54:32] INFO     Rank: 0 - Epoch:15/20, Batch:24,    progress_callback.py:218
                    loss:1.003236, finished 75.73%.                             
[04:54:39] INFO     Rank: 0 - Epoch:15/20, Batch:25,    progress_callback.py:218
                    loss:1.184184, finished 75.76%.                             
[04:54:45] INFO     Rank: 0 - Contrastive loss is                 callback.py:66
                    0.5636687308549881, nll_loss is                             
                    0.6893547683954239                                          
[04:54:46] INFO     Rank: 0 - Epoch:15/20, Batch:26,    progress_callback.py:218
                    loss:1.483234, finished 75.79%.                             
[04:54:57] INFO     Rank: 0 - Epoch:15/20, Batch:27,    progress_callback.py:218
                    loss:1.299894, finished 75.82%.                             
[04:55:06] INFO     Rank: 0 - Epoch:15/20, Batch:28,    progress_callback.py:218
                    loss:0.522831, finished 75.85%.                             
[04:55:27] INFO     Rank: 0 - Epoch:15/20, Batch:29,    progress_callback.py:218
                    loss:1.011359, finished 75.88%.                             
[04:55:39] INFO     Rank: 0 - Epoch:15/20, Batch:30,    progress_callback.py:218
                    loss:0.91531, finished 75.91%.                              
[04:55:51] INFO     Rank: 0 - Epoch:15/20, Batch:31,    progress_callback.py:218
                    loss:0.735928, finished 75.94%.                             
[04:56:01] INFO     Rank: 0 - Epoch:15/20, Batch:32,    progress_callback.py:218
                    loss:1.189921, finished 75.97%.                             
[04:56:09] INFO     Rank: 0 - Epoch:15/20, Batch:33,    progress_callback.py:218
                    loss:1.102597, finished 76.0%.                              
[04:56:17] INFO     Rank: 0 - Epoch:15/20, Batch:34,    progress_callback.py:218
                    loss:0.810168, finished 76.03%.                             
[04:56:35] INFO     Rank: 0 - Epoch:15/20, Batch:35,    progress_callback.py:218
                    loss:1.179859, finished 76.06%.                             
[04:56:49] INFO     Rank: 0 - Contrastive loss is                 callback.py:66
                    0.4345225036144257, nll_loss is                             
                    0.5398497998714447                                          
           INFO     Rank: 0 - Epoch:15/20, Batch:36,    progress_callback.py:218
                    loss:0.975854, finished 76.09%.                             
[04:56:57] INFO     Rank: 0 - Epoch:15/20, Batch:37,    progress_callback.py:218
                    loss:1.081362, finished 76.12%.                             
[04:57:06] INFO     Rank: 0 - Epoch:15/20, Batch:38,    progress_callback.py:218
                    loss:0.903423, finished 76.15%.                             
[04:57:15] INFO     Rank: 0 - Epoch:15/20, Batch:39,    progress_callback.py:218
                    loss:1.010181, finished 76.18%.                             
[04:57:28] INFO     Rank: 0 - Epoch:15/20, Batch:40,    progress_callback.py:218
                    loss:1.198307, finished 76.21%.                             
[04:57:38] INFO     Rank: 0 - Epoch:15/20, Batch:41,    progress_callback.py:218
                    loss:1.443751, finished 76.24%.                             
[04:57:50] INFO     Rank: 0 - Epoch:15/20, Batch:42,    progress_callback.py:218
                    loss:1.165233, finished 76.27%.                             
[04:58:02] INFO     Rank: 0 - Epoch:15/20, Batch:43,    progress_callback.py:218
                    loss:1.100655, finished 76.3%.                              
[04:58:10] INFO     Rank: 0 - Epoch:15/20, Batch:44,    progress_callback.py:218
                    loss:1.093028, finished 76.33%.                             
[04:58:18] INFO     Rank: 0 - Epoch:15/20, Batch:45,    progress_callback.py:218
                    loss:0.885269, finished 76.36%.                             
           INFO     Rank: 0 -                                   evaluator.py:317
                    **********Evaluation starts**********                       
[04:58:48] INFO     Rank: 0 - **********Evaluation              evaluator.py:349
                    ends**********                                              
                                                                                
           INFO     Rank: 0 - ----------Eval. results   progress_callback.py:233
                    on Epoch:15, Batch:45----------                             
           INFO     Rank: 0 -                           progress_callback.py:238
                    {"torch_ngram#ngram-overlap":                               
                    0.4463549554347992}                                         
[04:58:54] INFO     Rank: 0 - Contrastive loss is                 callback.py:66
                    0.4641501247882843, nll_loss is                             
                    0.6183261036872864                                          
[04:58:55] INFO     Rank: 0 - Epoch:15/20, Batch:46,    progress_callback.py:218
                    loss:0.943552, finished 76.39%.                             
[04:59:14] INFO     Rank: 0 - Epoch:15/20, Batch:47,    progress_callback.py:218
                    loss:0.926876, finished 76.42%.                             
[04:59:27] INFO     Rank: 0 - Epoch:15/20, Batch:48,    progress_callback.py:218
                    loss:1.05551, finished 76.45%.                              
[04:59:36] INFO     Rank: 0 - Epoch:15/20, Batch:49,    progress_callback.py:218
                    loss:1.202117, finished 76.48%.                             
[04:59:45] INFO     Rank: 0 - Epoch:15/20, Batch:50,    progress_callback.py:218
                    loss:1.003484, finished 76.52%.                             
[04:59:54] INFO     Rank: 0 - Epoch:15/20, Batch:51,    progress_callback.py:218
                    loss:0.882022, finished 76.55%.                             
[05:00:03] INFO     Rank: 0 - Epoch:15/20, Batch:52,    progress_callback.py:218
                    loss:0.781815, finished 76.58%.                             
[05:00:10] INFO     Rank: 0 - Epoch:15/20, Batch:53,    progress_callback.py:218
                    loss:1.245458, finished 76.61%.                             
[05:00:35] INFO     Rank: 0 - Epoch:15/20, Batch:54,    progress_callback.py:218
                    loss:0.991222, finished 76.64%.                             
[05:00:47] INFO     Rank: 0 - Epoch:15/20, Batch:55,    progress_callback.py:218
                    loss:1.255171, finished 76.67%.                             
[05:00:53] INFO     Rank: 0 - Contrastive loss is                 callback.py:66
                    0.47074818015098574, nll_loss is                            
                    0.5658220410346985                                          
[05:00:57] INFO     Rank: 0 - Epoch:15/20, Batch:56,    progress_callback.py:218
                    loss:1.022027, finished 76.7%.                              
[05:01:07] INFO     Rank: 0 - Epoch:15/20, Batch:57,    progress_callback.py:218
                    loss:1.150845, finished 76.73%.                             
[05:01:21] INFO     Rank: 0 - Epoch:15/20, Batch:58,    progress_callback.py:218
                    loss:1.143792, finished 76.76%.                             
[05:01:35] INFO     Rank: 0 - Epoch:15/20, Batch:59,    progress_callback.py:218
                    loss:1.252196, finished 76.79%.                             
[05:01:48] INFO     Rank: 0 - Epoch:15/20, Batch:60,    progress_callback.py:218
                    loss:1.042188, finished 76.82%.                             
[05:02:00] INFO     Rank: 0 - Epoch:15/20, Batch:61,    progress_callback.py:218
                    loss:1.267365, finished 76.85%.                             
[05:02:10] INFO     Rank: 0 - Epoch:15/20, Batch:62,    progress_callback.py:218
                    loss:1.148069, finished 76.88%.                             
[05:02:21] INFO     Rank: 0 - Epoch:15/20, Batch:63,    progress_callback.py:218
                    loss:1.639302, finished 76.91%.                             
[05:02:29] INFO     Rank: 0 - Epoch:15/20, Batch:64,    progress_callback.py:218
                    loss:0.969819, finished 76.94%.                             
[05:02:41] INFO     Rank: 0 - Epoch:15/20, Batch:65,    progress_callback.py:218
                    loss:0.986662, finished 76.97%.                             
[05:02:56] INFO     Rank: 0 - Contrastive loss is                 callback.py:66
                    0.5593183219432831, nll_loss is                             
                    0.6068840086460113                                          
           INFO     Rank: 0 - Epoch:15/20, Batch:66,    progress_callback.py:218
                    loss:1.061784, finished 77.0%.                              
[05:03:04] INFO     Rank: 0 - Epoch:15/20, Batch:67,    progress_callback.py:218
                    loss:1.196957, finished 77.03%.                             
[05:03:15] INFO     Rank: 0 - Epoch:15/20, Batch:68,    progress_callback.py:218
                    loss:1.199875, finished 77.06%.                             
[05:03:31] INFO     Rank: 0 - Epoch:15/20, Batch:69,    progress_callback.py:218
                    loss:0.754668, finished 77.09%.                             
[05:03:40] INFO     Rank: 0 - Epoch:15/20, Batch:70,    progress_callback.py:218
                    loss:0.972925, finished 77.12%.                             
[05:03:54] INFO     Rank: 0 - Epoch:15/20, Batch:71,    progress_callback.py:218
                    loss:0.820239, finished 77.15%.                             
[05:04:13] INFO     Rank: 0 - Epoch:15/20, Batch:72,    progress_callback.py:218
                    loss:0.969674, finished 77.18%.                             
[05:04:21] INFO     Rank: 0 - Epoch:15/20, Batch:73,    progress_callback.py:218
                    loss:1.315933, finished 77.21%.                             
[05:04:27] INFO     Rank: 0 - Epoch:15/20, Batch:74,    progress_callback.py:218
                    loss:1.191494, finished 77.24%.                             
[05:04:44] INFO     Rank: 0 - Epoch:15/20, Batch:75,    progress_callback.py:218
                    loss:1.339065, finished 77.27%.                             
[05:04:54] INFO     Rank: 0 - Contrastive loss is                 callback.py:66
                    0.5287688076496124, nll_loss is                             
                    0.6058467864990235                                          
[05:05:00] INFO     Rank: 0 - Epoch:15/20, Batch:76,    progress_callback.py:218
                    loss:1.585325, finished 77.3%.                              
[05:05:13] INFO     Rank: 0 - Epoch:15/20, Batch:77,    progress_callback.py:218
                    loss:0.788062, finished 77.33%.                             
[05:05:32] INFO     Rank: 0 - Epoch:15/20, Batch:78,    progress_callback.py:218
                    loss:1.239839, finished 77.36%.                             
[05:05:42] INFO     Rank: 0 - Epoch:15/20, Batch:79,    progress_callback.py:218
                    loss:0.97468, finished 77.39%.                              
[05:05:54] INFO     Rank: 0 - Epoch:15/20, Batch:80,    progress_callback.py:218
                    loss:1.114401, finished 77.42%.                             
[05:06:04] INFO     Rank: 0 - Epoch:15/20, Batch:81,    progress_callback.py:218
                    loss:1.321193, finished 77.45%.                             
[05:06:13] INFO     Rank: 0 - Epoch:15/20, Batch:82,    progress_callback.py:218
                    loss:1.412051, finished 77.48%.                             
[05:06:22] INFO     Rank: 0 - Epoch:15/20, Batch:83,    progress_callback.py:218
                    loss:1.130676, finished 77.52%.                             
[05:06:42] INFO     Rank: 0 - Epoch:15/20, Batch:84,    progress_callback.py:218
                    loss:1.692045, finished 77.55%.                             
[05:06:50] INFO     Rank: 0 - Epoch:15/20, Batch:85,    progress_callback.py:218
                    loss:1.020615, finished 77.58%.                             
           INFO     Rank: 0 -                                   evaluator.py:317
                    **********Evaluation starts**********                       
[05:07:19] INFO     Rank: 0 - **********Evaluation              evaluator.py:349
                    ends**********                                              
                                                                                
           INFO     Rank: 0 - ----------Eval. results   progress_callback.py:233
                    on Epoch:15, Batch:85----------                             
           INFO     Rank: 0 -                           progress_callback.py:238
                    {"torch_ngram#ngram-overlap":                               
                    0.44797030091285706}                                        
 ============= save model at results/2023-03-25-21_28_56_059637/epoch-15_step-2560.pt ============= 
save hyperparams in  results/2023-03-25-21_28_56_059637/hyperparams.txt
[05:07:26] INFO     Rank: 0 - Contrastive loss is                 callback.py:66
                    0.5324469536542893, nll_loss is                             
                    0.6716529577970505                                          
           INFO     Rank: 0 - Epoch:15/20, Batch:86,    progress_callback.py:218
                    loss:1.347436, finished 77.61%.                             
[05:07:37] INFO     Rank: 0 - Epoch:15/20, Batch:87,    progress_callback.py:218
                    loss:1.194314, finished 77.64%.                             
[05:08:05] INFO     Rank: 0 - Epoch:15/20, Batch:88,    progress_callback.py:218
                    loss:0.890811, finished 77.67%.                             
[05:08:16] INFO     Rank: 0 - Epoch:15/20, Batch:89,    progress_callback.py:218
                    loss:1.06639, finished 77.7%.                               
[05:08:29] INFO     Rank: 0 - Epoch:15/20, Batch:90,    progress_callback.py:218
                    loss:1.50291, finished 77.73%.                              
[05:08:37] INFO     Rank: 0 - Epoch:15/20, Batch:91,    progress_callback.py:218
                    loss:1.24182, finished 77.76%.                              
[05:08:47] INFO     Rank: 0 - Epoch:15/20, Batch:92,    progress_callback.py:218
                    loss:1.382873, finished 77.79%.                             
[05:08:56] INFO     Rank: 0 - Epoch:15/20, Batch:93,    progress_callback.py:218
                    loss:0.990271, finished 77.82%.                             
[05:09:20] INFO     Rank: 0 - Epoch:15/20, Batch:94,    progress_callback.py:218
                    loss:1.285138, finished 77.85%.                             
[05:09:31] INFO     Rank: 0 - Epoch:15/20, Batch:95,    progress_callback.py:218
                    loss:1.007203, finished 77.88%.                             
[05:09:39] INFO     Rank: 0 - Contrastive loss is                 callback.py:66
                    0.5627202421426774, nll_loss is                             
                    0.603451743721962                                           
[05:09:41] INFO     Rank: 0 - Epoch:15/20, Batch:96,    progress_callback.py:218
                    loss:1.09999, finished 77.91%.                              
[05:09:49] INFO     Rank: 0 - Epoch:15/20, Batch:97,    progress_callback.py:218
                    loss:1.179394, finished 77.94%.                             
[05:09:58] INFO     Rank: 0 - Epoch:15/20, Batch:98,    progress_callback.py:218
                    loss:0.93594, finished 77.97%.                              
[05:10:10] INFO     Rank: 0 - Epoch:15/20, Batch:99,    progress_callback.py:218
                    loss:1.538298, finished 78.0%.                              
[05:10:24] INFO     Rank: 0 - Epoch:15/20, Batch:100,   progress_callback.py:218
                    loss:1.324024, finished 78.03%.                             
[05:10:36] INFO     Rank: 0 - Epoch:15/20, Batch:101,   progress_callback.py:218
                    loss:0.999498, finished 78.06%.                             
[05:10:45] INFO     Rank: 0 - Epoch:15/20, Batch:102,   progress_callback.py:218
                    loss:1.032376, finished 78.09%.                             
[05:10:53] INFO     Rank: 0 - Epoch:15/20, Batch:103,   progress_callback.py:218
                    loss:1.296589, finished 78.12%.                             
[05:11:05] INFO     Rank: 0 - Epoch:15/20, Batch:104,   progress_callback.py:218
                    loss:0.762902, finished 78.15%.                             
[05:11:14] INFO     Rank: 0 - Epoch:15/20, Batch:105,   progress_callback.py:218
                    loss:0.868791, finished 78.18%.                             
[05:11:20] INFO     Rank: 0 - Contrastive loss is                 callback.py:66
                    0.5172795638442039, nll_loss is                             
                    0.6264807060360909                                          
[05:11:24] INFO     Rank: 0 - Epoch:15/20, Batch:106,   progress_callback.py:218
                    loss:1.49979, finished 78.21%.                              
[05:11:45] INFO     Rank: 0 - Epoch:15/20, Batch:107,   progress_callback.py:218
                    loss:1.082811, finished 78.24%.                             
[05:11:57] INFO     Rank: 0 - Epoch:15/20, Batch:108,   progress_callback.py:218
                    loss:1.264464, finished 78.27%.                             
[05:12:10] INFO     Rank: 0 - Epoch:15/20, Batch:109,   progress_callback.py:218
                    loss:1.404226, finished 78.3%.                              
[05:12:18] INFO     Rank: 0 - Epoch:15/20, Batch:110,   progress_callback.py:218
                    loss:1.184842, finished 78.33%.                             
[05:12:39] INFO     Rank: 0 - Epoch:15/20, Batch:111,   progress_callback.py:218
                    loss:0.754442, finished 78.36%.                             
[05:12:49] INFO     Rank: 0 - Epoch:15/20, Batch:112,   progress_callback.py:218
                    loss:1.180705, finished 78.39%.                             
[05:13:07] INFO     Rank: 0 - Epoch:15/20, Batch:113,   progress_callback.py:218
                    loss:1.17658, finished 78.42%.                              
[05:13:17] INFO     Rank: 0 - Epoch:15/20, Batch:114,   progress_callback.py:218
                    loss:1.148886, finished 78.45%.                             
[05:13:29] INFO     Rank: 0 - Epoch:15/20, Batch:115,   progress_callback.py:218
                    loss:0.97393, finished 78.48%.                              
[05:13:37] INFO     Rank: 0 - Contrastive loss is                 callback.py:66
                    0.5674000829458237, nll_loss is                             
                    0.5874639242887497                                          
[05:13:39] INFO     Rank: 0 - Epoch:15/20, Batch:116,   progress_callback.py:218
                    loss:1.377753, finished 78.52%.                             
[05:13:46] INFO     Rank: 0 - Epoch:15/20, Batch:117,   progress_callback.py:218
                    loss:1.189927, finished 78.55%.                             
[05:13:58] INFO     Rank: 0 - Epoch:15/20, Batch:118,   progress_callback.py:218
                    loss:1.628722, finished 78.58%.                             
[05:14:11] INFO     Rank: 0 - Epoch:15/20, Batch:119,   progress_callback.py:218
                    loss:1.381188, finished 78.61%.                             
[05:14:30] INFO     Rank: 0 - Epoch:15/20, Batch:120,   progress_callback.py:218
                    loss:0.863271, finished 78.64%.                             
[05:14:38] INFO     Rank: 0 - Epoch:15/20, Batch:121,   progress_callback.py:218
                    loss:1.085226, finished 78.67%.                             
[05:14:46] INFO     Rank: 0 - Epoch:15/20, Batch:122,   progress_callback.py:218
                    loss:1.265807, finished 78.7%.                              
[05:14:55] INFO     Rank: 0 - Epoch:15/20, Batch:123,   progress_callback.py:218
                    loss:1.448711, finished 78.73%.                             
[05:15:08] INFO     Rank: 0 - Epoch:15/20, Batch:124,   progress_callback.py:218
                    loss:0.948736, finished 78.76%.                             
[05:15:25] INFO     Rank: 0 - Epoch:15/20, Batch:125,   progress_callback.py:218
                    loss:1.061315, finished 78.79%.                             
           INFO     Rank: 0 -                                   evaluator.py:317
                    **********Evaluation starts**********                       
[05:15:55] INFO     Rank: 0 - **********Evaluation              evaluator.py:349
                    ends**********                                              
                                                                                
           INFO     Rank: 0 - ----------Eval. results   progress_callback.py:233
                    on Epoch:15, Batch:125----------                            
           INFO     Rank: 0 -                           progress_callback.py:238
                    {"torch_ngram#ngram-overlap":                               
                    0.44829103350639343}                                        
 ============= save model at results/2023-03-25-21_28_56_059637/epoch-15_step-2600.pt ============= 
save hyperparams in  results/2023-03-25-21_28_56_059637/hyperparams.txt
[05:16:06] INFO     Rank: 0 - Contrastive loss is                 callback.py:66
                    0.5480231076478959, nll_loss is                             
                    0.6699638336896896                                          
           INFO     Rank: 0 - Epoch:15/20, Batch:126,   progress_callback.py:218
                    loss:1.306967, finished 78.82%.                             
[05:16:18] INFO     Rank: 0 - Epoch:15/20, Batch:127,   progress_callback.py:218
                    loss:1.010604, finished 78.85%.                             
[05:16:27] INFO     Rank: 0 - Epoch:15/20, Batch:128,   progress_callback.py:218
                    loss:1.330695, finished 78.88%.                             
[05:16:39] INFO     Rank: 0 - Epoch:15/20, Batch:129,   progress_callback.py:218
                    loss:1.468593, finished 78.91%.                             
[05:16:55] INFO     Rank: 0 - Epoch:15/20, Batch:130,   progress_callback.py:218
                    loss:0.952825, finished 78.94%.                             
[05:17:05] INFO     Rank: 0 - Epoch:15/20, Batch:131,   progress_callback.py:218
                    loss:1.218281, finished 78.97%.                             
[05:17:12] INFO     Rank: 0 - Epoch:15/20, Batch:132,   progress_callback.py:218
                    loss:0.985088, finished 79.0%.                              
[05:17:25] INFO     Rank: 0 - Epoch:15/20, Batch:133,   progress_callback.py:218
                    loss:1.246882, finished 79.03%.                             
[05:17:39] INFO     Rank: 0 - Epoch:15/20, Batch:134,   progress_callback.py:218
                    loss:1.166407, finished 79.06%.                             
[05:18:03] INFO     Rank: 0 - Epoch:15/20, Batch:135,   progress_callback.py:218
                    loss:1.036014, finished 79.09%.                             
[05:18:20] INFO     Rank: 0 - Contrastive loss is                 callback.py:66
                    0.5280785739421845, nll_loss is                             
                    0.6525593400001526                                          
[05:18:21] INFO     Rank: 0 - Epoch:15/20, Batch:136,   progress_callback.py:218
                    loss:1.39099, finished 79.12%.                              
[05:18:35] INFO     Rank: 0 - Epoch:15/20, Batch:137,   progress_callback.py:218
                    loss:0.820251, finished 79.15%.                             
[05:18:47] INFO     Rank: 0 - Epoch:15/20, Batch:138,   progress_callback.py:218
                    loss:0.952766, finished 79.18%.                             
[05:18:57] INFO     Rank: 0 - Epoch:15/20, Batch:139,   progress_callback.py:218
                    loss:1.40805, finished 79.21%.                              
[05:19:06] INFO     Rank: 0 - Epoch:15/20, Batch:140,   progress_callback.py:218
                    loss:1.24828, finished 79.24%.                              
[05:19:18] INFO     Rank: 0 - Epoch:15/20, Batch:141,   progress_callback.py:218
                    loss:1.209237, finished 79.27%.                             
[05:19:33] INFO     Rank: 0 - Epoch:15/20, Batch:142,   progress_callback.py:218
                    loss:1.38034, finished 79.3%.                               
[05:19:44] INFO     Rank: 0 - Epoch:15/20, Batch:143,   progress_callback.py:218
                    loss:1.034307, finished 79.33%.                             
[05:19:54] INFO     Rank: 0 - Epoch:15/20, Batch:144,   progress_callback.py:218
                    loss:1.126111, finished 79.36%.                             
[05:20:05] INFO     Rank: 0 - Epoch:15/20, Batch:145,   progress_callback.py:218
                    loss:1.346665, finished 79.39%.                             
[05:20:13] INFO     Rank: 0 - Contrastive loss is                 callback.py:66
                    0.5356639415025711, nll_loss is                             
                    0.6306350082159042                                          
[05:20:15] INFO     Rank: 0 - Epoch:15/20, Batch:146,   progress_callback.py:218
                    loss:1.136982, finished 79.42%.                             
[05:20:24] INFO     Rank: 0 - Epoch:15/20, Batch:147,   progress_callback.py:218
                    loss:1.418221, finished 79.45%.                             
[05:20:40] INFO     Rank: 0 - Epoch:15/20, Batch:148,   progress_callback.py:218
                    loss:1.309326, finished 79.48%.                             
[05:20:52] INFO     Rank: 0 - Epoch:15/20, Batch:149,   progress_callback.py:218
                    loss:0.928856, finished 79.52%.                             
[05:21:00] INFO     Rank: 0 - Epoch:15/20, Batch:150,   progress_callback.py:218
                    loss:1.104896, finished 79.55%.                             
[05:21:08] INFO     Rank: 0 - Epoch:15/20, Batch:151,   progress_callback.py:218
                    loss:1.350061, finished 79.58%.                             
[05:21:15] INFO     Rank: 0 - Epoch:15/20, Batch:152,   progress_callback.py:218
                    loss:1.271966, finished 79.61%.                             
[05:21:26] INFO     Rank: 0 - Epoch:15/20, Batch:153,   progress_callback.py:218
                    loss:0.793692, finished 79.64%.                             
[05:21:35] INFO     Rank: 0 - Epoch:15/20, Batch:154,   progress_callback.py:218
                    loss:1.292933, finished 79.67%.                             
[05:21:47] INFO     Rank: 0 - Epoch:15/20, Batch:155,   progress_callback.py:218
                    loss:1.073637, finished 79.7%.                              
[05:22:05] INFO     Rank: 0 - Contrastive loss is                 callback.py:66
                    0.5228374540805817, nll_loss is                             
                    0.6449952185153961                                          
[05:22:06] INFO     Rank: 0 - Epoch:15/20, Batch:156,   progress_callback.py:218
                    loss:1.134738, finished 79.73%.                             
[05:22:21] INFO     Rank: 0 - Epoch:15/20, Batch:157,   progress_callback.py:218
                    loss:0.942066, finished 79.76%.                             
[05:22:35] INFO     Rank: 0 - Epoch:15/20, Batch:158,   progress_callback.py:218
                    loss:1.346715, finished 79.79%.                             
[05:22:49] INFO     Rank: 0 - Epoch:15/20, Batch:159,   progress_callback.py:218
                    loss:1.300301, finished 79.82%.                             
[05:23:00] INFO     Rank: 0 - Epoch:15/20, Batch:160,   progress_callback.py:218
                    loss:1.614575, finished 79.85%.                             
[05:23:20] INFO     Rank: 0 - Epoch:15/20, Batch:161,   progress_callback.py:218
                    loss:1.020128, finished 79.88%.                             
[05:23:34] INFO     Rank: 0 - Epoch:15/20, Batch:162,   progress_callback.py:218
                    loss:0.835699, finished 79.91%.                             
[05:23:44] INFO     Rank: 0 - Epoch:15/20, Batch:163,   progress_callback.py:218
                    loss:1.468998, finished 79.94%.                             
[05:23:55] INFO     Rank: 0 - Epoch:15/20, Batch:164,   progress_callback.py:218
                    loss:1.043432, finished 79.97%.                             
[05:24:02] INFO     Rank: 0 - Epoch:15/20, Batch:165,   progress_callback.py:218
                    loss:1.22595, finished 80.0%.                               
           INFO     Rank: 0 -                                   evaluator.py:317
                    **********Evaluation starts**********                       
[05:24:30] INFO     Rank: 0 - **********Evaluation              evaluator.py:349
                    ends**********                                              
                                                                                
           INFO     Rank: 0 - ----------Eval. results   progress_callback.py:233
                    on Epoch:15, Batch:165----------                            
           INFO     Rank: 0 -                           progress_callback.py:238
                    {"torch_ngram#ngram-overlap":                               
                    0.4476166069507599}                                         
           INFO     Rank: 0 -                           progress_callback.py:204
                    **********Epoch:16 starts**********                         
[05:24:38] INFO     Rank: 0 - Contrastive loss is                 callback.py:66
                    0.5599619388580322, nll_loss is                             
                    0.6245032370090484                                          
           INFO     Rank: 0 - Epoch:16/20, Batch:1,     progress_callback.py:218
                    loss:1.046788, finished 80.03%.                             
[05:24:49] INFO     Rank: 0 - Epoch:16/20, Batch:2,     progress_callback.py:218
                    loss:0.984707, finished 80.06%.                             
[05:24:57] INFO     Rank: 0 - Epoch:16/20, Batch:3,     progress_callback.py:218
                    loss:0.890519, finished 80.09%.                             
[05:25:05] INFO     Rank: 0 - Epoch:16/20, Batch:4,     progress_callback.py:218
                    loss:0.816072, finished 80.12%.                             
[05:25:15] INFO     Rank: 0 - Epoch:16/20, Batch:5,     progress_callback.py:218
                    loss:1.030012, finished 80.15%.                             
[05:25:22] INFO     Rank: 0 - Epoch:16/20, Batch:6,     progress_callback.py:218
                    loss:1.08807, finished 80.18%.                              
[05:25:33] INFO     Rank: 0 - Epoch:16/20, Batch:7,     progress_callback.py:218
                    loss:0.888425, finished 80.21%.                             
[05:25:49] INFO     Rank: 0 - Epoch:16/20, Batch:8,     progress_callback.py:218
                    loss:1.030491, finished 80.24%.                             
[05:25:59] INFO     Rank: 0 - Epoch:16/20, Batch:9,     progress_callback.py:218
                    loss:1.161061, finished 80.27%.                             
[05:26:15] INFO     Rank: 0 - Epoch:16/20, Batch:10,    progress_callback.py:218
                    loss:1.34331, finished 80.3%.                               
[05:26:21] INFO     Rank: 0 - Contrastive loss is                 callback.py:66
                    0.5092747807502747, nll_loss is                             
                    0.5326838374137879                                          
[05:26:22] INFO     Rank: 0 - Epoch:16/20, Batch:11,    progress_callback.py:218
                    loss:1.186919, finished 80.33%.                             
[05:26:33] INFO     Rank: 0 - Epoch:16/20, Batch:12,    progress_callback.py:218
                    loss:1.257273, finished 80.36%.                             
[05:26:46] INFO     Rank: 0 - Epoch:16/20, Batch:13,    progress_callback.py:218
                    loss:1.536059, finished 80.39%.                             
[05:27:02] INFO     Rank: 0 - Epoch:16/20, Batch:14,    progress_callback.py:218
                    loss:1.434257, finished 80.42%.                             
[05:27:12] INFO     Rank: 0 - Epoch:16/20, Batch:15,    progress_callback.py:218
                    loss:0.931726, finished 80.45%.                             
[05:27:23] INFO     Rank: 0 - Epoch:16/20, Batch:16,    progress_callback.py:218
                    loss:1.325252, finished 80.48%.                             
[05:27:36] INFO     Rank: 0 - Epoch:16/20, Batch:17,    progress_callback.py:218
                    loss:0.740027, finished 80.52%.                             
[05:27:44] INFO     Rank: 0 - Epoch:16/20, Batch:18,    progress_callback.py:218
                    loss:0.96279, finished 80.55%.                              
[05:27:54] INFO     Rank: 0 - Epoch:16/20, Batch:19,    progress_callback.py:218
                    loss:1.00179, finished 80.58%.                              
[05:28:17] INFO     Rank: 0 - Epoch:16/20, Batch:20,    progress_callback.py:218
                    loss:1.062189, finished 80.61%.                             
[05:28:22] INFO     Rank: 0 - Contrastive loss is                 callback.py:66
                    0.5372772574424743, nll_loss is                             
                    0.6256559729576111                                          
[05:28:29] INFO     Rank: 0 - Epoch:16/20, Batch:21,    progress_callback.py:218
                    loss:1.377969, finished 80.64%.                             
[05:28:36] INFO     Rank: 0 - Epoch:16/20, Batch:22,    progress_callback.py:218
                    loss:1.416418, finished 80.67%.                             
[05:28:41] INFO     Rank: 0 - Epoch:16/20, Batch:23,    progress_callback.py:218
                    loss:1.186755, finished 80.7%.                              
[05:28:51] INFO     Rank: 0 - Epoch:16/20, Batch:24,    progress_callback.py:218
                    loss:1.55814, finished 80.73%.                              
[05:28:59] INFO     Rank: 0 - Epoch:16/20, Batch:25,    progress_callback.py:218
                    loss:1.026298, finished 80.76%.                             
[05:29:10] INFO     Rank: 0 - Epoch:16/20, Batch:26,    progress_callback.py:218
                    loss:0.808756, finished 80.79%.                             
[05:29:27] INFO     Rank: 0 - Epoch:16/20, Batch:27,    progress_callback.py:218
                    loss:1.094006, finished 80.82%.                             
[05:29:35] INFO     Rank: 0 - Epoch:16/20, Batch:28,    progress_callback.py:218
                    loss:1.057426, finished 80.85%.                             
[05:29:43] INFO     Rank: 0 - Epoch:16/20, Batch:29,    progress_callback.py:218
                    loss:1.363362, finished 80.88%.                             
[05:29:51] INFO     Rank: 0 - Epoch:16/20, Batch:30,    progress_callback.py:218
                    loss:0.806179, finished 80.91%.                             
[05:30:00] INFO     Rank: 0 - Contrastive loss is                 callback.py:66
                    0.5500419437885284, nll_loss is                             
                    0.5880602180957795                                          
           INFO     Rank: 0 - Epoch:16/20, Batch:31,    progress_callback.py:218
                    loss:1.063682, finished 80.94%.                             
[05:30:12] INFO     Rank: 0 - Epoch:16/20, Batch:32,    progress_callback.py:218
                    loss:1.086246, finished 80.97%.                             
[05:30:26] INFO     Rank: 0 - Epoch:16/20, Batch:33,    progress_callback.py:218
                    loss:1.254866, finished 81.0%.                              
[05:30:43] INFO     Rank: 0 - Epoch:16/20, Batch:34,    progress_callback.py:218
                    loss:1.133637, finished 81.03%.                             
[05:30:53] INFO     Rank: 0 - Epoch:16/20, Batch:35,    progress_callback.py:218
                    loss:0.938383, finished 81.06%.                             
[05:31:02] INFO     Rank: 0 - Epoch:16/20, Batch:36,    progress_callback.py:218
                    loss:1.119602, finished 81.09%.                             
[05:31:12] INFO     Rank: 0 - Epoch:16/20, Batch:37,    progress_callback.py:218
                    loss:1.399584, finished 81.12%.                             
[05:31:24] INFO     Rank: 0 - Epoch:16/20, Batch:38,    progress_callback.py:218
                    loss:1.239818, finished 81.15%.                             
[05:31:33] INFO     Rank: 0 - Epoch:16/20, Batch:39,    progress_callback.py:218
                    loss:1.094227, finished 81.18%.                             
[05:31:51] INFO     Rank: 0 - Epoch:16/20, Batch:40,    progress_callback.py:218
                    loss:0.983756, finished 81.21%.                             
           INFO     Rank: 0 -                                   evaluator.py:317
                    **********Evaluation starts**********                       
[05:32:21] INFO     Rank: 0 - **********Evaluation              evaluator.py:349
                    ends**********                                              
                                                                                
           INFO     Rank: 0 - ----------Eval. results   progress_callback.py:233
                    on Epoch:16, Batch:40----------                             
           INFO     Rank: 0 -                           progress_callback.py:238
                    {"torch_ngram#ngram-overlap":                               
                    0.44746923446655273}                                        
[05:32:27] INFO     Rank: 0 - Contrastive loss is                 callback.py:66
                    0.5069006085395813, nll_loss is                             
                    0.637737613916397                                           
[05:32:28] INFO     Rank: 0 - Epoch:16/20, Batch:41,    progress_callback.py:218
                    loss:1.196264, finished 81.24%.                             
[05:32:38] INFO     Rank: 0 - Epoch:16/20, Batch:42,    progress_callback.py:218
                    loss:1.321221, finished 81.27%.                             
[05:32:46] INFO     Rank: 0 - Epoch:16/20, Batch:43,    progress_callback.py:218
                    loss:1.001327, finished 81.3%.                              
[05:32:54] INFO     Rank: 0 - Epoch:16/20, Batch:44,    progress_callback.py:218
                    loss:0.844423, finished 81.33%.                             
[05:33:06] INFO     Rank: 0 - Epoch:16/20, Batch:45,    progress_callback.py:218
                    loss:1.159605, finished 81.36%.                             
[05:33:13] INFO     Rank: 0 - Epoch:16/20, Batch:46,    progress_callback.py:218
                    loss:1.081767, finished 81.39%.                             
[05:33:23] INFO     Rank: 0 - Epoch:16/20, Batch:47,    progress_callback.py:218
                    loss:1.0702, finished 81.42%.                               
[05:33:32] INFO     Rank: 0 - Epoch:16/20, Batch:48,    progress_callback.py:218
                    loss:0.798774, finished 81.45%.                             
[05:33:41] INFO     Rank: 0 - Epoch:16/20, Batch:49,    progress_callback.py:218
                    loss:1.195469, finished 81.48%.                             
[05:33:50] INFO     Rank: 0 - Epoch:16/20, Batch:50,    progress_callback.py:218
                    loss:0.926801, finished 81.52%.                             
[05:33:57] INFO     Rank: 0 - Contrastive loss is                 callback.py:66
                    0.4796804994344711, nll_loss is                             
                    0.5626731663942337                                          
[05:34:01] INFO     Rank: 0 - Epoch:16/20, Batch:51,    progress_callback.py:218
                    loss:1.023951, finished 81.55%.                             
[05:34:14] INFO     Rank: 0 - Epoch:16/20, Batch:52,    progress_callback.py:218
                    loss:1.126378, finished 81.58%.                             
[05:34:22] INFO     Rank: 0 - Epoch:16/20, Batch:53,    progress_callback.py:218
                    loss:1.438035, finished 81.61%.                             
[05:34:30] INFO     Rank: 0 - Epoch:16/20, Batch:54,    progress_callback.py:218
                    loss:0.936251, finished 81.64%.                             
[05:34:41] INFO     Rank: 0 - Epoch:16/20, Batch:55,    progress_callback.py:218
                    loss:1.174062, finished 81.67%.                             
[05:34:53] INFO     Rank: 0 - Epoch:16/20, Batch:56,    progress_callback.py:218
                    loss:1.089193, finished 81.7%.                              
[05:35:01] INFO     Rank: 0 - Epoch:16/20, Batch:57,    progress_callback.py:218
                    loss:1.018492, finished 81.73%.                             
[05:35:12] INFO     Rank: 0 - Epoch:16/20, Batch:58,    progress_callback.py:218
                    loss:0.981052, finished 81.76%.                             
[05:35:32] INFO     Rank: 0 - Epoch:16/20, Batch:59,    progress_callback.py:218
                    loss:0.758197, finished 81.79%.                             
[05:35:40] INFO     Rank: 0 - Epoch:16/20, Batch:60,    progress_callback.py:218
                    loss:1.093449, finished 81.82%.                             
[05:35:54] INFO     Rank: 0 - Contrastive loss is                 callback.py:66
                    0.4701706826686859, nll_loss is                             
                    0.5980347514152526                                          
[05:35:55] INFO     Rank: 0 - Epoch:16/20, Batch:61,    progress_callback.py:218
                    loss:1.066946, finished 81.85%.                             
[05:36:04] INFO     Rank: 0 - Epoch:16/20, Batch:62,    progress_callback.py:218
                    loss:0.882304, finished 81.88%.                             
[05:36:13] INFO     Rank: 0 - Epoch:16/20, Batch:63,    progress_callback.py:218
                    loss:0.783386, finished 81.91%.                             
[05:36:23] INFO     Rank: 0 - Epoch:16/20, Batch:64,    progress_callback.py:218
                    loss:1.461301, finished 81.94%.                             
[05:36:36] INFO     Rank: 0 - Epoch:16/20, Batch:65,    progress_callback.py:218
                    loss:1.003932, finished 81.97%.                             
[05:36:52] INFO     Rank: 0 - Epoch:16/20, Batch:66,    progress_callback.py:218
                    loss:1.01592, finished 82.0%.                               
[05:37:00] INFO     Rank: 0 - Epoch:16/20, Batch:67,    progress_callback.py:218
                    loss:0.857127, finished 82.03%.                             
[05:37:10] INFO     Rank: 0 - Epoch:16/20, Batch:68,    progress_callback.py:218
                    loss:1.126033, finished 82.06%.                             
[05:37:16] INFO     Rank: 0 - Epoch:16/20, Batch:69,    progress_callback.py:218
                    loss:1.56717, finished 82.09%.                              
[05:37:24] INFO     Rank: 0 - Epoch:16/20, Batch:70,    progress_callback.py:218
                    loss:1.124851, finished 82.12%.                             
[05:37:30] INFO     Rank: 0 - Contrastive loss is                 callback.py:66
                    0.4562311202287674, nll_loss is                             
                    0.6066411882638931                                          
[05:37:33] INFO     Rank: 0 - Epoch:16/20, Batch:71,    progress_callback.py:218
                    loss:0.8067, finished 82.15%.                               
[05:37:40] INFO     Rank: 0 - Epoch:16/20, Batch:72,    progress_callback.py:218
                    loss:0.819148, finished 82.18%.                             
[05:37:51] INFO     Rank: 0 - Epoch:16/20, Batch:73,    progress_callback.py:218
                    loss:0.909829, finished 82.21%.                             
[05:38:06] INFO     Rank: 0 - Epoch:16/20, Batch:74,    progress_callback.py:218
                    loss:1.288646, finished 82.24%.                             
[05:38:16] INFO     Rank: 0 - Epoch:16/20, Batch:75,    progress_callback.py:218
                    loss:0.961146, finished 82.27%.                             
[05:38:24] INFO     Rank: 0 - Epoch:16/20, Batch:76,    progress_callback.py:218
                    loss:1.267841, finished 82.3%.                              
[05:38:34] INFO     Rank: 0 - Epoch:16/20, Batch:77,    progress_callback.py:218
                    loss:1.200198, finished 82.33%.                             
[05:38:41] INFO     Rank: 0 - Epoch:16/20, Batch:78,    progress_callback.py:218
                    loss:1.366363, finished 82.36%.                             
[05:38:51] INFO     Rank: 0 - Epoch:16/20, Batch:79,    progress_callback.py:218
                    loss:1.147356, finished 82.39%.                             
[05:39:06] INFO     Rank: 0 - Epoch:16/20, Batch:80,    progress_callback.py:218
                    loss:1.066548, finished 82.42%.                             
           INFO     Rank: 0 -                                   evaluator.py:317
                    **********Evaluation starts**********                       
[05:39:36] INFO     Rank: 0 - **********Evaluation              evaluator.py:349
                    ends**********                                              
                                                                                
           INFO     Rank: 0 - ----------Eval. results   progress_callback.py:233
                    on Epoch:16, Batch:80----------                             
           INFO     Rank: 0 -                           progress_callback.py:238
                    {"torch_ngram#ngram-overlap":                               
                    0.44805076718330383}                                        
[05:39:42] INFO     Rank: 0 - Contrastive loss is                 callback.py:66
                    0.5301652312278747, nll_loss is                             
                    0.5938520789146423                                          
[05:39:46] INFO     Rank: 0 - Epoch:16/20, Batch:81,    progress_callback.py:218
                    loss:1.2131, finished 82.45%.                               
[05:39:55] INFO     Rank: 0 - Epoch:16/20, Batch:82,    progress_callback.py:218
                    loss:1.32654, finished 82.48%.                              
[05:39:59] INFO     Rank: 0 - Epoch:16/20, Batch:83,    progress_callback.py:218
                    loss:0.952906, finished 82.52%.                             
[05:40:10] INFO     Rank: 0 - Epoch:16/20, Batch:84,    progress_callback.py:218
                    loss:1.082946, finished 82.55%.                             
[05:40:36] INFO     Rank: 0 - Epoch:16/20, Batch:85,    progress_callback.py:218
                    loss:1.24202, finished 82.58%.                              
[05:40:45] INFO     Rank: 0 - Epoch:16/20, Batch:86,    progress_callback.py:218
                    loss:1.284169, finished 82.61%.                             
[05:40:54] INFO     Rank: 0 - Epoch:16/20, Batch:87,    progress_callback.py:218
                    loss:1.02404, finished 82.64%.                              
[05:41:04] INFO     Rank: 0 - Epoch:16/20, Batch:88,    progress_callback.py:218
                    loss:1.127825, finished 82.67%.                             
[05:41:18] INFO     Rank: 0 - Epoch:16/20, Batch:89,    progress_callback.py:218
                    loss:1.009505, finished 82.7%.                              
[05:41:28] INFO     Rank: 0 - Epoch:16/20, Batch:90,    progress_callback.py:218
                    loss:0.96044, finished 82.73%.                              
[05:41:47] INFO     Rank: 0 - Contrastive loss is                 callback.py:66
                    0.46694677174091337, nll_loss is                            
                    0.6117192775011062                                          
[05:41:48] INFO     Rank: 0 - Epoch:16/20, Batch:91,    progress_callback.py:218
                    loss:0.776269, finished 82.76%.                             
[05:41:58] INFO     Rank: 0 - Epoch:16/20, Batch:92,    progress_callback.py:218
                    loss:1.455904, finished 82.79%.                             
[05:42:08] INFO     Rank: 0 - Epoch:16/20, Batch:93,    progress_callback.py:218
                    loss:1.276334, finished 82.82%.                             
[05:42:18] INFO     Rank: 0 - Epoch:16/20, Batch:94,    progress_callback.py:218
                    loss:1.354257, finished 82.85%.                             
[05:42:24] INFO     Rank: 0 - Epoch:16/20, Batch:95,    progress_callback.py:218
                    loss:1.056899, finished 82.88%.                             
[05:42:34] INFO     Rank: 0 - Epoch:16/20, Batch:96,    progress_callback.py:218
                    loss:1.015552, finished 82.91%.                             
[05:42:42] INFO     Rank: 0 - Epoch:16/20, Batch:97,    progress_callback.py:218
                    loss:1.210957, finished 82.94%.                             
[05:42:56] INFO     Rank: 0 - Epoch:16/20, Batch:98,    progress_callback.py:218
                    loss:1.394679, finished 82.97%.                             
[05:43:14] INFO     Rank: 0 - Epoch:16/20, Batch:99,    progress_callback.py:218
                    loss:0.744386, finished 83.0%.                              
[05:43:22] INFO     Rank: 0 - Epoch:16/20, Batch:100,   progress_callback.py:218
                    loss:1.052162, finished 83.03%.                             
[05:43:28] INFO     Rank: 0 - Contrastive loss is                 callback.py:66
                    0.5695966720581055, nll_loss is                             
                    0.6055936932563781                                          
[05:43:30] INFO     Rank: 0 - Epoch:16/20, Batch:101,   progress_callback.py:218
                    loss:1.190775, finished 83.06%.                             
[05:43:40] INFO     Rank: 0 - Epoch:16/20, Batch:102,   progress_callback.py:218
                    loss:1.259515, finished 83.09%.                             
[05:43:51] INFO     Rank: 0 - Epoch:16/20, Batch:103,   progress_callback.py:218
                    loss:0.938683, finished 83.12%.                             
[05:44:03] INFO     Rank: 0 - Epoch:16/20, Batch:104,   progress_callback.py:218
                    loss:1.013845, finished 83.15%.                             
[05:44:22] INFO     Rank: 0 - Epoch:16/20, Batch:105,   progress_callback.py:218
                    loss:0.987638, finished 83.18%.                             
[05:44:27] INFO     Rank: 0 - Epoch:16/20, Batch:106,   progress_callback.py:218
                    loss:0.931776, finished 83.21%.                             
[05:44:35] INFO     Rank: 0 - Epoch:16/20, Batch:107,   progress_callback.py:218
                    loss:1.347288, finished 83.24%.                             
[05:44:45] INFO     Rank: 0 - Epoch:16/20, Batch:108,   progress_callback.py:218
                    loss:0.88545, finished 83.27%.                              
[05:44:54] INFO     Rank: 0 - Epoch:16/20, Batch:109,   progress_callback.py:218
                    loss:1.172734, finished 83.3%.                              
[05:45:04] INFO     Rank: 0 - Epoch:16/20, Batch:110,   progress_callback.py:218
                    loss:1.060827, finished 83.33%.                             
[05:45:09] INFO     Rank: 0 - Contrastive loss is                 callback.py:66
                    0.4830315738916397, nll_loss is                             
                    0.5860399574041366                                          
[05:45:10] INFO     Rank: 0 - Epoch:16/20, Batch:111,   progress_callback.py:218
                    loss:1.092958, finished 83.36%.                             
[05:45:19] INFO     Rank: 0 - Epoch:16/20, Batch:112,   progress_callback.py:218
                    loss:1.309712, finished 83.39%.                             
[05:45:29] INFO     Rank: 0 - Epoch:16/20, Batch:113,   progress_callback.py:218
                    loss:1.076653, finished 83.42%.                             
[05:45:38] INFO     Rank: 0 - Epoch:16/20, Batch:114,   progress_callback.py:218
                    loss:1.131707, finished 83.45%.                             
[05:45:50] INFO     Rank: 0 - Epoch:16/20, Batch:115,   progress_callback.py:218
                    loss:1.005718, finished 83.48%.                             
[05:46:00] INFO     Rank: 0 - Epoch:16/20, Batch:116,   progress_callback.py:218
                    loss:1.343782, finished 83.52%.                             
[05:46:07] INFO     Rank: 0 - Epoch:16/20, Batch:117,   progress_callback.py:218
                    loss:1.310225, finished 83.55%.                             
[05:46:17] INFO     Rank: 0 - Epoch:16/20, Batch:118,   progress_callback.py:218
                    loss:1.043894, finished 83.58%.                             
[05:46:26] INFO     Rank: 0 - Epoch:16/20, Batch:119,   progress_callback.py:218
                    loss:1.13452, finished 83.61%.                              
[05:46:43] INFO     Rank: 0 - Epoch:16/20, Batch:120,   progress_callback.py:218
                    loss:0.72419, finished 83.64%.                              
           INFO     Rank: 0 -                                   evaluator.py:317
                    **********Evaluation starts**********                       
[05:47:13] INFO     Rank: 0 - **********Evaluation              evaluator.py:349
                    ends**********                                              
                                                                                
           INFO     Rank: 0 - ----------Eval. results   progress_callback.py:233
                    on Epoch:16, Batch:120----------                            
           INFO     Rank: 0 -                           progress_callback.py:238
                    {"torch_ngram#ngram-overlap":                               
                    0.4464521110057831}                                         
[05:47:21] INFO     Rank: 0 - Contrastive loss is                 callback.py:66
                    0.509371480345726, nll_loss is                              
                    0.5999816983938218                                          
           INFO     Rank: 0 - Epoch:16/20, Batch:121,   progress_callback.py:218
                    loss:1.01313, finished 83.67%.                              
[05:47:31] INFO     Rank: 0 - Epoch:16/20, Batch:122,   progress_callback.py:218
                    loss:1.037426, finished 83.7%.                              
[05:47:48] INFO     Rank: 0 - Epoch:16/20, Batch:123,   progress_callback.py:218
                    loss:1.099803, finished 83.73%.                             
[05:48:05] INFO     Rank: 0 - Epoch:16/20, Batch:124,   progress_callback.py:218
                    loss:1.079925, finished 83.76%.                             
[05:48:15] INFO     Rank: 0 - Epoch:16/20, Batch:125,   progress_callback.py:218
                    loss:1.279144, finished 83.79%.                             
[05:48:25] INFO     Rank: 0 - Epoch:16/20, Batch:126,   progress_callback.py:218
                    loss:1.250767, finished 83.82%.                             
[05:48:40] INFO     Rank: 0 - Epoch:16/20, Batch:127,   progress_callback.py:218
                    loss:1.045936, finished 83.85%.                             
[05:48:46] INFO     Rank: 0 - Epoch:16/20, Batch:128,   progress_callback.py:218
                    loss:1.302356, finished 83.88%.                             
[05:49:12] INFO     Rank: 0 - Epoch:16/20, Batch:129,   progress_callback.py:218
                    loss:0.912169, finished 83.91%.                             
[05:49:24] INFO     Rank: 0 - Epoch:16/20, Batch:130,   progress_callback.py:218
                    loss:1.417343, finished 83.94%.                             
[05:49:31] INFO     Rank: 0 - Contrastive loss is                 callback.py:66
                    0.5639402568340302, nll_loss is                             
                    0.6326260387897491                                          
           INFO     Rank: 0 - Epoch:16/20, Batch:131,   progress_callback.py:218
                    loss:1.540793, finished 83.97%.                             
[05:49:39] INFO     Rank: 0 - Epoch:16/20, Batch:132,   progress_callback.py:218
                    loss:0.814183, finished 84.0%.                              
[05:49:50] INFO     Rank: 0 - Epoch:16/20, Batch:133,   progress_callback.py:218
                    loss:1.37391, finished 84.03%.                              
[05:49:59] INFO     Rank: 0 - Epoch:16/20, Batch:134,   progress_callback.py:218
                    loss:1.161225, finished 84.06%.                             
[05:50:08] INFO     Rank: 0 - Epoch:16/20, Batch:135,   progress_callback.py:218
                    loss:1.400426, finished 84.09%.                             
[05:50:19] INFO     Rank: 0 - Epoch:16/20, Batch:136,   progress_callback.py:218
                    loss:1.041813, finished 84.12%.                             
[05:50:29] INFO     Rank: 0 - Epoch:16/20, Batch:137,   progress_callback.py:218
                    loss:1.296006, finished 84.15%.                             
[05:50:36] INFO     Rank: 0 - Epoch:16/20, Batch:138,   progress_callback.py:218
                    loss:1.10339, finished 84.18%.                              
[05:50:48] INFO     Rank: 0 - Epoch:16/20, Batch:139,   progress_callback.py:218
                    loss:1.085801, finished 84.21%.                             
[05:50:57] INFO     Rank: 0 - Epoch:16/20, Batch:140,   progress_callback.py:218
                    loss:0.958025, finished 84.24%.                             
[05:51:06] INFO     Rank: 0 - Contrastive loss is                 callback.py:66
                    0.5564204782247544, nll_loss is                             
                    0.5871993035078049                                          
[05:51:09] INFO     Rank: 0 - Epoch:16/20, Batch:141,   progress_callback.py:218
                    loss:1.201419, finished 84.27%.                             
[05:51:20] INFO     Rank: 0 - Epoch:16/20, Batch:142,   progress_callback.py:218
                    loss:1.440059, finished 84.3%.                              
[05:51:40] INFO     Rank: 0 - Epoch:16/20, Batch:143,   progress_callback.py:218
                    loss:1.274784, finished 84.33%.                             
[05:51:53] INFO     Rank: 0 - Epoch:16/20, Batch:144,   progress_callback.py:218
                    loss:1.017995, finished 84.36%.                             
[05:52:04] INFO     Rank: 0 - Epoch:16/20, Batch:145,   progress_callback.py:218
                    loss:1.079716, finished 84.39%.                             
[05:52:11] INFO     Rank: 0 - Epoch:16/20, Batch:146,   progress_callback.py:218
                    loss:1.166293, finished 84.42%.                             
[05:52:23] INFO     Rank: 0 - Epoch:16/20, Batch:147,   progress_callback.py:218
                    loss:1.132074, finished 84.45%.                             
[05:52:37] INFO     Rank: 0 - Epoch:16/20, Batch:148,   progress_callback.py:218
                    loss:1.167652, finished 84.48%.                             
[05:52:51] INFO     Rank: 0 - Epoch:16/20, Batch:149,   progress_callback.py:218
                    loss:1.233131, finished 84.52%.                             
[05:53:12] INFO     Rank: 0 - Epoch:16/20, Batch:150,   progress_callback.py:218
                    loss:1.013802, finished 84.55%.                             
[05:53:20] INFO     Rank: 0 - Contrastive loss is                 callback.py:66
                    0.5141866326332092, nll_loss is                             
                    0.6423417568206787                                          
           INFO     Rank: 0 - Epoch:16/20, Batch:151,   progress_callback.py:218
                    loss:1.039777, finished 84.58%.                             
[05:53:31] INFO     Rank: 0 - Epoch:16/20, Batch:152,   progress_callback.py:218
                    loss:1.09285, finished 84.61%.                              
[05:53:38] INFO     Rank: 0 - Epoch:16/20, Batch:153,   progress_callback.py:218
                    loss:0.641435, finished 84.64%.                             
[05:53:47] INFO     Rank: 0 - Epoch:16/20, Batch:154,   progress_callback.py:218
                    loss:0.974984, finished 84.67%.                             
[05:53:53] INFO     Rank: 0 - Epoch:16/20, Batch:155,   progress_callback.py:218
                    loss:1.151144, finished 84.7%.                              
[05:54:01] INFO     Rank: 0 - Epoch:16/20, Batch:156,   progress_callback.py:218
                    loss:1.119528, finished 84.73%.                             
[05:54:14] INFO     Rank: 0 - Epoch:16/20, Batch:157,   progress_callback.py:218
                    loss:1.636917, finished 84.76%.                             
[05:54:30] INFO     Rank: 0 - Epoch:16/20, Batch:158,   progress_callback.py:218
                    loss:1.187744, finished 84.79%.                             
[05:54:44] INFO     Rank: 0 - Epoch:16/20, Batch:159,   progress_callback.py:218
                    loss:1.380366, finished 84.82%.                             
[05:55:00] INFO     Rank: 0 - Epoch:16/20, Batch:160,   progress_callback.py:218
                    loss:0.921687, finished 84.85%.                             
           INFO     Rank: 0 -                                   evaluator.py:317
                    **********Evaluation starts**********                       
[05:55:30] INFO     Rank: 0 - **********Evaluation              evaluator.py:349
                    ends**********                                              
                                                                                
           INFO     Rank: 0 - ----------Eval. results   progress_callback.py:233
                    on Epoch:16, Batch:160----------                            
           INFO     Rank: 0 -                           progress_callback.py:238
                    {"torch_ngram#ngram-overlap":                               
                    0.44603922963142395}                                        
[05:55:46] INFO     Rank: 0 - Contrastive loss is                 callback.py:66
                    0.551733261346817, nll_loss is                              
                    0.570863002538681                                           
           INFO     Rank: 0 - Epoch:16/20, Batch:161,   progress_callback.py:218
                    loss:1.119309, finished 84.88%.                             
[05:56:03] INFO     Rank: 0 - Epoch:16/20, Batch:162,   progress_callback.py:218
                    loss:0.98661, finished 84.91%.                              
[05:56:17] INFO     Rank: 0 - Epoch:16/20, Batch:163,   progress_callback.py:218
                    loss:1.004474, finished 84.94%.                             
[05:56:27] INFO     Rank: 0 - Epoch:16/20, Batch:164,   progress_callback.py:218
                    loss:0.952479, finished 84.97%.                             
[05:56:38] INFO     Rank: 0 - Epoch:16/20, Batch:165,   progress_callback.py:218
                    loss:1.251193, finished 85.0%.                              
           INFO     Rank: 0 -                           progress_callback.py:204
                    **********Epoch:17 starts**********                         
[05:56:55] INFO     Rank: 0 - Epoch:17/20, Batch:1,     progress_callback.py:218
                    loss:0.885386, finished 85.03%.                             
[05:57:03] INFO     Rank: 0 - Epoch:17/20, Batch:2,     progress_callback.py:218
                    loss:1.299874, finished 85.06%.                             
[05:57:13] INFO     Rank: 0 - Epoch:17/20, Batch:3,     progress_callback.py:218
                    loss:1.022772, finished 85.09%.                             
[05:57:25] INFO     Rank: 0 - Epoch:17/20, Batch:4,     progress_callback.py:218
                    loss:1.111965, finished 85.12%.                             
[05:57:32] INFO     Rank: 0 - Epoch:17/20, Batch:5,     progress_callback.py:218
                    loss:1.283883, finished 85.15%.                             
[05:57:39] INFO     Rank: 0 - Contrastive loss is                 callback.py:66
                    0.4759135365486145, nll_loss is                             
                    0.5985608160495758                                          
[05:57:40] INFO     Rank: 0 - Epoch:17/20, Batch:6,     progress_callback.py:218
                    loss:0.946109, finished 85.18%.                             
[05:57:51] INFO     Rank: 0 - Epoch:17/20, Batch:7,     progress_callback.py:218
                    loss:0.684866, finished 85.21%.                             
[05:58:00] INFO     Rank: 0 - Epoch:17/20, Batch:8,     progress_callback.py:218
                    loss:1.401619, finished 85.24%.                             
[05:58:08] INFO     Rank: 0 - Epoch:17/20, Batch:9,     progress_callback.py:218
                    loss:0.890105, finished 85.27%.                             
[05:58:15] INFO     Rank: 0 - Epoch:17/20, Batch:10,    progress_callback.py:218
                    loss:1.001129, finished 85.3%.                              
[05:58:29] INFO     Rank: 0 - Epoch:17/20, Batch:11,    progress_callback.py:218
                    loss:1.405289, finished 85.33%.                             
[05:58:40] INFO     Rank: 0 - Epoch:17/20, Batch:12,    progress_callback.py:218
                    loss:1.237702, finished 85.36%.                             
[05:58:50] INFO     Rank: 0 - Epoch:17/20, Batch:13,    progress_callback.py:218
                    loss:1.343998, finished 85.39%.                             
[05:59:02] INFO     Rank: 0 - Epoch:17/20, Batch:14,    progress_callback.py:218
                    loss:1.144371, finished 85.42%.                             
[05:59:23] INFO     Rank: 0 - Epoch:17/20, Batch:15,    progress_callback.py:218
                    loss:0.824472, finished 85.45%.                             
[05:59:34] INFO     Rank: 0 - Contrastive loss is                 callback.py:66
                    0.5070182144641876, nll_loss is                             
                    0.5810945808887482                                          
[05:59:35] INFO     Rank: 0 - Epoch:17/20, Batch:16,    progress_callback.py:218
                    loss:0.947577, finished 85.48%.                             
[05:59:43] INFO     Rank: 0 - Epoch:17/20, Batch:17,    progress_callback.py:218
                    loss:1.151504, finished 85.52%.                             
[05:59:52] INFO     Rank: 0 - Epoch:17/20, Batch:18,    progress_callback.py:218
                    loss:1.131565, finished 85.55%.                             
[06:00:12] INFO     Rank: 0 - Epoch:17/20, Batch:19,    progress_callback.py:218
                    loss:1.046779, finished 85.58%.                             
[06:00:28] INFO     Rank: 0 - Epoch:17/20, Batch:20,    progress_callback.py:218
                    loss:0.899213, finished 85.61%.                             
[06:00:40] INFO     Rank: 0 - Epoch:17/20, Batch:21,    progress_callback.py:218
                    loss:0.923568, finished 85.64%.                             
[06:00:54] INFO     Rank: 0 - Epoch:17/20, Batch:22,    progress_callback.py:218
                    loss:1.192314, finished 85.67%.                             
[06:01:06] INFO     Rank: 0 - Epoch:17/20, Batch:23,    progress_callback.py:218
                    loss:0.924949, finished 85.7%.                              
[06:01:14] INFO     Rank: 0 - Epoch:17/20, Batch:24,    progress_callback.py:218
                    loss:0.972211, finished 85.73%.                             
[06:01:24] INFO     Rank: 0 - Epoch:17/20, Batch:25,    progress_callback.py:218
                    loss:0.959106, finished 85.76%.                             
[06:01:37] INFO     Rank: 0 - Contrastive loss is                 callback.py:66
                    0.48367094099521635, nll_loss is                            
                    0.5022837787866592                                          
[06:01:40] INFO     Rank: 0 - Epoch:17/20, Batch:26,    progress_callback.py:218
                    loss:0.658337, finished 85.79%.                             
[06:01:50] INFO     Rank: 0 - Epoch:17/20, Batch:27,    progress_callback.py:218
                    loss:1.273496, finished 85.82%.                             
[06:01:57] INFO     Rank: 0 - Epoch:17/20, Batch:28,    progress_callback.py:218
                    loss:1.570629, finished 85.85%.                             
[06:02:04] INFO     Rank: 0 - Epoch:17/20, Batch:29,    progress_callback.py:218
                    loss:1.125116, finished 85.88%.                             
[06:02:14] INFO     Rank: 0 - Epoch:17/20, Batch:30,    progress_callback.py:218
                    loss:0.909055, finished 85.91%.                             
[06:02:21] INFO     Rank: 0 - Epoch:17/20, Batch:31,    progress_callback.py:218
                    loss:1.254068, finished 85.94%.                             
[06:02:27] INFO     Rank: 0 - Epoch:17/20, Batch:32,    progress_callback.py:218
                    loss:0.94335, finished 85.97%.                              
[06:02:36] INFO     Rank: 0 - Epoch:17/20, Batch:33,    progress_callback.py:218
                    loss:1.302592, finished 86.0%.                              
[06:02:54] INFO     Rank: 0 - Epoch:17/20, Batch:34,    progress_callback.py:218
                    loss:0.96428, finished 86.03%.                              
[06:03:05] INFO     Rank: 0 - Epoch:17/20, Batch:35,    progress_callback.py:218
                    loss:1.034724, finished 86.06%.                             
           INFO     Rank: 0 -                                   evaluator.py:317
                    **********Evaluation starts**********                       
[06:03:35] INFO     Rank: 0 - **********Evaluation              evaluator.py:349
                    ends**********                                              
                                                                                
           INFO     Rank: 0 - ----------Eval. results   progress_callback.py:233
                    on Epoch:17, Batch:35----------                             
           INFO     Rank: 0 -                           progress_callback.py:238
                    {"torch_ngram#ngram-overlap":                               
                    0.44389280676841736}                                        
[06:03:43] INFO     Rank: 0 - Contrastive loss is                 callback.py:66
                    0.5189348787069321, nll_loss is                             
                    0.6060624986886978                                          
           INFO     Rank: 0 - Epoch:17/20, Batch:36,    progress_callback.py:218
                    loss:0.872664, finished 86.09%.                             
[06:04:13] INFO     Rank: 0 - Epoch:17/20, Batch:37,    progress_callback.py:218
                    loss:1.273233, finished 86.12%.                             
[06:04:28] INFO     Rank: 0 - Epoch:17/20, Batch:38,    progress_callback.py:218
                    loss:0.778241, finished 86.15%.                             
[06:04:37] INFO     Rank: 0 - Epoch:17/20, Batch:39,    progress_callback.py:218
                    loss:0.974697, finished 86.18%.                             
[06:04:48] INFO     Rank: 0 - Epoch:17/20, Batch:40,    progress_callback.py:218
                    loss:1.045821, finished 86.21%.                             
[06:05:01] INFO     Rank: 0 - Epoch:17/20, Batch:41,    progress_callback.py:218
                    loss:1.383724, finished 86.24%.                             
[06:05:19] INFO     Rank: 0 - Epoch:17/20, Batch:42,    progress_callback.py:218
                    loss:0.930866, finished 86.27%.                             
[06:05:35] INFO     Rank: 0 - Epoch:17/20, Batch:43,    progress_callback.py:218
                    loss:1.22018, finished 86.3%.                               
[06:05:47] INFO     Rank: 0 - Epoch:17/20, Batch:44,    progress_callback.py:218
                    loss:1.227127, finished 86.33%.                             
[06:06:00] INFO     Rank: 0 - Epoch:17/20, Batch:45,    progress_callback.py:218
                    loss:0.660993, finished 86.36%.                             
[06:06:07] INFO     Rank: 0 - Contrastive loss is                 callback.py:66
                    0.4997220575809479, nll_loss is                             
                    0.5548033535480499                                          
[06:06:10] INFO     Rank: 0 - Epoch:17/20, Batch:46,    progress_callback.py:218
                    loss:1.050372, finished 86.39%.                             
[06:06:17] INFO     Rank: 0 - Epoch:17/20, Batch:47,    progress_callback.py:218
                    loss:1.22105, finished 86.42%.                              
[06:06:25] INFO     Rank: 0 - Epoch:17/20, Batch:48,    progress_callback.py:218
                    loss:1.090591, finished 86.45%.                             
[06:06:39] INFO     Rank: 0 - Epoch:17/20, Batch:49,    progress_callback.py:218
                    loss:0.995124, finished 86.48%.                             
[06:06:46] INFO     Rank: 0 - Epoch:17/20, Batch:50,    progress_callback.py:218
                    loss:1.254797, finished 86.52%.                             
[06:06:53] INFO     Rank: 0 - Epoch:17/20, Batch:51,    progress_callback.py:218
                    loss:1.16005, finished 86.55%.                              
[06:07:04] INFO     Rank: 0 - Epoch:17/20, Batch:52,    progress_callback.py:218
                    loss:0.946036, finished 86.58%.                             
[06:07:14] INFO     Rank: 0 - Epoch:17/20, Batch:53,    progress_callback.py:218
                    loss:1.147055, finished 86.61%.                             
[06:07:25] INFO     Rank: 0 - Epoch:17/20, Batch:54,    progress_callback.py:218
                    loss:1.073632, finished 86.64%.                             
[06:07:33] INFO     Rank: 0 - Epoch:17/20, Batch:55,    progress_callback.py:218
                    loss:1.071976, finished 86.67%.                             
[06:07:48] INFO     Rank: 0 - Contrastive loss is                 callback.py:66
                    0.4991728663444519, nll_loss is                             
                    0.5970558106899262                                          
[06:07:49] INFO     Rank: 0 - Epoch:17/20, Batch:56,    progress_callback.py:218
                    loss:1.001975, finished 86.7%.                              
[06:07:54] INFO     Rank: 0 - Epoch:17/20, Batch:57,    progress_callback.py:218
                    loss:0.984219, finished 86.73%.                             
[06:08:03] INFO     Rank: 0 - Epoch:17/20, Batch:58,    progress_callback.py:218
                    loss:1.316869, finished 86.76%.                             
[06:08:19] INFO     Rank: 0 - Epoch:17/20, Batch:59,    progress_callback.py:218
                    loss:1.046977, finished 86.79%.                             
[06:08:26] INFO     Rank: 0 - Epoch:17/20, Batch:60,    progress_callback.py:218
                    loss:1.381533, finished 86.82%.                             
[06:08:37] INFO     Rank: 0 - Epoch:17/20, Batch:61,    progress_callback.py:218
                    loss:1.15783, finished 86.85%.                              
[06:08:59] INFO     Rank: 0 - Epoch:17/20, Batch:62,    progress_callback.py:218
                    loss:1.173889, finished 86.88%.                             
[06:09:13] INFO     Rank: 0 - Epoch:17/20, Batch:63,    progress_callback.py:218
                    loss:1.351448, finished 86.91%.                             
[06:09:25] INFO     Rank: 0 - Epoch:17/20, Batch:64,    progress_callback.py:218
                    loss:1.328648, finished 86.94%.                             
[06:09:35] INFO     Rank: 0 - Epoch:17/20, Batch:65,    progress_callback.py:218
                    loss:1.201279, finished 86.97%.                             
[06:09:44] INFO     Rank: 0 - Contrastive loss is                 callback.py:66
                    0.5481872886419297, nll_loss is                             
                    0.6691596776247024                                          
[06:09:45] INFO     Rank: 0 - Epoch:17/20, Batch:66,    progress_callback.py:218
                    loss:1.230777, finished 87.0%.                              
[06:09:54] INFO     Rank: 0 - Epoch:17/20, Batch:67,    progress_callback.py:218
                    loss:0.810026, finished 87.03%.                             
[06:10:02] INFO     Rank: 0 - Epoch:17/20, Batch:68,    progress_callback.py:218
                    loss:1.329333, finished 87.06%.                             
[06:10:18] INFO     Rank: 0 - Epoch:17/20, Batch:69,    progress_callback.py:218
                    loss:1.254901, finished 87.09%.                             
[06:10:31] INFO     Rank: 0 - Epoch:17/20, Batch:70,    progress_callback.py:218
                    loss:1.153707, finished 87.12%.                             
[06:10:39] INFO     Rank: 0 - Epoch:17/20, Batch:71,    progress_callback.py:218
                    loss:0.92145, finished 87.15%.                              
[06:10:47] INFO     Rank: 0 - Epoch:17/20, Batch:72,    progress_callback.py:218
                    loss:1.30452, finished 87.18%.                              
[06:10:56] INFO     Rank: 0 - Epoch:17/20, Batch:73,    progress_callback.py:218
                    loss:0.870574, finished 87.21%.                             
[06:11:25] INFO     Rank: 0 - Epoch:17/20, Batch:74,    progress_callback.py:218
                    loss:0.735071, finished 87.24%.                             
[06:11:40] INFO     Rank: 0 - Epoch:17/20, Batch:75,    progress_callback.py:218
                    loss:1.07938, finished 87.27%.                              
           INFO     Rank: 0 -                                   evaluator.py:317
                    **********Evaluation starts**********                       
[06:12:10] INFO     Rank: 0 - **********Evaluation              evaluator.py:349
                    ends**********                                              
                                                                                
           INFO     Rank: 0 - ----------Eval. results   progress_callback.py:233
                    on Epoch:17, Batch:75----------                             
           INFO     Rank: 0 -                           progress_callback.py:238
                    {"torch_ngram#ngram-overlap":                               
                    0.4449000954627991}                                         
[06:12:21] INFO     Rank: 0 - Contrastive loss is                 callback.py:66
                    0.4937486290931702, nll_loss is                             
                    0.5732961773872376                                          
[06:12:22] INFO     Rank: 0 - Epoch:17/20, Batch:76,    progress_callback.py:218
                    loss:1.211486, finished 87.3%.                              
[06:12:29] INFO     Rank: 0 - Epoch:17/20, Batch:77,    progress_callback.py:218
                    loss:1.183848, finished 87.33%.                             
[06:12:42] INFO     Rank: 0 - Epoch:17/20, Batch:78,    progress_callback.py:218
                    loss:1.185472, finished 87.36%.                             
[06:12:58] INFO     Rank: 0 - Epoch:17/20, Batch:79,    progress_callback.py:218
                    loss:1.024141, finished 87.39%.                             
[06:13:10] INFO     Rank: 0 - Epoch:17/20, Batch:80,    progress_callback.py:218
                    loss:1.546296, finished 87.42%.                             
[06:13:17] INFO     Rank: 0 - Epoch:17/20, Batch:81,    progress_callback.py:218
                    loss:1.169155, finished 87.45%.                             
[06:13:24] INFO     Rank: 0 - Epoch:17/20, Batch:82,    progress_callback.py:218
                    loss:1.423272, finished 87.48%.                             
[06:13:37] INFO     Rank: 0 - Epoch:17/20, Batch:83,    progress_callback.py:218
                    loss:1.252764, finished 87.52%.                             
[06:13:51] INFO     Rank: 0 - Epoch:17/20, Batch:84,    progress_callback.py:218
                    loss:1.011237, finished 87.55%.                             
[06:14:08] INFO     Rank: 0 - Epoch:17/20, Batch:85,    progress_callback.py:218
                    loss:0.876976, finished 87.58%.                             
[06:14:15] INFO     Rank: 0 - Contrastive loss is                 callback.py:66
                    0.5350540369749069, nll_loss is                             
                    0.6094690531492233                                          
[06:14:16] INFO     Rank: 0 - Epoch:17/20, Batch:86,    progress_callback.py:218
                    loss:0.77207, finished 87.61%.                              
[06:14:23] INFO     Rank: 0 - Epoch:17/20, Batch:87,    progress_callback.py:218
                    loss:1.163967, finished 87.64%.                             
[06:14:31] INFO     Rank: 0 - Epoch:17/20, Batch:88,    progress_callback.py:218
                    loss:1.121977, finished 87.67%.                             
[06:14:40] INFO     Rank: 0 - Epoch:17/20, Batch:89,    progress_callback.py:218
                    loss:0.992351, finished 87.7%.                              
[06:14:49] INFO     Rank: 0 - Epoch:17/20, Batch:90,    progress_callback.py:218
                    loss:0.918489, finished 87.73%.                             
[06:15:06] INFO     Rank: 0 - Epoch:17/20, Batch:91,    progress_callback.py:218
                    loss:0.89918, finished 87.76%.                              
[06:15:26] INFO     Rank: 0 - Epoch:17/20, Batch:92,    progress_callback.py:218
                    loss:1.167739, finished 87.79%.                             
[06:15:33] INFO     Rank: 0 - Epoch:17/20, Batch:93,    progress_callback.py:218
                    loss:1.250584, finished 87.82%.                             
[06:15:42] INFO     Rank: 0 - Epoch:17/20, Batch:94,    progress_callback.py:218
                    loss:0.785227, finished 87.85%.                             
[06:15:53] INFO     Rank: 0 - Epoch:17/20, Batch:95,    progress_callback.py:218
                    loss:1.385137, finished 87.88%.                             
[06:16:05] INFO     Rank: 0 - Contrastive loss is                 callback.py:66
                    0.5113000184297561, nll_loss is                             
                    0.5500580698251725                                          
           INFO     Rank: 0 - Epoch:17/20, Batch:96,    progress_callback.py:218
                    loss:0.928928, finished 87.91%.                             
[06:16:14] INFO     Rank: 0 - Epoch:17/20, Batch:97,    progress_callback.py:218
                    loss:1.159616, finished 87.94%.                             
[06:16:24] INFO     Rank: 0 - Epoch:17/20, Batch:98,    progress_callback.py:218
                    loss:0.989311, finished 87.97%.                             
[06:16:40] INFO     Rank: 0 - Epoch:17/20, Batch:99,    progress_callback.py:218
                    loss:1.152059, finished 88.0%.                              
[06:16:49] INFO     Rank: 0 - Epoch:17/20, Batch:100,   progress_callback.py:218
                    loss:1.571225, finished 88.03%.                             
[06:17:00] INFO     Rank: 0 - Epoch:17/20, Batch:101,   progress_callback.py:218
                    loss:1.156223, finished 88.06%.                             
[06:17:10] INFO     Rank: 0 - Epoch:17/20, Batch:102,   progress_callback.py:218
                    loss:0.679443, finished 88.09%.                             
[06:17:19] INFO     Rank: 0 - Epoch:17/20, Batch:103,   progress_callback.py:218
                    loss:0.955177, finished 88.12%.                             
[06:17:31] INFO     Rank: 0 - Epoch:17/20, Batch:104,   progress_callback.py:218
                    loss:0.943751, finished 88.15%.                             
[06:17:45] INFO     Rank: 0 - Epoch:17/20, Batch:105,   progress_callback.py:218
                    loss:1.209897, finished 88.18%.                             
[06:18:05] INFO     Rank: 0 - Contrastive loss is                 callback.py:66
                    0.5073341950774193, nll_loss is                             
                    0.5872198835015296                                          
           INFO     Rank: 0 - Epoch:17/20, Batch:106,   progress_callback.py:218
                    loss:1.128841, finished 88.21%.                             
[06:18:19] INFO     Rank: 0 - Epoch:17/20, Batch:107,   progress_callback.py:218
                    loss:0.905763, finished 88.24%.                             
[06:18:29] INFO     Rank: 0 - Epoch:17/20, Batch:108,   progress_callback.py:218
                    loss:1.187856, finished 88.27%.                             
[06:18:41] INFO     Rank: 0 - Epoch:17/20, Batch:109,   progress_callback.py:218
                    loss:0.970333, finished 88.3%.                              
[06:18:50] INFO     Rank: 0 - Epoch:17/20, Batch:110,   progress_callback.py:218
                    loss:1.32613, finished 88.33%.                              
[06:18:58] INFO     Rank: 0 - Epoch:17/20, Batch:111,   progress_callback.py:218
                    loss:0.699436, finished 88.36%.                             
[06:19:17] INFO     Rank: 0 - Epoch:17/20, Batch:112,   progress_callback.py:218
                    loss:1.122463, finished 88.39%.                             
[06:19:29] INFO     Rank: 0 - Epoch:17/20, Batch:113,   progress_callback.py:218
                    loss:0.994277, finished 88.42%.                             
[06:19:39] INFO     Rank: 0 - Epoch:17/20, Batch:114,   progress_callback.py:218
                    loss:1.373977, finished 88.45%.                             
[06:19:48] INFO     Rank: 0 - Epoch:17/20, Batch:115,   progress_callback.py:218
                    loss:1.336123, finished 88.48%.                             
           INFO     Rank: 0 -                                   evaluator.py:317
                    **********Evaluation starts**********                       
[06:20:18] INFO     Rank: 0 - **********Evaluation              evaluator.py:349
                    ends**********                                              
                                                                                
           INFO     Rank: 0 - ----------Eval. results   progress_callback.py:233
                    on Epoch:17, Batch:115----------                            
           INFO     Rank: 0 -                           progress_callback.py:238
                    {"torch_ngram#ngram-overlap":                               
                    0.445995569229126}                                          
[06:20:29] INFO     Rank: 0 - Contrastive loss is                 callback.py:66
                    0.5163174241781234, nll_loss is                             
                    0.5588709384202957                                          
           INFO     Rank: 0 - Epoch:17/20, Batch:116,   progress_callback.py:218
                    loss:0.835526, finished 88.52%.                             
[06:20:37] INFO     Rank: 0 - Epoch:17/20, Batch:117,   progress_callback.py:218
                    loss:1.263582, finished 88.55%.                             
[06:20:47] INFO     Rank: 0 - Epoch:17/20, Batch:118,   progress_callback.py:218
                    loss:1.027512, finished 88.58%.                             
[06:20:59] INFO     Rank: 0 - Epoch:17/20, Batch:119,   progress_callback.py:218
                    loss:0.935065, finished 88.61%.                             
[06:21:10] INFO     Rank: 0 - Epoch:17/20, Batch:120,   progress_callback.py:218
                    loss:1.080086, finished 88.64%.                             
[06:21:20] INFO     Rank: 0 - Epoch:17/20, Batch:121,   progress_callback.py:218
                    loss:0.698947, finished 88.67%.                             
[06:21:37] INFO     Rank: 0 - Epoch:17/20, Batch:122,   progress_callback.py:218
                    loss:1.102719, finished 88.7%.                              
[06:21:46] INFO     Rank: 0 - Epoch:17/20, Batch:123,   progress_callback.py:218
                    loss:1.280371, finished 88.73%.                             
[06:21:54] INFO     Rank: 0 - Epoch:17/20, Batch:124,   progress_callback.py:218
                    loss:1.268327, finished 88.76%.                             
[06:22:03] INFO     Rank: 0 - Epoch:17/20, Batch:125,   progress_callback.py:218
                    loss:1.376767, finished 88.79%.                             
[06:22:10] INFO     Rank: 0 - Contrastive loss is                 callback.py:66
                    0.5194879591464996, nll_loss is                             
                    0.5463846802711487                                          
           INFO     Rank: 0 - Epoch:17/20, Batch:126,   progress_callback.py:218
                    loss:0.62535, finished 88.82%.                              
[06:22:25] INFO     Rank: 0 - Epoch:17/20, Batch:127,   progress_callback.py:218
                    loss:1.00277, finished 88.85%.                              
[06:22:38] INFO     Rank: 0 - Epoch:17/20, Batch:128,   progress_callback.py:218
                    loss:1.238097, finished 88.88%.                             
[06:22:54] INFO     Rank: 0 - Epoch:17/20, Batch:129,   progress_callback.py:218
                    loss:1.241109, finished 88.91%.                             
[06:23:01] INFO     Rank: 0 - Epoch:17/20, Batch:130,   progress_callback.py:218
                    loss:0.919413, finished 88.94%.                             
[06:23:11] INFO     Rank: 0 - Epoch:17/20, Batch:131,   progress_callback.py:218
                    loss:1.019012, finished 88.97%.                             
[06:23:20] INFO     Rank: 0 - Epoch:17/20, Batch:132,   progress_callback.py:218
                    loss:1.1646, finished 89.0%.                                
[06:23:30] INFO     Rank: 0 - Epoch:17/20, Batch:133,   progress_callback.py:218
                    loss:0.862424, finished 89.03%.                             
[06:23:39] INFO     Rank: 0 - Epoch:17/20, Batch:134,   progress_callback.py:218
                    loss:1.439915, finished 89.06%.                             
[06:23:48] INFO     Rank: 0 - Epoch:17/20, Batch:135,   progress_callback.py:218
                    loss:1.015681, finished 89.09%.                             
[06:24:04] INFO     Rank: 0 - Contrastive loss is                 callback.py:66
                    0.5027860462665558, nll_loss is                             
                    0.6088293790817261                                          
           INFO     Rank: 0 - Epoch:17/20, Batch:136,   progress_callback.py:218
                    loss:1.213134, finished 89.12%.                             
[06:24:12] INFO     Rank: 0 - Epoch:17/20, Batch:137,   progress_callback.py:218
                    loss:0.963674, finished 89.15%.                             
[06:24:23] INFO     Rank: 0 - Epoch:17/20, Batch:138,   progress_callback.py:218
                    loss:1.007395, finished 89.18%.                             
[06:24:35] INFO     Rank: 0 - Epoch:17/20, Batch:139,   progress_callback.py:218
                    loss:0.785165, finished 89.21%.                             
[06:24:44] INFO     Rank: 0 - Epoch:17/20, Batch:140,   progress_callback.py:218
                    loss:0.971431, finished 89.24%.                             
[06:24:56] INFO     Rank: 0 - Epoch:17/20, Batch:141,   progress_callback.py:218
                    loss:0.925628, finished 89.27%.                             
[06:25:12] INFO     Rank: 0 - Epoch:17/20, Batch:142,   progress_callback.py:218
                    loss:1.140977, finished 89.3%.                              
[06:25:24] INFO     Rank: 0 - Epoch:17/20, Batch:143,   progress_callback.py:218
                    loss:1.243574, finished 89.33%.                             
[06:25:31] INFO     Rank: 0 - Epoch:17/20, Batch:144,   progress_callback.py:218
                    loss:1.335967, finished 89.36%.                             
[06:25:41] INFO     Rank: 0 - Epoch:17/20, Batch:145,   progress_callback.py:218
                    loss:1.05921, finished 89.39%.                              
[06:25:48] INFO     Rank: 0 - Contrastive loss is                 callback.py:66
                    0.48140734136104585, nll_loss is                            
                    0.5681827753782273                                          
           INFO     Rank: 0 - Epoch:17/20, Batch:146,   progress_callback.py:218
                    loss:1.062882, finished 89.42%.                             
[06:26:04] INFO     Rank: 0 - Epoch:17/20, Batch:147,   progress_callback.py:218
                    loss:0.939305, finished 89.45%.                             
[06:26:30] INFO     Rank: 0 - Epoch:17/20, Batch:148,   progress_callback.py:218
                    loss:0.920273, finished 89.48%.                             
[06:26:39] INFO     Rank: 0 - Epoch:17/20, Batch:149,   progress_callback.py:218
                    loss:0.754339, finished 89.52%.                             
[06:26:55] INFO     Rank: 0 - Epoch:17/20, Batch:150,   progress_callback.py:218
                    loss:1.141439, finished 89.55%.                             
[06:27:05] INFO     Rank: 0 - Epoch:17/20, Batch:151,   progress_callback.py:218
                    loss:1.184749, finished 89.58%.                             
[06:27:14] INFO     Rank: 0 - Epoch:17/20, Batch:152,   progress_callback.py:218
                    loss:0.917061, finished 89.61%.                             
[06:27:23] INFO     Rank: 0 - Epoch:17/20, Batch:153,   progress_callback.py:218
                    loss:0.850487, finished 89.64%.                             
[06:27:37] INFO     Rank: 0 - Epoch:17/20, Batch:154,   progress_callback.py:218
                    loss:1.002731, finished 89.67%.                             
[06:27:58] INFO     Rank: 0 - Epoch:17/20, Batch:155,   progress_callback.py:218
                    loss:1.136441, finished 89.7%.                              
           INFO     Rank: 0 -                                   evaluator.py:317
                    **********Evaluation starts**********                       
[06:28:27] INFO     Rank: 0 - **********Evaluation              evaluator.py:349
                    ends**********                                              
                                                                                
           INFO     Rank: 0 - ----------Eval. results   progress_callback.py:233
                    on Epoch:17, Batch:155----------                            
           INFO     Rank: 0 -                           progress_callback.py:238
                    {"torch_ngram#ngram-overlap":                               
                    0.44725948572158813}                                        
[06:28:33] INFO     Rank: 0 - Contrastive loss is                 callback.py:66
                    0.4626784771680832, nll_loss is                             
                    0.5195125788450241                                          
           INFO     Rank: 0 - Epoch:17/20, Batch:156,   progress_callback.py:218
                    loss:0.975085, finished 89.73%.                             
[06:28:44] INFO     Rank: 0 - Epoch:17/20, Batch:157,   progress_callback.py:218
                    loss:1.069256, finished 89.76%.                             
[06:29:04] INFO     Rank: 0 - Epoch:17/20, Batch:158,   progress_callback.py:218
                    loss:0.828046, finished 89.79%.                             
[06:29:15] INFO     Rank: 0 - Epoch:17/20, Batch:159,   progress_callback.py:218
                    loss:1.146742, finished 89.82%.                             
[06:29:25] INFO     Rank: 0 - Epoch:17/20, Batch:160,   progress_callback.py:218
                    loss:1.142158, finished 89.85%.                             
[06:29:37] INFO     Rank: 0 - Epoch:17/20, Batch:161,   progress_callback.py:218
                    loss:1.266265, finished 89.88%.                             
[06:29:48] INFO     Rank: 0 - Epoch:17/20, Batch:162,   progress_callback.py:218
                    loss:1.088583, finished 89.91%.                             
[06:29:58] INFO     Rank: 0 - Epoch:17/20, Batch:163,   progress_callback.py:218
                    loss:1.217119, finished 89.94%.                             
[06:30:21] INFO     Rank: 0 - Epoch:17/20, Batch:164,   progress_callback.py:218
                    loss:1.042981, finished 89.97%.                             
[06:30:28] INFO     Rank: 0 - Epoch:17/20, Batch:165,   progress_callback.py:218
                    loss:1.381966, finished 90.0%.                              
           INFO     Rank: 0 -                           progress_callback.py:204
                    **********Epoch:18 starts**********                         
[06:30:36] INFO     Rank: 0 - Contrastive loss is                 callback.py:66
                    0.526655974984169, nll_loss is                              
                    0.5879909485578537                                          
[06:30:37] INFO     Rank: 0 - Epoch:18/20, Batch:1,     progress_callback.py:218
                    loss:0.963353, finished 90.03%.                             
[06:30:47] INFO     Rank: 0 - Epoch:18/20, Batch:2,     progress_callback.py:218
                    loss:1.267493, finished 90.06%.                             
[06:30:57] INFO     Rank: 0 - Epoch:18/20, Batch:3,     progress_callback.py:218
                    loss:1.19864, finished 90.09%.                              
[06:31:07] INFO     Rank: 0 - Epoch:18/20, Batch:4,     progress_callback.py:218
                    loss:0.937863, finished 90.12%.                             
[06:31:15] INFO     Rank: 0 - Epoch:18/20, Batch:5,     progress_callback.py:218
                    loss:1.172598, finished 90.15%.                             
[06:31:36] INFO     Rank: 0 - Epoch:18/20, Batch:6,     progress_callback.py:218
                    loss:1.196757, finished 90.18%.                             
[06:31:49] INFO     Rank: 0 - Epoch:18/20, Batch:7,     progress_callback.py:218
                    loss:1.29832, finished 90.21%.                              
[06:31:57] INFO     Rank: 0 - Epoch:18/20, Batch:8,     progress_callback.py:218
                    loss:1.194374, finished 90.24%.                             
[06:32:10] INFO     Rank: 0 - Epoch:18/20, Batch:9,     progress_callback.py:218
                    loss:0.962187, finished 90.27%.                             
[06:32:18] INFO     Rank: 0 - Epoch:18/20, Batch:10,    progress_callback.py:218
                    loss:1.212007, finished 90.3%.                              
[06:32:24] INFO     Rank: 0 - Contrastive loss is                 callback.py:66
                    0.5717250078916549, nll_loss is                             
                    0.5785553008317947                                          
[06:32:27] INFO     Rank: 0 - Epoch:18/20, Batch:11,    progress_callback.py:218
                    loss:1.062564, finished 90.33%.                             
[06:32:33] INFO     Rank: 0 - Epoch:18/20, Batch:12,    progress_callback.py:218
                    loss:1.521913, finished 90.36%.                             
[06:32:51] INFO     Rank: 0 - Epoch:18/20, Batch:13,    progress_callback.py:218
                    loss:1.302141, finished 90.39%.                             
[06:33:00] INFO     Rank: 0 - Epoch:18/20, Batch:14,    progress_callback.py:218
                    loss:0.961124, finished 90.42%.                             
[06:33:10] INFO     Rank: 0 - Epoch:18/20, Batch:15,    progress_callback.py:218
                    loss:1.028669, finished 90.45%.                             
[06:33:19] INFO     Rank: 0 - Epoch:18/20, Batch:16,    progress_callback.py:218
                    loss:0.8002, finished 90.48%.                               
[06:33:30] INFO     Rank: 0 - Epoch:18/20, Batch:17,    progress_callback.py:218
                    loss:1.272097, finished 90.52%.                             
[06:33:38] INFO     Rank: 0 - Epoch:18/20, Batch:18,    progress_callback.py:218
                    loss:1.058434, finished 90.55%.                             
[06:33:48] INFO     Rank: 0 - Epoch:18/20, Batch:19,    progress_callback.py:218
                    loss:1.120511, finished 90.58%.                             
[06:34:02] INFO     Rank: 0 - Epoch:18/20, Batch:20,    progress_callback.py:218
                    loss:0.996675, finished 90.61%.                             
[06:34:17] INFO     Rank: 0 - Contrastive loss is                 callback.py:66
                    0.5040824830532074, nll_loss is                             
                    0.5984943449497223                                          
[06:34:18] INFO     Rank: 0 - Epoch:18/20, Batch:21,    progress_callback.py:218
                    loss:0.964005, finished 90.64%.                             
[06:34:31] INFO     Rank: 0 - Epoch:18/20, Batch:22,    progress_callback.py:218
                    loss:1.029938, finished 90.67%.                             
[06:34:40] INFO     Rank: 0 - Epoch:18/20, Batch:23,    progress_callback.py:218
                    loss:1.267306, finished 90.7%.                              
[06:34:50] INFO     Rank: 0 - Epoch:18/20, Batch:24,    progress_callback.py:218
                    loss:0.811811, finished 90.73%.                             
[06:35:00] INFO     Rank: 0 - Epoch:18/20, Batch:25,    progress_callback.py:218
                    loss:1.245041, finished 90.76%.                             
[06:35:09] INFO     Rank: 0 - Epoch:18/20, Batch:26,    progress_callback.py:218
                    loss:0.895977, finished 90.79%.                             
[06:35:19] INFO     Rank: 0 - Epoch:18/20, Batch:27,    progress_callback.py:218
                    loss:1.098415, finished 90.82%.                             
[06:35:35] INFO     Rank: 0 - Epoch:18/20, Batch:28,    progress_callback.py:218
                    loss:0.829927, finished 90.85%.                             
[06:35:47] INFO     Rank: 0 - Epoch:18/20, Batch:29,    progress_callback.py:218
                    loss:1.084166, finished 90.88%.                             
[06:35:59] INFO     Rank: 0 - Epoch:18/20, Batch:30,    progress_callback.py:218
                    loss:0.699362, finished 90.91%.                             
           INFO     Rank: 0 -                                   evaluator.py:317
                    **********Evaluation starts**********                       
[06:36:27] INFO     Rank: 0 - **********Evaluation              evaluator.py:349
                    ends**********                                              
                                                                                
           INFO     Rank: 0 - ----------Eval. results   progress_callback.py:233
                    on Epoch:18, Batch:30----------                             
           INFO     Rank: 0 -                           progress_callback.py:238
                    {"torch_ngram#ngram-overlap":                               
                    0.4450094997882843}                                         
[06:36:46] INFO     Rank: 0 - Contrastive loss is                 callback.py:66
                    0.4684306561946869, nll_loss is                             
                    0.5394005060195923                                          
           INFO     Rank: 0 - Epoch:18/20, Batch:31,    progress_callback.py:218
                    loss:1.116369, finished 90.94%.                             
[06:36:57] INFO     Rank: 0 - Epoch:18/20, Batch:32,    progress_callback.py:218
                    loss:0.867334, finished 90.97%.                             
[06:37:08] INFO     Rank: 0 - Epoch:18/20, Batch:33,    progress_callback.py:218
                    loss:0.852838, finished 91.0%.                              
[06:37:19] INFO     Rank: 0 - Epoch:18/20, Batch:34,    progress_callback.py:218
                    loss:0.924572, finished 91.03%.                             
[06:37:37] INFO     Rank: 0 - Epoch:18/20, Batch:35,    progress_callback.py:218
                    loss:0.980515, finished 91.06%.                             
[06:38:04] INFO     Rank: 0 - Epoch:18/20, Batch:36,    progress_callback.py:218
                    loss:1.139125, finished 91.09%.                             
[06:38:13] INFO     Rank: 0 - Epoch:18/20, Batch:37,    progress_callback.py:218
                    loss:1.008484, finished 91.12%.                             
[06:38:24] INFO     Rank: 0 - Epoch:18/20, Batch:38,    progress_callback.py:218
                    loss:0.699324, finished 91.15%.                             
[06:38:35] INFO     Rank: 0 - Epoch:18/20, Batch:39,    progress_callback.py:218
                    loss:1.028666, finished 91.18%.                             
[06:38:44] INFO     Rank: 0 - Epoch:18/20, Batch:40,    progress_callback.py:218
                    loss:1.093354, finished 91.21%.                             
[06:38:59] INFO     Rank: 0 - Contrastive loss is                 callback.py:66
                    0.3892957091331482, nll_loss is                             
                    0.5351507425308227                                          
[06:39:00] INFO     Rank: 0 - Epoch:18/20, Batch:41,    progress_callback.py:218
                    loss:0.650251, finished 91.24%.                             
[06:39:25] INFO     Rank: 0 - Epoch:18/20, Batch:42,    progress_callback.py:218
                    loss:0.866793, finished 91.27%.                             
[06:39:34] INFO     Rank: 0 - Epoch:18/20, Batch:43,    progress_callback.py:218
                    loss:1.251656, finished 91.3%.                              
[06:39:44] INFO     Rank: 0 - Epoch:18/20, Batch:44,    progress_callback.py:218
                    loss:1.273471, finished 91.33%.                             
[06:39:56] INFO     Rank: 0 - Epoch:18/20, Batch:45,    progress_callback.py:218
                    loss:0.863014, finished 91.36%.                             
[06:40:03] INFO     Rank: 0 - Epoch:18/20, Batch:46,    progress_callback.py:218
                    loss:1.010575, finished 91.39%.                             
[06:40:17] INFO     Rank: 0 - Epoch:18/20, Batch:47,    progress_callback.py:218
                    loss:1.333364, finished 91.42%.                             
[06:40:32] INFO     Rank: 0 - Epoch:18/20, Batch:48,    progress_callback.py:218
                    loss:1.266291, finished 91.45%.                             
[06:40:47] INFO     Rank: 0 - Epoch:18/20, Batch:49,    progress_callback.py:218
                    loss:1.081332, finished 91.48%.                             
[06:40:53] INFO     Rank: 0 - Epoch:18/20, Batch:50,    progress_callback.py:218
                    loss:1.345966, finished 91.52%.                             
[06:41:00] INFO     Rank: 0 - Contrastive loss is                 callback.py:66
                    0.5575185567140579, nll_loss is                             
                    0.5769431203603744                                          
[06:41:05] INFO     Rank: 0 - Epoch:18/20, Batch:51,    progress_callback.py:218
                    loss:1.052156, finished 91.55%.                             
[06:41:12] INFO     Rank: 0 - Epoch:18/20, Batch:52,    progress_callback.py:218
                    loss:0.904804, finished 91.58%.                             
[06:41:21] INFO     Rank: 0 - Epoch:18/20, Batch:53,    progress_callback.py:218
                    loss:0.917084, finished 91.61%.                             
[06:41:30] INFO     Rank: 0 - Epoch:18/20, Batch:54,    progress_callback.py:218
                    loss:1.468247, finished 91.64%.                             
[06:41:40] INFO     Rank: 0 - Epoch:18/20, Batch:55,    progress_callback.py:218
                    loss:0.76973, finished 91.67%.                              
[06:41:53] INFO     Rank: 0 - Epoch:18/20, Batch:56,    progress_callback.py:218
                    loss:0.801111, finished 91.7%.                              
[06:42:13] INFO     Rank: 0 - Epoch:18/20, Batch:57,    progress_callback.py:218
                    loss:1.282633, finished 91.73%.                             
[06:42:30] INFO     Rank: 0 - Epoch:18/20, Batch:58,    progress_callback.py:218
                    loss:0.988201, finished 91.76%.                             
[06:42:45] INFO     Rank: 0 - Epoch:18/20, Batch:59,    progress_callback.py:218
                    loss:1.065601, finished 91.79%.                             
[06:43:05] INFO     Rank: 0 - Epoch:18/20, Batch:60,    progress_callback.py:218
                    loss:1.041565, finished 91.82%.                             
[06:43:21] INFO     Rank: 0 - Contrastive loss is                 callback.py:66
                    0.47908165454864504, nll_loss is                            
                    0.5289812982082367                                          
           INFO     Rank: 0 - Epoch:18/20, Batch:61,    progress_callback.py:218
                    loss:0.841652, finished 91.85%.                             
[06:43:31] INFO     Rank: 0 - Epoch:18/20, Batch:62,    progress_callback.py:218
                    loss:0.981711, finished 91.88%.                             
[06:43:41] INFO     Rank: 0 - Epoch:18/20, Batch:63,    progress_callback.py:218
                    loss:0.950096, finished 91.91%.                             
[06:43:55] INFO     Rank: 0 - Epoch:18/20, Batch:64,    progress_callback.py:218
                    loss:0.851113, finished 91.94%.                             
[06:44:02] INFO     Rank: 0 - Epoch:18/20, Batch:65,    progress_callback.py:218
                    loss:0.789549, finished 91.97%.                             
[06:44:11] INFO     Rank: 0 - Epoch:18/20, Batch:66,    progress_callback.py:218
                    loss:0.97659, finished 92.0%.                               
[06:44:40] INFO     Rank: 0 - Epoch:18/20, Batch:67,    progress_callback.py:218
                    loss:1.087888, finished 92.03%.                             
[06:44:49] INFO     Rank: 0 - Epoch:18/20, Batch:68,    progress_callback.py:218
                    loss:1.102517, finished 92.06%.                             
[06:44:59] INFO     Rank: 0 - Epoch:18/20, Batch:69,    progress_callback.py:218
                    loss:1.618253, finished 92.09%.                             
[06:45:09] INFO     Rank: 0 - Epoch:18/20, Batch:70,    progress_callback.py:218
                    loss:1.167618, finished 92.12%.                             
           INFO     Rank: 0 -                                   evaluator.py:317
                    **********Evaluation starts**********                       
[06:45:37] INFO     Rank: 0 - **********Evaluation              evaluator.py:349
                    ends**********                                              
                                                                                
           INFO     Rank: 0 - ----------Eval. results   progress_callback.py:233
                    on Epoch:18, Batch:70----------                             
           INFO     Rank: 0 -                           progress_callback.py:238
                    {"torch_ngram#ngram-overlap":                               
                    0.4451237618923187}                                         
[06:45:50] INFO     Rank: 0 - Contrastive loss is                 callback.py:66
                    0.5119904577732086, nll_loss is                             
                    0.5382889568805694                                          
[06:45:55] INFO     Rank: 0 - Epoch:18/20, Batch:71,    progress_callback.py:218
                    loss:0.977459, finished 92.15%.                             
[06:46:04] INFO     Rank: 0 - Epoch:18/20, Batch:72,    progress_callback.py:218
                    loss:1.101966, finished 92.18%.                             
[06:46:11] INFO     Rank: 0 - Epoch:18/20, Batch:73,    progress_callback.py:218
                    loss:1.261846, finished 92.21%.                             
[06:46:20] INFO     Rank: 0 - Epoch:18/20, Batch:74,    progress_callback.py:218
                    loss:1.341758, finished 92.24%.                             
[06:46:30] INFO     Rank: 0 - Epoch:18/20, Batch:75,    progress_callback.py:218
                    loss:1.036485, finished 92.27%.                             
[06:46:43] INFO     Rank: 0 - Epoch:18/20, Batch:76,    progress_callback.py:218
                    loss:0.957162, finished 92.3%.                              
[06:46:59] INFO     Rank: 0 - Epoch:18/20, Batch:77,    progress_callback.py:218
                    loss:1.253457, finished 92.33%.                             
[06:47:15] INFO     Rank: 0 - Epoch:18/20, Batch:78,    progress_callback.py:218
                    loss:1.087713, finished 92.36%.                             
[06:47:25] INFO     Rank: 0 - Epoch:18/20, Batch:79,    progress_callback.py:218
                    loss:1.007074, finished 92.39%.                             
[06:47:32] INFO     Rank: 0 - Epoch:18/20, Batch:80,    progress_callback.py:218
                    loss:1.180939, finished 92.42%.                             
[06:47:40] INFO     Rank: 0 - Contrastive loss is                 callback.py:66
                    0.5377053171396255, nll_loss is                             
                    0.5627504378557205                                          
[06:47:44] INFO     Rank: 0 - Epoch:18/20, Batch:81,    progress_callback.py:218
                    loss:0.776156, finished 92.45%.                             
[06:47:52] INFO     Rank: 0 - Epoch:18/20, Batch:82,    progress_callback.py:218
                    loss:1.230572, finished 92.48%.                             
[06:48:05] INFO     Rank: 0 - Epoch:18/20, Batch:83,    progress_callback.py:218
                    loss:1.232581, finished 92.52%.                             
[06:48:27] INFO     Rank: 0 - Epoch:18/20, Batch:84,    progress_callback.py:218
                    loss:1.174607, finished 92.55%.                             
[06:48:39] INFO     Rank: 0 - Epoch:18/20, Batch:85,    progress_callback.py:218
                    loss:0.84958, finished 92.58%.                              
[06:48:48] INFO     Rank: 0 - Epoch:18/20, Batch:86,    progress_callback.py:218
                    loss:1.208747, finished 92.61%.                             
[06:48:58] INFO     Rank: 0 - Epoch:18/20, Batch:87,    progress_callback.py:218
                    loss:0.972585, finished 92.64%.                             
[06:49:06] INFO     Rank: 0 - Epoch:18/20, Batch:88,    progress_callback.py:218
                    loss:1.21743, finished 92.67%.                              
[06:49:15] INFO     Rank: 0 - Epoch:18/20, Batch:89,    progress_callback.py:218
                    loss:1.006226, finished 92.7%.                              
[06:49:31] INFO     Rank: 0 - Epoch:18/20, Batch:90,    progress_callback.py:218
                    loss:1.300826, finished 92.73%.                             
[06:49:40] INFO     Rank: 0 - Contrastive loss is                 callback.py:66
                    0.5191937536001205, nll_loss is                             
                    0.582710525393486                                           
[06:49:45] INFO     Rank: 0 - Epoch:18/20, Batch:91,    progress_callback.py:218
                    loss:0.82589, finished 92.76%.                              
[06:49:53] INFO     Rank: 0 - Epoch:18/20, Batch:92,    progress_callback.py:218
                    loss:0.954345, finished 92.79%.                             
[06:50:02] INFO     Rank: 0 - Epoch:18/20, Batch:93,    progress_callback.py:218
                    loss:1.063975, finished 92.82%.                             
[06:50:12] INFO     Rank: 0 - Epoch:18/20, Batch:94,    progress_callback.py:218
                    loss:0.959978, finished 92.85%.                             
[06:50:20] INFO     Rank: 0 - Epoch:18/20, Batch:95,    progress_callback.py:218
                    loss:0.635593, finished 92.88%.                             
[06:50:32] INFO     Rank: 0 - Epoch:18/20, Batch:96,    progress_callback.py:218
                    loss:0.902968, finished 92.91%.                             
[06:50:47] INFO     Rank: 0 - Epoch:18/20, Batch:97,    progress_callback.py:218
                    loss:1.238811, finished 92.94%.                             
[06:51:01] INFO     Rank: 0 - Epoch:18/20, Batch:98,    progress_callback.py:218
                    loss:1.085362, finished 92.97%.                             
[06:51:09] INFO     Rank: 0 - Epoch:18/20, Batch:99,    progress_callback.py:218
                    loss:1.126357, finished 93.0%.                              
[06:51:20] INFO     Rank: 0 - Epoch:18/20, Batch:100,   progress_callback.py:218
                    loss:1.171277, finished 93.03%.                             
[06:51:30] INFO     Rank: 0 - Contrastive loss is                 callback.py:66
                    0.47489760220050814, nll_loss is                            
                    0.527857306599617                                           
[06:51:34] INFO     Rank: 0 - Epoch:18/20, Batch:101,   progress_callback.py:218
                    loss:0.888883, finished 93.06%.                             
[06:51:44] INFO     Rank: 0 - Epoch:18/20, Batch:102,   progress_callback.py:218
                    loss:0.937595, finished 93.09%.                             
[06:51:55] INFO     Rank: 0 - Epoch:18/20, Batch:103,   progress_callback.py:218
                    loss:1.102115, finished 93.12%.                             
[06:52:12] INFO     Rank: 0 - Epoch:18/20, Batch:104,   progress_callback.py:218
                    loss:1.136446, finished 93.15%.                             
[06:52:27] INFO     Rank: 0 - Epoch:18/20, Batch:105,   progress_callback.py:218
                    loss:1.242123, finished 93.18%.                             
[06:52:41] INFO     Rank: 0 - Epoch:18/20, Batch:106,   progress_callback.py:218
                    loss:1.001734, finished 93.21%.                             
[06:52:52] INFO     Rank: 0 - Epoch:18/20, Batch:107,   progress_callback.py:218
                    loss:1.19903, finished 93.24%.                              
[06:53:03] INFO     Rank: 0 - Epoch:18/20, Batch:108,   progress_callback.py:218
                    loss:1.132457, finished 93.27%.                             
[06:53:18] INFO     Rank: 0 - Epoch:18/20, Batch:109,   progress_callback.py:218
                    loss:0.946779, finished 93.3%.                              
[06:53:30] INFO     Rank: 0 - Epoch:18/20, Batch:110,   progress_callback.py:218
                    loss:1.131191, finished 93.33%.                             
           INFO     Rank: 0 -                                   evaluator.py:317
                    **********Evaluation starts**********                       
[06:53:59] INFO     Rank: 0 - **********Evaluation              evaluator.py:349
                    ends**********                                              
                                                                                
           INFO     Rank: 0 - ----------Eval. results   progress_callback.py:233
                    on Epoch:18, Batch:110----------                            
           INFO     Rank: 0 -                           progress_callback.py:238
                    {"torch_ngram#ngram-overlap":                               
                    0.44349750876426697}                                        
[06:54:08] INFO     Rank: 0 - Contrastive loss is                 callback.py:66
                    0.4896677047014236, nll_loss is                             
                    0.5511291474103928                                          
[06:54:09] INFO     Rank: 0 - Epoch:18/20, Batch:111,   progress_callback.py:218
                    loss:0.578498, finished 93.36%.                             
[06:54:34] INFO     Rank: 0 - Epoch:18/20, Batch:112,   progress_callback.py:218
                    loss:0.880995, finished 93.39%.                             
[06:54:51] INFO     Rank: 0 - Epoch:18/20, Batch:113,   progress_callback.py:218
                    loss:0.74167, finished 93.42%.                              
[06:55:00] INFO     Rank: 0 - Epoch:18/20, Batch:114,   progress_callback.py:218
                    loss:1.267545, finished 93.45%.                             
[06:55:06] INFO     Rank: 0 - Epoch:18/20, Batch:115,   progress_callback.py:218
                    loss:1.182404, finished 93.48%.                             
[06:55:15] INFO     Rank: 0 - Epoch:18/20, Batch:116,   progress_callback.py:218
                    loss:1.075657, finished 93.52%.                             
[06:55:28] INFO     Rank: 0 - Epoch:18/20, Batch:117,   progress_callback.py:218
                    loss:1.132283, finished 93.55%.                             
[06:55:37] INFO     Rank: 0 - Epoch:18/20, Batch:118,   progress_callback.py:218
                    loss:1.24529, finished 93.58%.                              
[06:56:04] INFO     Rank: 0 - Epoch:18/20, Batch:119,   progress_callback.py:218
                    loss:1.038842, finished 93.61%.                             
[06:56:16] INFO     Rank: 0 - Epoch:18/20, Batch:120,   progress_callback.py:218
                    loss:1.069367, finished 93.64%.                             
[06:56:25] INFO     Rank: 0 - Contrastive loss is                 callback.py:66
                    0.5124634742736817, nll_loss is                             
                    0.5843229830265045                                          
           INFO     Rank: 0 - Epoch:18/20, Batch:121,   progress_callback.py:218
                    loss:1.333812, finished 93.67%.                             
[06:56:44] INFO     Rank: 0 - Epoch:18/20, Batch:122,   progress_callback.py:218
                    loss:0.884097, finished 93.7%.                              
[06:56:59] INFO     Rank: 0 - Epoch:18/20, Batch:123,   progress_callback.py:218
                    loss:0.995905, finished 93.73%.                             
[06:57:24] INFO     Rank: 0 - Epoch:18/20, Batch:124,   progress_callback.py:218
                    loss:1.29853, finished 93.76%.                              
[06:57:36] INFO     Rank: 0 - Epoch:18/20, Batch:125,   progress_callback.py:218
                    loss:1.394895, finished 93.79%.                             
[06:57:47] INFO     Rank: 0 - Epoch:18/20, Batch:126,   progress_callback.py:218
                    loss:1.112009, finished 93.82%.                             
[06:57:59] INFO     Rank: 0 - Epoch:18/20, Batch:127,   progress_callback.py:218
                    loss:1.141203, finished 93.85%.                             
[06:58:06] INFO     Rank: 0 - Epoch:18/20, Batch:128,   progress_callback.py:218
                    loss:0.834526, finished 93.88%.                             
[06:58:16] INFO     Rank: 0 - Epoch:18/20, Batch:129,   progress_callback.py:218
                    loss:1.149515, finished 93.91%.                             
[06:58:30] INFO     Rank: 0 - Epoch:18/20, Batch:130,   progress_callback.py:218
                    loss:0.669852, finished 93.94%.                             
[06:58:36] INFO     Rank: 0 - Contrastive loss is                 callback.py:66
                    0.46750659346580503, nll_loss is                            
                    0.5811892330646515                                          
[06:58:39] INFO     Rank: 0 - Epoch:18/20, Batch:131,   progress_callback.py:218
                    loss:1.006428, finished 93.97%.                             
[06:58:47] INFO     Rank: 0 - Epoch:18/20, Batch:132,   progress_callback.py:218
                    loss:1.256154, finished 94.0%.                              
[06:58:56] INFO     Rank: 0 - Epoch:18/20, Batch:133,   progress_callback.py:218
                    loss:1.224838, finished 94.03%.                             
[06:59:05] INFO     Rank: 0 - Epoch:18/20, Batch:134,   progress_callback.py:218
                    loss:0.874134, finished 94.06%.                             
[06:59:15] INFO     Rank: 0 - Epoch:18/20, Batch:135,   progress_callback.py:218
                    loss:0.877929, finished 94.09%.                             
[06:59:27] INFO     Rank: 0 - Epoch:18/20, Batch:136,   progress_callback.py:218
                    loss:1.113196, finished 94.12%.                             
[06:59:50] INFO     Rank: 0 - Epoch:18/20, Batch:137,   progress_callback.py:218
                    loss:1.1508, finished 94.15%.                               
[07:00:00] INFO     Rank: 0 - Epoch:18/20, Batch:138,   progress_callback.py:218
                    loss:1.179424, finished 94.18%.                             
[07:00:13] INFO     Rank: 0 - Epoch:18/20, Batch:139,   progress_callback.py:218
                    loss:0.887704, finished 94.21%.                             
[07:00:25] INFO     Rank: 0 - Epoch:18/20, Batch:140,   progress_callback.py:218
                    loss:0.871613, finished 94.24%.                             
[07:00:36] INFO     Rank: 0 - Contrastive loss is                 callback.py:66
                    0.48142010271549224, nll_loss is                            
                    0.586641862988472                                           
[07:00:37] INFO     Rank: 0 - Epoch:18/20, Batch:141,   progress_callback.py:218
                    loss:1.244828, finished 94.27%.                             
[07:00:52] INFO     Rank: 0 - Epoch:18/20, Batch:142,   progress_callback.py:218
                    loss:0.854762, finished 94.3%.                              
[07:01:05] INFO     Rank: 0 - Epoch:18/20, Batch:143,   progress_callback.py:218
                    loss:0.993504, finished 94.33%.                             
[07:01:16] INFO     Rank: 0 - Epoch:18/20, Batch:144,   progress_callback.py:218
                    loss:1.058387, finished 94.36%.                             
[07:01:24] INFO     Rank: 0 - Epoch:18/20, Batch:145,   progress_callback.py:218
                    loss:1.302095, finished 94.39%.                             
[07:01:32] INFO     Rank: 0 - Epoch:18/20, Batch:146,   progress_callback.py:218
                    loss:1.116392, finished 94.42%.                             
[07:01:41] INFO     Rank: 0 - Epoch:18/20, Batch:147,   progress_callback.py:218
                    loss:0.925278, finished 94.45%.                             
[07:01:49] INFO     Rank: 0 - Epoch:18/20, Batch:148,   progress_callback.py:218
                    loss:0.884261, finished 94.48%.                             
[07:02:02] INFO     Rank: 0 - Epoch:18/20, Batch:149,   progress_callback.py:218
                    loss:0.751584, finished 94.52%.                             
[07:02:23] INFO     Rank: 0 - Epoch:18/20, Batch:150,   progress_callback.py:218
                    loss:0.989227, finished 94.55%.                             
           INFO     Rank: 0 -                                   evaluator.py:317
                    **********Evaluation starts**********                       
[07:02:51] INFO     Rank: 0 - **********Evaluation              evaluator.py:349
                    ends**********                                              
                                                                                
           INFO     Rank: 0 - ----------Eval. results   progress_callback.py:233
                    on Epoch:18, Batch:150----------                            
           INFO     Rank: 0 -                           progress_callback.py:238
                    {"torch_ngram#ngram-overlap":                               
                    0.44411250948905945}                                        
[07:03:02] INFO     Rank: 0 - Contrastive loss is                 callback.py:66
                    0.4392038583755493, nll_loss is                             
                    0.5364614605903626                                          
           INFO     Rank: 0 - Epoch:18/20, Batch:151,   progress_callback.py:218
                    loss:0.881163, finished 94.58%.                             
[07:03:13] INFO     Rank: 0 - Epoch:18/20, Batch:152,   progress_callback.py:218
                    loss:1.01029, finished 94.61%.                              
[07:03:29] INFO     Rank: 0 - Epoch:18/20, Batch:153,   progress_callback.py:218
                    loss:1.175298, finished 94.64%.                             
[07:03:38] INFO     Rank: 0 - Epoch:18/20, Batch:154,   progress_callback.py:218
                    loss:0.68335, finished 94.67%.                              
[07:03:50] INFO     Rank: 0 - Epoch:18/20, Batch:155,   progress_callback.py:218
                    loss:1.042415, finished 94.7%.                              
[07:03:59] INFO     Rank: 0 - Epoch:18/20, Batch:156,   progress_callback.py:218
                    loss:1.180378, finished 94.73%.                             
[07:04:13] INFO     Rank: 0 - Epoch:18/20, Batch:157,   progress_callback.py:218
                    loss:1.066809, finished 94.76%.                             
[07:04:23] INFO     Rank: 0 - Epoch:18/20, Batch:158,   progress_callback.py:218
                    loss:1.123544, finished 94.79%.                             
[07:04:43] INFO     Rank: 0 - Epoch:18/20, Batch:159,   progress_callback.py:218
                    loss:0.981696, finished 94.82%.                             
[07:05:00] INFO     Rank: 0 - Epoch:18/20, Batch:160,   progress_callback.py:218
                    loss:0.955399, finished 94.85%.                             
[07:05:10] INFO     Rank: 0 - Contrastive loss is                 callback.py:66
                    0.5060240536928177, nll_loss is                             
                    0.5092291802167892                                          
[07:05:15] INFO     Rank: 0 - Epoch:18/20, Batch:161,   progress_callback.py:218
                    loss:0.933353, finished 94.88%.                             
[07:05:26] INFO     Rank: 0 - Epoch:18/20, Batch:162,   progress_callback.py:218
                    loss:0.98522, finished 94.91%.                              
[07:05:34] INFO     Rank: 0 - Epoch:18/20, Batch:163,   progress_callback.py:218
                    loss:0.886813, finished 94.94%.                             
[07:05:47] INFO     Rank: 0 - Epoch:18/20, Batch:164,   progress_callback.py:218
                    loss:1.193055, finished 94.97%.                             
[07:06:02] INFO     Rank: 0 - Epoch:18/20, Batch:165,   progress_callback.py:218
                    loss:0.815739, finished 95.0%.                              
           INFO     Rank: 0 -                           progress_callback.py:204
                    **********Epoch:19 starts**********                         
[07:06:14] INFO     Rank: 0 - Epoch:19/20, Batch:1,     progress_callback.py:218
                    loss:1.054209, finished 95.03%.                             
[07:06:23] INFO     Rank: 0 - Epoch:19/20, Batch:2,     progress_callback.py:218
                    loss:0.962674, finished 95.06%.                             
[07:06:30] INFO     Rank: 0 - Epoch:19/20, Batch:3,     progress_callback.py:218
                    loss:1.079373, finished 95.09%.                             
[07:06:38] INFO     Rank: 0 - Epoch:19/20, Batch:4,     progress_callback.py:218
                    loss:1.085934, finished 95.12%.                             
[07:06:50] INFO     Rank: 0 - Epoch:19/20, Batch:5,     progress_callback.py:218
                    loss:0.909378, finished 95.15%.                             
[07:07:04] INFO     Rank: 0 - Contrastive loss is                 callback.py:66
                    0.5037362009286881, nll_loss is                             
                    0.48698664605617525                                         
           INFO     Rank: 0 - Epoch:19/20, Batch:6,     progress_callback.py:218
                    loss:0.934833, finished 95.18%.                             
[07:07:14] INFO     Rank: 0 - Epoch:19/20, Batch:7,     progress_callback.py:218
                    loss:1.18663, finished 95.21%.                              
[07:07:28] INFO     Rank: 0 - Epoch:19/20, Batch:8,     progress_callback.py:218
                    loss:0.983299, finished 95.24%.                             
[07:07:41] INFO     Rank: 0 - Epoch:19/20, Batch:9,     progress_callback.py:218
                    loss:1.041259, finished 95.27%.                             
[07:07:51] INFO     Rank: 0 - Epoch:19/20, Batch:10,    progress_callback.py:218
                    loss:1.066165, finished 95.3%.                              
[07:07:58] INFO     Rank: 0 - Epoch:19/20, Batch:11,    progress_callback.py:218
                    loss:0.798676, finished 95.33%.                             
[07:08:13] INFO     Rank: 0 - Epoch:19/20, Batch:12,    progress_callback.py:218
                    loss:0.821125, finished 95.36%.                             
[07:08:30] INFO     Rank: 0 - Epoch:19/20, Batch:13,    progress_callback.py:218
                    loss:1.115691, finished 95.39%.                             
[07:08:37] INFO     Rank: 0 - Epoch:19/20, Batch:14,    progress_callback.py:218
                    loss:0.7999, finished 95.42%.                               
[07:08:45] INFO     Rank: 0 - Epoch:19/20, Batch:15,    progress_callback.py:218
                    loss:0.749431, finished 95.45%.                             
[07:08:55] INFO     Rank: 0 - Contrastive loss is                 callback.py:66
                    0.45650401413440705, nll_loss is                            
                    0.49881771504878997                                         
[07:08:56] INFO     Rank: 0 - Epoch:19/20, Batch:16,    progress_callback.py:218
                    loss:0.991042, finished 95.48%.                             
[07:09:04] INFO     Rank: 0 - Epoch:19/20, Batch:17,    progress_callback.py:218
                    loss:0.891606, finished 95.52%.                             
[07:09:13] INFO     Rank: 0 - Epoch:19/20, Batch:18,    progress_callback.py:218
                    loss:1.068027, finished 95.55%.                             
[07:09:27] INFO     Rank: 0 - Epoch:19/20, Batch:19,    progress_callback.py:218
                    loss:0.880411, finished 95.58%.                             
[07:09:59] INFO     Rank: 0 - Epoch:19/20, Batch:20,    progress_callback.py:218
                    loss:1.016238, finished 95.61%.                             
[07:10:09] INFO     Rank: 0 - Epoch:19/20, Batch:21,    progress_callback.py:218
                    loss:0.839316, finished 95.64%.                             
[07:10:16] INFO     Rank: 0 - Epoch:19/20, Batch:22,    progress_callback.py:218
                    loss:0.746129, finished 95.67%.                             
[07:10:25] INFO     Rank: 0 - Epoch:19/20, Batch:23,    progress_callback.py:218
                    loss:1.174141, finished 95.7%.                              
[07:10:34] INFO     Rank: 0 - Epoch:19/20, Batch:24,    progress_callback.py:218
                    loss:1.027753, finished 95.73%.                             
[07:10:47] INFO     Rank: 0 - Epoch:19/20, Batch:25,    progress_callback.py:218
                    loss:1.070862, finished 95.76%.                             
           INFO     Rank: 0 -                                   evaluator.py:317
                    **********Evaluation starts**********                       
[07:11:16] INFO     Rank: 0 - **********Evaluation              evaluator.py:349
                    ends**********                                              
                                                                                
           INFO     Rank: 0 - ----------Eval. results   progress_callback.py:233
                    on Epoch:19, Batch:25----------                             
           INFO     Rank: 0 -                           progress_callback.py:238
                    {"torch_ngram#ngram-overlap":                               
                    0.443838506937027}                                          
[07:11:26] INFO     Rank: 0 - Contrastive loss is                 callback.py:66
                    0.49257420003414154, nll_loss is                            
                    0.5161624699831009                                          
[07:11:27] INFO     Rank: 0 - Epoch:19/20, Batch:26,    progress_callback.py:218
                    loss:1.372883, finished 95.79%.                             
[07:11:39] INFO     Rank: 0 - Epoch:19/20, Batch:27,    progress_callback.py:218
                    loss:0.858135, finished 95.82%.                             
[07:11:58] INFO     Rank: 0 - Epoch:19/20, Batch:28,    progress_callback.py:218
                    loss:0.832854, finished 95.85%.                             
[07:12:16] INFO     Rank: 0 - Epoch:19/20, Batch:29,    progress_callback.py:218
                    loss:0.916619, finished 95.88%.                             
[07:12:28] INFO     Rank: 0 - Epoch:19/20, Batch:30,    progress_callback.py:218
                    loss:0.963406, finished 95.91%.                             
[07:12:39] INFO     Rank: 0 - Epoch:19/20, Batch:31,    progress_callback.py:218
                    loss:0.919745, finished 95.94%.                             
[07:12:47] INFO     Rank: 0 - Epoch:19/20, Batch:32,    progress_callback.py:218
                    loss:0.862387, finished 95.97%.                             
[07:12:57] INFO     Rank: 0 - Epoch:19/20, Batch:33,    progress_callback.py:218
                    loss:0.754165, finished 96.0%.                              
[07:13:06] INFO     Rank: 0 - Epoch:19/20, Batch:34,    progress_callback.py:218
                    loss:1.057494, finished 96.03%.                             
[07:13:17] INFO     Rank: 0 - Epoch:19/20, Batch:35,    progress_callback.py:218
                    loss:0.93365, finished 96.06%.                              
[07:13:25] INFO     Rank: 0 - Contrastive loss is                 callback.py:66
                    0.406237930059433, nll_loss is                              
                    0.49042549133300783                                         
[07:13:37] INFO     Rank: 0 - Epoch:19/20, Batch:36,    progress_callback.py:218
                    loss:0.868179, finished 96.09%.                             
[07:13:44] INFO     Rank: 0 - Epoch:19/20, Batch:37,    progress_callback.py:218
                    loss:0.806316, finished 96.12%.                             
[07:13:57] INFO     Rank: 0 - Epoch:19/20, Batch:38,    progress_callback.py:218
                    loss:1.078586, finished 96.15%.                             
[07:14:12] INFO     Rank: 0 - Epoch:19/20, Batch:39,    progress_callback.py:218
                    loss:0.803141, finished 96.18%.                             
[07:14:27] INFO     Rank: 0 - Epoch:19/20, Batch:40,    progress_callback.py:218
                    loss:0.785799, finished 96.21%.                             
[07:14:53] INFO     Rank: 0 - Epoch:19/20, Batch:41,    progress_callback.py:218
                    loss:1.093354, finished 96.24%.                             
[07:15:04] INFO     Rank: 0 - Epoch:19/20, Batch:42,    progress_callback.py:218
                    loss:0.756874, finished 96.27%.                             
[07:15:16] INFO     Rank: 0 - Epoch:19/20, Batch:43,    progress_callback.py:218
                    loss:1.137877, finished 96.3%.                              
[07:15:27] INFO     Rank: 0 - Epoch:19/20, Batch:44,    progress_callback.py:218
                    loss:0.813995, finished 96.33%.                             
[07:15:36] INFO     Rank: 0 - Epoch:19/20, Batch:45,    progress_callback.py:218
                    loss:1.161413, finished 96.36%.                             
[07:15:42] INFO     Rank: 0 - Contrastive loss is                 callback.py:66
                    0.45872015357017515, nll_loss is                            
                    0.4712777197360992                                          
           INFO     Rank: 0 - Epoch:19/20, Batch:46,    progress_callback.py:218
                    loss:0.862623, finished 96.39%.                             
[07:15:55] INFO     Rank: 0 - Epoch:19/20, Batch:47,    progress_callback.py:218
                    loss:0.716015, finished 96.42%.                             
[07:16:10] INFO     Rank: 0 - Epoch:19/20, Batch:48,    progress_callback.py:218
                    loss:0.918087, finished 96.45%.                             
[07:16:19] INFO     Rank: 0 - Epoch:19/20, Batch:49,    progress_callback.py:218
                    loss:0.992527, finished 96.48%.                             
[07:16:36] INFO     Rank: 0 - Epoch:19/20, Batch:50,    progress_callback.py:218
                    loss:0.820516, finished 96.52%.                             
[07:16:48] INFO     Rank: 0 - Epoch:19/20, Batch:51,    progress_callback.py:218
                    loss:1.049482, finished 96.55%.                             
[07:17:00] INFO     Rank: 0 - Epoch:19/20, Batch:52,    progress_callback.py:218
                    loss:0.694805, finished 96.58%.                             
[07:17:20] INFO     Rank: 0 - Epoch:19/20, Batch:53,    progress_callback.py:218
                    loss:1.083064, finished 96.61%.                             
[07:17:33] INFO     Rank: 0 - Epoch:19/20, Batch:54,    progress_callback.py:218
                    loss:1.133217, finished 96.64%.                             
[07:17:45] INFO     Rank: 0 - Epoch:19/20, Batch:55,    progress_callback.py:218
                    loss:1.139409, finished 96.67%.                             
[07:17:52] INFO     Rank: 0 - Contrastive loss is                 callback.py:66
                    0.46331530064344406, nll_loss is                            
                    0.5001831367611885                                          
           INFO     Rank: 0 - Epoch:19/20, Batch:56,    progress_callback.py:218
                    loss:1.087862, finished 96.7%.                              
[07:18:00] INFO     Rank: 0 - Epoch:19/20, Batch:57,    progress_callback.py:218
                    loss:1.015259, finished 96.73%.                             
[07:18:13] INFO     Rank: 0 - Epoch:19/20, Batch:58,    progress_callback.py:218
                    loss:0.94456, finished 96.76%.                              
[07:18:36] INFO     Rank: 0 - Epoch:19/20, Batch:59,    progress_callback.py:218
                    loss:0.997599, finished 96.79%.                             
[07:18:49] INFO     Rank: 0 - Epoch:19/20, Batch:60,    progress_callback.py:218
                    loss:0.824595, finished 96.82%.                             
[07:18:58] INFO     Rank: 0 - Epoch:19/20, Batch:61,    progress_callback.py:218
                    loss:1.476537, finished 96.85%.                             
[07:19:12] INFO     Rank: 0 - Epoch:19/20, Batch:62,    progress_callback.py:218
                    loss:1.077201, finished 96.88%.                             
[07:19:20] INFO     Rank: 0 - Epoch:19/20, Batch:63,    progress_callback.py:218
                    loss:0.724323, finished 96.91%.                             
[07:19:31] INFO     Rank: 0 - Epoch:19/20, Batch:64,    progress_callback.py:218
                    loss:0.79101, finished 96.94%.                              
[07:19:51] INFO     Rank: 0 - Epoch:19/20, Batch:65,    progress_callback.py:218
                    loss:1.383795, finished 96.97%.                             
           INFO     Rank: 0 -                                   evaluator.py:317
                    **********Evaluation starts**********                       
[07:20:20] INFO     Rank: 0 - **********Evaluation              evaluator.py:349
                    ends**********                                              
                                                                                
           INFO     Rank: 0 - ----------Eval. results   progress_callback.py:233
                    on Epoch:19, Batch:65----------                             
           INFO     Rank: 0 -                           progress_callback.py:238
                    {"torch_ngram#ngram-overlap":                               
                    0.4427599608898163}                                         
[07:20:28] INFO     Rank: 0 - Contrastive loss is                 callback.py:66
                    0.45152503848075864, nll_loss is                            
                    0.5538339078426361                                          
           INFO     Rank: 0 - Epoch:19/20, Batch:66,    progress_callback.py:218
                    loss:0.81871, finished 97.0%.                               
[07:20:43] INFO     Rank: 0 - Epoch:19/20, Batch:67,    progress_callback.py:218
                    loss:1.308727, finished 97.03%.                             
[07:21:02] INFO     Rank: 0 - Epoch:19/20, Batch:68,    progress_callback.py:218
                    loss:0.990569, finished 97.06%.                             
[07:21:17] INFO     Rank: 0 - Epoch:19/20, Batch:69,    progress_callback.py:218
                    loss:0.9784, finished 97.09%.                               
[07:21:28] INFO     Rank: 0 - Epoch:19/20, Batch:70,    progress_callback.py:218
                    loss:1.148947, finished 97.12%.                             
[07:21:37] INFO     Rank: 0 - Epoch:19/20, Batch:71,    progress_callback.py:218
                    loss:1.011215, finished 97.15%.                             
[07:21:46] INFO     Rank: 0 - Epoch:19/20, Batch:72,    progress_callback.py:218
                    loss:1.170485, finished 97.18%.                             
[07:22:00] INFO     Rank: 0 - Epoch:19/20, Batch:73,    progress_callback.py:218
                    loss:0.848982, finished 97.21%.                             
[07:22:29] INFO     Rank: 0 - Epoch:19/20, Batch:74,    progress_callback.py:218
                    loss:0.820992, finished 97.24%.                             
[07:22:40] INFO     Rank: 0 - Epoch:19/20, Batch:75,    progress_callback.py:218
                    loss:0.705577, finished 97.27%.                             
[07:22:50] INFO     Rank: 0 - Contrastive loss is                 callback.py:66
                    0.4860274404287338, nll_loss is                             
                    0.5171221047639847                                          
[07:22:51] INFO     Rank: 0 - Epoch:19/20, Batch:76,    progress_callback.py:218
                    loss:1.047603, finished 97.3%.                              
[07:23:02] INFO     Rank: 0 - Epoch:19/20, Batch:77,    progress_callback.py:218
                    loss:0.667204, finished 97.33%.                             
[07:23:13] INFO     Rank: 0 - Epoch:19/20, Batch:78,    progress_callback.py:218
                    loss:0.854969, finished 97.36%.                             
[07:23:24] INFO     Rank: 0 - Epoch:19/20, Batch:79,    progress_callback.py:218
                    loss:1.302123, finished 97.39%.                             
[07:23:49] INFO     Rank: 0 - Epoch:19/20, Batch:80,    progress_callback.py:218
                    loss:1.164777, finished 97.42%.                             
[07:24:05] INFO     Rank: 0 - Epoch:19/20, Batch:81,    progress_callback.py:218
                    loss:1.018768, finished 97.45%.                             
[07:24:18] INFO     Rank: 0 - Epoch:19/20, Batch:82,    progress_callback.py:218
                    loss:0.83793, finished 97.48%.                              
[07:24:24] INFO     Rank: 0 - Epoch:19/20, Batch:83,    progress_callback.py:218
                    loss:0.801502, finished 97.52%.                             
[07:24:36] INFO     Rank: 0 - Epoch:19/20, Batch:84,    progress_callback.py:218
                    loss:1.099474, finished 97.55%.                             
[07:24:41] INFO     Rank: 0 - Epoch:19/20, Batch:85,    progress_callback.py:218
                    loss:1.437029, finished 97.58%.                             
[07:25:12] INFO     Rank: 0 - Contrastive loss is                 callback.py:66
                    0.4809530034661293, nll_loss is                             
                    0.5336828872561454                                          
[07:25:13] INFO     Rank: 0 - Epoch:19/20, Batch:86,    progress_callback.py:218
                    loss:0.962583, finished 97.61%.                             
[07:25:29] INFO     Rank: 0 - Epoch:19/20, Batch:87,    progress_callback.py:218
                    loss:1.160094, finished 97.64%.                             
[07:25:49] INFO     Rank: 0 - Epoch:19/20, Batch:88,    progress_callback.py:218
                    loss:1.060279, finished 97.67%.                             
[07:26:09] INFO     Rank: 0 - Epoch:19/20, Batch:89,    progress_callback.py:218
                    loss:1.045585, finished 97.7%.                              
[07:26:25] INFO     Rank: 0 - Epoch:19/20, Batch:90,    progress_callback.py:218
                    loss:1.289518, finished 97.73%.                             
[07:26:38] INFO     Rank: 0 - Epoch:19/20, Batch:91,    progress_callback.py:218
                    loss:0.852236, finished 97.76%.                             
[07:26:46] INFO     Rank: 0 - Epoch:19/20, Batch:92,    progress_callback.py:218
                    loss:1.250928, finished 97.79%.                             
[07:26:59] INFO     Rank: 0 - Epoch:19/20, Batch:93,    progress_callback.py:218
                    loss:0.862645, finished 97.82%.                             
[07:27:09] INFO     Rank: 0 - Epoch:19/20, Batch:94,    progress_callback.py:218
                    loss:1.219897, finished 97.85%.                             
[07:27:22] INFO     Rank: 0 - Epoch:19/20, Batch:95,    progress_callback.py:218
                    loss:1.117147, finished 97.88%.                             
[07:27:29] INFO     Rank: 0 - Contrastive loss is                 callback.py:66
                    0.5007183730602265, nll_loss is                             
                    0.5960744321346283                                          
[07:27:30] INFO     Rank: 0 - Epoch:19/20, Batch:96,    progress_callback.py:218
                    loss:1.109599, finished 97.91%.                             
[07:27:47] INFO     Rank: 0 - Epoch:19/20, Batch:97,    progress_callback.py:218
                    loss:1.277981, finished 97.94%.                             
[07:27:53] INFO     Rank: 0 - Epoch:19/20, Batch:98,    progress_callback.py:218
                    loss:1.056215, finished 97.97%.                             
[07:28:05] INFO     Rank: 0 - Epoch:19/20, Batch:99,    progress_callback.py:218
                    loss:1.065646, finished 98.0%.                              
[07:28:21] INFO     Rank: 0 - Epoch:19/20, Batch:100,   progress_callback.py:218
                    loss:1.115317, finished 98.03%.                             
[07:28:33] INFO     Rank: 0 - Epoch:19/20, Batch:101,   progress_callback.py:218
                    loss:1.257468, finished 98.06%.                             
[07:28:44] INFO     Rank: 0 - Epoch:19/20, Batch:102,   progress_callback.py:218
                    loss:1.356813, finished 98.09%.                             
[07:29:10] INFO     Rank: 0 - Epoch:19/20, Batch:103,   progress_callback.py:218
                    loss:1.037625, finished 98.12%.                             
[07:29:19] INFO     Rank: 0 - Epoch:19/20, Batch:104,   progress_callback.py:218
                    loss:0.915168, finished 98.15%.                             
[07:29:31] INFO     Rank: 0 - Epoch:19/20, Batch:105,   progress_callback.py:218
                    loss:1.091814, finished 98.18%.                             
           INFO     Rank: 0 -                                   evaluator.py:317
                    **********Evaluation starts**********                       
[07:30:01] INFO     Rank: 0 - **********Evaluation              evaluator.py:349
                    ends**********                                              
                                                                                
           INFO     Rank: 0 - ----------Eval. results   progress_callback.py:233
                    on Epoch:19, Batch:105----------                            
           INFO     Rank: 0 -                           progress_callback.py:238
                    {"torch_ngram#ngram-overlap":                               
                    0.4439451992511749}                                         
[07:30:12] INFO     Rank: 0 - Contrastive loss is                 callback.py:66
                    0.5020874261856079, nll_loss is                             
                    0.6131624639034271                                          
           INFO     Rank: 0 - Epoch:19/20, Batch:106,   progress_callback.py:218
                    loss:0.978452, finished 98.21%.                             
[07:30:20] INFO     Rank: 0 - Epoch:19/20, Batch:107,   progress_callback.py:218
                    loss:1.304458, finished 98.24%.                             
[07:30:31] INFO     Rank: 0 - Epoch:19/20, Batch:108,   progress_callback.py:218
                    loss:0.952372, finished 98.27%.                             
[07:30:38] INFO     Rank: 0 - Epoch:19/20, Batch:109,   progress_callback.py:218
                    loss:1.00622, finished 98.3%.                               
[07:30:48] INFO     Rank: 0 - Epoch:19/20, Batch:110,   progress_callback.py:218
                    loss:0.908403, finished 98.33%.                             
[07:30:57] INFO     Rank: 0 - Epoch:19/20, Batch:111,   progress_callback.py:218
                    loss:0.757573, finished 98.36%.                             
[07:31:11] INFO     Rank: 0 - Epoch:19/20, Batch:112,   progress_callback.py:218
                    loss:0.753883, finished 98.39%.                             
[07:31:32] INFO     Rank: 0 - Epoch:19/20, Batch:113,   progress_callback.py:218
                    loss:1.17268, finished 98.42%.                              
[07:31:44] INFO     Rank: 0 - Epoch:19/20, Batch:114,   progress_callback.py:218
                    loss:0.573735, finished 98.45%.                             
[07:31:58] INFO     Rank: 0 - Epoch:19/20, Batch:115,   progress_callback.py:218
                    loss:1.024323, finished 98.48%.                             
[07:32:11] INFO     Rank: 0 - Contrastive loss is                 callback.py:66
                    0.4464092254638672, nll_loss is                             
                    0.5191831946372986                                          
           INFO     Rank: 0 - Epoch:19/20, Batch:116,   progress_callback.py:218
                    loss:1.202277, finished 98.52%.                             
[07:32:24] INFO     Rank: 0 - Epoch:19/20, Batch:117,   progress_callback.py:218
                    loss:0.945894, finished 98.55%.                             
[07:32:37] INFO     Rank: 0 - Epoch:19/20, Batch:118,   progress_callback.py:218
                    loss:0.8421, finished 98.58%.                               
[07:32:51] INFO     Rank: 0 - Epoch:19/20, Batch:119,   progress_callback.py:218
                    loss:0.98797, finished 98.61%.                              
[07:32:59] INFO     Rank: 0 - Epoch:19/20, Batch:120,   progress_callback.py:218
                    loss:1.145363, finished 98.64%.                             
[07:33:10] INFO     Rank: 0 - Epoch:19/20, Batch:121,   progress_callback.py:218
                    loss:1.337108, finished 98.67%.                             
[07:33:19] INFO     Rank: 0 - Epoch:19/20, Batch:122,   progress_callback.py:218
                    loss:0.777855, finished 98.7%.                              
[07:33:27] INFO     Rank: 0 - Epoch:19/20, Batch:123,   progress_callback.py:218
                    loss:1.111629, finished 98.73%.                             
[07:33:36] INFO     Rank: 0 - Epoch:19/20, Batch:124,   progress_callback.py:218
                    loss:0.966094, finished 98.76%.                             
[07:33:52] INFO     Rank: 0 - Epoch:19/20, Batch:125,   progress_callback.py:218
                    loss:0.898734, finished 98.79%.                             
[07:34:07] INFO     Rank: 0 - Contrastive loss is                 callback.py:66
                    0.44915713667869567, nll_loss is                            
                    0.541216105222702                                           
           INFO     Rank: 0 - Epoch:19/20, Batch:126,   progress_callback.py:218
                    loss:0.890986, finished 98.82%.                             
[07:34:15] INFO     Rank: 0 - Epoch:19/20, Batch:127,   progress_callback.py:218
                    loss:1.234589, finished 98.85%.                             
[07:34:27] INFO     Rank: 0 - Epoch:19/20, Batch:128,   progress_callback.py:218
                    loss:0.978543, finished 98.88%.                             
[07:34:47] INFO     Rank: 0 - Epoch:19/20, Batch:129,   progress_callback.py:218
                    loss:1.151918, finished 98.91%.                             
[07:35:00] INFO     Rank: 0 - Epoch:19/20, Batch:130,   progress_callback.py:218
                    loss:1.116968, finished 98.94%.                             
[07:35:13] INFO     Rank: 0 - Epoch:19/20, Batch:131,   progress_callback.py:218
                    loss:1.150317, finished 98.97%.                             
[07:35:26] INFO     Rank: 0 - Epoch:19/20, Batch:132,   progress_callback.py:218
                    loss:0.680261, finished 99.0%.                              
[07:35:37] INFO     Rank: 0 - Epoch:19/20, Batch:133,   progress_callback.py:218
                    loss:0.859812, finished 99.03%.                             
[07:35:49] INFO     Rank: 0 - Epoch:19/20, Batch:134,   progress_callback.py:218
                    loss:1.200807, finished 99.06%.                             
[07:35:59] INFO     Rank: 0 - Epoch:19/20, Batch:135,   progress_callback.py:218
                    loss:1.182856, finished 99.09%.                             
[07:36:04] INFO     Rank: 0 - Contrastive loss is                 callback.py:66
                    0.49311773777008056, nll_loss is                            
                    0.5683322370052337                                          
           INFO     Rank: 0 - Epoch:19/20, Batch:136,   progress_callback.py:218
                    loss:1.058427, finished 99.12%.                             
[07:36:17] INFO     Rank: 0 - Epoch:19/20, Batch:137,   progress_callback.py:218
                    loss:0.884107, finished 99.15%.                             
[07:36:29] INFO     Rank: 0 - Epoch:19/20, Batch:138,   progress_callback.py:218
                    loss:1.145823, finished 99.18%.                             
[07:36:39] INFO     Rank: 0 - Epoch:19/20, Batch:139,   progress_callback.py:218
                    loss:0.987741, finished 99.21%.                             
[07:36:51] INFO     Rank: 0 - Epoch:19/20, Batch:140,   progress_callback.py:218
                    loss:0.855211, finished 99.24%.                             
[07:36:59] INFO     Rank: 0 - Epoch:19/20, Batch:141,   progress_callback.py:218
                    loss:1.174951, finished 99.27%.                             
[07:37:09] INFO     Rank: 0 - Epoch:19/20, Batch:142,   progress_callback.py:218
                    loss:1.298473, finished 99.3%.                              
[07:37:25] INFO     Rank: 0 - Epoch:19/20, Batch:143,   progress_callback.py:218
                    loss:0.961337, finished 99.33%.                             
[07:37:37] INFO     Rank: 0 - Epoch:19/20, Batch:144,   progress_callback.py:218
                    loss:1.173269, finished 99.36%.                             
[07:37:45] INFO     Rank: 0 - Epoch:19/20, Batch:145,   progress_callback.py:218
                    loss:0.785512, finished 99.39%.                             
           INFO     Rank: 0 -                                   evaluator.py:317
                    **********Evaluation starts**********                       
[07:38:14] INFO     Rank: 0 - **********Evaluation              evaluator.py:349
                    ends**********                                              
                                                                                
           INFO     Rank: 0 - ----------Eval. results   progress_callback.py:233
                    on Epoch:19, Batch:145----------                            
           INFO     Rank: 0 -                           progress_callback.py:238
                    {"torch_ngram#ngram-overlap":                               
                    0.44522714614868164}                                        
[07:38:22] INFO     Rank: 0 - Contrastive loss is                 callback.py:66
                    0.4984960317611694, nll_loss is                             
                    0.5250964164733887                                          
           INFO     Rank: 0 - Epoch:19/20, Batch:146,   progress_callback.py:218
                    loss:0.969501, finished 99.42%.                             
[07:38:46] INFO     Rank: 0 - Epoch:19/20, Batch:147,   progress_callback.py:218
                    loss:0.802505, finished 99.45%.                             
[07:38:53] INFO     Rank: 0 - Epoch:19/20, Batch:148,   progress_callback.py:218
                    loss:1.045003, finished 99.48%.                             
[07:39:02] INFO     Rank: 0 - Epoch:19/20, Batch:149,   progress_callback.py:218
                    loss:0.968845, finished 99.52%.                             
[07:39:14] INFO     Rank: 0 - Epoch:19/20, Batch:150,   progress_callback.py:218
                    loss:0.941321, finished 99.55%.                             
[07:39:23] INFO     Rank: 0 - Epoch:19/20, Batch:151,   progress_callback.py:218
                    loss:1.326042, finished 99.58%.                             
[07:39:32] INFO     Rank: 0 - Epoch:19/20, Batch:152,   progress_callback.py:218
                    loss:1.209565, finished 99.61%.                             
[07:39:42] INFO     Rank: 0 - Epoch:19/20, Batch:153,   progress_callback.py:218
                    loss:1.114909, finished 99.64%.                             
[07:40:00] INFO     Rank: 0 - Epoch:19/20, Batch:154,   progress_callback.py:218
                    loss:0.726649, finished 99.67%.                             
[07:40:11] INFO     Rank: 0 - Epoch:19/20, Batch:155,   progress_callback.py:218
                    loss:0.785634, finished 99.7%.                              
[07:40:19] INFO     Rank: 0 - Contrastive loss is                 callback.py:66
                    0.5301396727561951, nll_loss is                             
                    0.4710498809814453                                          
[07:40:20] INFO     Rank: 0 - Epoch:19/20, Batch:156,   progress_callback.py:218
                    loss:1.091421, finished 99.73%.                             
[07:40:30] INFO     Rank: 0 - Epoch:19/20, Batch:157,   progress_callback.py:218
                    loss:0.950105, finished 99.76%.                             
[07:40:37] INFO     Rank: 0 - Epoch:19/20, Batch:158,   progress_callback.py:218
                    loss:0.76251, finished 99.79%.                              
[07:40:47] INFO     Rank: 0 - Epoch:19/20, Batch:159,   progress_callback.py:218
                    loss:0.792405, finished 99.82%.                             
[07:40:54] INFO     Rank: 0 - Epoch:19/20, Batch:160,   progress_callback.py:218
                    loss:1.003494, finished 99.85%.                             
[07:41:10] INFO     Rank: 0 - Epoch:19/20, Batch:161,   progress_callback.py:218
                    loss:1.060994, finished 99.88%.                             
[07:41:21] INFO     Rank: 0 - Epoch:19/20, Batch:162,   progress_callback.py:218
                    loss:1.112444, finished 99.91%.                             
[07:41:32] INFO     Rank: 0 - Epoch:19/20, Batch:163,   progress_callback.py:218
                    loss:0.823315, finished 99.94%.                             
[07:41:39] INFO     Rank: 0 - Epoch:19/20, Batch:164,   progress_callback.py:218
                    loss:1.127692, finished 99.97%.                             
[07:41:52] INFO     Rank: 0 - Epoch:19/20, Batch:165,   progress_callback.py:218
                    loss:0.88983, finished 100.0%.                              
/home/bingxing2/gpuuser356/.conda/envs/CoNT_py37/lib/python3.7/site-packages/transformers/models/t5/tokenization_t5_fast.py:166: FutureWarning: This tokenizer was incorrectly instantiated with a model max length of 512 which will be corrected in Transformers v5.
For now, this behavior is kept to avoid breaking backwards compatibility when padding/encoding with `truncation is True`.
- Be aware that you SHOULD NOT rely on t5-small automatically truncating your input to 512 when padding/encoding.
- If you want to encode/pad to sequences longer than 512 you can either instantiate this tokenizer with `model_max_length` or pass `max_length` when encoding/padding.
- To avoid this warning, please instantiate this tokenizer with `model_max_length` set to your preferred value.
  FutureWarning,
/home/bingxing2/gpuuser356/.conda/envs/CoNT_py37/lib/python3.7/site-packages/transformers/generation_beam_search.py:198: UserWarning: Passing `max_length` to BeamSearchScorer is deprecated and has no effect. `max_length` should be passed directly to `beam_search(...)`, `beam_sample(...)`, or `group_beam_search(...)`.
  "Passing `max_length` to BeamSearchScorer is deprecated and has no effect. "
/home/bingxing2/gpuuser356/.conda/envs/CoNT_py37/lib/python3.7/site-packages/transformers/models/t5/tokenization_t5_fast.py:166: FutureWarning: This tokenizer was incorrectly instantiated with a model max length of 512 which will be corrected in Transformers v5.
For now, this behavior is kept to avoid breaking backwards compatibility when padding/encoding with `truncation is True`.
- Be aware that you SHOULD NOT rely on t5-small automatically truncating your input to 512 when padding/encoding.
- If you want to encode/pad to sequences longer than 512 you can either instantiate this tokenizer with `model_max_length` or pass `max_length` when encoding/padding.
- To avoid this warning, please instantiate this tokenizer with `model_max_length` set to your preferred value.
  FutureWarning,
/home/bingxing2/gpuuser356/.conda/envs/CoNT_py37/lib/python3.7/site-packages/transformers/generation_beam_search.py:198: UserWarning: Passing `max_length` to BeamSearchScorer is deprecated and has no effect. `max_length` should be passed directly to `beam_search(...)`, `beam_sample(...)`, or `group_beam_search(...)`.
  "Passing `max_length` to BeamSearchScorer is deprecated and has no effect. "
