========== Contrastive learning based training... ==========
[10:39:37] INFO     The checkpoint will be saved in this folder   callback.py:20
                    for this time: 2023-03-26-10_39_31_409621                   
加载 results/2023-03-01-01_03_41_214561/epoch-3_step-1200.pt
[10:41:30] WARNING  Rank: 0 -                                         ddp.py:530
                                                                                
                    fucking hei                                                 
                                                                                
                                                                                
CoNTGenerator(
  (generator): T5ForConditionalGeneration(
    (shared): Embedding(32128, 512)
    (encoder): T5Stack(
      (embed_tokens): Embedding(32128, 512)
      (block): ModuleList(
        (0): T5Block(
          (layer): ModuleList(
            (0): T5LayerSelfAttention(
              (SelfAttention): T5Attention(
                (q): Linear(in_features=512, out_features=512, bias=False)
                (k): Linear(in_features=512, out_features=512, bias=False)
                (v): Linear(in_features=512, out_features=512, bias=False)
                (o): Linear(in_features=512, out_features=512, bias=False)
                (relative_attention_bias): Embedding(32, 8)
              )
              (layer_norm): T5LayerNorm()
              (dropout): Dropout(p=0.1, inplace=False)
            )
            (1): T5LayerFF(
              (DenseReluDense): T5DenseActDense(
                (wi): Linear(in_features=512, out_features=2048, bias=False)
                (wo): Linear(in_features=2048, out_features=512, bias=False)
                (dropout): Dropout(p=0.1, inplace=False)
                (act): ReLU()
              )
              (layer_norm): T5LayerNorm()
              (dropout): Dropout(p=0.1, inplace=False)
            )
          )
        )
        (1): T5Block(
          (layer): ModuleList(
            (0): T5LayerSelfAttention(
              (SelfAttention): T5Attention(
                (q): Linear(in_features=512, out_features=512, bias=False)
                (k): Linear(in_features=512, out_features=512, bias=False)
                (v): Linear(in_features=512, out_features=512, bias=False)
                (o): Linear(in_features=512, out_features=512, bias=False)
              )
              (layer_norm): T5LayerNorm()
              (dropout): Dropout(p=0.1, inplace=False)
            )
            (1): T5LayerFF(
              (DenseReluDense): T5DenseActDense(
                (wi): Linear(in_features=512, out_features=2048, bias=False)
                (wo): Linear(in_features=2048, out_features=512, bias=False)
                (dropout): Dropout(p=0.1, inplace=False)
                (act): ReLU()
              )
              (layer_norm): T5LayerNorm()
              (dropout): Dropout(p=0.1, inplace=False)
            )
          )
        )
        (2): T5Block(
          (layer): ModuleList(
            (0): T5LayerSelfAttention(
              (SelfAttention): T5Attention(
                (q): Linear(in_features=512, out_features=512, bias=False)
                (k): Linear(in_features=512, out_features=512, bias=False)
                (v): Linear(in_features=512, out_features=512, bias=False)
                (o): Linear(in_features=512, out_features=512, bias=False)
              )
              (layer_norm): T5LayerNorm()
              (dropout): Dropout(p=0.1, inplace=False)
            )
            (1): T5LayerFF(
              (DenseReluDense): T5DenseActDense(
                (wi): Linear(in_features=512, out_features=2048, bias=False)
                (wo): Linear(in_features=2048, out_features=512, bias=False)
                (dropout): Dropout(p=0.1, inplace=False)
                (act): ReLU()
              )
              (layer_norm): T5LayerNorm()
              (dropout): Dropout(p=0.1, inplace=False)
            )
          )
        )
        (3): T5Block(
          (layer): ModuleList(
            (0): T5LayerSelfAttention(
              (SelfAttention): T5Attention(
                (q): Linear(in_features=512, out_features=512, bias=False)
                (k): Linear(in_features=512, out_features=512, bias=False)
                (v): Linear(in_features=512, out_features=512, bias=False)
                (o): Linear(in_features=512, out_features=512, bias=False)
              )
              (layer_norm): T5LayerNorm()
              (dropout): Dropout(p=0.1, inplace=False)
            )
            (1): T5LayerFF(
              (DenseReluDense): T5DenseActDense(
                (wi): Linear(in_features=512, out_features=2048, bias=False)
                (wo): Linear(in_features=2048, out_features=512, bias=False)
                (dropout): Dropout(p=0.1, inplace=False)
                (act): ReLU()
              )
              (layer_norm): T5LayerNorm()
              (dropout): Dropout(p=0.1, inplace=False)
            )
          )
        )
        (4): T5Block(
          (layer): ModuleList(
            (0): T5LayerSelfAttention(
              (SelfAttention): T5Attention(
                (q): Linear(in_features=512, out_features=512, bias=False)
                (k): Linear(in_features=512, out_features=512, bias=False)
                (v): Linear(in_features=512, out_features=512, bias=False)
                (o): Linear(in_features=512, out_features=512, bias=False)
              )
              (layer_norm): T5LayerNorm()
              (dropout): Dropout(p=0.1, inplace=False)
            )
            (1): T5LayerFF(
              (DenseReluDense): T5DenseActDense(
                (wi): Linear(in_features=512, out_features=2048, bias=False)
                (wo): Linear(in_features=2048, out_features=512, bias=False)
                (dropout): Dropout(p=0.1, inplace=False)
                (act): ReLU()
              )
              (layer_norm): T5LayerNorm()
              (dropout): Dropout(p=0.1, inplace=False)
            )
          )
        )
        (5): T5Block(
          (layer): ModuleList(
            (0): T5LayerSelfAttention(
              (SelfAttention): T5Attention(
                (q): Linear(in_features=512, out_features=512, bias=False)
                (k): Linear(in_features=512, out_features=512, bias=False)
                (v): Linear(in_features=512, out_features=512, bias=False)
                (o): Linear(in_features=512, out_features=512, bias=False)
              )
              (layer_norm): T5LayerNorm()
              (dropout): Dropout(p=0.1, inplace=False)
            )
            (1): T5LayerFF(
              (DenseReluDense): T5DenseActDense(
                (wi): Linear(in_features=512, out_features=2048, bias=False)
                (wo): Linear(in_features=2048, out_features=512, bias=False)
                (dropout): Dropout(p=0.1, inplace=False)
                (act): ReLU()
              )
              (layer_norm): T5LayerNorm()
              (dropout): Dropout(p=0.1, inplace=False)
            )
          )
        )
      )
      (final_layer_norm): T5LayerNorm()
      (dropout): Dropout(p=0.1, inplace=False)
    )
    (decoder): T5Stack(
      (embed_tokens): Embedding(32128, 512)
      (block): ModuleList(
        (0): T5Block(
          (layer): ModuleList(
            (0): T5LayerSelfAttention(
              (SelfAttention): T5Attention(
                (q): Linear(in_features=512, out_features=512, bias=False)
                (k): Linear(in_features=512, out_features=512, bias=False)
                (v): Linear(in_features=512, out_features=512, bias=False)
                (o): Linear(in_features=512, out_features=512, bias=False)
                (relative_attention_bias): Embedding(32, 8)
              )
              (layer_norm): T5LayerNorm()
              (dropout): Dropout(p=0.1, inplace=False)
            )
            (1): T5LayerCrossAttention(
              (EncDecAttention): T5Attention(
                (q): Linear(in_features=512, out_features=512, bias=False)
                (k): Linear(in_features=512, out_features=512, bias=False)
                (v): Linear(in_features=512, out_features=512, bias=False)
                (o): Linear(in_features=512, out_features=512, bias=False)
              )
              (layer_norm): T5LayerNorm()
              (dropout): Dropout(p=0.1, inplace=False)
            )
            (2): T5LayerFF(
              (DenseReluDense): T5DenseActDense(
                (wi): Linear(in_features=512, out_features=2048, bias=False)
                (wo): Linear(in_features=2048, out_features=512, bias=False)
                (dropout): Dropout(p=0.1, inplace=False)
                (act): ReLU()
              )
              (layer_norm): T5LayerNorm()
              (dropout): Dropout(p=0.1, inplace=False)
            )
          )
        )
        (1): T5Block(
          (layer): ModuleList(
            (0): T5LayerSelfAttention(
              (SelfAttention): T5Attention(
                (q): Linear(in_features=512, out_features=512, bias=False)
                (k): Linear(in_features=512, out_features=512, bias=False)
                (v): Linear(in_features=512, out_features=512, bias=False)
                (o): Linear(in_features=512, out_features=512, bias=False)
              )
              (layer_norm): T5LayerNorm()
              (dropout): Dropout(p=0.1, inplace=False)
            )
            (1): T5LayerCrossAttention(
              (EncDecAttention): T5Attention(
                (q): Linear(in_features=512, out_features=512, bias=False)
                (k): Linear(in_features=512, out_features=512, bias=False)
                (v): Linear(in_features=512, out_features=512, bias=False)
                (o): Linear(in_features=512, out_features=512, bias=False)
              )
              (layer_norm): T5LayerNorm()
              (dropout): Dropout(p=0.1, inplace=False)
            )
            (2): T5LayerFF(
              (DenseReluDense): T5DenseActDense(
                (wi): Linear(in_features=512, out_features=2048, bias=False)
                (wo): Linear(in_features=2048, out_features=512, bias=False)
                (dropout): Dropout(p=0.1, inplace=False)
                (act): ReLU()
              )
              (layer_norm): T5LayerNorm()
              (dropout): Dropout(p=0.1, inplace=False)
            )
          )
        )
        (2): T5Block(
          (layer): ModuleList(
            (0): T5LayerSelfAttention(
              (SelfAttention): T5Attention(
                (q): Linear(in_features=512, out_features=512, bias=False)
                (k): Linear(in_features=512, out_features=512, bias=False)
                (v): Linear(in_features=512, out_features=512, bias=False)
                (o): Linear(in_features=512, out_features=512, bias=False)
              )
              (layer_norm): T5LayerNorm()
              (dropout): Dropout(p=0.1, inplace=False)
            )
            (1): T5LayerCrossAttention(
              (EncDecAttention): T5Attention(
                (q): Linear(in_features=512, out_features=512, bias=False)
                (k): Linear(in_features=512, out_features=512, bias=False)
                (v): Linear(in_features=512, out_features=512, bias=False)
                (o): Linear(in_features=512, out_features=512, bias=False)
              )
              (layer_norm): T5LayerNorm()
              (dropout): Dropout(p=0.1, inplace=False)
            )
            (2): T5LayerFF(
              (DenseReluDense): T5DenseActDense(
                (wi): Linear(in_features=512, out_features=2048, bias=False)
                (wo): Linear(in_features=2048, out_features=512, bias=False)
                (dropout): Dropout(p=0.1, inplace=False)
                (act): ReLU()
              )
              (layer_norm): T5LayerNorm()
              (dropout): Dropout(p=0.1, inplace=False)
            )
          )
        )
        (3): T5Block(
          (layer): ModuleList(
            (0): T5LayerSelfAttention(
              (SelfAttention): T5Attention(
                (q): Linear(in_features=512, out_features=512, bias=False)
                (k): Linear(in_features=512, out_features=512, bias=False)
                (v): Linear(in_features=512, out_features=512, bias=False)
                (o): Linear(in_features=512, out_features=512, bias=False)
              )
              (layer_norm): T5LayerNorm()
              (dropout): Dropout(p=0.1, inplace=False)
            )
            (1): T5LayerCrossAttention(
              (EncDecAttention): T5Attention(
                (q): Linear(in_features=512, out_features=512, bias=False)
                (k): Linear(in_features=512, out_features=512, bias=False)
                (v): Linear(in_features=512, out_features=512, bias=False)
                (o): Linear(in_features=512, out_features=512, bias=False)
              )
              (layer_norm): T5LayerNorm()
              (dropout): Dropout(p=0.1, inplace=False)
            )
            (2): T5LayerFF(
              (DenseReluDense): T5DenseActDense(
                (wi): Linear(in_features=512, out_features=2048, bias=False)
                (wo): Linear(in_features=2048, out_features=512, bias=False)
                (dropout): Dropout(p=0.1, inplace=False)
                (act): ReLU()
              )
              (layer_norm): T5LayerNorm()
              (dropout): Dropout(p=0.1, inplace=False)
            )
          )
        )
        (4): T5Block(
          (layer): ModuleList(
            (0): T5LayerSelfAttention(
              (SelfAttention): T5Attention(
                (q): Linear(in_features=512, out_features=512, bias=False)
                (k): Linear(in_features=512, out_features=512, bias=False)
                (v): Linear(in_features=512, out_features=512, bias=False)
                (o): Linear(in_features=512, out_features=512, bias=False)
              )
              (layer_norm): T5LayerNorm()
              (dropout): Dropout(p=0.1, inplace=False)
            )
            (1): T5LayerCrossAttention(
              (EncDecAttention): T5Attention(
                (q): Linear(in_features=512, out_features=512, bias=False)
                (k): Linear(in_features=512, out_features=512, bias=False)
                (v): Linear(in_features=512, out_features=512, bias=False)
                (o): Linear(in_features=512, out_features=512, bias=False)
              )
              (layer_norm): T5LayerNorm()
              (dropout): Dropout(p=0.1, inplace=False)
            )
            (2): T5LayerFF(
              (DenseReluDense): T5DenseActDense(
                (wi): Linear(in_features=512, out_features=2048, bias=False)
                (wo): Linear(in_features=2048, out_features=512, bias=False)
                (dropout): Dropout(p=0.1, inplace=False)
                (act): ReLU()
              )
              (layer_norm): T5LayerNorm()
              (dropout): Dropout(p=0.1, inplace=False)
            )
          )
        )
        (5): T5Block(
          (layer): ModuleList(
            (0): T5LayerSelfAttention(
              (SelfAttention): T5Attention(
                (q): Linear(in_features=512, out_features=512, bias=False)
                (k): Linear(in_features=512, out_features=512, bias=False)
                (v): Linear(in_features=512, out_features=512, bias=False)
                (o): Linear(in_features=512, out_features=512, bias=False)
              )
              (layer_norm): T5LayerNorm()
              (dropout): Dropout(p=0.1, inplace=False)
            )
            (1): T5LayerCrossAttention(
              (EncDecAttention): T5Attention(
                (q): Linear(in_features=512, out_features=512, bias=False)
                (k): Linear(in_features=512, out_features=512, bias=False)
                (v): Linear(in_features=512, out_features=512, bias=False)
                (o): Linear(in_features=512, out_features=512, bias=False)
              )
              (layer_norm): T5LayerNorm()
              (dropout): Dropout(p=0.1, inplace=False)
            )
            (2): T5LayerFF(
              (DenseReluDense): T5DenseActDense(
                (wi): Linear(in_features=512, out_features=2048, bias=False)
                (wo): Linear(in_features=2048, out_features=512, bias=False)
                (dropout): Dropout(p=0.1, inplace=False)
                (act): ReLU()
              )
              (layer_norm): T5LayerNorm()
              (dropout): Dropout(p=0.1, inplace=False)
            )
          )
        )
      )
      (final_layer_norm): T5LayerNorm()
      (dropout): Dropout(p=0.1, inplace=False)
    )
    (lm_head): Linear(in_features=512, out_features=32128, bias=False)
  )
  (linear_layer): Linear(in_features=512, out_features=512, bias=True)
  (loss_fct): CrossEntropyLoss()
)



<class 'model.model.CoNTGenerator'>



           INFO     Rank: 0 - Running evaluator sanity check for  trainer.py:661
                    2 batches.                                                  
           INFO     Rank: 0 -                                   evaluator.py:317
                    **********Evaluation starts**********                       
[10:41:36] INFO     Rank: 0 - **********Evaluation              evaluator.py:349
                    ends**********                                              
                                                                                
           INFO     Rank: 0 -                           progress_callback.py:204
                    **********Epoch:0 starts**********                          
[10:41:41] INFO     Rank: 0 - Contrastive loss is                 callback.py:66
                    0.9272430539131165, nll_loss is                             
                    1.7698907256126404                                          
[10:41:42] INFO     Rank: 0 - Epoch:0/40, Batch:1,      progress_callback.py:218
                    loss:2.697134, finished 0.03%.                              
[10:41:48] INFO     Rank: 0 - Epoch:0/40, Batch:2,      progress_callback.py:218
                    loss:2.13569, finished 0.06%.                               
[10:41:53] INFO     Rank: 0 - Epoch:0/40, Batch:3,      progress_callback.py:218
                    loss:3.29653, finished 0.09%.                               
[10:41:58] INFO     Rank: 0 - Epoch:0/40, Batch:4,      progress_callback.py:218
                    loss:2.772687, finished 0.12%.                              
[10:42:04] INFO     Rank: 0 - Epoch:0/40, Batch:5,      progress_callback.py:218
                    loss:3.308398, finished 0.15%.                              
[10:42:09] INFO     Rank: 0 - Epoch:0/40, Batch:6,      progress_callback.py:218
                    loss:2.490852, finished 0.18%.                              
[10:42:14] INFO     Rank: 0 - Epoch:0/40, Batch:7,      progress_callback.py:218
                    loss:3.327861, finished 0.21%.                              
[10:42:19] INFO     Rank: 0 - Epoch:0/40, Batch:8,      progress_callback.py:218
                    loss:1.936175, finished 0.24%.                              
[10:42:24] INFO     Rank: 0 - Epoch:0/40, Batch:9,      progress_callback.py:218
                    loss:2.70051, finished 0.27%.                               
[10:42:29] INFO     Rank: 0 - Epoch:0/40, Batch:10,     progress_callback.py:218
                    loss:1.736563, finished 0.3%.                               
[10:42:33] INFO     Rank: 0 - Contrastive loss is                 callback.py:66
                    0.8638197720050812, nll_loss is                             
                    1.8159132182598114                                          
[10:42:36] INFO     Rank: 0 - Epoch:0/40, Batch:11,     progress_callback.py:218
                    loss:3.092063, finished 0.33%.                              
[10:42:42] INFO     Rank: 0 - Epoch:0/40, Batch:12,     progress_callback.py:218
                    loss:2.755299, finished 0.36%.                              
[10:42:47] INFO     Rank: 0 - Epoch:0/40, Batch:13,     progress_callback.py:218
                    loss:1.585654, finished 0.39%.                              
[10:42:52] INFO     Rank: 0 - Epoch:0/40, Batch:14,     progress_callback.py:218
                    loss:3.139063, finished 0.42%.                              
[10:42:56] INFO     Rank: 0 - Epoch:0/40, Batch:15,     progress_callback.py:218
                    loss:2.405814, finished 0.45%.                              
[10:43:01] INFO     Rank: 0 - Epoch:0/40, Batch:16,     progress_callback.py:218
                    loss:2.237923, finished 0.48%.                              
[10:43:06] INFO     Rank: 0 - Epoch:0/40, Batch:17,     progress_callback.py:218
                    loss:2.517301, finished 0.51%.                              
[10:43:12] INFO     Rank: 0 - Epoch:0/40, Batch:18,     progress_callback.py:218
                    loss:2.857818, finished 0.54%.                              
[10:43:18] INFO     Rank: 0 - Epoch:0/40, Batch:19,     progress_callback.py:218
                    loss:2.987971, finished 0.57%.                              
[10:43:24] INFO     Rank: 0 - Epoch:0/40, Batch:20,     progress_callback.py:218
                    loss:2.168661, finished 0.6%.                               
[10:43:26] INFO     Rank: 0 - Contrastive loss is                 callback.py:66
                    0.8965787768363953, nll_loss is                             
                    1.669549787044525                                           
[10:43:28] INFO     Rank: 0 - Epoch:0/40, Batch:21,     progress_callback.py:218
                    loss:3.005782, finished 0.63%.                              
[10:43:32] INFO     Rank: 0 - Epoch:0/40, Batch:22,     progress_callback.py:218
                    loss:2.329354, finished 0.66%.                              
[10:43:37] INFO     Rank: 0 - Epoch:0/40, Batch:23,     progress_callback.py:218
                    loss:3.550926, finished 0.69%.                              
[10:43:42] INFO     Rank: 0 - Epoch:0/40, Batch:24,     progress_callback.py:218
                    loss:2.223314, finished 0.72%.                              
[10:43:48] INFO     Rank: 0 - Epoch:0/40, Batch:25,     progress_callback.py:218
                    loss:1.973387, finished 0.75%.                              
[10:43:52] INFO     Rank: 0 - Epoch:0/40, Batch:26,     progress_callback.py:218
                    loss:1.607775, finished 0.78%.                              
[10:43:58] INFO     Rank: 0 - Epoch:0/40, Batch:27,     progress_callback.py:218
                    loss:2.329707, finished 0.81%.                              
[10:44:03] INFO     Rank: 0 - Epoch:0/40, Batch:28,     progress_callback.py:218
                    loss:2.393791, finished 0.84%.                              
[10:44:07] INFO     Rank: 0 - Epoch:0/40, Batch:29,     progress_callback.py:218
                    loss:2.930665, finished 0.87%.                              
[10:44:11] INFO     Rank: 0 - Epoch:0/40, Batch:30,     progress_callback.py:218
                    loss:2.097807, finished 0.9%.                               
[10:44:15] INFO     Rank: 0 - Contrastive loss is                 callback.py:66
                    0.8289872229099273, nll_loss is                             
                    1.48598353266716                                            
[10:44:16] INFO     Rank: 0 - Epoch:0/40, Batch:31,     progress_callback.py:218
                    loss:1.712982, finished 0.93%.                              
[10:44:21] INFO     Rank: 0 - Epoch:0/40, Batch:32,     progress_callback.py:218
                    loss:2.173442, finished 0.96%.                              
[10:44:25] INFO     Rank: 0 - Epoch:0/40, Batch:33,     progress_callback.py:218
                    loss:1.926557, finished 0.99%.                              
[10:44:30] INFO     Rank: 0 - Epoch:0/40, Batch:34,     progress_callback.py:218
                    loss:1.720845, finished 1.02%.                              
[10:44:35] INFO     Rank: 0 - Epoch:0/40, Batch:35,     progress_callback.py:218
                    loss:1.962667, finished 1.05%.                              
[10:44:39] INFO     Rank: 0 - Epoch:0/40, Batch:36,     progress_callback.py:218
                    loss:2.05461, finished 1.08%.                               
[10:44:44] INFO     Rank: 0 - Epoch:0/40, Batch:37,     progress_callback.py:218
                    loss:2.329589, finished 1.11%.                              
[10:44:49] INFO     Rank: 0 - Epoch:0/40, Batch:38,     progress_callback.py:218
                    loss:3.038398, finished 1.14%.                              
[10:44:54] INFO     Rank: 0 - Epoch:0/40, Batch:39,     progress_callback.py:218
                    loss:1.380841, finished 1.17%.                              
[10:44:58] INFO     Rank: 0 - Epoch:0/40, Batch:40,     progress_callback.py:218
                    loss:2.448889, finished 1.2%.                               
           INFO     Rank: 0 -                                   evaluator.py:317
                    **********Evaluation starts**********                       
[10:45:12] INFO     Rank: 0 - **********Evaluation              evaluator.py:349
                    ends**********                                              
                                                                                
           INFO     Rank: 0 - ----------Eval. results   progress_callback.py:233
                    on Epoch:0, Batch:40----------                              
           INFO     Rank: 0 -                           progress_callback.py:238
                    {"torch_ngram#ngram-overlap":                               
                    0.4378960132598877}                                         
 ============= save model at results/2023-03-26-10_39_31_409621/epoch-0_step-40.pt ============= 
[10:45:16] INFO     Rank: 0 - Contrastive loss is                 callback.py:66
                    0.8399389684200287, nll_loss is                             
                    1.2790259182453156                                          
[10:45:17] INFO     Rank: 0 - Epoch:0/40, Batch:41,     progress_callback.py:218
                    loss:2.153809, finished 1.23%.                              
[10:45:21] INFO     Rank: 0 - Epoch:0/40, Batch:42,     progress_callback.py:218
                    loss:1.940735, finished 1.27%.                              
[10:45:25] INFO     Rank: 0 - Epoch:0/40, Batch:43,     progress_callback.py:218
                    loss:2.843993, finished 1.3%.                               
[10:45:29] INFO     Rank: 0 - Epoch:0/40, Batch:44,     progress_callback.py:218
                    loss:1.879234, finished 1.33%.                              
[10:45:35] INFO     Rank: 0 - Epoch:0/40, Batch:45,     progress_callback.py:218
                    loss:2.362751, finished 1.36%.                              
[10:45:40] INFO     Rank: 0 - Epoch:0/40, Batch:46,     progress_callback.py:218
                    loss:1.62427, finished 1.39%.                               
[10:45:47] INFO     Rank: 0 - Epoch:0/40, Batch:47,     progress_callback.py:218
                    loss:2.677331, finished 1.42%.                              
[10:45:52] INFO     Rank: 0 - Epoch:0/40, Batch:48,     progress_callback.py:218
                    loss:2.869744, finished 1.45%.                              
[10:45:59] INFO     Rank: 0 - Epoch:0/40, Batch:49,     progress_callback.py:218
                    loss:2.732618, finished 1.48%.                              
[10:46:03] INFO     Rank: 0 - Epoch:0/40, Batch:50,     progress_callback.py:218
                    loss:2.368235, finished 1.51%.                              
[10:46:06] INFO     Rank: 0 - Contrastive loss is                 callback.py:66
                    0.832559221982956, nll_loss is                              
                    1.4893289148807525                                          
[10:46:07] INFO     Rank: 0 - Epoch:0/40, Batch:51,     progress_callback.py:218
                    loss:1.919971, finished 1.54%.                              
[10:46:11] INFO     Rank: 0 - Epoch:0/40, Batch:52,     progress_callback.py:218
                    loss:2.041353, finished 1.57%.                              
[10:46:15] INFO     Rank: 0 - Epoch:0/40, Batch:53,     progress_callback.py:218
                    loss:2.549803, finished 1.6%.                               
[10:46:19] INFO     Rank: 0 - Epoch:0/40, Batch:54,     progress_callback.py:218
                    loss:2.219865, finished 1.63%.                              
[10:46:23] INFO     Rank: 0 - Epoch:0/40, Batch:55,     progress_callback.py:218
                    loss:1.79277, finished 1.66%.                               
[10:46:28] INFO     Rank: 0 - Epoch:0/40, Batch:56,     progress_callback.py:218
                    loss:1.730573, finished 1.69%.                              
[10:46:33] INFO     Rank: 0 - Epoch:0/40, Batch:57,     progress_callback.py:218
                    loss:2.558478, finished 1.72%.                              
[10:46:37] INFO     Rank: 0 - Epoch:0/40, Batch:58,     progress_callback.py:218
                    loss:1.325968, finished 1.75%.                              
[10:46:42] INFO     Rank: 0 - Epoch:0/40, Batch:59,     progress_callback.py:218
                    loss:2.467763, finished 1.78%.                              
[10:46:47] INFO     Rank: 0 - Epoch:0/40, Batch:60,     progress_callback.py:218
                    loss:2.570912, finished 1.81%.                              
[10:46:50] INFO     Rank: 0 - Contrastive loss is                 callback.py:66
                    0.7766403615474701, nll_loss is                             
                    1.356404560804367                                           
[10:46:51] INFO     Rank: 0 - Epoch:0/40, Batch:61,     progress_callback.py:218
                    loss:2.072964, finished 1.84%.                              
[10:46:56] INFO     Rank: 0 - Epoch:0/40, Batch:62,     progress_callback.py:218
                    loss:2.0596, finished 1.87%.                                
[10:47:00] INFO     Rank: 0 - Epoch:0/40, Batch:63,     progress_callback.py:218
                    loss:2.390138, finished 1.9%.                               
[10:47:04] INFO     Rank: 0 - Epoch:0/40, Batch:64,     progress_callback.py:218
                    loss:2.027211, finished 1.93%.                              
[10:47:08] INFO     Rank: 0 - Epoch:0/40, Batch:65,     progress_callback.py:218
                    loss:2.464915, finished 1.96%.                              
[10:47:12] INFO     Rank: 0 - Epoch:0/40, Batch:66,     progress_callback.py:218
                    loss:1.178288, finished 1.99%.                              
[10:47:17] INFO     Rank: 0 - Epoch:0/40, Batch:67,     progress_callback.py:218
                    loss:2.606825, finished 2.02%.                              
[10:47:21] INFO     Rank: 0 - Epoch:0/40, Batch:68,     progress_callback.py:218
                    loss:1.796769, finished 2.05%.                              
[10:47:25] INFO     Rank: 0 - Epoch:0/40, Batch:69,     progress_callback.py:218
                    loss:2.261339, finished 2.08%.                              
[10:47:28] INFO     Rank: 0 - Epoch:0/40, Batch:70,     progress_callback.py:218
                    loss:1.933301, finished 2.11%.                              
[10:47:32] INFO     Rank: 0 - Contrastive loss is                 callback.py:66
                    0.723934280872345, nll_loss is                              
                    1.3246792078018188                                          
           INFO     Rank: 0 - Epoch:0/40, Batch:71,     progress_callback.py:218
                    loss:1.767748, finished 2.14%.                              
[10:47:36] INFO     Rank: 0 - Epoch:0/40, Batch:72,     progress_callback.py:218
                    loss:1.709718, finished 2.17%.                              
[10:47:40] INFO     Rank: 0 - Epoch:0/40, Batch:73,     progress_callback.py:218
                    loss:2.343349, finished 2.2%.                               
[10:47:45] INFO     Rank: 0 - Epoch:0/40, Batch:74,     progress_callback.py:218
                    loss:2.656779, finished 2.23%.                              
[10:47:49] INFO     Rank: 0 - Epoch:0/40, Batch:75,     progress_callback.py:218
                    loss:1.699749, finished 2.26%.                              
[10:47:53] INFO     Rank: 0 - Epoch:0/40, Batch:76,     progress_callback.py:218
                    loss:1.912789, finished 2.29%.                              
[10:47:57] INFO     Rank: 0 - Epoch:0/40, Batch:77,     progress_callback.py:218
                    loss:2.027353, finished 2.32%.                              
[10:48:01] INFO     Rank: 0 - Epoch:0/40, Batch:78,     progress_callback.py:218
                    loss:1.391177, finished 2.35%.                              
[10:48:05] INFO     Rank: 0 - Epoch:0/40, Batch:79,     progress_callback.py:218
                    loss:1.979481, finished 2.38%.                              
[10:48:10] INFO     Rank: 0 - Epoch:0/40, Batch:80,     progress_callback.py:218
                    loss:1.500987, finished 2.41%.                              
           INFO     Rank: 0 -                                   evaluator.py:317
                    **********Evaluation starts**********                       
[10:48:23] INFO     Rank: 0 - **********Evaluation              evaluator.py:349
                    ends**********                                              
                                                                                
           INFO     Rank: 0 - ----------Eval. results   progress_callback.py:233
                    on Epoch:0, Batch:80----------                              
           INFO     Rank: 0 -                           progress_callback.py:238
                    {"torch_ngram#ngram-overlap":                               
                    0.44243690371513367}                                        
 ============= save model at results/2023-03-26-10_39_31_409621/epoch-0_step-80.pt ============= 
[10:48:28] INFO     Rank: 0 - Contrastive loss is                 callback.py:66
                    0.7290177583694458, nll_loss is                             
                    1.2125427007675171                                          
[10:48:29] INFO     Rank: 0 - Epoch:0/40, Batch:81,     progress_callback.py:218
                    loss:2.194222, finished 2.44%.                              
[10:48:34] INFO     Rank: 0 - Epoch:0/40, Batch:82,     progress_callback.py:218
                    loss:1.903528, finished 2.47%.                              
[10:48:37] INFO     Rank: 0 - Epoch:0/40, Batch:83,     progress_callback.py:218
                    loss:3.517543, finished 2.5%.                               
           INFO     Rank: 0 -                           progress_callback.py:204
                    **********Epoch:1 starts**********                          
[10:48:41] INFO     Rank: 0 - Epoch:1/40, Batch:1,      progress_callback.py:218
                    loss:1.654867, finished 2.53%.                              
[10:48:46] INFO     Rank: 0 - Epoch:1/40, Batch:2,      progress_callback.py:218
                    loss:1.927125, finished 2.56%.                              
[10:48:51] INFO     Rank: 0 - Epoch:1/40, Batch:3,      progress_callback.py:218
                    loss:1.378823, finished 2.59%.                              
[10:48:55] INFO     Rank: 0 - Epoch:1/40, Batch:4,      progress_callback.py:218
                    loss:1.995351, finished 2.62%.                              
[10:49:00] INFO     Rank: 0 - Epoch:1/40, Batch:5,      progress_callback.py:218
                    loss:1.933457, finished 2.65%.                              
[10:49:04] INFO     Rank: 0 - Epoch:1/40, Batch:6,      progress_callback.py:218
                    loss:1.646544, finished 2.68%.                              
[10:49:08] INFO     Rank: 0 - Epoch:1/40, Batch:7,      progress_callback.py:218
                    loss:2.500218, finished 2.71%.                              
[10:49:10] INFO     Rank: 0 - Contrastive loss is                 callback.py:66
                    0.7192096054553986, nll_loss is                             
                    1.3184471905231476                                          
[10:49:12] INFO     Rank: 0 - Epoch:1/40, Batch:8,      progress_callback.py:218
                    loss:1.919111, finished 2.74%.                              
[10:49:16] INFO     Rank: 0 - Epoch:1/40, Batch:9,      progress_callback.py:218
                    loss:2.260178, finished 2.77%.                              
[10:49:21] INFO     Rank: 0 - Epoch:1/40, Batch:10,     progress_callback.py:218
                    loss:2.454798, finished 2.8%.                               
[10:49:24] INFO     Rank: 0 - Epoch:1/40, Batch:11,     progress_callback.py:218
                    loss:1.909229, finished 2.83%.                              
[10:49:28] INFO     Rank: 0 - Epoch:1/40, Batch:12,     progress_callback.py:218
                    loss:1.69331, finished 2.86%.                               
[10:49:32] INFO     Rank: 0 - Epoch:1/40, Batch:13,     progress_callback.py:218
                    loss:2.299164, finished 2.89%.                              
[10:49:36] INFO     Rank: 0 - Epoch:1/40, Batch:14,     progress_callback.py:218
                    loss:1.247179, finished 2.92%.                              
[10:49:40] INFO     Rank: 0 - Epoch:1/40, Batch:15,     progress_callback.py:218
                    loss:1.558386, finished 2.95%.                              
[10:49:44] INFO     Rank: 0 - Epoch:1/40, Batch:16,     progress_callback.py:218
                    loss:2.30869, finished 2.98%.                               
[10:49:48] INFO     Rank: 0 - Epoch:1/40, Batch:17,     progress_callback.py:218
                    loss:1.635212, finished 3.01%.                              
[10:49:51] INFO     Rank: 0 - Contrastive loss is                 callback.py:66
                    0.6974784553050994, nll_loss is                             
                    1.2217100918293                                             
[10:49:53] INFO     Rank: 0 - Epoch:1/40, Batch:18,     progress_callback.py:218
                    loss:1.82574, finished 3.04%.                               
[10:49:57] INFO     Rank: 0 - Epoch:1/40, Batch:19,     progress_callback.py:218
                    loss:1.802754, finished 3.07%.                              
[10:50:01] INFO     Rank: 0 - Epoch:1/40, Batch:20,     progress_callback.py:218
                    loss:1.716508, finished 3.1%.                               
[10:50:04] INFO     Rank: 0 - Epoch:1/40, Batch:21,     progress_callback.py:218
                    loss:2.503269, finished 3.13%.                              
[10:50:08] INFO     Rank: 0 - Epoch:1/40, Batch:22,     progress_callback.py:218
                    loss:1.82146, finished 3.16%.                               
[10:50:12] INFO     Rank: 0 - Epoch:1/40, Batch:23,     progress_callback.py:218
                    loss:2.374666, finished 3.19%.                              
[10:50:17] INFO     Rank: 0 - Epoch:1/40, Batch:24,     progress_callback.py:218
                    loss:1.346247, finished 3.22%.                              
[10:50:21] INFO     Rank: 0 - Epoch:1/40, Batch:25,     progress_callback.py:218
                    loss:1.891347, finished 3.25%.                              
[10:50:26] INFO     Rank: 0 - Epoch:1/40, Batch:26,     progress_callback.py:218
                    loss:2.087748, finished 3.28%.                              
[10:50:30] INFO     Rank: 0 - Epoch:1/40, Batch:27,     progress_callback.py:218
                    loss:1.211289, finished 3.31%.                              
[10:50:33] INFO     Rank: 0 - Contrastive loss is                 callback.py:66
                    0.6791398763656616, nll_loss is                             
                    1.20313218832016                                            
[10:50:34] INFO     Rank: 0 - Epoch:1/40, Batch:28,     progress_callback.py:218
                    loss:2.067433, finished 3.34%.                              
[10:50:38] INFO     Rank: 0 - Epoch:1/40, Batch:29,     progress_callback.py:218
                    loss:1.521917, finished 3.37%.                              
[10:50:42] INFO     Rank: 0 - Epoch:1/40, Batch:30,     progress_callback.py:218
                    loss:1.866532, finished 3.4%.                               
[10:50:47] INFO     Rank: 0 - Epoch:1/40, Batch:31,     progress_callback.py:218
                    loss:1.6897, finished 3.43%.                                
[10:50:50] INFO     Rank: 0 - Epoch:1/40, Batch:32,     progress_callback.py:218
                    loss:1.857965, finished 3.46%.                              
[10:50:54] INFO     Rank: 0 - Epoch:1/40, Batch:33,     progress_callback.py:218
                    loss:1.747804, finished 3.49%.                              
[10:50:58] INFO     Rank: 0 - Epoch:1/40, Batch:34,     progress_callback.py:218
                    loss:1.790887, finished 3.52%.                              
[10:51:03] INFO     Rank: 0 - Epoch:1/40, Batch:35,     progress_callback.py:218
                    loss:1.825828, finished 3.55%.                              
[10:51:06] INFO     Rank: 0 - Epoch:1/40, Batch:36,     progress_callback.py:218
                    loss:1.856777, finished 3.58%.                              
[10:51:11] INFO     Rank: 0 - Epoch:1/40, Batch:37,     progress_callback.py:218
                    loss:1.950837, finished 3.61%.                              
           INFO     Rank: 0 -                                   evaluator.py:317
                    **********Evaluation starts**********                       
[10:51:23] INFO     Rank: 0 - **********Evaluation              evaluator.py:349
                    ends**********                                              
                                                                                
           INFO     Rank: 0 - ----------Eval. results   progress_callback.py:233
                    on Epoch:1, Batch:37----------                              
           INFO     Rank: 0 -                           progress_callback.py:238
                    {"torch_ngram#ngram-overlap":                               
                    0.440751314163208}                                          
 ============= save model at results/2023-03-26-10_39_31_409621/epoch-1_step-120.pt ============= 
[10:51:28] INFO     Rank: 0 - Contrastive loss is                 callback.py:66
                    0.7155844926834106, nll_loss is                             
                    1.1011616945266725                                          
           INFO     Rank: 0 - Epoch:1/40, Batch:38,     progress_callback.py:218
                    loss:2.059214, finished 3.64%.                              
[10:51:31] INFO     Rank: 0 - Epoch:1/40, Batch:39,     progress_callback.py:218
                    loss:1.783945, finished 3.67%.                              
[10:51:35] INFO     Rank: 0 - Epoch:1/40, Batch:40,     progress_callback.py:218
                    loss:0.993941, finished 3.7%.                               
[10:51:39] INFO     Rank: 0 - Epoch:1/40, Batch:41,     progress_callback.py:218
                    loss:2.189708, finished 3.73%.                              
[10:51:44] INFO     Rank: 0 - Epoch:1/40, Batch:42,     progress_callback.py:218
                    loss:2.244991, finished 3.77%.                              
[10:51:49] INFO     Rank: 0 - Epoch:1/40, Batch:43,     progress_callback.py:218
                    loss:1.967256, finished 3.8%.                               
[10:51:53] INFO     Rank: 0 - Epoch:1/40, Batch:44,     progress_callback.py:218
                    loss:1.940954, finished 3.83%.                              
[10:51:57] INFO     Rank: 0 - Epoch:1/40, Batch:45,     progress_callback.py:218
                    loss:2.165796, finished 3.86%.                              
[10:52:01] INFO     Rank: 0 - Epoch:1/40, Batch:46,     progress_callback.py:218
                    loss:1.630067, finished 3.89%.                              
[10:52:06] INFO     Rank: 0 - Epoch:1/40, Batch:47,     progress_callback.py:218
                    loss:2.136312, finished 3.92%.                              
[10:52:08] INFO     Rank: 0 - Contrastive loss is                 callback.py:66
                    0.7737388372421264, nll_loss is                             
                    1.1402523517608643                                          
[10:52:09] INFO     Rank: 0 - Epoch:1/40, Batch:48,     progress_callback.py:218
                    loss:2.086942, finished 3.95%.                              
[10:52:13] INFO     Rank: 0 - Epoch:1/40, Batch:49,     progress_callback.py:218
                    loss:1.558675, finished 3.98%.                              
[10:52:17] INFO     Rank: 0 - Epoch:1/40, Batch:50,     progress_callback.py:218
                    loss:2.618237, finished 4.01%.                              
[10:52:21] INFO     Rank: 0 - Epoch:1/40, Batch:51,     progress_callback.py:218
                    loss:2.658, finished 4.04%.                                 
[10:52:25] INFO     Rank: 0 - Epoch:1/40, Batch:52,     progress_callback.py:218
                    loss:2.097932, finished 4.07%.                              
[10:52:29] INFO     Rank: 0 - Epoch:1/40, Batch:53,     progress_callback.py:218
                    loss:2.578078, finished 4.1%.                               
[10:52:33] INFO     Rank: 0 - Epoch:1/40, Batch:54,     progress_callback.py:218
                    loss:1.537119, finished 4.13%.                              
[10:52:37] INFO     Rank: 0 - Epoch:1/40, Batch:55,     progress_callback.py:218
                    loss:2.430111, finished 4.16%.                              
[10:52:40] INFO     Rank: 0 - Epoch:1/40, Batch:56,     progress_callback.py:218
                    loss:1.667221, finished 4.19%.                              
[10:52:44] INFO     Rank: 0 - Epoch:1/40, Batch:57,     progress_callback.py:218
                    loss:1.56075, finished 4.22%.                               
[10:52:47] INFO     Rank: 0 - Contrastive loss is                 callback.py:66
                    0.7720232218503952, nll_loss is                             
                    1.3133073717355728                                          
[10:52:48] INFO     Rank: 0 - Epoch:1/40, Batch:58,     progress_callback.py:218
                    loss:2.147183, finished 4.25%.                              
[10:52:52] INFO     Rank: 0 - Epoch:1/40, Batch:59,     progress_callback.py:218
                    loss:2.17884, finished 4.28%.                               
[10:52:55] INFO     Rank: 0 - Epoch:1/40, Batch:60,     progress_callback.py:218
                    loss:2.603147, finished 4.31%.                              
[10:53:00] INFO     Rank: 0 - Epoch:1/40, Batch:61,     progress_callback.py:218
                    loss:2.150297, finished 4.34%.                              
[10:53:04] INFO     Rank: 0 - Epoch:1/40, Batch:62,     progress_callback.py:218
                    loss:2.057897, finished 4.37%.                              
[10:53:07] INFO     Rank: 0 - Epoch:1/40, Batch:63,     progress_callback.py:218
                    loss:1.991523, finished 4.4%.                               
[10:53:10] INFO     Rank: 0 - Epoch:1/40, Batch:64,     progress_callback.py:218
                    loss:1.543131, finished 4.43%.                              
[10:53:14] INFO     Rank: 0 - Epoch:1/40, Batch:65,     progress_callback.py:218
                    loss:2.402523, finished 4.46%.                              
[10:53:18] INFO     Rank: 0 - Epoch:1/40, Batch:66,     progress_callback.py:218
                    loss:2.072502, finished 4.49%.                              
[10:53:21] INFO     Rank: 0 - Epoch:1/40, Batch:67,     progress_callback.py:218
                    loss:1.874874, finished 4.52%.                              
[10:53:24] INFO     Rank: 0 - Contrastive loss is                 callback.py:66
                    0.7750743150711059, nll_loss is                             
                    1.3326237320899963                                          
[10:53:25] INFO     Rank: 0 - Epoch:1/40, Batch:68,     progress_callback.py:218
                    loss:2.202247, finished 4.55%.                              
[10:53:29] INFO     Rank: 0 - Epoch:1/40, Batch:69,     progress_callback.py:218
                    loss:1.922516, finished 4.58%.                              
[10:53:32] INFO     Rank: 0 - Epoch:1/40, Batch:70,     progress_callback.py:218
                    loss:1.584152, finished 4.61%.                              
[10:53:36] INFO     Rank: 0 - Epoch:1/40, Batch:71,     progress_callback.py:218
                    loss:1.884596, finished 4.64%.                              
[10:53:40] INFO     Rank: 0 - Epoch:1/40, Batch:72,     progress_callback.py:218
                    loss:1.34324, finished 4.67%.                               
[10:53:44] INFO     Rank: 0 - Epoch:1/40, Batch:73,     progress_callback.py:218
                    loss:2.098007, finished 4.7%.                               
[10:53:48] INFO     Rank: 0 - Epoch:1/40, Batch:74,     progress_callback.py:218
                    loss:1.231938, finished 4.73%.                              
[10:53:52] INFO     Rank: 0 - Epoch:1/40, Batch:75,     progress_callback.py:218
                    loss:1.400524, finished 4.76%.                              
[10:53:56] INFO     Rank: 0 - Epoch:1/40, Batch:76,     progress_callback.py:218
                    loss:1.589889, finished 4.79%.                              
[10:53:59] INFO     Rank: 0 - Epoch:1/40, Batch:77,     progress_callback.py:218
                    loss:2.493465, finished 4.82%.                              
           INFO     Rank: 0 -                                   evaluator.py:317
                    **********Evaluation starts**********                       
[10:54:11] INFO     Rank: 0 - **********Evaluation              evaluator.py:349
                    ends**********                                              
                                                                                
           INFO     Rank: 0 - ----------Eval. results   progress_callback.py:233
                    on Epoch:1, Batch:77----------                              
           INFO     Rank: 0 -                           progress_callback.py:238
                    {"torch_ngram#ngram-overlap":                               
                    0.43929359316825867}                                        
 ============= save model at results/2023-03-26-10_39_31_409621/epoch-1_step-160.pt ============= 
save hyperparams in  results/2023-03-26-10_39_31_409621/hyperparams.txt
[10:54:15] INFO     Rank: 0 - Contrastive loss is                 callback.py:66
                    0.6287941545248031, nll_loss is                             
                    1.0559636980295182                                          
[10:54:16] INFO     Rank: 0 - Epoch:1/40, Batch:78,     progress_callback.py:218
                    loss:1.299252, finished 4.85%.                              
[10:54:19] INFO     Rank: 0 - Epoch:1/40, Batch:79,     progress_callback.py:218
                    loss:2.333668, finished 4.88%.                              
[10:54:23] INFO     Rank: 0 - Epoch:1/40, Batch:80,     progress_callback.py:218
                    loss:1.403651, finished 4.91%.                              
[10:54:27] INFO     Rank: 0 - Epoch:1/40, Batch:81,     progress_callback.py:218
                    loss:1.380788, finished 4.94%.                              
[10:54:31] INFO     Rank: 0 - Epoch:1/40, Batch:82,     progress_callback.py:218
                    loss:1.8061, finished 4.97%.                                
[10:54:33] INFO     Rank: 0 - Epoch:1/40, Batch:83,     progress_callback.py:218
                    loss:1.597364, finished 5.0%.                               
           INFO     Rank: 0 -                           progress_callback.py:204
                    **********Epoch:2 starts**********                          
[10:54:37] INFO     Rank: 0 - Epoch:2/40, Batch:1,      progress_callback.py:218
                    loss:1.853706, finished 5.03%.                              
[10:54:40] INFO     Rank: 0 - Epoch:2/40, Batch:2,      progress_callback.py:218
                    loss:1.977904, finished 5.06%.                              
[10:54:43] INFO     Rank: 0 - Epoch:2/40, Batch:3,      progress_callback.py:218
                    loss:1.837236, finished 5.09%.                              
[10:54:47] INFO     Rank: 0 - Epoch:2/40, Batch:4,      progress_callback.py:218
                    loss:1.927707, finished 5.12%.                              
[10:54:50] INFO     Rank: 0 - Contrastive loss is                 callback.py:66
                    0.6621362149715424, nll_loss is                             
                    1.0649335563182831                                          
[10:54:51] INFO     Rank: 0 - Epoch:2/40, Batch:5,      progress_callback.py:218
                    loss:1.152573, finished 5.15%.                              
[10:54:55] INFO     Rank: 0 - Epoch:2/40, Batch:6,      progress_callback.py:218
                    loss:1.996507, finished 5.18%.                              
[10:54:58] INFO     Rank: 0 - Epoch:2/40, Batch:7,      progress_callback.py:218
                    loss:1.582497, finished 5.21%.                              
[10:55:02] INFO     Rank: 0 - Epoch:2/40, Batch:8,      progress_callback.py:218
                    loss:1.735399, finished 5.24%.                              
[10:55:05] INFO     Rank: 0 - Epoch:2/40, Batch:9,      progress_callback.py:218
                    loss:2.12493, finished 5.27%.                               
[10:55:09] INFO     Rank: 0 - Epoch:2/40, Batch:10,     progress_callback.py:218
                    loss:1.761012, finished 5.3%.                               
[10:55:13] INFO     Rank: 0 - Epoch:2/40, Batch:11,     progress_callback.py:218
                    loss:1.807776, finished 5.33%.                              
[10:55:16] INFO     Rank: 0 - Epoch:2/40, Batch:12,     progress_callback.py:218
                    loss:2.035783, finished 5.36%.                              
[10:55:20] INFO     Rank: 0 - Epoch:2/40, Batch:13,     progress_callback.py:218
                    loss:1.959224, finished 5.39%.                              
[10:55:24] INFO     Rank: 0 - Epoch:2/40, Batch:14,     progress_callback.py:218
                    loss:2.65734, finished 5.42%.                               
[10:55:27] INFO     Rank: 0 - Contrastive loss is                 callback.py:66
                    0.6885770827531814, nll_loss is                             
                    1.263674733042717                                           
           INFO     Rank: 0 - Epoch:2/40, Batch:15,     progress_callback.py:218
                    loss:1.86205, finished 5.45%.                               
[10:55:31] INFO     Rank: 0 - Epoch:2/40, Batch:16,     progress_callback.py:218
                    loss:1.487841, finished 5.48%.                              
[10:55:35] INFO     Rank: 0 - Epoch:2/40, Batch:17,     progress_callback.py:218
                    loss:2.616758, finished 5.51%.                              
[10:55:38] INFO     Rank: 0 - Epoch:2/40, Batch:18,     progress_callback.py:218
                    loss:1.860549, finished 5.54%.                              
[10:55:42] INFO     Rank: 0 - Epoch:2/40, Batch:19,     progress_callback.py:218
                    loss:1.627577, finished 5.57%.                              
[10:55:46] INFO     Rank: 0 - Epoch:2/40, Batch:20,     progress_callback.py:218
                    loss:1.843475, finished 5.6%.                               
[10:55:50] INFO     Rank: 0 - Epoch:2/40, Batch:21,     progress_callback.py:218
                    loss:2.525542, finished 5.63%.                              
[10:55:54] INFO     Rank: 0 - Epoch:2/40, Batch:22,     progress_callback.py:218
                    loss:1.032832, finished 5.66%.                              
[10:55:59] INFO     Rank: 0 - Epoch:2/40, Batch:23,     progress_callback.py:218
                    loss:1.56248, finished 5.69%.                               
[10:56:03] INFO     Rank: 0 - Epoch:2/40, Batch:24,     progress_callback.py:218
                    loss:2.093112, finished 5.72%.                              
[10:56:05] INFO     Rank: 0 - Contrastive loss is                 callback.py:66
                    0.7057335793972015, nll_loss is                             
                    1.1626597702503205                                          
[10:56:07] INFO     Rank: 0 - Epoch:2/40, Batch:25,     progress_callback.py:218
                    loss:2.033768, finished 5.75%.                              
[10:56:11] INFO     Rank: 0 - Epoch:2/40, Batch:26,     progress_callback.py:218
                    loss:2.011119, finished 5.78%.                              
[10:56:16] INFO     Rank: 0 - Epoch:2/40, Batch:27,     progress_callback.py:218
                    loss:2.107249, finished 5.81%.                              
[10:56:20] INFO     Rank: 0 - Epoch:2/40, Batch:28,     progress_callback.py:218
                    loss:1.594978, finished 5.84%.                              
[10:56:24] INFO     Rank: 0 - Epoch:2/40, Batch:29,     progress_callback.py:218
                    loss:1.924734, finished 5.87%.                              
[10:56:28] INFO     Rank: 0 - Epoch:2/40, Batch:30,     progress_callback.py:218
                    loss:1.494127, finished 5.9%.                               
[10:56:32] INFO     Rank: 0 - Epoch:2/40, Batch:31,     progress_callback.py:218
                    loss:2.093152, finished 5.93%.                              
[10:56:37] INFO     Rank: 0 - Epoch:2/40, Batch:32,     progress_callback.py:218
                    loss:2.630322, finished 5.96%.                              
[10:56:42] INFO     Rank: 0 - Epoch:2/40, Batch:33,     progress_callback.py:218
                    loss:1.343202, finished 5.99%.                              
[10:56:46] INFO     Rank: 0 - Epoch:2/40, Batch:34,     progress_callback.py:218
                    loss:2.436244, finished 6.02%.                              
           INFO     Rank: 0 -                                   evaluator.py:317
                    **********Evaluation starts**********                       
[10:56:58] INFO     Rank: 0 - **********Evaluation              evaluator.py:349
                    ends**********                                              
                                                                                
           INFO     Rank: 0 - ----------Eval. results   progress_callback.py:233
                    on Epoch:2, Batch:34----------                              
           INFO     Rank: 0 -                           progress_callback.py:238
                    {"torch_ngram#ngram-overlap":                               
                    0.4422179162502289}                                         
 ============= save model at results/2023-03-26-10_39_31_409621/epoch-2_step-200.pt ============= 
save hyperparams in  results/2023-03-26-10_39_31_409621/hyperparams.txt
[10:57:02] INFO     Rank: 0 - Contrastive loss is                 callback.py:66
                    0.6346950948238372, nll_loss is                             
                    1.3487268149852754                                          
[10:57:04] INFO     Rank: 0 - Epoch:2/40, Batch:35,     progress_callback.py:218
                    loss:2.199092, finished 6.05%.                              
[10:57:09] INFO     Rank: 0 - Epoch:2/40, Batch:36,     progress_callback.py:218
                    loss:1.173915, finished 6.08%.                              
[10:57:13] INFO     Rank: 0 - Epoch:2/40, Batch:37,     progress_callback.py:218
                    loss:2.716716, finished 6.11%.                              
[10:57:18] INFO     Rank: 0 - Epoch:2/40, Batch:38,     progress_callback.py:218
                    loss:1.80804, finished 6.14%.                               
[10:57:22] INFO     Rank: 0 - Epoch:2/40, Batch:39,     progress_callback.py:218
                    loss:1.981457, finished 6.17%.                              
[10:57:27] INFO     Rank: 0 - Epoch:2/40, Batch:40,     progress_callback.py:218
                    loss:2.088348, finished 6.2%.                               
[10:57:31] INFO     Rank: 0 - Epoch:2/40, Batch:41,     progress_callback.py:218
                    loss:1.31021, finished 6.23%.                               
[10:57:35] INFO     Rank: 0 - Epoch:2/40, Batch:42,     progress_callback.py:218
                    loss:2.074196, finished 6.27%.                              
[10:57:40] INFO     Rank: 0 - Epoch:2/40, Batch:43,     progress_callback.py:218
                    loss:2.399759, finished 6.3%.                               
[10:57:43] INFO     Rank: 0 - Epoch:2/40, Batch:44,     progress_callback.py:218
                    loss:1.40163, finished 6.33%.                               
[10:57:46] INFO     Rank: 0 - Contrastive loss is                 callback.py:66
                    0.6716288447380065, nll_loss is                             
                    1.1896753668785096                                          
           INFO     Rank: 0 - Epoch:2/40, Batch:45,     progress_callback.py:218
                    loss:1.65877, finished 6.36%.                               
[10:57:50] INFO     Rank: 0 - Epoch:2/40, Batch:46,     progress_callback.py:218
                    loss:2.128212, finished 6.39%.                              
[10:57:54] INFO     Rank: 0 - Epoch:2/40, Batch:47,     progress_callback.py:218
                    loss:1.958581, finished 6.42%.                              
[10:57:59] INFO     Rank: 0 - Epoch:2/40, Batch:48,     progress_callback.py:218
                    loss:1.78683, finished 6.45%.                               
[10:58:03] INFO     Rank: 0 - Epoch:2/40, Batch:49,     progress_callback.py:218
                    loss:2.412701, finished 6.48%.                              
[10:58:07] INFO     Rank: 0 - Epoch:2/40, Batch:50,     progress_callback.py:218
                    loss:1.903826, finished 6.51%.                              
[10:58:11] INFO     Rank: 0 - Epoch:2/40, Batch:51,     progress_callback.py:218
                    loss:1.713251, finished 6.54%.                              
[10:58:15] INFO     Rank: 0 - Epoch:2/40, Batch:52,     progress_callback.py:218
                    loss:1.675924, finished 6.57%.                              
[10:58:20] INFO     Rank: 0 - Epoch:2/40, Batch:53,     progress_callback.py:218
                    loss:2.170771, finished 6.6%.                               
[10:58:24] INFO     Rank: 0 - Epoch:2/40, Batch:54,     progress_callback.py:218
                    loss:2.233955, finished 6.63%.                              
[10:58:27] INFO     Rank: 0 - Contrastive loss is                 callback.py:66
                    0.7140308946371079, nll_loss is                             
                    1.31215298473835                                            
[10:58:29] INFO     Rank: 0 - Epoch:2/40, Batch:55,     progress_callback.py:218
                    loss:2.277788, finished 6.66%.                              
[10:58:34] INFO     Rank: 0 - Epoch:2/40, Batch:56,     progress_callback.py:218
                    loss:1.864936, finished 6.69%.                              
[10:58:39] INFO     Rank: 0 - Epoch:2/40, Batch:57,     progress_callback.py:218
                    loss:1.677417, finished 6.72%.                              
[10:58:44] INFO     Rank: 0 - Epoch:2/40, Batch:58,     progress_callback.py:218
                    loss:1.145815, finished 6.75%.                              
[10:58:48] INFO     Rank: 0 - Epoch:2/40, Batch:59,     progress_callback.py:218
                    loss:1.148569, finished 6.78%.                              
[10:58:53] INFO     Rank: 0 - Epoch:2/40, Batch:60,     progress_callback.py:218
                    loss:1.341975, finished 6.81%.                              
[10:58:57] INFO     Rank: 0 - Epoch:2/40, Batch:61,     progress_callback.py:218
                    loss:2.175936, finished 6.84%.                              
[10:59:01] INFO     Rank: 0 - Epoch:2/40, Batch:62,     progress_callback.py:218
                    loss:1.672287, finished 6.87%.                              
[10:59:05] INFO     Rank: 0 - Epoch:2/40, Batch:63,     progress_callback.py:218
                    loss:1.520807, finished 6.9%.                               
[10:59:08] INFO     Rank: 0 - Epoch:2/40, Batch:64,     progress_callback.py:218
                    loss:1.956198, finished 6.93%.                              
[10:59:11] INFO     Rank: 0 - Contrastive loss is                 callback.py:66
                    0.6537053316831589, nll_loss is                             
                    0.9350263983011246                                          
[10:59:13] INFO     Rank: 0 - Epoch:2/40, Batch:65,     progress_callback.py:218
                    loss:1.383378, finished 6.96%.                              
[10:59:16] INFO     Rank: 0 - Epoch:2/40, Batch:66,     progress_callback.py:218
                    loss:1.888795, finished 6.99%.                              
[10:59:20] INFO     Rank: 0 - Epoch:2/40, Batch:67,     progress_callback.py:218
                    loss:2.160124, finished 7.02%.                              
[10:59:24] INFO     Rank: 0 - Epoch:2/40, Batch:68,     progress_callback.py:218
                    loss:1.570051, finished 7.05%.                              
[10:59:29] INFO     Rank: 0 - Epoch:2/40, Batch:69,     progress_callback.py:218
                    loss:2.172693, finished 7.08%.                              
[10:59:33] INFO     Rank: 0 - Epoch:2/40, Batch:70,     progress_callback.py:218
                    loss:2.351482, finished 7.11%.                              
[10:59:38] INFO     Rank: 0 - Epoch:2/40, Batch:71,     progress_callback.py:218
                    loss:2.315122, finished 7.14%.                              
[10:59:44] INFO     Rank: 0 - Epoch:2/40, Batch:72,     progress_callback.py:218
                    loss:1.348716, finished 7.17%.                              
[10:59:48] INFO     Rank: 0 - Epoch:2/40, Batch:73,     progress_callback.py:218
                    loss:2.120245, finished 7.2%.                               
[10:59:53] INFO     Rank: 0 - Epoch:2/40, Batch:74,     progress_callback.py:218
                    loss:1.72636, finished 7.23%.                               
           INFO     Rank: 0 -                                   evaluator.py:317
                    **********Evaluation starts**********                       
[11:00:06] INFO     Rank: 0 - **********Evaluation              evaluator.py:349
                    ends**********                                              
                                                                                
           INFO     Rank: 0 - ----------Eval. results   progress_callback.py:233
                    on Epoch:2, Batch:74----------                              
           INFO     Rank: 0 -                           progress_callback.py:238
                    {"torch_ngram#ngram-overlap":                               
                    0.4375934898853302}                                         
[11:00:12] INFO     Rank: 0 - Contrastive loss is                 callback.py:66
                    0.6731442123651504, nll_loss is                             
                    1.2658330291509627                                          
           INFO     Rank: 0 - Epoch:2/40, Batch:75,     progress_callback.py:218
                    loss:1.736184, finished 7.26%.                              
[11:00:16] INFO     Rank: 0 - Epoch:2/40, Batch:76,     progress_callback.py:218
                    loss:2.127918, finished 7.29%.                              
[11:00:21] INFO     Rank: 0 - Epoch:2/40, Batch:77,     progress_callback.py:218
                    loss:1.174016, finished 7.32%.                              
[11:00:25] INFO     Rank: 0 - Epoch:2/40, Batch:78,     progress_callback.py:218
                    loss:2.168221, finished 7.35%.                              
[11:00:30] INFO     Rank: 0 - Epoch:2/40, Batch:79,     progress_callback.py:218
                    loss:1.611219, finished 7.38%.                              
[11:00:35] INFO     Rank: 0 - Epoch:2/40, Batch:80,     progress_callback.py:218
                    loss:1.960172, finished 7.41%.                              
[11:00:41] INFO     Rank: 0 - Epoch:2/40, Batch:81,     progress_callback.py:218
                    loss:2.129769, finished 7.44%.                              
[11:00:45] INFO     Rank: 0 - Epoch:2/40, Batch:82,     progress_callback.py:218
                    loss:1.541022, finished 7.47%.                              
[11:00:47] INFO     Rank: 0 - Epoch:2/40, Batch:83,     progress_callback.py:218
                    loss:1.074099, finished 7.5%.                               
           INFO     Rank: 0 -                           progress_callback.py:204
                    **********Epoch:3 starts**********                          
[11:00:52] INFO     Rank: 0 - Epoch:3/40, Batch:1,      progress_callback.py:218
                    loss:2.174091, finished 7.53%.                              
[11:00:55] INFO     Rank: 0 - Contrastive loss is                 callback.py:66
                    0.6507350683212281, nll_loss is                             
                    1.1346435070037841                                          
           INFO     Rank: 0 - Epoch:3/40, Batch:2,      progress_callback.py:218
                    loss:1.893259, finished 7.56%.                              
[11:00:59] INFO     Rank: 0 - Epoch:3/40, Batch:3,      progress_callback.py:218
                    loss:2.07793, finished 7.59%.                               
[11:01:05] INFO     Rank: 0 - Epoch:3/40, Batch:4,      progress_callback.py:218
                    loss:1.541201, finished 7.62%.                              
[11:01:09] INFO     Rank: 0 - Epoch:3/40, Batch:5,      progress_callback.py:218
                    loss:1.593111, finished 7.65%.                              
[11:01:13] INFO     Rank: 0 - Epoch:3/40, Batch:6,      progress_callback.py:218
                    loss:1.814023, finished 7.68%.                              
[11:01:17] INFO     Rank: 0 - Epoch:3/40, Batch:7,      progress_callback.py:218
                    loss:2.623064, finished 7.71%.                              
[11:01:22] INFO     Rank: 0 - Epoch:3/40, Batch:8,      progress_callback.py:218
                    loss:2.129363, finished 7.74%.                              
[11:01:26] INFO     Rank: 0 - Epoch:3/40, Batch:9,      progress_callback.py:218
                    loss:1.568874, finished 7.77%.                              
[11:01:31] INFO     Rank: 0 - Epoch:3/40, Batch:10,     progress_callback.py:218
                    loss:2.191898, finished 7.8%.                               
[11:01:35] INFO     Rank: 0 - Epoch:3/40, Batch:11,     progress_callback.py:218
                    loss:2.075819, finished 7.83%.                              
[11:01:38] INFO     Rank: 0 - Contrastive loss is                 callback.py:66
                    0.6744614243507385, nll_loss is                             
                    1.273228693008423                                           
           INFO     Rank: 0 - Epoch:3/40, Batch:12,     progress_callback.py:218
                    loss:1.861618, finished 7.86%.                              
[11:01:42] INFO     Rank: 0 - Epoch:3/40, Batch:13,     progress_callback.py:218
                    loss:2.203798, finished 7.89%.                              
[11:01:45] INFO     Rank: 0 - Epoch:3/40, Batch:14,     progress_callback.py:218
                    loss:1.842033, finished 7.92%.                              
[11:01:50] INFO     Rank: 0 - Epoch:3/40, Batch:15,     progress_callback.py:218
                    loss:2.064829, finished 7.95%.                              
[11:01:55] INFO     Rank: 0 - Epoch:3/40, Batch:16,     progress_callback.py:218
                    loss:1.999872, finished 7.98%.                              
[11:01:58] INFO     Rank: 0 - Epoch:3/40, Batch:17,     progress_callback.py:218
                    loss:1.877375, finished 8.01%.                              
[11:02:02] INFO     Rank: 0 - Epoch:3/40, Batch:18,     progress_callback.py:218
                    loss:1.739313, finished 8.04%.                              
[11:02:06] INFO     Rank: 0 - Epoch:3/40, Batch:19,     progress_callback.py:218
                    loss:1.841235, finished 8.07%.                              
[11:02:11] INFO     Rank: 0 - Epoch:3/40, Batch:20,     progress_callback.py:218
                    loss:1.484298, finished 8.1%.                               
[11:02:15] INFO     Rank: 0 - Epoch:3/40, Batch:21,     progress_callback.py:218
                    loss:1.198624, finished 8.13%.                              
[11:02:18] INFO     Rank: 0 - Contrastive loss is                 callback.py:66
                    0.6526351749897004, nll_loss is                             
                    1.1403584420680999                                          
[11:02:20] INFO     Rank: 0 - Epoch:3/40, Batch:22,     progress_callback.py:218
                    loss:1.678558, finished 8.16%.                              
[11:02:24] INFO     Rank: 0 - Epoch:3/40, Batch:23,     progress_callback.py:218
                    loss:1.768141, finished 8.19%.                              
[11:02:29] INFO     Rank: 0 - Epoch:3/40, Batch:24,     progress_callback.py:218
                    loss:2.480842, finished 8.22%.                              
[11:02:33] INFO     Rank: 0 - Epoch:3/40, Batch:25,     progress_callback.py:218
                    loss:1.74707, finished 8.25%.                               
[11:02:37] INFO     Rank: 0 - Epoch:3/40, Batch:26,     progress_callback.py:218
                    loss:1.403155, finished 8.28%.                              
[11:02:42] INFO     Rank: 0 - Epoch:3/40, Batch:27,     progress_callback.py:218
                    loss:1.465529, finished 8.31%.                              
[11:02:46] INFO     Rank: 0 - Epoch:3/40, Batch:28,     progress_callback.py:218
                    loss:2.230597, finished 8.34%.                              
[11:02:51] INFO     Rank: 0 - Epoch:3/40, Batch:29,     progress_callback.py:218
                    loss:2.041196, finished 8.37%.                              
[11:02:58] INFO     Rank: 0 - Epoch:3/40, Batch:30,     progress_callback.py:218
                    loss:2.599395, finished 8.4%.                               
[11:03:03] INFO     Rank: 0 - Epoch:3/40, Batch:31,     progress_callback.py:218
                    loss:2.054587, finished 8.43%.                              
           INFO     Rank: 0 -                                   evaluator.py:317
                    **********Evaluation starts**********                       
[11:03:17] INFO     Rank: 0 - **********Evaluation              evaluator.py:349
                    ends**********                                              
                                                                                
           INFO     Rank: 0 - ----------Eval. results   progress_callback.py:233
                    on Epoch:3, Batch:31----------                              
           INFO     Rank: 0 -                           progress_callback.py:238
                    {"torch_ngram#ngram-overlap":                               
                    0.43648093938827515}                                        
[11:03:20] INFO     Rank: 0 - Contrastive loss is                 callback.py:66
                    0.6605585783720016, nll_loss is                             
                    1.265384891629219                                           
[11:03:21] INFO     Rank: 0 - Epoch:3/40, Batch:32,     progress_callback.py:218
                    loss:1.468921, finished 8.46%.                              
[11:03:27] INFO     Rank: 0 - Epoch:3/40, Batch:33,     progress_callback.py:218
                    loss:1.763248, finished 8.49%.                              
[11:03:31] INFO     Rank: 0 - Epoch:3/40, Batch:34,     progress_callback.py:218
                    loss:2.270398, finished 8.52%.                              
[11:03:35] INFO     Rank: 0 - Epoch:3/40, Batch:35,     progress_callback.py:218
                    loss:2.206214, finished 8.55%.                              
[11:03:39] INFO     Rank: 0 - Epoch:3/40, Batch:36,     progress_callback.py:218
                    loss:2.052488, finished 8.58%.                              
[11:03:43] INFO     Rank: 0 - Epoch:3/40, Batch:37,     progress_callback.py:218
                    loss:1.986989, finished 8.61%.                              
[11:03:47] INFO     Rank: 0 - Epoch:3/40, Batch:38,     progress_callback.py:218
                    loss:1.486838, finished 8.64%.                              
[11:03:52] INFO     Rank: 0 - Epoch:3/40, Batch:39,     progress_callback.py:218
                    loss:2.633835, finished 8.67%.                              
[11:03:56] INFO     Rank: 0 - Epoch:3/40, Batch:40,     progress_callback.py:218
                    loss:1.689753, finished 8.7%.                               
[11:04:01] INFO     Rank: 0 - Epoch:3/40, Batch:41,     progress_callback.py:218
                    loss:2.473384, finished 8.73%.                              
[11:04:05] INFO     Rank: 0 - Contrastive loss is                 callback.py:66
                    0.7303514122962952, nll_loss is                             
                    1.266586995124817                                           
[11:04:06] INFO     Rank: 0 - Epoch:3/40, Batch:42,     progress_callback.py:218
                    loss:1.406238, finished 8.77%.                              
[11:04:11] INFO     Rank: 0 - Epoch:3/40, Batch:43,     progress_callback.py:218
                    loss:1.494736, finished 8.8%.                               
[11:04:16] INFO     Rank: 0 - Epoch:3/40, Batch:44,     progress_callback.py:218
                    loss:2.145539, finished 8.83%.                              
[11:04:20] INFO     Rank: 0 - Epoch:3/40, Batch:45,     progress_callback.py:218
                    loss:2.038014, finished 8.86%.                              
[11:04:25] INFO     Rank: 0 - Epoch:3/40, Batch:46,     progress_callback.py:218
                    loss:1.528495, finished 8.89%.                              
[11:04:30] INFO     Rank: 0 - Epoch:3/40, Batch:47,     progress_callback.py:218
                    loss:1.148271, finished 8.92%.                              
[11:04:33] INFO     Rank: 0 - Epoch:3/40, Batch:48,     progress_callback.py:218
                    loss:2.274788, finished 8.95%.                              
[11:04:37] INFO     Rank: 0 - Epoch:3/40, Batch:49,     progress_callback.py:218
                    loss:1.7077, finished 8.98%.                                
[11:04:41] INFO     Rank: 0 - Epoch:3/40, Batch:50,     progress_callback.py:218
                    loss:1.800117, finished 9.01%.                              
[11:04:45] INFO     Rank: 0 - Epoch:3/40, Batch:51,     progress_callback.py:218
                    loss:2.592353, finished 9.04%.                              
[11:04:50] INFO     Rank: 0 - Contrastive loss is                 callback.py:66
                    0.7130448281764984, nll_loss is                             
                    1.1539831697940826                                          
[11:04:51] INFO     Rank: 0 - Epoch:3/40, Batch:52,     progress_callback.py:218
                    loss:1.940267, finished 9.07%.                              
[11:04:55] INFO     Rank: 0 - Epoch:3/40, Batch:53,     progress_callback.py:218
                    loss:1.378261, finished 9.1%.                               
[11:05:00] INFO     Rank: 0 - Epoch:3/40, Batch:54,     progress_callback.py:218
                    loss:1.689582, finished 9.13%.                              
[11:05:03] INFO     Rank: 0 - Epoch:3/40, Batch:55,     progress_callback.py:218
                    loss:1.447183, finished 9.16%.                              
[11:05:06] INFO     Rank: 0 - Epoch:3/40, Batch:56,     progress_callback.py:218
                    loss:2.658046, finished 9.19%.                              
[11:05:10] INFO     Rank: 0 - Epoch:3/40, Batch:57,     progress_callback.py:218
                    loss:2.02964, finished 9.22%.                               
[11:05:13] INFO     Rank: 0 - Epoch:3/40, Batch:58,     progress_callback.py:218
                    loss:1.753863, finished 9.25%.                              
[11:05:17] INFO     Rank: 0 - Epoch:3/40, Batch:59,     progress_callback.py:218
                    loss:2.075961, finished 9.28%.                              
[11:05:20] INFO     Rank: 0 - Epoch:3/40, Batch:60,     progress_callback.py:218
                    loss:2.485446, finished 9.31%.                              
[11:05:24] INFO     Rank: 0 - Epoch:3/40, Batch:61,     progress_callback.py:218
                    loss:2.062619, finished 9.34%.                              
[11:05:29] INFO     Rank: 0 - Contrastive loss is                 callback.py:66
                    0.7128991276025772, nll_loss is                             
                    1.2342781156301499                                          
           INFO     Rank: 0 - Epoch:3/40, Batch:62,     progress_callback.py:218
                    loss:1.891171, finished 9.37%.                              
[11:05:33] INFO     Rank: 0 - Epoch:3/40, Batch:63,     progress_callback.py:218
                    loss:1.594346, finished 9.4%.                               
[11:05:37] INFO     Rank: 0 - Epoch:3/40, Batch:64,     progress_callback.py:218
                    loss:1.540252, finished 9.43%.                              
[11:05:41] INFO     Rank: 0 - Epoch:3/40, Batch:65,     progress_callback.py:218
                    loss:2.307029, finished 9.46%.                              
[11:05:45] INFO     Rank: 0 - Epoch:3/40, Batch:66,     progress_callback.py:218
                    loss:1.447695, finished 9.49%.                              
[11:05:49] INFO     Rank: 0 - Epoch:3/40, Batch:67,     progress_callback.py:218
                    loss:1.227338, finished 9.52%.                              
[11:05:53] INFO     Rank: 0 - Epoch:3/40, Batch:68,     progress_callback.py:218
                    loss:1.002939, finished 9.55%.                              
[11:05:57] INFO     Rank: 0 - Epoch:3/40, Batch:69,     progress_callback.py:218
                    loss:1.226939, finished 9.58%.                              
[11:06:01] INFO     Rank: 0 - Epoch:3/40, Batch:70,     progress_callback.py:218
                    loss:1.676502, finished 9.61%.                              
[11:06:04] INFO     Rank: 0 - Epoch:3/40, Batch:71,     progress_callback.py:218
                    loss:1.651867, finished 9.64%.                              
           INFO     Rank: 0 -                                   evaluator.py:317
                    **********Evaluation starts**********                       
[11:06:17] INFO     Rank: 0 - **********Evaluation              evaluator.py:349
                    ends**********                                              
                                                                                
           INFO     Rank: 0 - ----------Eval. results   progress_callback.py:233
                    on Epoch:3, Batch:71----------                              
           INFO     Rank: 0 -                           progress_callback.py:238
                    {"torch_ngram#ngram-overlap":                               
                    0.4383701980113983}                                         
[11:06:20] INFO     Rank: 0 - Contrastive loss is                 callback.py:66
                    0.6432148277759552, nll_loss is                             
                    0.8778668344020844                                          
[11:06:22] INFO     Rank: 0 - Epoch:3/40, Batch:72,     progress_callback.py:218
                    loss:1.53591, finished 9.67%.                               
[11:06:27] INFO     Rank: 0 - Epoch:3/40, Batch:73,     progress_callback.py:218
                    loss:1.978286, finished 9.7%.                               
[11:06:31] INFO     Rank: 0 - Epoch:3/40, Batch:74,     progress_callback.py:218
                    loss:1.411683, finished 9.73%.                              
[11:06:36] INFO     Rank: 0 - Epoch:3/40, Batch:75,     progress_callback.py:218
                    loss:2.408113, finished 9.76%.                              
[11:06:40] INFO     Rank: 0 - Epoch:3/40, Batch:76,     progress_callback.py:218
                    loss:1.468391, finished 9.79%.                              
[11:06:44] INFO     Rank: 0 - Epoch:3/40, Batch:77,     progress_callback.py:218
                    loss:1.376963, finished 9.82%.                              
[11:06:47] INFO     Rank: 0 - Epoch:3/40, Batch:78,     progress_callback.py:218
                    loss:1.058734, finished 9.85%.                              
[11:06:52] INFO     Rank: 0 - Epoch:3/40, Batch:79,     progress_callback.py:218
                    loss:0.780857, finished 9.88%.                              
[11:06:56] INFO     Rank: 0 - Epoch:3/40, Batch:80,     progress_callback.py:218
                    loss:1.398788, finished 9.91%.                              
[11:07:01] INFO     Rank: 0 - Epoch:3/40, Batch:81,     progress_callback.py:218
                    loss:1.768999, finished 9.94%.                              
[11:07:04] INFO     Rank: 0 - Contrastive loss is                 callback.py:66
                    0.5390707671642303, nll_loss is                             
                    0.9808707058429718                                          
[11:07:05] INFO     Rank: 0 - Epoch:3/40, Batch:82,     progress_callback.py:218
                    loss:1.548601, finished 9.97%.                              
[11:07:07] INFO     Rank: 0 - Epoch:3/40, Batch:83,     progress_callback.py:218
                    loss:2.276624, finished 10.0%.                              
           INFO     Rank: 0 -                           progress_callback.py:204
                    **********Epoch:4 starts**********                          
[11:07:11] INFO     Rank: 0 - Epoch:4/40, Batch:1,      progress_callback.py:218
                    loss:2.107325, finished 10.03%.                             
[11:07:15] INFO     Rank: 0 - Epoch:4/40, Batch:2,      progress_callback.py:218
                    loss:1.814152, finished 10.06%.                             
[11:07:19] INFO     Rank: 0 - Epoch:4/40, Batch:3,      progress_callback.py:218
                    loss:1.258352, finished 10.09%.                             
[11:07:23] INFO     Rank: 0 - Epoch:4/40, Batch:4,      progress_callback.py:218
                    loss:2.286785, finished 10.12%.                             
[11:07:27] INFO     Rank: 0 - Epoch:4/40, Batch:5,      progress_callback.py:218
                    loss:1.691442, finished 10.15%.                             
[11:07:31] INFO     Rank: 0 - Epoch:4/40, Batch:6,      progress_callback.py:218
                    loss:2.163715, finished 10.18%.                             
[11:07:34] INFO     Rank: 0 - Epoch:4/40, Batch:7,      progress_callback.py:218
                    loss:1.650193, finished 10.21%.                             
[11:07:38] INFO     Rank: 0 - Epoch:4/40, Batch:8,      progress_callback.py:218
                    loss:1.609598, finished 10.24%.                             
[11:07:41] INFO     Rank: 0 - Contrastive loss is                 callback.py:66
                    0.6596322298049927, nll_loss is                             
                    1.2532216906547546                                          
[11:07:42] INFO     Rank: 0 - Epoch:4/40, Batch:9,      progress_callback.py:218
                    loss:2.270351, finished 10.27%.                             
[11:07:47] INFO     Rank: 0 - Epoch:4/40, Batch:10,     progress_callback.py:218
                    loss:2.541606, finished 10.3%.                              
[11:07:51] INFO     Rank: 0 - Epoch:4/40, Batch:11,     progress_callback.py:218
                    loss:1.617655, finished 10.33%.                             
[11:07:55] INFO     Rank: 0 - Epoch:4/40, Batch:12,     progress_callback.py:218
                    loss:1.942695, finished 10.36%.                             
[11:07:59] INFO     Rank: 0 - Epoch:4/40, Batch:13,     progress_callback.py:218
                    loss:1.931107, finished 10.39%.                             
[11:08:06] INFO     Rank: 0 - Epoch:4/40, Batch:14,     progress_callback.py:218
                    loss:1.921919, finished 10.42%.                             
[11:08:10] INFO     Rank: 0 - Epoch:4/40, Batch:15,     progress_callback.py:218
                    loss:1.807581, finished 10.45%.                             
[11:08:13] INFO     Rank: 0 - Epoch:4/40, Batch:16,     progress_callback.py:218
                    loss:1.841184, finished 10.48%.                             
[11:08:17] INFO     Rank: 0 - Epoch:4/40, Batch:17,     progress_callback.py:218
                    loss:1.19443, finished 10.51%.                              
[11:08:21] INFO     Rank: 0 - Epoch:4/40, Batch:18,     progress_callback.py:218
                    loss:1.320171, finished 10.54%.                             
[11:08:24] INFO     Rank: 0 - Contrastive loss is                 callback.py:66
                    0.5994584858417511, nll_loss is                             
                    1.1819056689739227                                          
[11:08:25] INFO     Rank: 0 - Epoch:4/40, Batch:19,     progress_callback.py:218
                    loss:1.695294, finished 10.57%.                             
[11:08:29] INFO     Rank: 0 - Epoch:4/40, Batch:20,     progress_callback.py:218
                    loss:2.309088, finished 10.6%.                              
[11:08:32] INFO     Rank: 0 - Epoch:4/40, Batch:21,     progress_callback.py:218
                    loss:2.137942, finished 10.63%.                             
[11:08:36] INFO     Rank: 0 - Epoch:4/40, Batch:22,     progress_callback.py:218
                    loss:2.225243, finished 10.66%.                             
[11:08:41] INFO     Rank: 0 - Epoch:4/40, Batch:23,     progress_callback.py:218
                    loss:2.25678, finished 10.69%.                              
[11:08:46] INFO     Rank: 0 - Epoch:4/40, Batch:24,     progress_callback.py:218
                    loss:1.753953, finished 10.72%.                             
[11:08:50] INFO     Rank: 0 - Epoch:4/40, Batch:25,     progress_callback.py:218
                    loss:1.695097, finished 10.75%.                             
[11:08:54] INFO     Rank: 0 - Epoch:4/40, Batch:26,     progress_callback.py:218
                    loss:1.529574, finished 10.78%.                             
[11:08:57] INFO     Rank: 0 - Epoch:4/40, Batch:27,     progress_callback.py:218
                    loss:1.737241, finished 10.81%.                             
[11:09:01] INFO     Rank: 0 - Epoch:4/40, Batch:28,     progress_callback.py:218
                    loss:2.068576, finished 10.84%.                             
           INFO     Rank: 0 -                                   evaluator.py:317
                    **********Evaluation starts**********                       
[11:09:14] INFO     Rank: 0 - **********Evaluation              evaluator.py:349
                    ends**********                                              
                                                                                
           INFO     Rank: 0 - ----------Eval. results   progress_callback.py:233
                    on Epoch:4, Batch:28----------                              
           INFO     Rank: 0 -                           progress_callback.py:238
                    {"torch_ngram#ngram-overlap":                               
                    0.44142743945121765}                                        
 ============= save model at results/2023-03-26-10_39_31_409621/epoch-4_step-360.pt ============= 
save hyperparams in  results/2023-03-26-10_39_31_409621/hyperparams.txt
[11:09:19] INFO     Rank: 0 - Contrastive loss is                 callback.py:66
                    0.7361980378627777, nll_loss is                             
                    1.249249655008316                                           
           INFO     Rank: 0 - Epoch:4/40, Batch:29,     progress_callback.py:218
                    loss:2.140982, finished 10.87%.                             
[11:09:24] INFO     Rank: 0 - Epoch:4/40, Batch:30,     progress_callback.py:218
                    loss:1.721289, finished 10.9%.                              
[11:09:28] INFO     Rank: 0 - Epoch:4/40, Batch:31,     progress_callback.py:218
                    loss:1.716137, finished 10.93%.                             
[11:09:32] INFO     Rank: 0 - Epoch:4/40, Batch:32,     progress_callback.py:218
                    loss:1.210276, finished 10.96%.                             
[11:09:36] INFO     Rank: 0 - Epoch:4/40, Batch:33,     progress_callback.py:218
                    loss:1.985745, finished 10.99%.                             
[11:09:40] INFO     Rank: 0 - Epoch:4/40, Batch:34,     progress_callback.py:218
                    loss:1.878266, finished 11.02%.                             
[11:09:44] INFO     Rank: 0 - Epoch:4/40, Batch:35,     progress_callback.py:218
                    loss:1.875085, finished 11.05%.                             
[11:09:48] INFO     Rank: 0 - Epoch:4/40, Batch:36,     progress_callback.py:218
                    loss:2.442637, finished 11.08%.                             
[11:09:53] INFO     Rank: 0 - Epoch:4/40, Batch:37,     progress_callback.py:218
                    loss:0.938411, finished 11.11%.                             
[11:09:56] INFO     Rank: 0 - Epoch:4/40, Batch:38,     progress_callback.py:218
                    loss:1.866202, finished 11.14%.                             
[11:09:59] INFO     Rank: 0 - Contrastive loss is                 callback.py:66
                    0.6295707762241364, nll_loss is                             
                    1.1138939201831817                                          
[11:10:00] INFO     Rank: 0 - Epoch:4/40, Batch:39,     progress_callback.py:218
                    loss:1.800598, finished 11.17%.                             
[11:10:04] INFO     Rank: 0 - Epoch:4/40, Batch:40,     progress_callback.py:218
                    loss:1.257386, finished 11.2%.                              
[11:10:08] INFO     Rank: 0 - Epoch:4/40, Batch:41,     progress_callback.py:218
                    loss:1.451455, finished 11.23%.                             
[11:10:11] INFO     Rank: 0 - Epoch:4/40, Batch:42,     progress_callback.py:218
                    loss:2.02421, finished 11.27%.                              
[11:10:15] INFO     Rank: 0 - Epoch:4/40, Batch:43,     progress_callback.py:218
                    loss:2.126268, finished 11.3%.                              
[11:10:19] INFO     Rank: 0 - Epoch:4/40, Batch:44,     progress_callback.py:218
                    loss:2.055066, finished 11.33%.                             
[11:10:24] INFO     Rank: 0 - Epoch:4/40, Batch:45,     progress_callback.py:218
                    loss:1.831241, finished 11.36%.                             
[11:10:28] INFO     Rank: 0 - Epoch:4/40, Batch:46,     progress_callback.py:218
                    loss:2.3674, finished 11.39%.                               
[11:10:32] INFO     Rank: 0 - Epoch:4/40, Batch:47,     progress_callback.py:218
                    loss:1.301681, finished 11.42%.                             
[11:10:37] INFO     Rank: 0 - Epoch:4/40, Batch:48,     progress_callback.py:218
                    loss:1.938967, finished 11.45%.                             
[11:10:41] INFO     Rank: 0 - Contrastive loss is                 callback.py:66
                    0.666967111825943, nll_loss is                              
                    1.1249943315982818                                          
           INFO     Rank: 0 - Epoch:4/40, Batch:49,     progress_callback.py:218
                    loss:1.56594, finished 11.48%.                              
[11:10:45] INFO     Rank: 0 - Epoch:4/40, Batch:50,     progress_callback.py:218
                    loss:1.993201, finished 11.51%.                             
[11:10:49] INFO     Rank: 0 - Epoch:4/40, Batch:51,     progress_callback.py:218
                    loss:1.617601, finished 11.54%.                             
[11:10:53] INFO     Rank: 0 - Epoch:4/40, Batch:52,     progress_callback.py:218
                    loss:1.878626, finished 11.57%.                             
[11:10:57] INFO     Rank: 0 - Epoch:4/40, Batch:53,     progress_callback.py:218
                    loss:1.916538, finished 11.6%.                              
[11:11:01] INFO     Rank: 0 - Epoch:4/40, Batch:54,     progress_callback.py:218
                    loss:2.138624, finished 11.63%.                             
[11:11:06] INFO     Rank: 0 - Epoch:4/40, Batch:55,     progress_callback.py:218
                    loss:1.534221, finished 11.66%.                             
[11:11:09] INFO     Rank: 0 - Epoch:4/40, Batch:56,     progress_callback.py:218
                    loss:1.534007, finished 11.69%.                             
[11:11:13] INFO     Rank: 0 - Epoch:4/40, Batch:57,     progress_callback.py:218
                    loss:1.679747, finished 11.72%.                             
[11:11:18] INFO     Rank: 0 - Epoch:4/40, Batch:58,     progress_callback.py:218
                    loss:1.781359, finished 11.75%.                             
[11:11:21] INFO     Rank: 0 - Contrastive loss is                 callback.py:66
                    0.6774066627025604, nll_loss is                             
                    1.1661125719547272                                          
[11:11:22] INFO     Rank: 0 - Epoch:4/40, Batch:59,     progress_callback.py:218
                    loss:2.361268, finished 11.78%.                             
[11:11:26] INFO     Rank: 0 - Epoch:4/40, Batch:60,     progress_callback.py:218
                    loss:1.777637, finished 11.81%.                             
[11:11:30] INFO     Rank: 0 - Epoch:4/40, Batch:61,     progress_callback.py:218
                    loss:1.35369, finished 11.84%.                              
[11:11:34] INFO     Rank: 0 - Epoch:4/40, Batch:62,     progress_callback.py:218
                    loss:1.531194, finished 11.87%.                             
[11:11:38] INFO     Rank: 0 - Epoch:4/40, Batch:63,     progress_callback.py:218
                    loss:1.416466, finished 11.9%.                              
[11:11:42] INFO     Rank: 0 - Epoch:4/40, Batch:64,     progress_callback.py:218
                    loss:1.735177, finished 11.93%.                             
[11:11:46] INFO     Rank: 0 - Epoch:4/40, Batch:65,     progress_callback.py:218
                    loss:1.361636, finished 11.96%.                             
[11:11:50] INFO     Rank: 0 - Epoch:4/40, Batch:66,     progress_callback.py:218
                    loss:1.614476, finished 11.99%.                             
[11:11:54] INFO     Rank: 0 - Epoch:4/40, Batch:67,     progress_callback.py:218
                    loss:1.765869, finished 12.02%.                             
[11:11:58] INFO     Rank: 0 - Epoch:4/40, Batch:68,     progress_callback.py:218
                    loss:1.2802, finished 12.05%.                               
           INFO     Rank: 0 -                                   evaluator.py:317
                    **********Evaluation starts**********                       
[11:12:11] INFO     Rank: 0 - **********Evaluation              evaluator.py:349
                    ends**********                                              
                                                                                
           INFO     Rank: 0 - ----------Eval. results   progress_callback.py:233
                    on Epoch:4, Batch:68----------                              
           INFO     Rank: 0 -                           progress_callback.py:238
                    {"torch_ngram#ngram-overlap":                               
                    0.4402572214603424}                                         
[11:12:13] INFO     Rank: 0 - Contrastive loss is                 callback.py:66
                    0.5659576535224915, nll_loss is                             
                    1.0138466596603393                                          
[11:12:15] INFO     Rank: 0 - Epoch:4/40, Batch:69,     progress_callback.py:218
                    loss:1.961699, finished 12.08%.                             
[11:12:18] INFO     Rank: 0 - Epoch:4/40, Batch:70,     progress_callback.py:218
                    loss:1.468798, finished 12.11%.                             
[11:12:24] INFO     Rank: 0 - Epoch:4/40, Batch:71,     progress_callback.py:218
                    loss:1.241001, finished 12.14%.                             
[11:12:30] INFO     Rank: 0 - Epoch:4/40, Batch:72,     progress_callback.py:218
                    loss:1.518751, finished 12.17%.                             
[11:12:35] INFO     Rank: 0 - Epoch:4/40, Batch:73,     progress_callback.py:218
                    loss:1.56075, finished 12.2%.                               
[11:12:39] INFO     Rank: 0 - Epoch:4/40, Batch:74,     progress_callback.py:218
                    loss:1.578408, finished 12.23%.                             
[11:12:42] INFO     Rank: 0 - Epoch:4/40, Batch:75,     progress_callback.py:218
                    loss:2.15645, finished 12.26%.                              
[11:12:47] INFO     Rank: 0 - Epoch:4/40, Batch:76,     progress_callback.py:218
                    loss:1.938211, finished 12.29%.                             
[11:12:51] INFO     Rank: 0 - Epoch:4/40, Batch:77,     progress_callback.py:218
                    loss:1.959338, finished 12.32%.                             
[11:12:56] INFO     Rank: 0 - Epoch:4/40, Batch:78,     progress_callback.py:218
                    loss:1.542727, finished 12.35%.                             
[11:12:59] INFO     Rank: 0 - Contrastive loss is                 callback.py:66
                    0.6042600721120834, nll_loss is                             
                    1.074144533276558                                           
           INFO     Rank: 0 - Epoch:4/40, Batch:79,     progress_callback.py:218
                    loss:1.819612, finished 12.38%.                             
[11:13:03] INFO     Rank: 0 - Epoch:4/40, Batch:80,     progress_callback.py:218
                    loss:1.804222, finished 12.41%.                             
[11:13:09] INFO     Rank: 0 - Epoch:4/40, Batch:81,     progress_callback.py:218
                    loss:1.616642, finished 12.44%.                             
[11:13:12] INFO     Rank: 0 - Epoch:4/40, Batch:82,     progress_callback.py:218
                    loss:1.541389, finished 12.47%.                             
[11:13:15] INFO     Rank: 0 - Epoch:4/40, Batch:83,     progress_callback.py:218
                    loss:2.227183, finished 12.5%.                              
           INFO     Rank: 0 -                           progress_callback.py:204
                    **********Epoch:5 starts**********                          
[11:13:19] INFO     Rank: 0 - Epoch:5/40, Batch:1,      progress_callback.py:218
                    loss:2.10473, finished 12.53%.                              
[11:13:23] INFO     Rank: 0 - Epoch:5/40, Batch:2,      progress_callback.py:218
                    loss:1.364069, finished 12.56%.                             
[11:13:29] INFO     Rank: 0 - Epoch:5/40, Batch:3,      progress_callback.py:218
                    loss:1.382218, finished 12.59%.                             
[11:13:32] INFO     Rank: 0 - Epoch:5/40, Batch:4,      progress_callback.py:218
                    loss:1.268799, finished 12.62%.                             
[11:13:36] INFO     Rank: 0 - Epoch:5/40, Batch:5,      progress_callback.py:218
                    loss:1.857809, finished 12.65%.                             
[11:13:40] INFO     Rank: 0 - Contrastive loss is                 callback.py:66
                    0.6643429398536682, nll_loss is                             
                    0.9684295058250427                                          
           INFO     Rank: 0 - Epoch:5/40, Batch:6,      progress_callback.py:218
                    loss:1.160664, finished 12.68%.                             
[11:13:45] INFO     Rank: 0 - Epoch:5/40, Batch:7,      progress_callback.py:218
                    loss:1.688389, finished 12.71%.                             
[11:13:49] INFO     Rank: 0 - Epoch:5/40, Batch:8,      progress_callback.py:218
                    loss:1.701686, finished 12.74%.                             
[11:13:54] INFO     Rank: 0 - Epoch:5/40, Batch:9,      progress_callback.py:218
                    loss:1.721343, finished 12.77%.                             
[11:13:57] INFO     Rank: 0 - Epoch:5/40, Batch:10,     progress_callback.py:218
                    loss:2.306038, finished 12.8%.                              
[11:14:01] INFO     Rank: 0 - Epoch:5/40, Batch:11,     progress_callback.py:218
                    loss:1.764933, finished 12.83%.                             
[11:14:06] INFO     Rank: 0 - Epoch:5/40, Batch:12,     progress_callback.py:218
                    loss:1.66708, finished 12.86%.                              
[11:14:10] INFO     Rank: 0 - Epoch:5/40, Batch:13,     progress_callback.py:218
                    loss:1.521391, finished 12.89%.                             
[11:14:13] INFO     Rank: 0 - Epoch:5/40, Batch:14,     progress_callback.py:218
                    loss:1.561753, finished 12.92%.                             
[11:14:18] INFO     Rank: 0 - Epoch:5/40, Batch:15,     progress_callback.py:218
                    loss:1.710398, finished 12.95%.                             
[11:14:21] INFO     Rank: 0 - Contrastive loss is                 callback.py:66
                    0.6588508784770966, nll_loss is                             
                    1.1083363831043243                                          
           INFO     Rank: 0 - Epoch:5/40, Batch:16,     progress_callback.py:218
                    loss:2.028861, finished 12.98%.                             
[11:14:25] INFO     Rank: 0 - Epoch:5/40, Batch:17,     progress_callback.py:218
                    loss:1.85989, finished 13.01%.                              
[11:14:28] INFO     Rank: 0 - Epoch:5/40, Batch:18,     progress_callback.py:218
                    loss:1.589143, finished 13.04%.                             
[11:14:32] INFO     Rank: 0 - Epoch:5/40, Batch:19,     progress_callback.py:218
                    loss:1.431207, finished 13.07%.                             
[11:14:35] INFO     Rank: 0 - Epoch:5/40, Batch:20,     progress_callback.py:218
                    loss:1.878282, finished 13.1%.                              
[11:14:40] INFO     Rank: 0 - Epoch:5/40, Batch:21,     progress_callback.py:218
                    loss:1.745999, finished 13.13%.                             
[11:14:45] INFO     Rank: 0 - Epoch:5/40, Batch:22,     progress_callback.py:218
                    loss:1.775479, finished 13.16%.                             
[11:14:49] INFO     Rank: 0 - Epoch:5/40, Batch:23,     progress_callback.py:218
                    loss:1.818155, finished 13.19%.                             
[11:14:53] INFO     Rank: 0 - Epoch:5/40, Batch:24,     progress_callback.py:218
                    loss:1.666294, finished 13.22%.                             
[11:14:58] INFO     Rank: 0 - Epoch:5/40, Batch:25,     progress_callback.py:218
                    loss:1.841286, finished 13.25%.                             
           INFO     Rank: 0 -                                   evaluator.py:317
                    **********Evaluation starts**********                       
[11:15:12] INFO     Rank: 0 - **********Evaluation              evaluator.py:349
                    ends**********                                              
                                                                                
           INFO     Rank: 0 - ----------Eval. results   progress_callback.py:233
                    on Epoch:5, Batch:25----------                              
           INFO     Rank: 0 -                           progress_callback.py:238
                    {"torch_ngram#ngram-overlap":                               
                    0.44100573658943176}                                        
[11:15:15] INFO     Rank: 0 - Contrastive loss is                 callback.py:66
                    0.6199831604957581, nll_loss is                             
                    1.153017020225525                                           
[11:15:16] INFO     Rank: 0 - Epoch:5/40, Batch:26,     progress_callback.py:218
                    loss:2.124268, finished 13.28%.                             
[11:15:19] INFO     Rank: 0 - Epoch:5/40, Batch:27,     progress_callback.py:218
                    loss:1.506118, finished 13.31%.                             
[11:15:24] INFO     Rank: 0 - Epoch:5/40, Batch:28,     progress_callback.py:218
                    loss:1.901473, finished 13.34%.                             
[11:15:27] INFO     Rank: 0 - Epoch:5/40, Batch:29,     progress_callback.py:218
                    loss:1.826375, finished 13.37%.                             
[11:15:31] INFO     Rank: 0 - Epoch:5/40, Batch:30,     progress_callback.py:218
                    loss:2.348044, finished 13.4%.                              
[11:15:35] INFO     Rank: 0 - Epoch:5/40, Batch:31,     progress_callback.py:218
                    loss:1.842275, finished 13.43%.                             
[11:15:40] INFO     Rank: 0 - Epoch:5/40, Batch:32,     progress_callback.py:218
                    loss:1.087392, finished 13.46%.                             
[11:15:45] INFO     Rank: 0 - Epoch:5/40, Batch:33,     progress_callback.py:218
                    loss:1.437841, finished 13.49%.                             
[11:15:51] INFO     Rank: 0 - Epoch:5/40, Batch:34,     progress_callback.py:218
                    loss:2.154591, finished 13.52%.                             
[11:15:57] INFO     Rank: 0 - Epoch:5/40, Batch:35,     progress_callback.py:218
                    loss:1.508178, finished 13.55%.                             
[11:16:00] INFO     Rank: 0 - Contrastive loss is                 callback.py:66
                    0.6020293563604355, nll_loss is                             
                    1.0572216302156447                                          
           INFO     Rank: 0 - Epoch:5/40, Batch:36,     progress_callback.py:218
                    loss:0.980223, finished 13.58%.                             
[11:16:04] INFO     Rank: 0 - Epoch:5/40, Batch:37,     progress_callback.py:218
                    loss:1.459784, finished 13.61%.                             
[11:16:08] INFO     Rank: 0 - Epoch:5/40, Batch:38,     progress_callback.py:218
                    loss:1.612716, finished 13.64%.                             
[11:16:12] INFO     Rank: 0 - Epoch:5/40, Batch:39,     progress_callback.py:218
                    loss:1.471632, finished 13.67%.                             
[11:16:16] INFO     Rank: 0 - Epoch:5/40, Batch:40,     progress_callback.py:218
                    loss:1.950834, finished 13.7%.                              
[11:16:20] INFO     Rank: 0 - Epoch:5/40, Batch:41,     progress_callback.py:218
                    loss:1.678509, finished 13.73%.                             
[11:16:25] INFO     Rank: 0 - Epoch:5/40, Batch:42,     progress_callback.py:218
                    loss:1.165043, finished 13.77%.                             
[11:16:29] INFO     Rank: 0 - Epoch:5/40, Batch:43,     progress_callback.py:218
                    loss:1.887893, finished 13.8%.                              
[11:16:33] INFO     Rank: 0 - Epoch:5/40, Batch:44,     progress_callback.py:218
                    loss:0.94569, finished 13.83%.                              
[11:16:36] INFO     Rank: 0 - Epoch:5/40, Batch:45,     progress_callback.py:218
                    loss:1.921965, finished 13.86%.                             
[11:16:39] INFO     Rank: 0 - Contrastive loss is                 callback.py:66
                    0.5693115711212158, nll_loss is                             
                    1.014384490251541                                           
[11:16:41] INFO     Rank: 0 - Epoch:5/40, Batch:46,     progress_callback.py:218
                    loss:1.742893, finished 13.89%.                             
[11:16:47] INFO     Rank: 0 - Epoch:5/40, Batch:47,     progress_callback.py:218
                    loss:1.573361, finished 13.92%.                             
[11:16:51] INFO     Rank: 0 - Epoch:5/40, Batch:48,     progress_callback.py:218
                    loss:1.235264, finished 13.95%.                             
[11:16:56] INFO     Rank: 0 - Epoch:5/40, Batch:49,     progress_callback.py:218
                    loss:1.833656, finished 13.98%.                             
[11:17:00] INFO     Rank: 0 - Epoch:5/40, Batch:50,     progress_callback.py:218
                    loss:1.128114, finished 14.01%.                             
[11:17:04] INFO     Rank: 0 - Epoch:5/40, Batch:51,     progress_callback.py:218
                    loss:1.894845, finished 14.04%.                             
[11:17:09] INFO     Rank: 0 - Epoch:5/40, Batch:52,     progress_callback.py:218
                    loss:1.153409, finished 14.07%.                             
[11:17:13] INFO     Rank: 0 - Epoch:5/40, Batch:53,     progress_callback.py:218
                    loss:1.910815, finished 14.1%.                              
[11:17:16] INFO     Rank: 0 - Epoch:5/40, Batch:54,     progress_callback.py:218
                    loss:1.107638, finished 14.13%.                             
[11:17:20] INFO     Rank: 0 - Epoch:5/40, Batch:55,     progress_callback.py:218
                    loss:1.411913, finished 14.16%.                             
[11:17:24] INFO     Rank: 0 - Contrastive loss is                 callback.py:66
                    0.6269708067178726, nll_loss is                             
                    0.8437315076589584                                          
           INFO     Rank: 0 - Epoch:5/40, Batch:56,     progress_callback.py:218
                    loss:1.458008, finished 14.19%.                             
[11:17:30] INFO     Rank: 0 - Epoch:5/40, Batch:57,     progress_callback.py:218
                    loss:1.541551, finished 14.22%.                             
[11:17:34] INFO     Rank: 0 - Epoch:5/40, Batch:58,     progress_callback.py:218
                    loss:2.46364, finished 14.25%.                              
[11:17:38] INFO     Rank: 0 - Epoch:5/40, Batch:59,     progress_callback.py:218
                    loss:1.736949, finished 14.28%.                             
[11:17:41] INFO     Rank: 0 - Epoch:5/40, Batch:60,     progress_callback.py:218
                    loss:1.406191, finished 14.31%.                             
[11:17:45] INFO     Rank: 0 - Epoch:5/40, Batch:61,     progress_callback.py:218
                    loss:1.432235, finished 14.34%.                             
[11:17:50] INFO     Rank: 0 - Epoch:5/40, Batch:62,     progress_callback.py:218
                    loss:2.008284, finished 14.37%.                             
[11:17:54] INFO     Rank: 0 - Epoch:5/40, Batch:63,     progress_callback.py:218
                    loss:1.647131, finished 14.4%.                              
[11:17:59] INFO     Rank: 0 - Epoch:5/40, Batch:64,     progress_callback.py:218
                    loss:1.781708, finished 14.43%.                             
[11:18:03] INFO     Rank: 0 - Epoch:5/40, Batch:65,     progress_callback.py:218
                    loss:1.9583, finished 14.46%.                               
           INFO     Rank: 0 -                                   evaluator.py:317
                    **********Evaluation starts**********                       
[11:18:17] INFO     Rank: 0 - **********Evaluation              evaluator.py:349
                    ends**********                                              
                                                                                
           INFO     Rank: 0 - ----------Eval. results   progress_callback.py:233
                    on Epoch:5, Batch:65----------                              
           INFO     Rank: 0 -                           progress_callback.py:238
                    {"torch_ngram#ngram-overlap":                               
                    0.43925806879997253}                                        
[11:18:20] INFO     Rank: 0 - Contrastive loss is                 callback.py:66
                    0.6398753643035888, nll_loss is                             
                    1.1344033122062682                                          
[11:18:21] INFO     Rank: 0 - Epoch:5/40, Batch:66,     progress_callback.py:218
                    loss:1.766797, finished 14.49%.                             
[11:18:25] INFO     Rank: 0 - Epoch:5/40, Batch:67,     progress_callback.py:218
                    loss:1.555156, finished 14.52%.                             
[11:18:29] INFO     Rank: 0 - Epoch:5/40, Batch:68,     progress_callback.py:218
                    loss:1.310325, finished 14.55%.                             
[11:18:32] INFO     Rank: 0 - Epoch:5/40, Batch:69,     progress_callback.py:218
                    loss:1.953248, finished 14.58%.                             
[11:18:36] INFO     Rank: 0 - Epoch:5/40, Batch:70,     progress_callback.py:218
                    loss:1.750923, finished 14.61%.                             
[11:18:40] INFO     Rank: 0 - Epoch:5/40, Batch:71,     progress_callback.py:218
                    loss:1.664677, finished 14.64%.                             
[11:18:44] INFO     Rank: 0 - Epoch:5/40, Batch:72,     progress_callback.py:218
                    loss:0.916348, finished 14.67%.                             
[11:18:48] INFO     Rank: 0 - Epoch:5/40, Batch:73,     progress_callback.py:218
                    loss:1.67536, finished 14.7%.                               
[11:18:52] INFO     Rank: 0 - Epoch:5/40, Batch:74,     progress_callback.py:218
                    loss:1.12004, finished 14.73%.                              
[11:18:56] INFO     Rank: 0 - Epoch:5/40, Batch:75,     progress_callback.py:218
                    loss:1.341001, finished 14.76%.                             
[11:19:00] INFO     Rank: 0 - Contrastive loss is                 callback.py:66
                    0.5864584863185882, nll_loss is                             
                    0.8887183725833893                                          
           INFO     Rank: 0 - Epoch:5/40, Batch:76,     progress_callback.py:218
                    loss:1.464691, finished 14.79%.                             
[11:19:04] INFO     Rank: 0 - Epoch:5/40, Batch:77,     progress_callback.py:218
                    loss:1.384877, finished 14.82%.                             
[11:19:09] INFO     Rank: 0 - Epoch:5/40, Batch:78,     progress_callback.py:218
                    loss:1.840682, finished 14.85%.                             
[11:19:13] INFO     Rank: 0 - Epoch:5/40, Batch:79,     progress_callback.py:218
                    loss:1.938853, finished 14.88%.                             
[11:19:16] INFO     Rank: 0 - Epoch:5/40, Batch:80,     progress_callback.py:218
                    loss:2.124066, finished 14.91%.                             
[11:19:20] INFO     Rank: 0 - Epoch:5/40, Batch:81,     progress_callback.py:218
                    loss:1.194697, finished 14.94%.                             
[11:19:24] INFO     Rank: 0 - Epoch:5/40, Batch:82,     progress_callback.py:218
                    loss:2.165348, finished 14.97%.                             
[11:19:26] INFO     Rank: 0 - Epoch:5/40, Batch:83,     progress_callback.py:218
                    loss:1.501268, finished 15.0%.                              
           INFO     Rank: 0 -                           progress_callback.py:204
                    **********Epoch:6 starts**********                          
[11:19:31] INFO     Rank: 0 - Epoch:6/40, Batch:1,      progress_callback.py:218
                    loss:1.486357, finished 15.03%.                             
[11:19:34] INFO     Rank: 0 - Epoch:6/40, Batch:2,      progress_callback.py:218
                    loss:1.212801, finished 15.06%.                             
[11:19:37] INFO     Rank: 0 - Contrastive loss is                 callback.py:66
                    0.6198592036962509, nll_loss is                             
                    0.9537183314561843                                          
[11:19:38] INFO     Rank: 0 - Epoch:6/40, Batch:3,      progress_callback.py:218
                    loss:0.886827, finished 15.09%.                             
[11:19:43] INFO     Rank: 0 - Epoch:6/40, Batch:4,      progress_callback.py:218
                    loss:1.629875, finished 15.12%.                             
[11:19:47] INFO     Rank: 0 - Epoch:6/40, Batch:5,      progress_callback.py:218
                    loss:1.599761, finished 15.15%.                             
[11:19:51] INFO     Rank: 0 - Epoch:6/40, Batch:6,      progress_callback.py:218
                    loss:1.564068, finished 15.18%.                             
[11:19:55] INFO     Rank: 0 - Epoch:6/40, Batch:7,      progress_callback.py:218
                    loss:1.769552, finished 15.21%.                             
[11:20:00] INFO     Rank: 0 - Epoch:6/40, Batch:8,      progress_callback.py:218
                    loss:1.793521, finished 15.24%.                             
[11:20:04] INFO     Rank: 0 - Epoch:6/40, Batch:9,      progress_callback.py:218
                    loss:1.011749, finished 15.27%.                             
[11:20:09] INFO     Rank: 0 - Epoch:6/40, Batch:10,     progress_callback.py:218
                    loss:1.715521, finished 15.3%.                              
[11:20:12] INFO     Rank: 0 - Epoch:6/40, Batch:11,     progress_callback.py:218
                    loss:1.346197, finished 15.33%.                             
[11:20:16] INFO     Rank: 0 - Epoch:6/40, Batch:12,     progress_callback.py:218
                    loss:1.754808, finished 15.36%.                             
[11:20:19] INFO     Rank: 0 - Contrastive loss is                 callback.py:66
                    0.6052007973194122, nll_loss is                             
                    0.9745276272296906                                          
[11:20:20] INFO     Rank: 0 - Epoch:6/40, Batch:13,     progress_callback.py:218
                    loss:1.612233, finished 15.39%.                             
[11:20:25] INFO     Rank: 0 - Epoch:6/40, Batch:14,     progress_callback.py:218
                    loss:1.338562, finished 15.42%.                             
[11:20:30] INFO     Rank: 0 - Epoch:6/40, Batch:15,     progress_callback.py:218
                    loss:1.607825, finished 15.45%.                             
[11:20:34] INFO     Rank: 0 - Epoch:6/40, Batch:16,     progress_callback.py:218
                    loss:1.537516, finished 15.48%.                             
[11:20:40] INFO     Rank: 0 - Epoch:6/40, Batch:17,     progress_callback.py:218
                    loss:1.300252, finished 15.51%.                             
[11:20:44] INFO     Rank: 0 - Epoch:6/40, Batch:18,     progress_callback.py:218
                    loss:1.675845, finished 15.54%.                             
[11:20:47] INFO     Rank: 0 - Epoch:6/40, Batch:19,     progress_callback.py:218
                    loss:1.671405, finished 15.57%.                             
[11:20:51] INFO     Rank: 0 - Epoch:6/40, Batch:20,     progress_callback.py:218
                    loss:1.567405, finished 15.6%.                              
[11:20:56] INFO     Rank: 0 - Epoch:6/40, Batch:21,     progress_callback.py:218
                    loss:2.189829, finished 15.63%.                             
[11:21:00] INFO     Rank: 0 - Epoch:6/40, Batch:22,     progress_callback.py:218
                    loss:2.016348, finished 15.66%.                             
           INFO     Rank: 0 -                                   evaluator.py:317
                    **********Evaluation starts**********                       
[11:21:14] INFO     Rank: 0 - **********Evaluation              evaluator.py:349
                    ends**********                                              
                                                                                
           INFO     Rank: 0 - ----------Eval. results   progress_callback.py:233
                    on Epoch:6, Batch:22----------                              
           INFO     Rank: 0 -                           progress_callback.py:238
                    {"torch_ngram#ngram-overlap":                               
                    0.4434000849723816}                                         
 ============= save model at results/2023-03-26-10_39_31_409621/epoch-6_step-520.pt ============= 
save hyperparams in  results/2023-03-26-10_39_31_409621/hyperparams.txt
[11:21:19] INFO     Rank: 0 - Contrastive loss is                 callback.py:66
                    0.6144553422927856, nll_loss is                             
                    1.0666497588157653                                          
[11:21:20] INFO     Rank: 0 - Epoch:6/40, Batch:23,     progress_callback.py:218
                    loss:1.906064, finished 15.69%.                             
[11:21:24] INFO     Rank: 0 - Epoch:6/40, Batch:24,     progress_callback.py:218
                    loss:2.075019, finished 15.72%.                             
[11:21:28] INFO     Rank: 0 - Epoch:6/40, Batch:25,     progress_callback.py:218
                    loss:1.09191, finished 15.75%.                              
[11:21:32] INFO     Rank: 0 - Epoch:6/40, Batch:26,     progress_callback.py:218
                    loss:1.617552, finished 15.78%.                             
[11:21:35] INFO     Rank: 0 - Epoch:6/40, Batch:27,     progress_callback.py:218
                    loss:2.479411, finished 15.81%.                             
[11:21:40] INFO     Rank: 0 - Epoch:6/40, Batch:28,     progress_callback.py:218
                    loss:1.151334, finished 15.84%.                             
[11:21:44] INFO     Rank: 0 - Epoch:6/40, Batch:29,     progress_callback.py:218
                    loss:1.865298, finished 15.87%.                             
[11:21:47] INFO     Rank: 0 - Epoch:6/40, Batch:30,     progress_callback.py:218
                    loss:1.80108, finished 15.9%.                               
[11:21:51] INFO     Rank: 0 - Epoch:6/40, Batch:31,     progress_callback.py:218
                    loss:2.443393, finished 15.93%.                             
[11:21:56] INFO     Rank: 0 - Epoch:6/40, Batch:32,     progress_callback.py:218
                    loss:0.983706, finished 15.96%.                             
[11:21:59] INFO     Rank: 0 - Contrastive loss is                 callback.py:66
                    0.6270623356103897, nll_loss is                             
                    1.09251826107502                                            
[11:22:00] INFO     Rank: 0 - Epoch:6/40, Batch:33,     progress_callback.py:218
                    loss:1.687103, finished 15.99%.                             
[11:22:04] INFO     Rank: 0 - Epoch:6/40, Batch:34,     progress_callback.py:218
                    loss:1.513331, finished 16.02%.                             
[11:22:08] INFO     Rank: 0 - Epoch:6/40, Batch:35,     progress_callback.py:218
                    loss:2.301738, finished 16.05%.                             
[11:22:12] INFO     Rank: 0 - Epoch:6/40, Batch:36,     progress_callback.py:218
                    loss:1.383049, finished 16.08%.                             
[11:22:16] INFO     Rank: 0 - Epoch:6/40, Batch:37,     progress_callback.py:218
                    loss:1.504025, finished 16.11%.                             
[11:22:20] INFO     Rank: 0 - Epoch:6/40, Batch:38,     progress_callback.py:218
                    loss:1.751348, finished 16.14%.                             
[11:22:24] INFO     Rank: 0 - Epoch:6/40, Batch:39,     progress_callback.py:218
                    loss:1.559806, finished 16.17%.                             
[11:22:28] INFO     Rank: 0 - Epoch:6/40, Batch:40,     progress_callback.py:218
                    loss:2.094543, finished 16.2%.                              
[11:22:34] INFO     Rank: 0 - Epoch:6/40, Batch:41,     progress_callback.py:218
                    loss:1.330208, finished 16.23%.                             
[11:22:38] INFO     Rank: 0 - Epoch:6/40, Batch:42,     progress_callback.py:218
                    loss:1.398741, finished 16.27%.                             
[11:22:41] INFO     Rank: 0 - Contrastive loss is                 callback.py:66
                    0.6277638465166092, nll_loss is                             
                    1.0079360097646712                                          
           INFO     Rank: 0 - Epoch:6/40, Batch:43,     progress_callback.py:218
                    loss:1.520208, finished 16.3%.                              
[11:22:45] INFO     Rank: 0 - Epoch:6/40, Batch:44,     progress_callback.py:218
                    loss:1.955454, finished 16.33%.                             
[11:22:49] INFO     Rank: 0 - Epoch:6/40, Batch:45,     progress_callback.py:218
                    loss:1.097405, finished 16.36%.                             
[11:22:53] INFO     Rank: 0 - Epoch:6/40, Batch:46,     progress_callback.py:218
                    loss:1.681729, finished 16.39%.                             
[11:22:59] INFO     Rank: 0 - Epoch:6/40, Batch:47,     progress_callback.py:218
                    loss:1.481332, finished 16.42%.                             
[11:23:03] INFO     Rank: 0 - Epoch:6/40, Batch:48,     progress_callback.py:218
                    loss:1.576436, finished 16.45%.                             
[11:23:08] INFO     Rank: 0 - Epoch:6/40, Batch:49,     progress_callback.py:218
                    loss:1.526969, finished 16.48%.                             
[11:23:12] INFO     Rank: 0 - Epoch:6/40, Batch:50,     progress_callback.py:218
                    loss:1.534039, finished 16.51%.                             
[11:23:16] INFO     Rank: 0 - Epoch:6/40, Batch:51,     progress_callback.py:218
                    loss:1.807269, finished 16.54%.                             
[11:23:20] INFO     Rank: 0 - Epoch:6/40, Batch:52,     progress_callback.py:218
                    loss:1.52729, finished 16.57%.                              
[11:23:23] INFO     Rank: 0 - Contrastive loss is                 callback.py:66
                    0.5231998026371002, nll_loss is                             
                    0.9821587324142456                                          
[11:23:24] INFO     Rank: 0 - Epoch:6/40, Batch:53,     progress_callback.py:218
                    loss:0.865663, finished 16.6%.                              
[11:23:30] INFO     Rank: 0 - Epoch:6/40, Batch:54,     progress_callback.py:218
                    loss:1.500884, finished 16.63%.                             
[11:23:35] INFO     Rank: 0 - Epoch:6/40, Batch:55,     progress_callback.py:218
                    loss:1.172667, finished 16.66%.                             
[11:23:40] INFO     Rank: 0 - Epoch:6/40, Batch:56,     progress_callback.py:218
                    loss:1.32745, finished 16.69%.                              
[11:23:44] INFO     Rank: 0 - Epoch:6/40, Batch:57,     progress_callback.py:218
                    loss:1.800706, finished 16.72%.                             
[11:23:48] INFO     Rank: 0 - Epoch:6/40, Batch:58,     progress_callback.py:218
                    loss:1.40658, finished 16.75%.                              
[11:23:52] INFO     Rank: 0 - Epoch:6/40, Batch:59,     progress_callback.py:218
                    loss:1.954966, finished 16.78%.                             
[11:23:57] INFO     Rank: 0 - Epoch:6/40, Batch:60,     progress_callback.py:218
                    loss:1.615835, finished 16.81%.                             
[11:24:02] INFO     Rank: 0 - Epoch:6/40, Batch:61,     progress_callback.py:218
                    loss:1.563101, finished 16.84%.                             
[11:24:09] INFO     Rank: 0 - Epoch:6/40, Batch:62,     progress_callback.py:218
                    loss:1.73779, finished 16.87%.                              
           INFO     Rank: 0 -                                   evaluator.py:317
                    **********Evaluation starts**********                       
[11:24:23] INFO     Rank: 0 - **********Evaluation              evaluator.py:349
                    ends**********                                              
                                                                                
           INFO     Rank: 0 - ----------Eval. results   progress_callback.py:233
                    on Epoch:6, Batch:62----------                              
           INFO     Rank: 0 -                           progress_callback.py:238
                    {"torch_ngram#ngram-overlap":                               
                    0.4441346526145935}                                         
 ============= save model at results/2023-03-26-10_39_31_409621/epoch-6_step-560.pt ============= 
save hyperparams in  results/2023-03-26-10_39_31_409621/hyperparams.txt
[11:24:27] INFO     Rank: 0 - Contrastive loss is                 callback.py:66
                    0.62850361764431, nll_loss is                               
                    0.984975591301918                                           
           INFO     Rank: 0 - Epoch:6/40, Batch:63,     progress_callback.py:218
                    loss:2.054814, finished 16.9%.                              
[11:24:33] INFO     Rank: 0 - Epoch:6/40, Batch:64,     progress_callback.py:218
                    loss:1.555826, finished 16.93%.                             
[11:24:37] INFO     Rank: 0 - Epoch:6/40, Batch:65,     progress_callback.py:218
                    loss:1.647503, finished 16.96%.                             
[11:24:41] INFO     Rank: 0 - Epoch:6/40, Batch:66,     progress_callback.py:218
                    loss:1.588191, finished 16.99%.                             
[11:24:45] INFO     Rank: 0 - Epoch:6/40, Batch:67,     progress_callback.py:218
                    loss:2.144176, finished 17.02%.                             
[11:24:51] INFO     Rank: 0 - Epoch:6/40, Batch:68,     progress_callback.py:218
                    loss:2.15493, finished 17.05%.                              
[11:24:55] INFO     Rank: 0 - Epoch:6/40, Batch:69,     progress_callback.py:218
                    loss:1.368243, finished 17.08%.                             
[11:24:59] INFO     Rank: 0 - Epoch:6/40, Batch:70,     progress_callback.py:218
                    loss:1.446415, finished 17.11%.                             
[11:25:03] INFO     Rank: 0 - Epoch:6/40, Batch:71,     progress_callback.py:218
                    loss:1.31092, finished 17.14%.                              
[11:25:07] INFO     Rank: 0 - Epoch:6/40, Batch:72,     progress_callback.py:218
                    loss:1.377796, finished 17.17%.                             
[11:25:10] INFO     Rank: 0 - Contrastive loss is                 callback.py:66
                    0.6017010569572449, nll_loss is                             
                    1.0187501549720763                                          
[11:25:11] INFO     Rank: 0 - Epoch:6/40, Batch:73,     progress_callback.py:218
                    loss:1.610513, finished 17.2%.                              
[11:25:14] INFO     Rank: 0 - Epoch:6/40, Batch:74,     progress_callback.py:218
                    loss:2.16522, finished 17.23%.                              
[11:25:18] INFO     Rank: 0 - Epoch:6/40, Batch:75,     progress_callback.py:218
                    loss:2.177389, finished 17.26%.                             
[11:25:22] INFO     Rank: 0 - Epoch:6/40, Batch:76,     progress_callback.py:218
                    loss:1.577094, finished 17.29%.                             
[11:25:26] INFO     Rank: 0 - Epoch:6/40, Batch:77,     progress_callback.py:218
                    loss:2.153326, finished 17.32%.                             
[11:25:31] INFO     Rank: 0 - Epoch:6/40, Batch:78,     progress_callback.py:218
                    loss:1.857429, finished 17.35%.                             
[11:25:35] INFO     Rank: 0 - Epoch:6/40, Batch:79,     progress_callback.py:218
                    loss:1.530082, finished 17.38%.                             
[11:25:39] INFO     Rank: 0 - Epoch:6/40, Batch:80,     progress_callback.py:218
                    loss:1.747273, finished 17.41%.                             
[11:25:43] INFO     Rank: 0 - Epoch:6/40, Batch:81,     progress_callback.py:218
                    loss:1.106241, finished 17.44%.                             
[11:25:47] INFO     Rank: 0 - Epoch:6/40, Batch:82,     progress_callback.py:218
                    loss:1.54942, finished 17.47%.                              
[11:25:48] INFO     Rank: 0 - Contrastive loss is                 callback.py:66
                    0.678299468755722, nll_loss is                              
                    1.0404662907123565                                          
[11:25:49] INFO     Rank: 0 - Epoch:6/40, Batch:83,     progress_callback.py:218
                    loss:1.324183, finished 17.5%.                              
           INFO     Rank: 0 -                           progress_callback.py:204
                    **********Epoch:7 starts**********                          
[11:25:53] INFO     Rank: 0 - Epoch:7/40, Batch:1,      progress_callback.py:218
                    loss:1.573544, finished 17.53%.                             
[11:25:59] INFO     Rank: 0 - Epoch:7/40, Batch:2,      progress_callback.py:218
                    loss:2.207892, finished 17.56%.                             
[11:26:03] INFO     Rank: 0 - Epoch:7/40, Batch:3,      progress_callback.py:218
                    loss:1.101657, finished 17.59%.                             
[11:26:06] INFO     Rank: 0 - Epoch:7/40, Batch:4,      progress_callback.py:218
                    loss:1.084285, finished 17.62%.                             
[11:26:11] INFO     Rank: 0 - Epoch:7/40, Batch:5,      progress_callback.py:218
                    loss:0.998005, finished 17.65%.                             
[11:26:16] INFO     Rank: 0 - Epoch:7/40, Batch:6,      progress_callback.py:218
                    loss:1.498524, finished 17.68%.                             
[11:26:19] INFO     Rank: 0 - Epoch:7/40, Batch:7,      progress_callback.py:218
                    loss:1.730623, finished 17.71%.                             
[11:26:23] INFO     Rank: 0 - Epoch:7/40, Batch:8,      progress_callback.py:218
                    loss:1.365077, finished 17.74%.                             
[11:26:27] INFO     Rank: 0 - Epoch:7/40, Batch:9,      progress_callback.py:218
                    loss:1.855985, finished 17.77%.                             
[11:26:30] INFO     Rank: 0 - Contrastive loss is                 callback.py:66
                    0.5520221054553985, nll_loss is                             
                    0.979236501455307                                           
[11:26:32] INFO     Rank: 0 - Epoch:7/40, Batch:10,     progress_callback.py:218
                    loss:1.896995, finished 17.8%.                              
[11:26:36] INFO     Rank: 0 - Epoch:7/40, Batch:11,     progress_callback.py:218
                    loss:1.628606, finished 17.83%.                             
[11:26:40] INFO     Rank: 0 - Epoch:7/40, Batch:12,     progress_callback.py:218
                    loss:1.785437, finished 17.86%.                             
[11:26:44] INFO     Rank: 0 - Epoch:7/40, Batch:13,     progress_callback.py:218
                    loss:1.803231, finished 17.89%.                             
[11:26:49] INFO     Rank: 0 - Epoch:7/40, Batch:14,     progress_callback.py:218
                    loss:1.434707, finished 17.92%.                             
[11:26:54] INFO     Rank: 0 - Epoch:7/40, Batch:15,     progress_callback.py:218
                    loss:1.498957, finished 17.95%.                             
[11:26:59] INFO     Rank: 0 - Epoch:7/40, Batch:16,     progress_callback.py:218
                    loss:1.459592, finished 17.98%.                             
[11:27:04] INFO     Rank: 0 - Epoch:7/40, Batch:17,     progress_callback.py:218
                    loss:1.944786, finished 18.01%.                             
[11:27:08] INFO     Rank: 0 - Epoch:7/40, Batch:18,     progress_callback.py:218
                    loss:1.47332, finished 18.04%.                              
[11:27:12] INFO     Rank: 0 - Epoch:7/40, Batch:19,     progress_callback.py:218
                    loss:1.547615, finished 18.07%.                             
           INFO     Rank: 0 -                                   evaluator.py:317
                    **********Evaluation starts**********                       
[11:27:25] INFO     Rank: 0 - **********Evaluation              evaluator.py:349
                    ends**********                                              
                                                                                
           INFO     Rank: 0 - ----------Eval. results   progress_callback.py:233
                    on Epoch:7, Batch:19----------                              
           INFO     Rank: 0 -                           progress_callback.py:238
                    {"torch_ngram#ngram-overlap":                               
                    0.4461042582988739}                                         
 ============= save model at results/2023-03-26-10_39_31_409621/epoch-7_step-600.pt ============= 
save hyperparams in  results/2023-03-26-10_39_31_409621/hyperparams.txt
[11:27:30] INFO     Rank: 0 - Contrastive loss is                 callback.py:66
                    0.6335264682769776, nll_loss is                             
                    0.9703590631484985                                          
[11:27:31] INFO     Rank: 0 - Epoch:7/40, Batch:20,     progress_callback.py:218
                    loss:1.462602, finished 18.1%.                              
[11:27:34] INFO     Rank: 0 - Epoch:7/40, Batch:21,     progress_callback.py:218
                    loss:1.73155, finished 18.13%.                              
[11:27:39] INFO     Rank: 0 - Epoch:7/40, Batch:22,     progress_callback.py:218
                    loss:2.040109, finished 18.16%.                             
[11:27:43] INFO     Rank: 0 - Epoch:7/40, Batch:23,     progress_callback.py:218
                    loss:1.850561, finished 18.19%.                             
[11:27:49] INFO     Rank: 0 - Epoch:7/40, Batch:24,     progress_callback.py:218
                    loss:1.309557, finished 18.22%.                             
[11:27:53] INFO     Rank: 0 - Epoch:7/40, Batch:25,     progress_callback.py:218
                    loss:1.707912, finished 18.25%.                             
[11:27:58] INFO     Rank: 0 - Epoch:7/40, Batch:26,     progress_callback.py:218
                    loss:1.497741, finished 18.28%.                             
[11:28:04] INFO     Rank: 0 - Epoch:7/40, Batch:27,     progress_callback.py:218
                    loss:1.325294, finished 18.31%.                             
[11:28:08] INFO     Rank: 0 - Epoch:7/40, Batch:28,     progress_callback.py:218
                    loss:1.774812, finished 18.34%.                             
[11:28:12] INFO     Rank: 0 - Epoch:7/40, Batch:29,     progress_callback.py:218
                    loss:1.24659, finished 18.37%.                              
[11:28:16] INFO     Rank: 0 - Contrastive loss is                 callback.py:66
                    0.5662964314222336, nll_loss is                             
                    1.0155473619699478                                          
[11:28:17] INFO     Rank: 0 - Epoch:7/40, Batch:30,     progress_callback.py:218
                    loss:1.334314, finished 18.4%.                              
[11:28:21] INFO     Rank: 0 - Epoch:7/40, Batch:31,     progress_callback.py:218
                    loss:1.677382, finished 18.43%.                             
[11:28:25] INFO     Rank: 0 - Epoch:7/40, Batch:32,     progress_callback.py:218
                    loss:1.708832, finished 18.46%.                             
[11:28:29] INFO     Rank: 0 - Epoch:7/40, Batch:33,     progress_callback.py:218
                    loss:2.01423, finished 18.49%.                              
[11:28:33] INFO     Rank: 0 - Epoch:7/40, Batch:34,     progress_callback.py:218
                    loss:1.88872, finished 18.52%.                              
[11:28:36] INFO     Rank: 0 - Epoch:7/40, Batch:35,     progress_callback.py:218
                    loss:1.466585, finished 18.55%.                             
[11:28:43] INFO     Rank: 0 - Epoch:7/40, Batch:36,     progress_callback.py:218
                    loss:1.158098, finished 18.58%.                             
[11:28:48] INFO     Rank: 0 - Epoch:7/40, Batch:37,     progress_callback.py:218
                    loss:1.396094, finished 18.61%.                             
[11:28:51] INFO     Rank: 0 - Epoch:7/40, Batch:38,     progress_callback.py:218
                    loss:1.385768, finished 18.64%.                             
[11:28:55] INFO     Rank: 0 - Epoch:7/40, Batch:39,     progress_callback.py:218
                    loss:1.543688, finished 18.67%.                             
[11:29:00] INFO     Rank: 0 - Contrastive loss is                 callback.py:66
                    0.5985896348953247, nll_loss is                             
                    0.9262454509735107                                          
[11:29:01] INFO     Rank: 0 - Epoch:7/40, Batch:40,     progress_callback.py:218
                    loss:1.008953, finished 18.7%.                              
[11:29:04] INFO     Rank: 0 - Epoch:7/40, Batch:41,     progress_callback.py:218
                    loss:1.828012, finished 18.73%.                             
[11:29:08] INFO     Rank: 0 - Epoch:7/40, Batch:42,     progress_callback.py:218
                    loss:1.568532, finished 18.77%.                             
[11:29:12] INFO     Rank: 0 - Epoch:7/40, Batch:43,     progress_callback.py:218
                    loss:1.405481, finished 18.8%.                              
[11:29:16] INFO     Rank: 0 - Epoch:7/40, Batch:44,     progress_callback.py:218
                    loss:1.424363, finished 18.83%.                             
[11:29:21] INFO     Rank: 0 - Epoch:7/40, Batch:45,     progress_callback.py:218
                    loss:2.152036, finished 18.86%.                             
[11:29:25] INFO     Rank: 0 - Epoch:7/40, Batch:46,     progress_callback.py:218
                    loss:1.418927, finished 18.89%.                             
[11:29:29] INFO     Rank: 0 - Epoch:7/40, Batch:47,     progress_callback.py:218
                    loss:1.453894, finished 18.92%.                             
[11:29:34] INFO     Rank: 0 - Epoch:7/40, Batch:48,     progress_callback.py:218
                    loss:1.329346, finished 18.95%.                             
[11:29:38] INFO     Rank: 0 - Epoch:7/40, Batch:49,     progress_callback.py:218
                    loss:1.549978, finished 18.98%.                             
[11:29:41] INFO     Rank: 0 - Contrastive loss is                 callback.py:66
                    0.6022258758544922, nll_loss is                             
                    0.987277340888977                                           
[11:29:42] INFO     Rank: 0 - Epoch:7/40, Batch:50,     progress_callback.py:218
                    loss:1.764464, finished 19.01%.                             
[11:29:47] INFO     Rank: 0 - Epoch:7/40, Batch:51,     progress_callback.py:218
                    loss:1.24612, finished 19.04%.                              
[11:29:52] INFO     Rank: 0 - Epoch:7/40, Batch:52,     progress_callback.py:218
                    loss:1.699992, finished 19.07%.                             
[11:29:56] INFO     Rank: 0 - Epoch:7/40, Batch:53,     progress_callback.py:218
                    loss:1.829073, finished 19.1%.                              
[11:30:01] INFO     Rank: 0 - Epoch:7/40, Batch:54,     progress_callback.py:218
                    loss:1.250609, finished 19.13%.                             
[11:30:06] INFO     Rank: 0 - Epoch:7/40, Batch:55,     progress_callback.py:218
                    loss:2.249947, finished 19.16%.                             
[11:30:11] INFO     Rank: 0 - Epoch:7/40, Batch:56,     progress_callback.py:218
                    loss:1.16179, finished 19.19%.                              
[11:30:15] INFO     Rank: 0 - Epoch:7/40, Batch:57,     progress_callback.py:218
                    loss:1.745727, finished 19.22%.                             
[11:30:20] INFO     Rank: 0 - Epoch:7/40, Batch:58,     progress_callback.py:218
                    loss:0.966634, finished 19.25%.                             
[11:30:25] INFO     Rank: 0 - Epoch:7/40, Batch:59,     progress_callback.py:218
                    loss:1.578748, finished 19.28%.                             
           INFO     Rank: 0 -                                   evaluator.py:317
                    **********Evaluation starts**********                       
[11:30:39] INFO     Rank: 0 - **********Evaluation              evaluator.py:349
                    ends**********                                              
                                                                                
           INFO     Rank: 0 - ----------Eval. results   progress_callback.py:233
                    on Epoch:7, Batch:59----------                              
           INFO     Rank: 0 -                           progress_callback.py:238
                    {"torch_ngram#ngram-overlap":                               
                    0.4451863169670105}                                         
 ============= save model at results/2023-03-26-10_39_31_409621/epoch-7_step-640.pt ============= 
save hyperparams in  results/2023-03-26-10_39_31_409621/hyperparams.txt
[11:30:45] INFO     Rank: 0 - Contrastive loss is                 callback.py:66
                    0.5811425119638443, nll_loss is                             
                    0.9841752856969833                                          
           INFO     Rank: 0 - Epoch:7/40, Batch:60,     progress_callback.py:218
                    loss:1.924538, finished 19.31%.                             
[11:30:49] INFO     Rank: 0 - Epoch:7/40, Batch:61,     progress_callback.py:218
                    loss:1.307966, finished 19.34%.                             
[11:30:53] INFO     Rank: 0 - Epoch:7/40, Batch:62,     progress_callback.py:218
                    loss:1.33404, finished 19.37%.                              
[11:30:56] INFO     Rank: 0 - Epoch:7/40, Batch:63,     progress_callback.py:218
                    loss:1.797052, finished 19.4%.                              
[11:31:01] INFO     Rank: 0 - Epoch:7/40, Batch:64,     progress_callback.py:218
                    loss:1.632535, finished 19.43%.                             
[11:31:07] INFO     Rank: 0 - Epoch:7/40, Batch:65,     progress_callback.py:218
                    loss:1.628692, finished 19.46%.                             
[11:31:11] INFO     Rank: 0 - Epoch:7/40, Batch:66,     progress_callback.py:218
                    loss:0.927559, finished 19.49%.                             
[11:31:15] INFO     Rank: 0 - Epoch:7/40, Batch:67,     progress_callback.py:218
                    loss:1.481013, finished 19.52%.                             
[11:31:21] INFO     Rank: 0 - Epoch:7/40, Batch:68,     progress_callback.py:218
                    loss:1.360505, finished 19.55%.                             
[11:31:26] INFO     Rank: 0 - Epoch:7/40, Batch:69,     progress_callback.py:218
                    loss:1.61942, finished 19.58%.                              
[11:31:30] INFO     Rank: 0 - Contrastive loss is                 callback.py:66
                    0.6481277853250503, nll_loss is                             
                    0.839982756972313                                           
[11:31:32] INFO     Rank: 0 - Epoch:7/40, Batch:70,     progress_callback.py:218
                    loss:1.792323, finished 19.61%.                             
[11:31:36] INFO     Rank: 0 - Epoch:7/40, Batch:71,     progress_callback.py:218
                    loss:1.871677, finished 19.64%.                             
[11:31:40] INFO     Rank: 0 - Epoch:7/40, Batch:72,     progress_callback.py:218
                    loss:1.371335, finished 19.67%.                             
[11:31:44] INFO     Rank: 0 - Epoch:7/40, Batch:73,     progress_callback.py:218
                    loss:2.292453, finished 19.7%.                              
[11:31:48] INFO     Rank: 0 - Epoch:7/40, Batch:74,     progress_callback.py:218
                    loss:1.222595, finished 19.73%.                             
[11:31:52] INFO     Rank: 0 - Epoch:7/40, Batch:75,     progress_callback.py:218
                    loss:2.041223, finished 19.76%.                             
[11:31:56] INFO     Rank: 0 - Epoch:7/40, Batch:76,     progress_callback.py:218
                    loss:1.706247, finished 19.79%.                             
[11:32:01] INFO     Rank: 0 - Epoch:7/40, Batch:77,     progress_callback.py:218
                    loss:1.397513, finished 19.82%.                             
[11:32:05] INFO     Rank: 0 - Epoch:7/40, Batch:78,     progress_callback.py:218
                    loss:1.308862, finished 19.85%.                             
[11:32:09] INFO     Rank: 0 - Epoch:7/40, Batch:79,     progress_callback.py:218
                    loss:1.322219, finished 19.88%.                             
[11:32:11] INFO     Rank: 0 - Contrastive loss is                 callback.py:66
                    0.6047886908054352, nll_loss is                             
                    1.0110183775424957                                          
[11:32:13] INFO     Rank: 0 - Epoch:7/40, Batch:80,     progress_callback.py:218
                    loss:1.623947, finished 19.91%.                             
[11:32:18] INFO     Rank: 0 - Epoch:7/40, Batch:81,     progress_callback.py:218
                    loss:1.286796, finished 19.94%.                             
[11:32:23] INFO     Rank: 0 - Epoch:7/40, Batch:82,     progress_callback.py:218
                    loss:1.357437, finished 19.97%.                             
[11:32:26] INFO     Rank: 0 - Epoch:7/40, Batch:83,     progress_callback.py:218
                    loss:1.95937, finished 20.0%.                               
           INFO     Rank: 0 -                           progress_callback.py:204
                    **********Epoch:8 starts**********                          
[11:32:30] INFO     Rank: 0 - Epoch:8/40, Batch:1,      progress_callback.py:218
                    loss:1.864421, finished 20.03%.                             
[11:32:34] INFO     Rank: 0 - Epoch:8/40, Batch:2,      progress_callback.py:218
                    loss:1.336118, finished 20.06%.                             
[11:32:39] INFO     Rank: 0 - Epoch:8/40, Batch:3,      progress_callback.py:218
                    loss:1.188953, finished 20.09%.                             
[11:32:42] INFO     Rank: 0 - Epoch:8/40, Batch:4,      progress_callback.py:218
                    loss:1.281258, finished 20.12%.                             
[11:32:47] INFO     Rank: 0 - Epoch:8/40, Batch:5,      progress_callback.py:218
                    loss:1.839263, finished 20.15%.                             
[11:32:51] INFO     Rank: 0 - Epoch:8/40, Batch:6,      progress_callback.py:218
                    loss:1.739754, finished 20.18%.                             
[11:32:54] INFO     Rank: 0 - Contrastive loss is                 callback.py:66
                    0.5841626733541488, nll_loss is                             
                    0.9963408499956131                                          
[11:32:56] INFO     Rank: 0 - Epoch:8/40, Batch:7,      progress_callback.py:218
                    loss:1.951665, finished 20.21%.                             
[11:33:00] INFO     Rank: 0 - Epoch:8/40, Batch:8,      progress_callback.py:218
                    loss:2.323484, finished 20.24%.                             
[11:33:04] INFO     Rank: 0 - Epoch:8/40, Batch:9,      progress_callback.py:218
                    loss:1.401869, finished 20.27%.                             
[11:33:09] INFO     Rank: 0 - Epoch:8/40, Batch:10,     progress_callback.py:218
                    loss:1.645772, finished 20.3%.                              
[11:33:14] INFO     Rank: 0 - Epoch:8/40, Batch:11,     progress_callback.py:218
                    loss:1.297262, finished 20.33%.                             
[11:33:18] INFO     Rank: 0 - Epoch:8/40, Batch:12,     progress_callback.py:218
                    loss:1.504014, finished 20.36%.                             
[11:33:22] INFO     Rank: 0 - Epoch:8/40, Batch:13,     progress_callback.py:218
                    loss:2.000398, finished 20.39%.                             
[11:33:29] INFO     Rank: 0 - Epoch:8/40, Batch:14,     progress_callback.py:218
                    loss:1.434716, finished 20.42%.                             
[11:33:33] INFO     Rank: 0 - Epoch:8/40, Batch:15,     progress_callback.py:218
                    loss:1.436177, finished 20.45%.                             
[11:33:39] INFO     Rank: 0 - Epoch:8/40, Batch:16,     progress_callback.py:218
                    loss:1.678614, finished 20.48%.                             
           INFO     Rank: 0 -                                   evaluator.py:317
                    **********Evaluation starts**********                       
[11:33:54] INFO     Rank: 0 - **********Evaluation              evaluator.py:349
                    ends**********                                              
                                                                                
           INFO     Rank: 0 - ----------Eval. results   progress_callback.py:233
                    on Epoch:8, Batch:16----------                              
           INFO     Rank: 0 -                           progress_callback.py:238
                    {"torch_ngram#ngram-overlap":                               
                    0.4447910189628601}                                         
 ============= save model at results/2023-03-26-10_39_31_409621/epoch-8_step-680.pt ============= 
save hyperparams in  results/2023-03-26-10_39_31_409621/hyperparams.txt
[11:33:59] INFO     Rank: 0 - Contrastive loss is                 callback.py:66
                    0.5767961949110031, nll_loss is                             
                    1.0811827689409257                                          
           INFO     Rank: 0 - Epoch:8/40, Batch:17,     progress_callback.py:218
                    loss:1.857484, finished 20.51%.                             
[11:34:04] INFO     Rank: 0 - Epoch:8/40, Batch:18,     progress_callback.py:218
                    loss:1.572606, finished 20.54%.                             
[11:34:09] INFO     Rank: 0 - Epoch:8/40, Batch:19,     progress_callback.py:218
                    loss:1.665554, finished 20.57%.                             
[11:34:15] INFO     Rank: 0 - Epoch:8/40, Batch:20,     progress_callback.py:218
                    loss:1.540515, finished 20.6%.                              
[11:34:19] INFO     Rank: 0 - Epoch:8/40, Batch:21,     progress_callback.py:218
                    loss:1.786558, finished 20.63%.                             
[11:34:23] INFO     Rank: 0 - Epoch:8/40, Batch:22,     progress_callback.py:218
                    loss:2.024006, finished 20.66%.                             
[11:34:27] INFO     Rank: 0 - Epoch:8/40, Batch:23,     progress_callback.py:218
                    loss:1.079922, finished 20.69%.                             
[11:34:31] INFO     Rank: 0 - Epoch:8/40, Batch:24,     progress_callback.py:218
                    loss:2.249575, finished 20.72%.                             
[11:34:36] INFO     Rank: 0 - Epoch:8/40, Batch:25,     progress_callback.py:218
                    loss:1.558135, finished 20.75%.                             
[11:34:40] INFO     Rank: 0 - Epoch:8/40, Batch:26,     progress_callback.py:218
                    loss:1.554021, finished 20.78%.                             
[11:34:44] INFO     Rank: 0 - Contrastive loss is                 callback.py:66
                    0.581468117237091, nll_loss is                              
                    1.070420014858246                                           
[11:34:45] INFO     Rank: 0 - Epoch:8/40, Batch:27,     progress_callback.py:218
                    loss:1.48799, finished 20.81%.                              
[11:34:49] INFO     Rank: 0 - Epoch:8/40, Batch:28,     progress_callback.py:218
                    loss:1.401132, finished 20.84%.                             
[11:34:54] INFO     Rank: 0 - Epoch:8/40, Batch:29,     progress_callback.py:218
                    loss:1.804218, finished 20.87%.                             
[11:34:58] INFO     Rank: 0 - Epoch:8/40, Batch:30,     progress_callback.py:218
                    loss:1.552171, finished 20.9%.                              
[11:35:03] INFO     Rank: 0 - Epoch:8/40, Batch:31,     progress_callback.py:218
                    loss:1.09853, finished 20.93%.                              
[11:35:08] INFO     Rank: 0 - Epoch:8/40, Batch:32,     progress_callback.py:218
                    loss:1.637558, finished 20.96%.                             
[11:35:12] INFO     Rank: 0 - Epoch:8/40, Batch:33,     progress_callback.py:218
                    loss:1.459036, finished 20.99%.                             
[11:35:16] INFO     Rank: 0 - Epoch:8/40, Batch:34,     progress_callback.py:218
                    loss:1.221614, finished 21.02%.                             
[11:35:22] INFO     Rank: 0 - Epoch:8/40, Batch:35,     progress_callback.py:218
                    loss:1.32406, finished 21.05%.                              
[11:35:27] INFO     Rank: 0 - Epoch:8/40, Batch:36,     progress_callback.py:218
                    loss:1.620759, finished 21.08%.                             
[11:35:34] INFO     Rank: 0 - Contrastive loss is                 callback.py:66
                    0.5391523450613022, nll_loss is                             
                    0.8596899718046188                                          
           INFO     Rank: 0 - Epoch:8/40, Batch:37,     progress_callback.py:218
                    loss:0.869345, finished 21.11%.                             
[11:35:39] INFO     Rank: 0 - Epoch:8/40, Batch:38,     progress_callback.py:218
                    loss:1.45191, finished 21.14%.                              
[11:35:42] INFO     Rank: 0 - Epoch:8/40, Batch:39,     progress_callback.py:218
                    loss:1.626408, finished 21.17%.                             
[11:35:47] INFO     Rank: 0 - Epoch:8/40, Batch:40,     progress_callback.py:218
                    loss:1.39883, finished 21.2%.                               
[11:35:53] INFO     Rank: 0 - Epoch:8/40, Batch:41,     progress_callback.py:218
                    loss:1.379025, finished 21.23%.                             
[11:35:58] INFO     Rank: 0 - Epoch:8/40, Batch:42,     progress_callback.py:218
                    loss:1.806871, finished 21.27%.                             
[11:36:03] INFO     Rank: 0 - Epoch:8/40, Batch:43,     progress_callback.py:218
                    loss:1.744311, finished 21.3%.                              
[11:36:07] INFO     Rank: 0 - Epoch:8/40, Batch:44,     progress_callback.py:218
                    loss:1.242007, finished 21.33%.                             
[11:36:12] INFO     Rank: 0 - Epoch:8/40, Batch:45,     progress_callback.py:218
                    loss:1.580102, finished 21.36%.                             
[11:36:16] INFO     Rank: 0 - Epoch:8/40, Batch:46,     progress_callback.py:218
                    loss:1.52557, finished 21.39%.                              
[11:36:20] INFO     Rank: 0 - Contrastive loss is                 callback.py:66
                    0.6004877209663391, nll_loss is                             
                    0.9529703497886658                                          
           INFO     Rank: 0 - Epoch:8/40, Batch:47,     progress_callback.py:218
                    loss:1.779546, finished 21.42%.                             
[11:36:24] INFO     Rank: 0 - Epoch:8/40, Batch:48,     progress_callback.py:218
                    loss:1.843511, finished 21.45%.                             
[11:36:28] INFO     Rank: 0 - Epoch:8/40, Batch:49,     progress_callback.py:218
                    loss:1.341908, finished 21.48%.                             
[11:36:33] INFO     Rank: 0 - Epoch:8/40, Batch:50,     progress_callback.py:218
                    loss:1.88966, finished 21.51%.                              
[11:36:37] INFO     Rank: 0 - Epoch:8/40, Batch:51,     progress_callback.py:218
                    loss:1.34262, finished 21.54%.                              
[11:36:42] INFO     Rank: 0 - Epoch:8/40, Batch:52,     progress_callback.py:218
                    loss:1.929903, finished 21.57%.                             
[11:36:46] INFO     Rank: 0 - Epoch:8/40, Batch:53,     progress_callback.py:218
                    loss:1.211553, finished 21.6%.                              
[11:36:51] INFO     Rank: 0 - Epoch:8/40, Batch:54,     progress_callback.py:218
                    loss:1.074818, finished 21.63%.                             
[11:36:58] INFO     Rank: 0 - Epoch:8/40, Batch:55,     progress_callback.py:218
                    loss:1.508762, finished 21.66%.                             
[11:37:04] INFO     Rank: 0 - Epoch:8/40, Batch:56,     progress_callback.py:218
                    loss:1.317825, finished 21.69%.                             
           INFO     Rank: 0 -                                   evaluator.py:317
                    **********Evaluation starts**********                       
[11:37:18] INFO     Rank: 0 - **********Evaluation              evaluator.py:349
                    ends**********                                              
                                                                                
           INFO     Rank: 0 - ----------Eval. results   progress_callback.py:233
                    on Epoch:8, Batch:56----------                              
           INFO     Rank: 0 -                           progress_callback.py:238
                    {"torch_ngram#ngram-overlap":                               
                    0.4442330300807953}                                         
[11:37:21] INFO     Rank: 0 - Contrastive loss is                 callback.py:66
                    0.5758113473653793, nll_loss is                             
                    0.8841526538133622                                          
[11:37:23] INFO     Rank: 0 - Epoch:8/40, Batch:57,     progress_callback.py:218
                    loss:1.139081, finished 21.72%.                             
[11:37:27] INFO     Rank: 0 - Epoch:8/40, Batch:58,     progress_callback.py:218
                    loss:1.732084, finished 21.75%.                             
[11:37:33] INFO     Rank: 0 - Epoch:8/40, Batch:59,     progress_callback.py:218
                    loss:1.224934, finished 21.78%.                             
[11:37:38] INFO     Rank: 0 - Epoch:8/40, Batch:60,     progress_callback.py:218
                    loss:1.277986, finished 21.81%.                             
[11:37:41] INFO     Rank: 0 - Epoch:8/40, Batch:61,     progress_callback.py:218
                    loss:1.661495, finished 21.84%.                             
[11:37:45] INFO     Rank: 0 - Epoch:8/40, Batch:62,     progress_callback.py:218
                    loss:2.042247, finished 21.87%.                             
[11:37:50] INFO     Rank: 0 - Epoch:8/40, Batch:63,     progress_callback.py:218
                    loss:1.495031, finished 21.9%.                              
[11:37:55] INFO     Rank: 0 - Epoch:8/40, Batch:64,     progress_callback.py:218
                    loss:1.248092, finished 21.93%.                             
[11:37:58] INFO     Rank: 0 - Epoch:8/40, Batch:65,     progress_callback.py:218
                    loss:1.097387, finished 21.96%.                             
[11:38:03] INFO     Rank: 0 - Epoch:8/40, Batch:66,     progress_callback.py:218
                    loss:2.027, finished 21.99%.                                
[11:38:05] INFO     Rank: 0 - Contrastive loss is                 callback.py:66
                    0.5627016454935074, nll_loss is                             
                    0.9809701651334762                                          
[11:38:06] INFO     Rank: 0 - Epoch:8/40, Batch:67,     progress_callback.py:218
                    loss:1.630463, finished 22.02%.                             
[11:38:10] INFO     Rank: 0 - Epoch:8/40, Batch:68,     progress_callback.py:218
                    loss:0.895548, finished 22.05%.                             
[11:38:14] INFO     Rank: 0 - Epoch:8/40, Batch:69,     progress_callback.py:218
                    loss:1.51914, finished 22.08%.                              
[11:38:18] INFO     Rank: 0 - Epoch:8/40, Batch:70,     progress_callback.py:218
                    loss:1.55288, finished 22.11%.                              
[11:38:23] INFO     Rank: 0 - Epoch:8/40, Batch:71,     progress_callback.py:218
                    loss:1.677548, finished 22.14%.                             
[11:38:27] INFO     Rank: 0 - Epoch:8/40, Batch:72,     progress_callback.py:218
                    loss:1.688726, finished 22.17%.                             
[11:38:32] INFO     Rank: 0 - Epoch:8/40, Batch:73,     progress_callback.py:218
                    loss:0.995951, finished 22.2%.                              
[11:38:37] INFO     Rank: 0 - Epoch:8/40, Batch:74,     progress_callback.py:218
                    loss:1.297584, finished 22.23%.                             
[11:38:41] INFO     Rank: 0 - Epoch:8/40, Batch:75,     progress_callback.py:218
                    loss:1.531021, finished 22.26%.                             
[11:38:45] INFO     Rank: 0 - Epoch:8/40, Batch:76,     progress_callback.py:218
                    loss:1.656899, finished 22.29%.                             
[11:38:49] INFO     Rank: 0 - Contrastive loss is                 callback.py:66
                    0.6131848394870758, nll_loss is                             
                    0.7771249294281006                                          
[11:38:50] INFO     Rank: 0 - Epoch:8/40, Batch:77,     progress_callback.py:218
                    loss:1.0878, finished 22.32%.                               
[11:38:55] INFO     Rank: 0 - Epoch:8/40, Batch:78,     progress_callback.py:218
                    loss:1.567982, finished 22.35%.                             
[11:38:59] INFO     Rank: 0 - Epoch:8/40, Batch:79,     progress_callback.py:218
                    loss:0.910987, finished 22.38%.                             
[11:39:03] INFO     Rank: 0 - Epoch:8/40, Batch:80,     progress_callback.py:218
                    loss:1.486189, finished 22.41%.                             
[11:39:09] INFO     Rank: 0 - Epoch:8/40, Batch:81,     progress_callback.py:218
                    loss:2.135346, finished 22.44%.                             
[11:39:14] INFO     Rank: 0 - Epoch:8/40, Batch:82,     progress_callback.py:218
                    loss:1.639871, finished 22.47%.                             
[11:39:16] INFO     Rank: 0 - Epoch:8/40, Batch:83,     progress_callback.py:218
                    loss:1.89041, finished 22.5%.                               
           INFO     Rank: 0 -                           progress_callback.py:204
                    **********Epoch:9 starts**********                          
[11:39:21] INFO     Rank: 0 - Epoch:9/40, Batch:1,      progress_callback.py:218
                    loss:1.124279, finished 22.53%.                             
[11:39:24] INFO     Rank: 0 - Epoch:9/40, Batch:2,      progress_callback.py:218
                    loss:1.739853, finished 22.56%.                             
[11:39:28] INFO     Rank: 0 - Epoch:9/40, Batch:3,      progress_callback.py:218
                    loss:0.898624, finished 22.59%.                             
[11:39:30] INFO     Rank: 0 - Contrastive loss is                 callback.py:66
                    0.6108576357364655, nll_loss is                             
                    0.9176699638366699                                          
[11:39:33] INFO     Rank: 0 - Epoch:9/40, Batch:4,      progress_callback.py:218
                    loss:1.891736, finished 22.62%.                             
[11:39:36] INFO     Rank: 0 - Epoch:9/40, Batch:5,      progress_callback.py:218
                    loss:1.678583, finished 22.65%.                             
[11:39:41] INFO     Rank: 0 - Epoch:9/40, Batch:6,      progress_callback.py:218
                    loss:1.684605, finished 22.68%.                             
[11:39:45] INFO     Rank: 0 - Epoch:9/40, Batch:7,      progress_callback.py:218
                    loss:1.324652, finished 22.71%.                             
[11:39:50] INFO     Rank: 0 - Epoch:9/40, Batch:8,      progress_callback.py:218
                    loss:1.089354, finished 22.74%.                             
[11:39:55] INFO     Rank: 0 - Epoch:9/40, Batch:9,      progress_callback.py:218
                    loss:1.587729, finished 22.77%.                             
[11:39:58] INFO     Rank: 0 - Epoch:9/40, Batch:10,     progress_callback.py:218
                    loss:1.425129, finished 22.8%.                              
[11:40:03] INFO     Rank: 0 - Epoch:9/40, Batch:11,     progress_callback.py:218
                    loss:1.602503, finished 22.83%.                             
[11:40:07] INFO     Rank: 0 - Epoch:9/40, Batch:12,     progress_callback.py:218
                    loss:1.002084, finished 22.86%.                             
[11:40:11] INFO     Rank: 0 - Epoch:9/40, Batch:13,     progress_callback.py:218
                    loss:1.346027, finished 22.89%.                             
           INFO     Rank: 0 -                                   evaluator.py:317
                    **********Evaluation starts**********                       
[11:40:25] INFO     Rank: 0 - **********Evaluation              evaluator.py:349
                    ends**********                                              
                                                                                
           INFO     Rank: 0 - ----------Eval. results   progress_callback.py:233
                    on Epoch:9, Batch:13----------                              
           INFO     Rank: 0 -                           progress_callback.py:238
                    {"torch_ngram#ngram-overlap":                               
                    0.4482068419456482}                                         
 ============= save model at results/2023-03-26-10_39_31_409621/epoch-9_step-760.pt ============= 
save hyperparams in  results/2023-03-26-10_39_31_409621/hyperparams.txt
[11:40:30] INFO     Rank: 0 - Contrastive loss is                 callback.py:66
                    0.570820415019989, nll_loss is                              
                    0.8212995171546936                                          
[11:40:31] INFO     Rank: 0 - Epoch:9/40, Batch:14,     progress_callback.py:218
                    loss:1.180536, finished 22.92%.                             
[11:40:36] INFO     Rank: 0 - Epoch:9/40, Batch:15,     progress_callback.py:218
                    loss:1.75883, finished 22.95%.                              
[11:40:42] INFO     Rank: 0 - Epoch:9/40, Batch:16,     progress_callback.py:218
                    loss:1.452811, finished 22.98%.                             
[11:40:46] INFO     Rank: 0 - Epoch:9/40, Batch:17,     progress_callback.py:218
                    loss:1.418748, finished 23.01%.                             
[11:40:50] INFO     Rank: 0 - Epoch:9/40, Batch:18,     progress_callback.py:218
                    loss:1.924151, finished 23.04%.                             
[11:40:55] INFO     Rank: 0 - Epoch:9/40, Batch:19,     progress_callback.py:218
                    loss:1.384432, finished 23.07%.                             
[11:41:00] INFO     Rank: 0 - Epoch:9/40, Batch:20,     progress_callback.py:218
                    loss:1.211609, finished 23.1%.                              
[11:41:04] INFO     Rank: 0 - Epoch:9/40, Batch:21,     progress_callback.py:218
                    loss:1.618035, finished 23.13%.                             
[11:41:08] INFO     Rank: 0 - Epoch:9/40, Batch:22,     progress_callback.py:218
                    loss:1.52114, finished 23.16%.                              
[11:41:12] INFO     Rank: 0 - Epoch:9/40, Batch:23,     progress_callback.py:218
                    loss:1.791094, finished 23.19%.                             
[11:41:17] INFO     Rank: 0 - Contrastive loss is                 callback.py:66
                    0.5665333688259124, nll_loss is                             
                    0.9408524632453918                                          
[11:41:18] INFO     Rank: 0 - Epoch:9/40, Batch:24,     progress_callback.py:218
                    loss:0.99301, finished 23.22%.                              
[11:41:22] INFO     Rank: 0 - Epoch:9/40, Batch:25,     progress_callback.py:218
                    loss:1.199743, finished 23.25%.                             
[11:41:26] INFO     Rank: 0 - Epoch:9/40, Batch:26,     progress_callback.py:218
                    loss:0.97365, finished 23.28%.                              
[11:41:31] INFO     Rank: 0 - Epoch:9/40, Batch:27,     progress_callback.py:218
                    loss:1.798891, finished 23.31%.                             
[11:41:35] INFO     Rank: 0 - Epoch:9/40, Batch:28,     progress_callback.py:218
                    loss:1.847022, finished 23.34%.                             
[11:41:39] INFO     Rank: 0 - Epoch:9/40, Batch:29,     progress_callback.py:218
                    loss:2.023846, finished 23.37%.                             
[11:41:43] INFO     Rank: 0 - Epoch:9/40, Batch:30,     progress_callback.py:218
                    loss:1.293963, finished 23.4%.                              
[11:41:48] INFO     Rank: 0 - Epoch:9/40, Batch:31,     progress_callback.py:218
                    loss:1.542478, finished 23.43%.                             
[11:41:53] INFO     Rank: 0 - Epoch:9/40, Batch:32,     progress_callback.py:218
                    loss:1.417482, finished 23.46%.                             
[11:41:59] INFO     Rank: 0 - Epoch:9/40, Batch:33,     progress_callback.py:218
                    loss:1.704791, finished 23.49%.                             
[11:42:02] INFO     Rank: 0 - Contrastive loss is                 callback.py:66
                    0.5917490661144257, nll_loss is                             
                    0.955268406867981                                           
[11:42:04] INFO     Rank: 0 - Epoch:9/40, Batch:34,     progress_callback.py:218
                    loss:1.668308, finished 23.52%.                             
[11:42:08] INFO     Rank: 0 - Epoch:9/40, Batch:35,     progress_callback.py:218
                    loss:1.401325, finished 23.55%.                             
[11:42:13] INFO     Rank: 0 - Epoch:9/40, Batch:36,     progress_callback.py:218
                    loss:1.995109, finished 23.58%.                             
[11:42:16] INFO     Rank: 0 - Epoch:9/40, Batch:37,     progress_callback.py:218
                    loss:1.132095, finished 23.61%.                             
[11:42:21] INFO     Rank: 0 - Epoch:9/40, Batch:38,     progress_callback.py:218
                    loss:1.421836, finished 23.64%.                             
[11:42:26] INFO     Rank: 0 - Epoch:9/40, Batch:39,     progress_callback.py:218
                    loss:1.581604, finished 23.67%.                             
[11:42:30] INFO     Rank: 0 - Epoch:9/40, Batch:40,     progress_callback.py:218
                    loss:1.353767, finished 23.7%.                              
[11:42:34] INFO     Rank: 0 - Epoch:9/40, Batch:41,     progress_callback.py:218
                    loss:1.506094, finished 23.73%.                             
[11:42:40] INFO     Rank: 0 - Epoch:9/40, Batch:42,     progress_callback.py:218
                    loss:1.522985, finished 23.77%.                             
[11:42:45] INFO     Rank: 0 - Epoch:9/40, Batch:43,     progress_callback.py:218
                    loss:1.397959, finished 23.8%.                              
[11:42:48] INFO     Rank: 0 - Contrastive loss is                 callback.py:66
                    0.6214520990848541, nll_loss is                             
                    0.8291028916835785                                          
           INFO     Rank: 0 - Epoch:9/40, Batch:44,     progress_callback.py:218
                    loss:1.192775, finished 23.83%.                             
[11:42:53] INFO     Rank: 0 - Epoch:9/40, Batch:45,     progress_callback.py:218
                    loss:1.819227, finished 23.86%.                             
[11:42:57] INFO     Rank: 0 - Epoch:9/40, Batch:46,     progress_callback.py:218
                    loss:1.629536, finished 23.89%.                             
[11:43:01] INFO     Rank: 0 - Epoch:9/40, Batch:47,     progress_callback.py:218
                    loss:1.752651, finished 23.92%.                             
[11:43:06] INFO     Rank: 0 - Epoch:9/40, Batch:48,     progress_callback.py:218
                    loss:1.917286, finished 23.95%.                             
[11:43:10] INFO     Rank: 0 - Epoch:9/40, Batch:49,     progress_callback.py:218
                    loss:1.385707, finished 23.98%.                             
[11:43:16] INFO     Rank: 0 - Epoch:9/40, Batch:50,     progress_callback.py:218
                    loss:1.551099, finished 24.01%.                             
[11:43:21] INFO     Rank: 0 - Epoch:9/40, Batch:51,     progress_callback.py:218
                    loss:1.437798, finished 24.04%.                             
[11:43:26] INFO     Rank: 0 - Epoch:9/40, Batch:52,     progress_callback.py:218
                    loss:1.223525, finished 24.07%.                             
[11:43:30] INFO     Rank: 0 - Epoch:9/40, Batch:53,     progress_callback.py:218
                    loss:1.194387, finished 24.1%.                              
           INFO     Rank: 0 -                                   evaluator.py:317
                    **********Evaluation starts**********                       
[11:43:45] INFO     Rank: 0 - **********Evaluation              evaluator.py:349
                    ends**********                                              
                                                                                
           INFO     Rank: 0 - ----------Eval. results   progress_callback.py:233
                    on Epoch:9, Batch:53----------                              
           INFO     Rank: 0 -                           progress_callback.py:238
                    {"torch_ngram#ngram-overlap":                               
                    0.44769614934921265}                                        
 ============= save model at results/2023-03-26-10_39_31_409621/epoch-9_step-800.pt ============= 
save hyperparams in  results/2023-03-26-10_39_31_409621/hyperparams.txt
[11:43:50] INFO     Rank: 0 - Contrastive loss is                 callback.py:66
                    0.5914215564727783, nll_loss is                             
                    0.9361770153045654                                          
[11:43:51] INFO     Rank: 0 - Epoch:9/40, Batch:54,     progress_callback.py:218
                    loss:1.364769, finished 24.13%.                             
[11:43:55] INFO     Rank: 0 - Epoch:9/40, Batch:55,     progress_callback.py:218
                    loss:1.197756, finished 24.16%.                             
[11:44:00] INFO     Rank: 0 - Epoch:9/40, Batch:56,     progress_callback.py:218
                    loss:1.069481, finished 24.19%.                             
[11:44:05] INFO     Rank: 0 - Epoch:9/40, Batch:57,     progress_callback.py:218
                    loss:0.983825, finished 24.22%.                             
[11:44:09] INFO     Rank: 0 - Epoch:9/40, Batch:58,     progress_callback.py:218
                    loss:1.733779, finished 24.25%.                             
[11:44:14] INFO     Rank: 0 - Epoch:9/40, Batch:59,     progress_callback.py:218
                    loss:1.590598, finished 24.28%.                             
[11:44:19] INFO     Rank: 0 - Epoch:9/40, Batch:60,     progress_callback.py:218
                    loss:1.836283, finished 24.31%.                             
[11:44:24] INFO     Rank: 0 - Epoch:9/40, Batch:61,     progress_callback.py:218
                    loss:1.726489, finished 24.34%.                             
[11:44:31] INFO     Rank: 0 - Epoch:9/40, Batch:62,     progress_callback.py:218
                    loss:1.379671, finished 24.37%.                             
[11:44:37] INFO     Rank: 0 - Epoch:9/40, Batch:63,     progress_callback.py:218
                    loss:1.387257, finished 24.4%.                              
[11:44:43] INFO     Rank: 0 - Contrastive loss is                 callback.py:66
                    0.5631400555372238, nll_loss is                             
                    0.8438148587942124                                          
           INFO     Rank: 0 - Epoch:9/40, Batch:64,     progress_callback.py:218
                    loss:1.164409, finished 24.43%.                             
[11:44:48] INFO     Rank: 0 - Epoch:9/40, Batch:65,     progress_callback.py:218
                    loss:1.557862, finished 24.46%.                             
[11:44:52] INFO     Rank: 0 - Epoch:9/40, Batch:66,     progress_callback.py:218
                    loss:1.334895, finished 24.49%.                             
[11:44:56] INFO     Rank: 0 - Epoch:9/40, Batch:67,     progress_callback.py:218
                    loss:1.584159, finished 24.52%.                             
[11:45:01] INFO     Rank: 0 - Epoch:9/40, Batch:68,     progress_callback.py:218
                    loss:1.730592, finished 24.55%.                             
[11:45:06] INFO     Rank: 0 - Epoch:9/40, Batch:69,     progress_callback.py:218
                    loss:1.052036, finished 24.58%.                             
[11:45:10] INFO     Rank: 0 - Epoch:9/40, Batch:70,     progress_callback.py:218
                    loss:1.845612, finished 24.61%.                             
[11:45:14] INFO     Rank: 0 - Epoch:9/40, Batch:71,     progress_callback.py:218
                    loss:1.669629, finished 24.64%.                             
[11:45:17] INFO     Rank: 0 - Epoch:9/40, Batch:72,     progress_callback.py:218
                    loss:1.208925, finished 24.67%.                             
[11:45:25] INFO     Rank: 0 - Epoch:9/40, Batch:73,     progress_callback.py:218
                    loss:1.17471, finished 24.7%.                               
[11:45:28] INFO     Rank: 0 - Contrastive loss is                 callback.py:66
                    0.6011307835578918, nll_loss is                             
                    0.8747230648994446                                          
[11:45:29] INFO     Rank: 0 - Epoch:9/40, Batch:74,     progress_callback.py:218
                    loss:1.600118, finished 24.73%.                             
[11:45:34] INFO     Rank: 0 - Epoch:9/40, Batch:75,     progress_callback.py:218
                    loss:1.880713, finished 24.76%.                             
[11:45:38] INFO     Rank: 0 - Epoch:9/40, Batch:76,     progress_callback.py:218
                    loss:1.525876, finished 24.79%.                             
[11:45:42] INFO     Rank: 0 - Epoch:9/40, Batch:77,     progress_callback.py:218
                    loss:1.661007, finished 24.82%.                             
[11:45:49] INFO     Rank: 0 - Epoch:9/40, Batch:78,     progress_callback.py:218
                    loss:1.235939, finished 24.85%.                             
[11:45:52] INFO     Rank: 0 - Epoch:9/40, Batch:79,     progress_callback.py:218
                    loss:1.553093, finished 24.88%.                             
[11:45:57] INFO     Rank: 0 - Epoch:9/40, Batch:80,     progress_callback.py:218
                    loss:1.721588, finished 24.91%.                             
[11:46:00] INFO     Rank: 0 - Epoch:9/40, Batch:81,     progress_callback.py:218
                    loss:1.484142, finished 24.94%.                             
[11:46:04] INFO     Rank: 0 - Epoch:9/40, Batch:82,     progress_callback.py:218
                    loss:2.036917, finished 24.97%.                             
[11:46:07] INFO     Rank: 0 - Epoch:9/40, Batch:83,     progress_callback.py:218
                    loss:1.346563, finished 25.0%.                              
           INFO     Rank: 0 -                           progress_callback.py:204
                    **********Epoch:10 starts**********                         
[11:46:10] INFO     Rank: 0 - Contrastive loss is                 callback.py:66
                    0.5827928304672241, nll_loss is                             
                    1.0156522154808045                                          
[11:46:11] INFO     Rank: 0 - Epoch:10/40, Batch:1,     progress_callback.py:218
                    loss:1.538613, finished 25.03%.                             
[11:46:17] INFO     Rank: 0 - Epoch:10/40, Batch:2,     progress_callback.py:218
                    loss:1.356682, finished 25.06%.                             
[11:46:21] INFO     Rank: 0 - Epoch:10/40, Batch:3,     progress_callback.py:218
                    loss:1.141574, finished 25.09%.                             
[11:46:26] INFO     Rank: 0 - Epoch:10/40, Batch:4,     progress_callback.py:218
                    loss:1.547044, finished 25.12%.                             
[11:46:30] INFO     Rank: 0 - Epoch:10/40, Batch:5,     progress_callback.py:218
                    loss:1.127203, finished 25.15%.                             
[11:46:36] INFO     Rank: 0 - Epoch:10/40, Batch:6,     progress_callback.py:218
                    loss:1.070123, finished 25.18%.                             
[11:46:39] INFO     Rank: 0 - Epoch:10/40, Batch:7,     progress_callback.py:218
                    loss:1.87292, finished 25.21%.                              
[11:46:43] INFO     Rank: 0 - Epoch:10/40, Batch:8,     progress_callback.py:218
                    loss:1.986084, finished 25.24%.                             
[11:46:48] INFO     Rank: 0 - Epoch:10/40, Batch:9,     progress_callback.py:218
                    loss:1.518599, finished 25.27%.                             
[11:46:52] INFO     Rank: 0 - Epoch:10/40, Batch:10,    progress_callback.py:218
                    loss:0.996133, finished 25.3%.                              
           INFO     Rank: 0 -                                   evaluator.py:317
                    **********Evaluation starts**********                       
[11:47:07] INFO     Rank: 0 - **********Evaluation              evaluator.py:349
                    ends**********                                              
                                                                                
           INFO     Rank: 0 - ----------Eval. results   progress_callback.py:233
                    on Epoch:10, Batch:10----------                             
           INFO     Rank: 0 -                           progress_callback.py:238
                    {"torch_ngram#ngram-overlap":                               
                    0.4432103931903839}                                         
[11:47:10] INFO     Rank: 0 - Contrastive loss is                 callback.py:66
                    0.5446343064308167, nll_loss is                             
                    0.8899560034275055                                          
[11:47:11] INFO     Rank: 0 - Epoch:10/40, Batch:11,    progress_callback.py:218
                    loss:1.729541, finished 25.33%.                             
[11:47:15] INFO     Rank: 0 - Epoch:10/40, Batch:12,    progress_callback.py:218
                    loss:1.100268, finished 25.36%.                             
[11:47:19] INFO     Rank: 0 - Epoch:10/40, Batch:13,    progress_callback.py:218
                    loss:1.75526, finished 25.39%.                              
[11:47:24] INFO     Rank: 0 - Epoch:10/40, Batch:14,    progress_callback.py:218
                    loss:1.008605, finished 25.42%.                             
[11:47:29] INFO     Rank: 0 - Epoch:10/40, Batch:15,    progress_callback.py:218
                    loss:1.121855, finished 25.45%.                             
[11:47:33] INFO     Rank: 0 - Epoch:10/40, Batch:16,    progress_callback.py:218
                    loss:1.981243, finished 25.48%.                             
[11:47:38] INFO     Rank: 0 - Epoch:10/40, Batch:17,    progress_callback.py:218
                    loss:1.819484, finished 25.51%.                             
[11:47:44] INFO     Rank: 0 - Epoch:10/40, Batch:18,    progress_callback.py:218
                    loss:1.478307, finished 25.54%.                             
[11:47:48] INFO     Rank: 0 - Epoch:10/40, Batch:19,    progress_callback.py:218
                    loss:1.670693, finished 25.57%.                             
[11:47:54] INFO     Rank: 0 - Epoch:10/40, Batch:20,    progress_callback.py:218
                    loss:1.399181, finished 25.6%.                              
[11:47:58] INFO     Rank: 0 - Contrastive loss is                 callback.py:66
                    0.582685586810112, nll_loss is                              
                    0.8770979672670365                                          
           INFO     Rank: 0 - Epoch:10/40, Batch:21,    progress_callback.py:218
                    loss:1.262939, finished 25.63%.                             
[11:48:04] INFO     Rank: 0 - Epoch:10/40, Batch:22,    progress_callback.py:218
                    loss:1.147094, finished 25.66%.                             
[11:48:08] INFO     Rank: 0 - Epoch:10/40, Batch:23,    progress_callback.py:218
                    loss:1.209304, finished 25.69%.                             
[11:48:12] INFO     Rank: 0 - Epoch:10/40, Batch:24,    progress_callback.py:218
                    loss:1.368115, finished 25.72%.                             
[11:48:16] INFO     Rank: 0 - Epoch:10/40, Batch:25,    progress_callback.py:218
                    loss:1.209708, finished 25.75%.                             
[11:48:20] INFO     Rank: 0 - Epoch:10/40, Batch:26,    progress_callback.py:218
                    loss:1.506168, finished 25.78%.                             
[11:48:24] INFO     Rank: 0 - Epoch:10/40, Batch:27,    progress_callback.py:218
                    loss:1.352761, finished 25.81%.                             
[11:48:28] INFO     Rank: 0 - Epoch:10/40, Batch:28,    progress_callback.py:218
                    loss:1.811026, finished 25.84%.                             
[11:48:33] INFO     Rank: 0 - Epoch:10/40, Batch:29,    progress_callback.py:218
                    loss:1.616986, finished 25.87%.                             
[11:48:37] INFO     Rank: 0 - Epoch:10/40, Batch:30,    progress_callback.py:218
                    loss:2.044447, finished 25.9%.                              
[11:48:40] INFO     Rank: 0 - Contrastive loss is                 callback.py:66
                    0.5868294179439545, nll_loss is                             
                    0.8599941670894623                                          
[11:48:42] INFO     Rank: 0 - Epoch:10/40, Batch:31,    progress_callback.py:218
                    loss:1.202626, finished 25.93%.                             
[11:48:47] INFO     Rank: 0 - Epoch:10/40, Batch:32,    progress_callback.py:218
                    loss:0.976361, finished 25.96%.                             
[11:48:52] INFO     Rank: 0 - Epoch:10/40, Batch:33,    progress_callback.py:218
                    loss:1.634414, finished 25.99%.                             
[11:48:57] INFO     Rank: 0 - Epoch:10/40, Batch:34,    progress_callback.py:218
                    loss:1.896477, finished 26.02%.                             
[11:49:03] INFO     Rank: 0 - Epoch:10/40, Batch:35,    progress_callback.py:218
                    loss:0.90185, finished 26.05%.                              
[11:49:08] INFO     Rank: 0 - Epoch:10/40, Batch:36,    progress_callback.py:218
                    loss:1.465804, finished 26.08%.                             
[11:49:12] INFO     Rank: 0 - Epoch:10/40, Batch:37,    progress_callback.py:218
                    loss:1.558052, finished 26.11%.                             
[11:49:16] INFO     Rank: 0 - Epoch:10/40, Batch:38,    progress_callback.py:218
                    loss:0.725875, finished 26.14%.                             
[11:49:21] INFO     Rank: 0 - Epoch:10/40, Batch:39,    progress_callback.py:218
                    loss:1.727289, finished 26.17%.                             
[11:49:26] INFO     Rank: 0 - Epoch:10/40, Batch:40,    progress_callback.py:218
                    loss:1.426252, finished 26.2%.                              
[11:49:31] INFO     Rank: 0 - Contrastive loss is                 callback.py:66
                    0.5693257451057434, nll_loss is                             
                    0.7789232790470123                                          
           INFO     Rank: 0 - Epoch:10/40, Batch:41,    progress_callback.py:218
                    loss:1.170116, finished 26.23%.                             
[11:49:35] INFO     Rank: 0 - Epoch:10/40, Batch:42,    progress_callback.py:218
                    loss:1.654068, finished 26.27%.                             
[11:49:40] INFO     Rank: 0 - Epoch:10/40, Batch:43,    progress_callback.py:218
                    loss:1.960233, finished 26.3%.                              
[11:49:45] INFO     Rank: 0 - Epoch:10/40, Batch:44,    progress_callback.py:218
                    loss:1.666585, finished 26.33%.                             
[11:49:50] INFO     Rank: 0 - Epoch:10/40, Batch:45,    progress_callback.py:218
                    loss:1.083144, finished 26.36%.                             
[11:49:55] INFO     Rank: 0 - Epoch:10/40, Batch:46,    progress_callback.py:218
                    loss:0.82597, finished 26.39%.                              
[11:49:59] INFO     Rank: 0 - Epoch:10/40, Batch:47,    progress_callback.py:218
                    loss:1.11425, finished 26.42%.                              
[11:50:03] INFO     Rank: 0 - Epoch:10/40, Batch:48,    progress_callback.py:218
                    loss:1.897193, finished 26.45%.                             
[11:50:08] INFO     Rank: 0 - Epoch:10/40, Batch:49,    progress_callback.py:218
                    loss:1.58424, finished 26.48%.                              
[11:50:12] INFO     Rank: 0 - Epoch:10/40, Batch:50,    progress_callback.py:218
                    loss:1.916243, finished 26.51%.                             
           INFO     Rank: 0 -                                   evaluator.py:317
                    **********Evaluation starts**********                       
[11:50:25] INFO     Rank: 0 - **********Evaluation              evaluator.py:349
                    ends**********                                              
                                                                                
           INFO     Rank: 0 - ----------Eval. results   progress_callback.py:233
                    on Epoch:10, Batch:50----------                             
           INFO     Rank: 0 -                           progress_callback.py:238
                    {"torch_ngram#ngram-overlap":                               
                    0.44663169980049133}                                        
 ============= save model at results/2023-03-26-10_39_31_409621/epoch-10_step-880.pt ============= 
save hyperparams in  results/2023-03-26-10_39_31_409621/hyperparams.txt
[11:50:31] INFO     Rank: 0 - Contrastive loss is                 callback.py:66
                    0.616403266787529, nll_loss is                              
                    0.9321615546941757                                          
[11:50:32] INFO     Rank: 0 - Epoch:10/40, Batch:51,    progress_callback.py:218
                    loss:1.783723, finished 26.54%.                             
[11:50:36] INFO     Rank: 0 - Epoch:10/40, Batch:52,    progress_callback.py:218
                    loss:1.694923, finished 26.57%.                             
[11:50:41] INFO     Rank: 0 - Epoch:10/40, Batch:53,    progress_callback.py:218
                    loss:1.430524, finished 26.6%.                              
[11:50:45] INFO     Rank: 0 - Epoch:10/40, Batch:54,    progress_callback.py:218
                    loss:1.61264, finished 26.63%.                              
[11:50:50] INFO     Rank: 0 - Epoch:10/40, Batch:55,    progress_callback.py:218
                    loss:1.279814, finished 26.66%.                             
[11:50:56] INFO     Rank: 0 - Epoch:10/40, Batch:56,    progress_callback.py:218
                    loss:1.401552, finished 26.69%.                             
[11:51:00] INFO     Rank: 0 - Epoch:10/40, Batch:57,    progress_callback.py:218
                    loss:1.339858, finished 26.72%.                             
[11:51:06] INFO     Rank: 0 - Epoch:10/40, Batch:58,    progress_callback.py:218
                    loss:1.582789, finished 26.75%.                             
[11:51:11] INFO     Rank: 0 - Epoch:10/40, Batch:59,    progress_callback.py:218
                    loss:0.585642, finished 26.78%.                             
[11:51:16] INFO     Rank: 0 - Epoch:10/40, Batch:60,    progress_callback.py:218
                    loss:1.87052, finished 26.81%.                              
[11:51:19] INFO     Rank: 0 - Contrastive loss is                 callback.py:66
                    0.5681792393326759, nll_loss is                             
                    0.8140225812792778                                          
[11:51:21] INFO     Rank: 0 - Epoch:10/40, Batch:61,    progress_callback.py:218
                    loss:1.023757, finished 26.84%.                             
[11:51:26] INFO     Rank: 0 - Epoch:10/40, Batch:62,    progress_callback.py:218
                    loss:1.531898, finished 26.87%.                             
[11:51:31] INFO     Rank: 0 - Epoch:10/40, Batch:63,    progress_callback.py:218
                    loss:1.017932, finished 26.9%.                              
[11:51:35] INFO     Rank: 0 - Epoch:10/40, Batch:64,    progress_callback.py:218
                    loss:1.406788, finished 26.93%.                             
[11:51:39] INFO     Rank: 0 - Epoch:10/40, Batch:65,    progress_callback.py:218
                    loss:1.49212, finished 26.96%.                              
[11:51:44] INFO     Rank: 0 - Epoch:10/40, Batch:66,    progress_callback.py:218
                    loss:1.534207, finished 26.99%.                             
[11:51:48] INFO     Rank: 0 - Epoch:10/40, Batch:67,    progress_callback.py:218
                    loss:1.168893, finished 27.02%.                             
[11:51:52] INFO     Rank: 0 - Epoch:10/40, Batch:68,    progress_callback.py:218
                    loss:1.600488, finished 27.05%.                             
[11:51:57] INFO     Rank: 0 - Epoch:10/40, Batch:69,    progress_callback.py:218
                    loss:1.248045, finished 27.08%.                             
[11:52:02] INFO     Rank: 0 - Epoch:10/40, Batch:70,    progress_callback.py:218
                    loss:1.086967, finished 27.11%.                             
[11:52:06] INFO     Rank: 0 - Contrastive loss is                 callback.py:66
                    0.5712029784917831, nll_loss is                             
                    0.8003181010484696                                          
[11:52:07] INFO     Rank: 0 - Epoch:10/40, Batch:71,    progress_callback.py:218
                    loss:1.627872, finished 27.14%.                             
[11:52:10] INFO     Rank: 0 - Epoch:10/40, Batch:72,    progress_callback.py:218
                    loss:1.137524, finished 27.17%.                             
[11:52:15] INFO     Rank: 0 - Epoch:10/40, Batch:73,    progress_callback.py:218
                    loss:1.570249, finished 27.2%.                              
[11:52:19] INFO     Rank: 0 - Epoch:10/40, Batch:74,    progress_callback.py:218
                    loss:0.941005, finished 27.23%.                             
[11:52:24] INFO     Rank: 0 - Epoch:10/40, Batch:75,    progress_callback.py:218
                    loss:1.262601, finished 27.26%.                             
[11:52:28] INFO     Rank: 0 - Epoch:10/40, Batch:76,    progress_callback.py:218
                    loss:1.493734, finished 27.29%.                             
[11:52:32] INFO     Rank: 0 - Epoch:10/40, Batch:77,    progress_callback.py:218
                    loss:1.661185, finished 27.32%.                             
[11:52:36] INFO     Rank: 0 - Epoch:10/40, Batch:78,    progress_callback.py:218
                    loss:1.821352, finished 27.35%.                             
[11:52:40] INFO     Rank: 0 - Epoch:10/40, Batch:79,    progress_callback.py:218
                    loss:1.284995, finished 27.38%.                             
[11:52:46] INFO     Rank: 0 - Epoch:10/40, Batch:80,    progress_callback.py:218
                    loss:1.745783, finished 27.41%.                             
[11:52:49] INFO     Rank: 0 - Contrastive loss is                 callback.py:66
                    0.6109504550695419, nll_loss is                             
                    0.8202957540750504                                          
[11:52:50] INFO     Rank: 0 - Epoch:10/40, Batch:81,    progress_callback.py:218
                    loss:1.394035, finished 27.44%.                             
[11:52:54] INFO     Rank: 0 - Epoch:10/40, Batch:82,    progress_callback.py:218
                    loss:1.523679, finished 27.47%.                             
[11:52:56] INFO     Rank: 0 - Epoch:10/40, Batch:83,    progress_callback.py:218
                    loss:1.174868, finished 27.5%.                              
           INFO     Rank: 0 -                           progress_callback.py:204
                    **********Epoch:11 starts**********                         
[11:53:01] INFO     Rank: 0 - Epoch:11/40, Batch:1,     progress_callback.py:218
                    loss:1.499214, finished 27.53%.                             
[11:53:05] INFO     Rank: 0 - Epoch:11/40, Batch:2,     progress_callback.py:218
                    loss:1.003027, finished 27.56%.                             
[11:53:11] INFO     Rank: 0 - Epoch:11/40, Batch:3,     progress_callback.py:218
                    loss:1.345608, finished 27.59%.                             
[11:53:16] INFO     Rank: 0 - Epoch:11/40, Batch:4,     progress_callback.py:218
                    loss:1.636063, finished 27.62%.                             
[11:53:20] INFO     Rank: 0 - Epoch:11/40, Batch:5,     progress_callback.py:218
                    loss:1.653504, finished 27.65%.                             
[11:53:24] INFO     Rank: 0 - Epoch:11/40, Batch:6,     progress_callback.py:218
                    loss:1.487782, finished 27.68%.                             
[11:53:29] INFO     Rank: 0 - Epoch:11/40, Batch:7,     progress_callback.py:218
                    loss:1.55149, finished 27.71%.                              
           INFO     Rank: 0 -                                   evaluator.py:317
                    **********Evaluation starts**********                       
[11:53:44] INFO     Rank: 0 - **********Evaluation              evaluator.py:349
                    ends**********                                              
                                                                                
           INFO     Rank: 0 - ----------Eval. results   progress_callback.py:233
                    on Epoch:11, Batch:7----------                              
           INFO     Rank: 0 -                           progress_callback.py:238
                    {"torch_ngram#ngram-overlap":                               
                    0.4437536597251892}                                         
[11:53:46] INFO     Rank: 0 - Contrastive loss is                 callback.py:66
                    0.5565139889717102, nll_loss is                             
                    0.8853530764579773                                          
[11:53:48] INFO     Rank: 0 - Epoch:11/40, Batch:8,     progress_callback.py:218
                    loss:1.543436, finished 27.74%.                             
[11:53:53] INFO     Rank: 0 - Epoch:11/40, Batch:9,     progress_callback.py:218
                    loss:1.491461, finished 27.77%.                             
[11:53:58] INFO     Rank: 0 - Epoch:11/40, Batch:10,    progress_callback.py:218
                    loss:1.235654, finished 27.8%.                              
[11:54:02] INFO     Rank: 0 - Epoch:11/40, Batch:11,    progress_callback.py:218
                    loss:1.47934, finished 27.83%.                              
[11:54:07] INFO     Rank: 0 - Epoch:11/40, Batch:12,    progress_callback.py:218
                    loss:1.577948, finished 27.86%.                             
[11:54:11] INFO     Rank: 0 - Epoch:11/40, Batch:13,    progress_callback.py:218
                    loss:1.776796, finished 27.89%.                             
[11:54:16] INFO     Rank: 0 - Epoch:11/40, Batch:14,    progress_callback.py:218
                    loss:1.052502, finished 27.92%.                             
[11:54:20] INFO     Rank: 0 - Epoch:11/40, Batch:15,    progress_callback.py:218
                    loss:0.76059, finished 27.95%.                              
[11:54:24] INFO     Rank: 0 - Epoch:11/40, Batch:16,    progress_callback.py:218
                    loss:1.666282, finished 27.98%.                             
[11:54:28] INFO     Rank: 0 - Epoch:11/40, Batch:17,    progress_callback.py:218
                    loss:1.602919, finished 28.01%.                             
[11:54:32] INFO     Rank: 0 - Contrastive loss is                 callback.py:66
                    0.617400199174881, nll_loss is                              
                    0.7761990845203399                                          
[11:54:33] INFO     Rank: 0 - Epoch:11/40, Batch:18,    progress_callback.py:218
                    loss:1.292502, finished 28.04%.                             
[11:54:39] INFO     Rank: 0 - Epoch:11/40, Batch:19,    progress_callback.py:218
                    loss:1.550563, finished 28.07%.                             
[11:54:44] INFO     Rank: 0 - Epoch:11/40, Batch:20,    progress_callback.py:218
                    loss:1.889339, finished 28.1%.                              
[11:54:48] INFO     Rank: 0 - Epoch:11/40, Batch:21,    progress_callback.py:218
                    loss:1.630715, finished 28.13%.                             
[11:54:56] INFO     Rank: 0 - Epoch:11/40, Batch:22,    progress_callback.py:218
                    loss:1.42769, finished 28.16%.                              
[11:55:01] INFO     Rank: 0 - Epoch:11/40, Batch:23,    progress_callback.py:218
                    loss:1.256963, finished 28.19%.                             
[11:55:05] INFO     Rank: 0 - Epoch:11/40, Batch:24,    progress_callback.py:218
                    loss:0.990694, finished 28.22%.                             
[11:55:09] INFO     Rank: 0 - Epoch:11/40, Batch:25,    progress_callback.py:218
                    loss:1.252672, finished 28.25%.                             
[11:55:14] INFO     Rank: 0 - Epoch:11/40, Batch:26,    progress_callback.py:218
                    loss:1.586734, finished 28.28%.                             
[11:55:20] INFO     Rank: 0 - Epoch:11/40, Batch:27,    progress_callback.py:218
                    loss:1.122379, finished 28.31%.                             
[11:55:23] INFO     Rank: 0 - Contrastive loss is                 callback.py:66
                    0.5676724284887313, nll_loss is                             
                    0.8466451197862626                                          
[11:55:24] INFO     Rank: 0 - Epoch:11/40, Batch:28,    progress_callback.py:218
                    loss:1.435426, finished 28.34%.                             
[11:55:28] INFO     Rank: 0 - Epoch:11/40, Batch:29,    progress_callback.py:218
                    loss:1.468302, finished 28.37%.                             
[11:55:32] INFO     Rank: 0 - Epoch:11/40, Batch:30,    progress_callback.py:218
                    loss:0.949643, finished 28.4%.                              
[11:55:38] INFO     Rank: 0 - Epoch:11/40, Batch:31,    progress_callback.py:218
                    loss:1.752525, finished 28.43%.                             
[11:55:43] INFO     Rank: 0 - Epoch:11/40, Batch:32,    progress_callback.py:218
                    loss:1.605162, finished 28.46%.                             
[11:55:49] INFO     Rank: 0 - Epoch:11/40, Batch:33,    progress_callback.py:218
                    loss:1.329748, finished 28.49%.                             
[11:55:54] INFO     Rank: 0 - Epoch:11/40, Batch:34,    progress_callback.py:218
                    loss:1.274081, finished 28.52%.                             
[11:55:58] INFO     Rank: 0 - Epoch:11/40, Batch:35,    progress_callback.py:218
                    loss:1.577247, finished 28.55%.                             
[11:56:02] INFO     Rank: 0 - Epoch:11/40, Batch:36,    progress_callback.py:218
                    loss:1.353209, finished 28.58%.                             
[11:56:07] INFO     Rank: 0 - Epoch:11/40, Batch:37,    progress_callback.py:218
                    loss:1.355925, finished 28.61%.                             
[11:56:10] INFO     Rank: 0 - Contrastive loss is                 callback.py:66
                    0.6398783326148987, nll_loss is                             
                    0.8096958994865417                                          
[11:56:11] INFO     Rank: 0 - Epoch:11/40, Batch:38,    progress_callback.py:218
                    loss:1.829901, finished 28.64%.                             
[11:56:17] INFO     Rank: 0 - Epoch:11/40, Batch:39,    progress_callback.py:218
                    loss:1.615515, finished 28.67%.                             
[11:56:22] INFO     Rank: 0 - Epoch:11/40, Batch:40,    progress_callback.py:218
                    loss:1.784633, finished 28.7%.                              
[11:56:26] INFO     Rank: 0 - Epoch:11/40, Batch:41,    progress_callback.py:218
                    loss:1.392115, finished 28.73%.                             
[11:56:30] INFO     Rank: 0 - Epoch:11/40, Batch:42,    progress_callback.py:218
                    loss:1.158102, finished 28.77%.                             
[11:56:35] INFO     Rank: 0 - Epoch:11/40, Batch:43,    progress_callback.py:218
                    loss:1.549873, finished 28.8%.                              
[11:56:40] INFO     Rank: 0 - Epoch:11/40, Batch:44,    progress_callback.py:218
                    loss:1.269917, finished 28.83%.                             
[11:56:45] INFO     Rank: 0 - Epoch:11/40, Batch:45,    progress_callback.py:218
                    loss:1.585706, finished 28.86%.                             
[11:56:49] INFO     Rank: 0 - Epoch:11/40, Batch:46,    progress_callback.py:218
                    loss:1.349811, finished 28.89%.                             
[11:56:53] INFO     Rank: 0 - Epoch:11/40, Batch:47,    progress_callback.py:218
                    loss:1.419618, finished 28.92%.                             
           INFO     Rank: 0 -                                   evaluator.py:317
                    **********Evaluation starts**********                       
[11:57:07] INFO     Rank: 0 - **********Evaluation              evaluator.py:349
                    ends**********                                              
                                                                                
           INFO     Rank: 0 - ----------Eval. results   progress_callback.py:233
                    on Epoch:11, Batch:47----------                             
           INFO     Rank: 0 -                           progress_callback.py:238
                    {"torch_ngram#ngram-overlap":                               
                    0.4476654827594757}                                         
 ============= save model at results/2023-03-26-10_39_31_409621/epoch-11_step-960.pt ============= 
save hyperparams in  results/2023-03-26-10_39_31_409621/hyperparams.txt
[11:57:12] INFO     Rank: 0 - Contrastive loss is                 callback.py:66
                    0.5566185295581818, nll_loss is                             
                    0.8932985365390778                                          
           INFO     Rank: 0 - Epoch:11/40, Batch:48,    progress_callback.py:218
                    loss:1.373881, finished 28.95%.                             
[11:57:16] INFO     Rank: 0 - Epoch:11/40, Batch:49,    progress_callback.py:218
                    loss:1.326329, finished 28.98%.                             
[11:57:21] INFO     Rank: 0 - Epoch:11/40, Batch:50,    progress_callback.py:218
                    loss:1.447881, finished 29.01%.                             
[11:57:26] INFO     Rank: 0 - Epoch:11/40, Batch:51,    progress_callback.py:218
                    loss:1.839011, finished 29.04%.                             
[11:57:30] INFO     Rank: 0 - Epoch:11/40, Batch:52,    progress_callback.py:218
                    loss:1.442246, finished 29.07%.                             
[11:57:35] INFO     Rank: 0 - Epoch:11/40, Batch:53,    progress_callback.py:218
                    loss:0.881819, finished 29.1%.                              
[11:57:44] INFO     Rank: 0 - Epoch:11/40, Batch:54,    progress_callback.py:218
                    loss:1.198838, finished 29.13%.                             
[11:57:49] INFO     Rank: 0 - Epoch:11/40, Batch:55,    progress_callback.py:218
                    loss:1.065425, finished 29.16%.                             
[11:57:53] INFO     Rank: 0 - Epoch:11/40, Batch:56,    progress_callback.py:218
                    loss:1.295935, finished 29.19%.                             
[11:57:57] INFO     Rank: 0 - Epoch:11/40, Batch:57,    progress_callback.py:218
                    loss:1.243255, finished 29.22%.                             
[11:58:01] INFO     Rank: 0 - Contrastive loss is                 callback.py:66
                    0.5578812241554261, nll_loss is                             
                    0.7840400099754333                                          
[11:58:02] INFO     Rank: 0 - Epoch:11/40, Batch:58,    progress_callback.py:218
                    loss:1.678473, finished 29.25%.                             
[11:58:07] INFO     Rank: 0 - Epoch:11/40, Batch:59,    progress_callback.py:218
                    loss:1.671205, finished 29.28%.                             
[11:58:11] INFO     Rank: 0 - Epoch:11/40, Batch:60,    progress_callback.py:218
                    loss:1.274836, finished 29.31%.                             
[11:58:15] INFO     Rank: 0 - Epoch:11/40, Batch:61,    progress_callback.py:218
                    loss:1.46769, finished 29.34%.                              
[11:58:21] INFO     Rank: 0 - Epoch:11/40, Batch:62,    progress_callback.py:218
                    loss:0.992684, finished 29.37%.                             
[11:58:25] INFO     Rank: 0 - Epoch:11/40, Batch:63,    progress_callback.py:218
                    loss:1.499219, finished 29.4%.                              
[11:58:30] INFO     Rank: 0 - Epoch:11/40, Batch:64,    progress_callback.py:218
                    loss:1.305436, finished 29.43%.                             
[11:58:34] INFO     Rank: 0 - Epoch:11/40, Batch:65,    progress_callback.py:218
                    loss:1.659121, finished 29.46%.                             
[11:58:39] INFO     Rank: 0 - Epoch:11/40, Batch:66,    progress_callback.py:218
                    loss:1.626751, finished 29.49%.                             
[11:58:43] INFO     Rank: 0 - Epoch:11/40, Batch:67,    progress_callback.py:218
                    loss:1.522725, finished 29.52%.                             
[11:58:46] INFO     Rank: 0 - Contrastive loss is                 callback.py:66
                    0.5787573337554932, nll_loss is                             
                    0.8645445108413696                                          
[11:58:48] INFO     Rank: 0 - Epoch:11/40, Batch:68,    progress_callback.py:218
                    loss:1.413353, finished 29.55%.                             
[11:58:52] INFO     Rank: 0 - Epoch:11/40, Batch:69,    progress_callback.py:218
                    loss:1.235429, finished 29.58%.                             
[11:58:57] INFO     Rank: 0 - Epoch:11/40, Batch:70,    progress_callback.py:218
                    loss:1.685178, finished 29.61%.                             
[11:59:02] INFO     Rank: 0 - Epoch:11/40, Batch:71,    progress_callback.py:218
                    loss:1.427055, finished 29.64%.                             
[11:59:06] INFO     Rank: 0 - Epoch:11/40, Batch:72,    progress_callback.py:218
                    loss:1.923967, finished 29.67%.                             
[11:59:10] INFO     Rank: 0 - Epoch:11/40, Batch:73,    progress_callback.py:218
                    loss:0.911172, finished 29.7%.                              
[11:59:14] INFO     Rank: 0 - Epoch:11/40, Batch:74,    progress_callback.py:218
                    loss:1.555696, finished 29.73%.                             
[11:59:19] INFO     Rank: 0 - Epoch:11/40, Batch:75,    progress_callback.py:218
                    loss:1.340344, finished 29.76%.                             
[11:59:23] INFO     Rank: 0 - Epoch:11/40, Batch:76,    progress_callback.py:218
                    loss:1.249597, finished 29.79%.                             
[11:59:27] INFO     Rank: 0 - Epoch:11/40, Batch:77,    progress_callback.py:218
                    loss:1.554788, finished 29.82%.                             
[11:59:30] INFO     Rank: 0 - Contrastive loss is                 callback.py:66
                    0.5870189249515534, nll_loss is                             
                    0.8471017062664032                                          
[11:59:33] INFO     Rank: 0 - Epoch:11/40, Batch:78,    progress_callback.py:218
                    loss:1.45798, finished 29.85%.                              
[11:59:37] INFO     Rank: 0 - Epoch:11/40, Batch:79,    progress_callback.py:218
                    loss:1.732424, finished 29.88%.                             
[11:59:41] INFO     Rank: 0 - Epoch:11/40, Batch:80,    progress_callback.py:218
                    loss:1.732875, finished 29.91%.                             
[11:59:46] INFO     Rank: 0 - Epoch:11/40, Batch:81,    progress_callback.py:218
                    loss:1.322596, finished 29.94%.                             
[11:59:51] INFO     Rank: 0 - Epoch:11/40, Batch:82,    progress_callback.py:218
                    loss:1.124686, finished 29.97%.                             
[11:59:53] INFO     Rank: 0 - Epoch:11/40, Batch:83,    progress_callback.py:218
                    loss:1.244796, finished 30.0%.                              
           INFO     Rank: 0 -                           progress_callback.py:204
                    **********Epoch:12 starts**********                         
[11:59:58] INFO     Rank: 0 - Epoch:12/40, Batch:1,     progress_callback.py:218
                    loss:1.229728, finished 30.03%.                             
[12:00:03] INFO     Rank: 0 - Epoch:12/40, Batch:2,     progress_callback.py:218
                    loss:1.220862, finished 30.06%.                             
[12:00:08] INFO     Rank: 0 - Epoch:12/40, Batch:3,     progress_callback.py:218
                    loss:1.387716, finished 30.09%.                             
[12:00:16] INFO     Rank: 0 - Epoch:12/40, Batch:4,     progress_callback.py:218
                    loss:1.464236, finished 30.12%.                             
           INFO     Rank: 0 -                                   evaluator.py:317
                    **********Evaluation starts**********                       
[12:00:30] INFO     Rank: 0 - **********Evaluation              evaluator.py:349
                    ends**********                                              
                                                                                
           INFO     Rank: 0 - ----------Eval. results   progress_callback.py:233
                    on Epoch:12, Batch:4----------                              
           INFO     Rank: 0 -                           progress_callback.py:238
                    {"torch_ngram#ngram-overlap":                               
                    0.4478836953639984}                                         
 ============= save model at results/2023-03-26-10_39_31_409621/epoch-12_step-1000.pt ============= 
save hyperparams in  results/2023-03-26-10_39_31_409621/hyperparams.txt
[12:00:35] INFO     Rank: 0 - Contrastive loss is                 callback.py:66
                    0.542765137553215, nll_loss is                              
                    0.8492827445268631                                          
           INFO     Rank: 0 - Epoch:12/40, Batch:5,     progress_callback.py:218
                    loss:1.460559, finished 30.15%.                             
[12:00:45] INFO     Rank: 0 - Epoch:12/40, Batch:6,     progress_callback.py:218
                    loss:2.294471, finished 30.18%.                             
[12:00:50] INFO     Rank: 0 - Epoch:12/40, Batch:7,     progress_callback.py:218
                    loss:1.819039, finished 30.21%.                             
[12:00:55] INFO     Rank: 0 - Epoch:12/40, Batch:8,     progress_callback.py:218
                    loss:1.489129, finished 30.24%.                             
[12:00:59] INFO     Rank: 0 - Epoch:12/40, Batch:9,     progress_callback.py:218
                    loss:1.528614, finished 30.27%.                             
[12:01:03] INFO     Rank: 0 - Epoch:12/40, Batch:10,    progress_callback.py:218
                    loss:1.311993, finished 30.3%.                              
[12:01:07] INFO     Rank: 0 - Epoch:12/40, Batch:11,    progress_callback.py:218
                    loss:1.244462, finished 30.33%.                             
[12:01:12] INFO     Rank: 0 - Epoch:12/40, Batch:12,    progress_callback.py:218
                    loss:1.461177, finished 30.36%.                             
[12:01:17] INFO     Rank: 0 - Epoch:12/40, Batch:13,    progress_callback.py:218
                    loss:1.655837, finished 30.39%.                             
[12:01:22] INFO     Rank: 0 - Epoch:12/40, Batch:14,    progress_callback.py:218
                    loss:0.854894, finished 30.42%.                             
[12:01:26] INFO     Rank: 0 - Contrastive loss is                 callback.py:66
                    0.521908962726593, nll_loss is                              
                    0.9417101263999939                                          
[12:01:27] INFO     Rank: 0 - Epoch:12/40, Batch:15,    progress_callback.py:218
                    loss:0.976576, finished 30.45%.                             
[12:01:30] INFO     Rank: 0 - Epoch:12/40, Batch:16,    progress_callback.py:218
                    loss:1.219575, finished 30.48%.                             
[12:01:34] INFO     Rank: 0 - Epoch:12/40, Batch:17,    progress_callback.py:218
                    loss:1.615961, finished 30.51%.                             
[12:01:40] INFO     Rank: 0 - Epoch:12/40, Batch:18,    progress_callback.py:218
                    loss:1.613966, finished 30.54%.                             
[12:01:44] INFO     Rank: 0 - Epoch:12/40, Batch:19,    progress_callback.py:218
                    loss:1.577566, finished 30.57%.                             
[12:01:49] INFO     Rank: 0 - Epoch:12/40, Batch:20,    progress_callback.py:218
                    loss:1.394072, finished 30.6%.                              
[12:01:55] INFO     Rank: 0 - Epoch:12/40, Batch:21,    progress_callback.py:218
                    loss:1.56456, finished 30.63%.                              
[12:02:00] INFO     Rank: 0 - Epoch:12/40, Batch:22,    progress_callback.py:218
                    loss:1.023091, finished 30.66%.                             
[12:02:05] INFO     Rank: 0 - Epoch:12/40, Batch:23,    progress_callback.py:218
                    loss:1.257764, finished 30.69%.                             
[12:02:10] INFO     Rank: 0 - Epoch:12/40, Batch:24,    progress_callback.py:218
                    loss:1.202402, finished 30.72%.                             
[12:02:14] INFO     Rank: 0 - Contrastive loss is                 callback.py:66
                    0.585555762052536, nll_loss is                              
                    0.8049804866313934                                          
[12:02:15] INFO     Rank: 0 - Epoch:12/40, Batch:25,    progress_callback.py:218
                    loss:1.436405, finished 30.75%.                             
[12:02:20] INFO     Rank: 0 - Epoch:12/40, Batch:26,    progress_callback.py:218
                    loss:1.087748, finished 30.78%.                             
[12:02:24] INFO     Rank: 0 - Epoch:12/40, Batch:27,    progress_callback.py:218
                    loss:0.945226, finished 30.81%.                             
[12:02:30] INFO     Rank: 0 - Epoch:12/40, Batch:28,    progress_callback.py:218
                    loss:1.524649, finished 30.84%.                             
[12:02:34] INFO     Rank: 0 - Epoch:12/40, Batch:29,    progress_callback.py:218
                    loss:1.414979, finished 30.87%.                             
[12:02:38] INFO     Rank: 0 - Epoch:12/40, Batch:30,    progress_callback.py:218
                    loss:1.148379, finished 30.9%.                              
[12:02:42] INFO     Rank: 0 - Epoch:12/40, Batch:31,    progress_callback.py:218
                    loss:1.113442, finished 30.93%.                             
[12:02:46] INFO     Rank: 0 - Epoch:12/40, Batch:32,    progress_callback.py:218
                    loss:1.213006, finished 30.96%.                             
[12:02:51] INFO     Rank: 0 - Epoch:12/40, Batch:33,    progress_callback.py:218
                    loss:1.338524, finished 30.99%.                             
[12:02:56] INFO     Rank: 0 - Epoch:12/40, Batch:34,    progress_callback.py:218
                    loss:1.11428, finished 31.02%.                              
[12:02:58] INFO     Rank: 0 - Contrastive loss is                 callback.py:66
                    0.4454203575849533, nll_loss is                             
                    0.7533308535814285                                          
[12:03:01] INFO     Rank: 0 - Epoch:12/40, Batch:35,    progress_callback.py:218
                    loss:1.087278, finished 31.05%.                             
[12:03:04] INFO     Rank: 0 - Epoch:12/40, Batch:36,    progress_callback.py:218
                    loss:1.440122, finished 31.08%.                             
[12:03:09] INFO     Rank: 0 - Epoch:12/40, Batch:37,    progress_callback.py:218
                    loss:1.472679, finished 31.11%.                             
[12:03:14] INFO     Rank: 0 - Epoch:12/40, Batch:38,    progress_callback.py:218
                    loss:1.187948, finished 31.14%.                             
[12:03:20] INFO     Rank: 0 - Epoch:12/40, Batch:39,    progress_callback.py:218
                    loss:1.588221, finished 31.17%.                             
[12:03:25] INFO     Rank: 0 - Epoch:12/40, Batch:40,    progress_callback.py:218
                    loss:1.403861, finished 31.2%.                              
[12:03:28] INFO     Rank: 0 - Epoch:12/40, Batch:41,    progress_callback.py:218
                    loss:0.980066, finished 31.23%.                             
[12:03:32] INFO     Rank: 0 - Epoch:12/40, Batch:42,    progress_callback.py:218
                    loss:1.272323, finished 31.27%.                             
[12:03:37] INFO     Rank: 0 - Epoch:12/40, Batch:43,    progress_callback.py:218
                    loss:1.25876, finished 31.3%.                               
[12:03:42] INFO     Rank: 0 - Epoch:12/40, Batch:44,    progress_callback.py:218
                    loss:1.797235, finished 31.33%.                             
           INFO     Rank: 0 -                                   evaluator.py:317
                    **********Evaluation starts**********                       
[12:03:56] INFO     Rank: 0 - **********Evaluation              evaluator.py:349
                    ends**********                                              
                                                                                
           INFO     Rank: 0 - ----------Eval. results   progress_callback.py:233
                    on Epoch:12, Batch:44----------                             
           INFO     Rank: 0 -                           progress_callback.py:238
                    {"torch_ngram#ngram-overlap":                               
                    0.4479926526546478}                                         
 ============= save model at results/2023-03-26-10_39_31_409621/epoch-12_step-1040.pt ============= 
save hyperparams in  results/2023-03-26-10_39_31_409621/hyperparams.txt
[12:04:01] INFO     Rank: 0 - Contrastive loss is                 callback.py:66
                    0.5959472984075547, nll_loss is                             
                    0.7609254390001297                                          
           INFO     Rank: 0 - Epoch:12/40, Batch:45,    progress_callback.py:218
                    loss:1.167511, finished 31.36%.                             
[12:04:05] INFO     Rank: 0 - Epoch:12/40, Batch:46,    progress_callback.py:218
                    loss:1.577451, finished 31.39%.                             
[12:04:10] INFO     Rank: 0 - Epoch:12/40, Batch:47,    progress_callback.py:218
                    loss:1.54813, finished 31.42%.                              
[12:04:17] INFO     Rank: 0 - Epoch:12/40, Batch:48,    progress_callback.py:218
                    loss:1.406046, finished 31.45%.                             
[12:04:25] INFO     Rank: 0 - Epoch:12/40, Batch:49,    progress_callback.py:218
                    loss:1.091594, finished 31.48%.                             
[12:04:30] INFO     Rank: 0 - Epoch:12/40, Batch:50,    progress_callback.py:218
                    loss:1.54601, finished 31.51%.                              
[12:04:34] INFO     Rank: 0 - Epoch:12/40, Batch:51,    progress_callback.py:218
                    loss:1.360611, finished 31.54%.                             
[12:04:39] INFO     Rank: 0 - Epoch:12/40, Batch:52,    progress_callback.py:218
                    loss:0.85781, finished 31.57%.                              
[12:04:42] INFO     Rank: 0 - Epoch:12/40, Batch:53,    progress_callback.py:218
                    loss:1.553135, finished 31.6%.                              
[12:04:46] INFO     Rank: 0 - Epoch:12/40, Batch:54,    progress_callback.py:218
                    loss:1.064951, finished 31.63%.                             
[12:04:49] INFO     Rank: 0 - Contrastive loss is                 callback.py:66
                    0.568784874677658, nll_loss is                              
                    0.7658086657524109                                          
[12:04:50] INFO     Rank: 0 - Epoch:12/40, Batch:55,    progress_callback.py:218
                    loss:1.340197, finished 31.66%.                             
[12:04:56] INFO     Rank: 0 - Epoch:12/40, Batch:56,    progress_callback.py:218
                    loss:1.537063, finished 31.69%.                             
[12:05:00] INFO     Rank: 0 - Epoch:12/40, Batch:57,    progress_callback.py:218
                    loss:1.682187, finished 31.72%.                             
[12:05:06] INFO     Rank: 0 - Epoch:12/40, Batch:58,    progress_callback.py:218
                    loss:1.628859, finished 31.75%.                             
[12:05:10] INFO     Rank: 0 - Epoch:12/40, Batch:59,    progress_callback.py:218
                    loss:0.937343, finished 31.78%.                             
[12:05:14] INFO     Rank: 0 - Epoch:12/40, Batch:60,    progress_callback.py:218
                    loss:1.584955, finished 31.81%.                             
[12:05:18] INFO     Rank: 0 - Epoch:12/40, Batch:61,    progress_callback.py:218
                    loss:1.129184, finished 31.84%.                             
[12:05:23] INFO     Rank: 0 - Epoch:12/40, Batch:62,    progress_callback.py:218
                    loss:1.28391, finished 31.87%.                              
[12:05:28] INFO     Rank: 0 - Epoch:12/40, Batch:63,    progress_callback.py:218
                    loss:1.111036, finished 31.9%.                              
[12:05:33] INFO     Rank: 0 - Epoch:12/40, Batch:64,    progress_callback.py:218
                    loss:1.080054, finished 31.93%.                             
[12:05:36] INFO     Rank: 0 - Contrastive loss is                 callback.py:66
                    0.5613943010568618, nll_loss is                             
                    0.7592281728982926                                          
[12:05:37] INFO     Rank: 0 - Epoch:12/40, Batch:65,    progress_callback.py:218
                    loss:1.231633, finished 31.96%.                             
[12:05:40] INFO     Rank: 0 - Epoch:12/40, Batch:66,    progress_callback.py:218
                    loss:1.48892, finished 31.99%.                              
[12:05:47] INFO     Rank: 0 - Epoch:12/40, Batch:67,    progress_callback.py:218
                    loss:1.032229, finished 32.02%.                             
[12:05:51] INFO     Rank: 0 - Epoch:12/40, Batch:68,    progress_callback.py:218
                    loss:1.26255, finished 32.05%.                              
[12:05:56] INFO     Rank: 0 - Epoch:12/40, Batch:69,    progress_callback.py:218
                    loss:1.405064, finished 32.08%.                             
[12:06:00] INFO     Rank: 0 - Epoch:12/40, Batch:70,    progress_callback.py:218
                    loss:1.439569, finished 32.11%.                             
[12:06:05] INFO     Rank: 0 - Epoch:12/40, Batch:71,    progress_callback.py:218
                    loss:1.700326, finished 32.14%.                             
[12:06:08] INFO     Rank: 0 - Epoch:12/40, Batch:72,    progress_callback.py:218
                    loss:1.740443, finished 32.17%.                             
[12:06:13] INFO     Rank: 0 - Epoch:12/40, Batch:73,    progress_callback.py:218
                    loss:1.557306, finished 32.2%.                              
[12:06:18] INFO     Rank: 0 - Epoch:12/40, Batch:74,    progress_callback.py:218
                    loss:0.923591, finished 32.23%.                             
[12:06:21] INFO     Rank: 0 - Contrastive loss is                 callback.py:66
                    0.5935415983200073, nll_loss is                             
                    0.8117769718170166                                          
[12:06:22] INFO     Rank: 0 - Epoch:12/40, Batch:75,    progress_callback.py:218
                    loss:1.503188, finished 32.26%.                             
[12:06:27] INFO     Rank: 0 - Epoch:12/40, Batch:76,    progress_callback.py:218
                    loss:1.376812, finished 32.29%.                             
[12:06:32] INFO     Rank: 0 - Epoch:12/40, Batch:77,    progress_callback.py:218
                    loss:1.240218, finished 32.32%.                             
[12:06:36] INFO     Rank: 0 - Epoch:12/40, Batch:78,    progress_callback.py:218
                    loss:1.36692, finished 32.35%.                              
[12:06:42] INFO     Rank: 0 - Epoch:12/40, Batch:79,    progress_callback.py:218
                    loss:1.331006, finished 32.38%.                             
[12:06:46] INFO     Rank: 0 - Epoch:12/40, Batch:80,    progress_callback.py:218
                    loss:1.423949, finished 32.41%.                             
[12:06:53] INFO     Rank: 0 - Epoch:12/40, Batch:81,    progress_callback.py:218
                    loss:1.329337, finished 32.44%.                             
[12:06:58] INFO     Rank: 0 - Epoch:12/40, Batch:82,    progress_callback.py:218
                    loss:1.450493, finished 32.47%.                             
[12:07:00] INFO     Rank: 0 - Epoch:12/40, Batch:83,    progress_callback.py:218
                    loss:1.727155, finished 32.5%.                              
           INFO     Rank: 0 -                           progress_callback.py:204
                    **********Epoch:13 starts**********                         
[12:07:06] INFO     Rank: 0 - Epoch:13/40, Batch:1,     progress_callback.py:218
                    loss:1.978869, finished 32.53%.                             
           INFO     Rank: 0 -                                   evaluator.py:317
                    **********Evaluation starts**********                       
[12:07:19] INFO     Rank: 0 - **********Evaluation              evaluator.py:349
                    ends**********                                              
                                                                                
           INFO     Rank: 0 - ----------Eval. results   progress_callback.py:233
                    on Epoch:13, Batch:1----------                              
           INFO     Rank: 0 -                           progress_callback.py:238
                    {"torch_ngram#ngram-overlap":                               
                    0.4467345178127289}                                         
[12:07:22] INFO     Rank: 0 - Contrastive loss is                 callback.py:66
                    0.6465633094310761, nll_loss is                             
                    0.8073799908161163                                          
[12:07:23] INFO     Rank: 0 - Epoch:13/40, Batch:2,     progress_callback.py:218
                    loss:1.314675, finished 32.56%.                             
[12:07:27] INFO     Rank: 0 - Epoch:13/40, Batch:3,     progress_callback.py:218
                    loss:1.292527, finished 32.59%.                             
[12:07:32] INFO     Rank: 0 - Epoch:13/40, Batch:4,     progress_callback.py:218
                    loss:1.226004, finished 32.62%.                             
[12:07:37] INFO     Rank: 0 - Epoch:13/40, Batch:5,     progress_callback.py:218
                    loss:1.623394, finished 32.65%.                             
[12:07:42] INFO     Rank: 0 - Epoch:13/40, Batch:6,     progress_callback.py:218
                    loss:1.998809, finished 32.68%.                             
[12:07:46] INFO     Rank: 0 - Epoch:13/40, Batch:7,     progress_callback.py:218
                    loss:1.217033, finished 32.71%.                             
[12:07:50] INFO     Rank: 0 - Epoch:13/40, Batch:8,     progress_callback.py:218
                    loss:1.777576, finished 32.74%.                             
[12:07:54] INFO     Rank: 0 - Epoch:13/40, Batch:9,     progress_callback.py:218
                    loss:1.449874, finished 32.77%.                             
[12:07:58] INFO     Rank: 0 - Epoch:13/40, Batch:10,    progress_callback.py:218
                    loss:1.484366, finished 32.8%.                              
[12:08:03] INFO     Rank: 0 - Epoch:13/40, Batch:11,    progress_callback.py:218
                    loss:1.609787, finished 32.83%.                             
[12:08:06] INFO     Rank: 0 - Contrastive loss is                 callback.py:66
                    0.6098903626203537, nll_loss is                             
                    0.91688931286335                                            
[12:08:07] INFO     Rank: 0 - Epoch:13/40, Batch:12,    progress_callback.py:218
                    loss:1.588428, finished 32.86%.                             
[12:08:12] INFO     Rank: 0 - Epoch:13/40, Batch:13,    progress_callback.py:218
                    loss:1.113616, finished 32.89%.                             
[12:08:16] INFO     Rank: 0 - Epoch:13/40, Batch:14,    progress_callback.py:218
                    loss:1.643585, finished 32.92%.                             
[12:08:22] INFO     Rank: 0 - Epoch:13/40, Batch:15,    progress_callback.py:218
                    loss:1.709052, finished 32.95%.                             
[12:08:26] INFO     Rank: 0 - Epoch:13/40, Batch:16,    progress_callback.py:218
                    loss:1.873654, finished 32.98%.                             
[12:08:30] INFO     Rank: 0 - Epoch:13/40, Batch:17,    progress_callback.py:218
                    loss:1.306555, finished 33.01%.                             
[12:08:34] INFO     Rank: 0 - Epoch:13/40, Batch:18,    progress_callback.py:218
                    loss:1.405197, finished 33.04%.                             
[12:08:39] INFO     Rank: 0 - Epoch:13/40, Batch:19,    progress_callback.py:218
                    loss:1.449676, finished 33.07%.                             
[12:08:43] INFO     Rank: 0 - Epoch:13/40, Batch:20,    progress_callback.py:218
                    loss:1.392336, finished 33.1%.                              
[12:08:48] INFO     Rank: 0 - Epoch:13/40, Batch:21,    progress_callback.py:218
                    loss:1.393778, finished 33.13%.                             
[12:08:52] INFO     Rank: 0 - Contrastive loss is                 callback.py:66
                    0.5856580913066864, nll_loss is                             
                    0.8601152837276459                                          
           INFO     Rank: 0 - Epoch:13/40, Batch:22,    progress_callback.py:218
                    loss:1.170284, finished 33.16%.                             
[12:08:57] INFO     Rank: 0 - Epoch:13/40, Batch:23,    progress_callback.py:218
                    loss:1.269393, finished 33.19%.                             
[12:09:01] INFO     Rank: 0 - Epoch:13/40, Batch:24,    progress_callback.py:218
                    loss:1.58442, finished 33.22%.                              
[12:09:05] INFO     Rank: 0 - Epoch:13/40, Batch:25,    progress_callback.py:218
                    loss:1.678595, finished 33.25%.                             
[12:09:11] INFO     Rank: 0 - Epoch:13/40, Batch:26,    progress_callback.py:218
                    loss:1.277628, finished 33.28%.                             
[12:09:16] INFO     Rank: 0 - Epoch:13/40, Batch:27,    progress_callback.py:218
                    loss:1.431119, finished 33.31%.                             
[12:09:23] INFO     Rank: 0 - Epoch:13/40, Batch:28,    progress_callback.py:218
                    loss:1.206735, finished 33.34%.                             
[12:09:27] INFO     Rank: 0 - Epoch:13/40, Batch:29,    progress_callback.py:218
                    loss:1.423005, finished 33.37%.                             
[12:09:32] INFO     Rank: 0 - Epoch:13/40, Batch:30,    progress_callback.py:218
                    loss:1.342463, finished 33.4%.                              
[12:09:37] INFO     Rank: 0 - Epoch:13/40, Batch:31,    progress_callback.py:218
                    loss:1.170799, finished 33.43%.                             
[12:09:39] INFO     Rank: 0 - Contrastive loss is                 callback.py:66
                    0.58117396235466, nll_loss is                               
                    0.8030675709247589                                          
[12:09:42] INFO     Rank: 0 - Epoch:13/40, Batch:32,    progress_callback.py:218
                    loss:1.458257, finished 33.46%.                             
[12:09:46] INFO     Rank: 0 - Epoch:13/40, Batch:33,    progress_callback.py:218
                    loss:1.706072, finished 33.49%.                             
[12:09:50] INFO     Rank: 0 - Epoch:13/40, Batch:34,    progress_callback.py:218
                    loss:1.148486, finished 33.52%.                             
[12:09:54] INFO     Rank: 0 - Epoch:13/40, Batch:35,    progress_callback.py:218
                    loss:1.375579, finished 33.55%.                             
[12:09:58] INFO     Rank: 0 - Epoch:13/40, Batch:36,    progress_callback.py:218
                    loss:1.233551, finished 33.58%.                             
[12:10:03] INFO     Rank: 0 - Epoch:13/40, Batch:37,    progress_callback.py:218
                    loss:1.566599, finished 33.61%.                             
[12:10:10] INFO     Rank: 0 - Epoch:13/40, Batch:38,    progress_callback.py:218
                    loss:1.725126, finished 33.64%.                             
[12:10:14] INFO     Rank: 0 - Epoch:13/40, Batch:39,    progress_callback.py:218
                    loss:1.707834, finished 33.67%.                             
[12:10:20] INFO     Rank: 0 - Epoch:13/40, Batch:40,    progress_callback.py:218
                    loss:1.743353, finished 33.7%.                              
[12:10:24] INFO     Rank: 0 - Epoch:13/40, Batch:41,    progress_callback.py:218
                    loss:1.270568, finished 33.73%.                             
           INFO     Rank: 0 -                                   evaluator.py:317
                    **********Evaluation starts**********                       
[12:10:37] INFO     Rank: 0 - **********Evaluation              evaluator.py:349
                    ends**********                                              
                                                                                
           INFO     Rank: 0 - ----------Eval. results   progress_callback.py:233
                    on Epoch:13, Batch:41----------                             
           INFO     Rank: 0 -                           progress_callback.py:238
                    {"torch_ngram#ngram-overlap":                               
                    0.44900837540626526}                                        
 ============= save model at results/2023-03-26-10_39_31_409621/epoch-13_step-1120.pt ============= 
save hyperparams in  results/2023-03-26-10_39_31_409621/hyperparams.txt
[12:10:43] INFO     Rank: 0 - Contrastive loss is                 callback.py:66
                    0.5971493571996689, nll_loss is                             
                    0.867594638466835                                           
           INFO     Rank: 0 - Epoch:13/40, Batch:42,    progress_callback.py:218
                    loss:1.170271, finished 33.77%.                             
[12:10:48] INFO     Rank: 0 - Epoch:13/40, Batch:43,    progress_callback.py:218
                    loss:1.405541, finished 33.8%.                              
[12:10:53] INFO     Rank: 0 - Epoch:13/40, Batch:44,    progress_callback.py:218
                    loss:1.409117, finished 33.83%.                             
[12:10:58] INFO     Rank: 0 - Epoch:13/40, Batch:45,    progress_callback.py:218
                    loss:1.729808, finished 33.86%.                             
[12:11:02] INFO     Rank: 0 - Epoch:13/40, Batch:46,    progress_callback.py:218
                    loss:1.261922, finished 33.89%.                             
[12:11:06] INFO     Rank: 0 - Epoch:13/40, Batch:47,    progress_callback.py:218
                    loss:1.07168, finished 33.92%.                              
[12:11:11] INFO     Rank: 0 - Epoch:13/40, Batch:48,    progress_callback.py:218
                    loss:1.356627, finished 33.95%.                             
[12:11:16] INFO     Rank: 0 - Epoch:13/40, Batch:49,    progress_callback.py:218
                    loss:1.44845, finished 33.98%.                              
[12:11:21] INFO     Rank: 0 - Epoch:13/40, Batch:50,    progress_callback.py:218
                    loss:1.412665, finished 34.01%.                             
[12:11:28] INFO     Rank: 0 - Epoch:13/40, Batch:51,    progress_callback.py:218
                    loss:1.202092, finished 34.04%.                             
[12:11:31] INFO     Rank: 0 - Contrastive loss is                 callback.py:66
                    0.5469889640808105, nll_loss is                             
                    0.8165632724761963                                          
[12:11:33] INFO     Rank: 0 - Epoch:13/40, Batch:52,    progress_callback.py:218
                    loss:1.337621, finished 34.07%.                             
[12:11:38] INFO     Rank: 0 - Epoch:13/40, Batch:53,    progress_callback.py:218
                    loss:1.615564, finished 34.1%.                              
[12:11:42] INFO     Rank: 0 - Epoch:13/40, Batch:54,    progress_callback.py:218
                    loss:1.235376, finished 34.13%.                             
[12:11:47] INFO     Rank: 0 - Epoch:13/40, Batch:55,    progress_callback.py:218
                    loss:1.410091, finished 34.16%.                             
[12:11:52] INFO     Rank: 0 - Epoch:13/40, Batch:56,    progress_callback.py:218
                    loss:1.805397, finished 34.19%.                             
[12:11:57] INFO     Rank: 0 - Epoch:13/40, Batch:57,    progress_callback.py:218
                    loss:1.125896, finished 34.22%.                             
[12:12:02] INFO     Rank: 0 - Epoch:13/40, Batch:58,    progress_callback.py:218
                    loss:1.143847, finished 34.25%.                             
[12:12:06] INFO     Rank: 0 - Epoch:13/40, Batch:59,    progress_callback.py:218
                    loss:1.092174, finished 34.28%.                             
[12:12:11] INFO     Rank: 0 - Epoch:13/40, Batch:60,    progress_callback.py:218
                    loss:1.562181, finished 34.31%.                             
[12:12:17] INFO     Rank: 0 - Epoch:13/40, Batch:61,    progress_callback.py:218
                    loss:1.555742, finished 34.34%.                             
[12:12:22] INFO     Rank: 0 - Contrastive loss is                 callback.py:66
                    0.5332665741443634, nll_loss is                             
                    0.8460892260074615                                          
           INFO     Rank: 0 - Epoch:13/40, Batch:62,    progress_callback.py:218
                    loss:1.247291, finished 34.37%.                             
[12:12:27] INFO     Rank: 0 - Epoch:13/40, Batch:63,    progress_callback.py:218
                    loss:1.459567, finished 34.4%.                              
[12:12:32] INFO     Rank: 0 - Epoch:13/40, Batch:64,    progress_callback.py:218
                    loss:1.46866, finished 34.43%.                              
[12:12:36] INFO     Rank: 0 - Epoch:13/40, Batch:65,    progress_callback.py:218
                    loss:0.896821, finished 34.46%.                             
[12:12:43] INFO     Rank: 0 - Epoch:13/40, Batch:66,    progress_callback.py:218
                    loss:0.799713, finished 34.49%.                             
[12:12:47] INFO     Rank: 0 - Epoch:13/40, Batch:67,    progress_callback.py:218
                    loss:1.01693, finished 34.52%.                              
[12:12:53] INFO     Rank: 0 - Epoch:13/40, Batch:68,    progress_callback.py:218
                    loss:1.616314, finished 34.55%.                             
[12:12:58] INFO     Rank: 0 - Epoch:13/40, Batch:69,    progress_callback.py:218
                    loss:1.322297, finished 34.58%.                             
[12:13:02] INFO     Rank: 0 - Epoch:13/40, Batch:70,    progress_callback.py:218
                    loss:1.572388, finished 34.61%.                             
[12:13:06] INFO     Rank: 0 - Epoch:13/40, Batch:71,    progress_callback.py:218
                    loss:1.487399, finished 34.64%.                             
[12:13:09] INFO     Rank: 0 - Contrastive loss is                 callback.py:66
                    0.5408087193965911, nll_loss is                             
                    0.7751287639141082                                          
[12:13:12] INFO     Rank: 0 - Epoch:13/40, Batch:72,    progress_callback.py:218
                    loss:1.519286, finished 34.67%.                             
[12:13:16] INFO     Rank: 0 - Epoch:13/40, Batch:73,    progress_callback.py:218
                    loss:1.415595, finished 34.7%.                              
[12:13:21] INFO     Rank: 0 - Epoch:13/40, Batch:74,    progress_callback.py:218
                    loss:1.390481, finished 34.73%.                             
[12:13:24] INFO     Rank: 0 - Epoch:13/40, Batch:75,    progress_callback.py:218
                    loss:1.954868, finished 34.76%.                             
[12:13:30] INFO     Rank: 0 - Epoch:13/40, Batch:76,    progress_callback.py:218
                    loss:1.416271, finished 34.79%.                             
[12:13:34] INFO     Rank: 0 - Epoch:13/40, Batch:77,    progress_callback.py:218
                    loss:1.049313, finished 34.82%.                             
[12:13:39] INFO     Rank: 0 - Epoch:13/40, Batch:78,    progress_callback.py:218
                    loss:1.505707, finished 34.85%.                             
[12:13:44] INFO     Rank: 0 - Epoch:13/40, Batch:79,    progress_callback.py:218
                    loss:1.067049, finished 34.88%.                             
[12:13:49] INFO     Rank: 0 - Epoch:13/40, Batch:80,    progress_callback.py:218
                    loss:1.263125, finished 34.91%.                             
[12:13:53] INFO     Rank: 0 - Epoch:13/40, Batch:81,    progress_callback.py:218
                    loss:1.539811, finished 34.94%.                             
           INFO     Rank: 0 -                                   evaluator.py:317
                    **********Evaluation starts**********                       
[12:14:06] INFO     Rank: 0 - **********Evaluation              evaluator.py:349
                    ends**********                                              
                                                                                
           INFO     Rank: 0 - ----------Eval. results   progress_callback.py:233
                    on Epoch:13, Batch:81----------                             
           INFO     Rank: 0 -                           progress_callback.py:238
                    {"torch_ngram#ngram-overlap":                               
                    0.4500083923339844}                                         
 ============= save model at results/2023-03-26-10_39_31_409621/epoch-13_step-1160.pt ============= 
save hyperparams in  results/2023-03-26-10_39_31_409621/hyperparams.txt
[12:14:14] INFO     Rank: 0 - Contrastive loss is                 callback.py:66
                    0.5977604657411575, nll_loss is                             
                    0.8014373630285263                                          
           INFO     Rank: 0 - Epoch:13/40, Batch:82,    progress_callback.py:218
                    loss:1.389759, finished 34.97%.                             
[12:14:17] INFO     Rank: 0 - Epoch:13/40, Batch:83,    progress_callback.py:218
                    loss:1.85447, finished 35.0%.                               
           INFO     Rank: 0 -                           progress_callback.py:204
                    **********Epoch:14 starts**********                         
[12:14:22] INFO     Rank: 0 - Epoch:14/40, Batch:1,     progress_callback.py:218
                    loss:1.320487, finished 35.03%.                             
[12:14:27] INFO     Rank: 0 - Epoch:14/40, Batch:2,     progress_callback.py:218
                    loss:1.412134, finished 35.06%.                             
[12:14:31] INFO     Rank: 0 - Epoch:14/40, Batch:3,     progress_callback.py:218
                    loss:1.27296, finished 35.09%.                              
[12:14:35] INFO     Rank: 0 - Epoch:14/40, Batch:4,     progress_callback.py:218
                    loss:1.317131, finished 35.12%.                             
[12:14:40] INFO     Rank: 0 - Epoch:14/40, Batch:5,     progress_callback.py:218
                    loss:1.678765, finished 35.15%.                             
[12:14:45] INFO     Rank: 0 - Epoch:14/40, Batch:6,     progress_callback.py:218
                    loss:1.534341, finished 35.18%.                             
[12:14:50] INFO     Rank: 0 - Epoch:14/40, Batch:7,     progress_callback.py:218
                    loss:1.280338, finished 35.21%.                             
[12:14:56] INFO     Rank: 0 - Epoch:14/40, Batch:8,     progress_callback.py:218
                    loss:1.67586, finished 35.24%.                              
[12:15:00] INFO     Rank: 0 - Contrastive loss is                 callback.py:66
                    0.5898431211709976, nll_loss is                             
                    0.855713865160942                                           
[12:15:01] INFO     Rank: 0 - Epoch:14/40, Batch:9,     progress_callback.py:218
                    loss:1.109085, finished 35.27%.                             
[12:15:06] INFO     Rank: 0 - Epoch:14/40, Batch:10,    progress_callback.py:218
                    loss:1.461362, finished 35.3%.                              
[12:15:11] INFO     Rank: 0 - Epoch:14/40, Batch:11,    progress_callback.py:218
                    loss:1.783762, finished 35.33%.                             
[12:15:15] INFO     Rank: 0 - Epoch:14/40, Batch:12,    progress_callback.py:218
                    loss:1.41811, finished 35.36%.                              
[12:15:20] INFO     Rank: 0 - Epoch:14/40, Batch:13,    progress_callback.py:218
                    loss:1.167824, finished 35.39%.                             
[12:15:24] INFO     Rank: 0 - Epoch:14/40, Batch:14,    progress_callback.py:218
                    loss:1.464165, finished 35.42%.                             
[12:15:27] INFO     Rank: 0 - Epoch:14/40, Batch:15,    progress_callback.py:218
                    loss:1.354847, finished 35.45%.                             
[12:15:32] INFO     Rank: 0 - Epoch:14/40, Batch:16,    progress_callback.py:218
                    loss:1.177878, finished 35.48%.                             
[12:15:36] INFO     Rank: 0 - Epoch:14/40, Batch:17,    progress_callback.py:218
                    loss:1.470206, finished 35.51%.                             
[12:15:41] INFO     Rank: 0 - Epoch:14/40, Batch:18,    progress_callback.py:218
                    loss:1.495633, finished 35.54%.                             
[12:15:45] INFO     Rank: 0 - Contrastive loss is                 callback.py:66
                    0.5644816964864731, nll_loss is                             
                    0.8674587994813919                                          
           INFO     Rank: 0 - Epoch:14/40, Batch:19,    progress_callback.py:218
                    loss:1.525619, finished 35.57%.                             
[12:15:52] INFO     Rank: 0 - Epoch:14/40, Batch:20,    progress_callback.py:218
                    loss:1.370285, finished 35.6%.                              
[12:15:58] INFO     Rank: 0 - Epoch:14/40, Batch:21,    progress_callback.py:218
                    loss:0.840346, finished 35.63%.                             
[12:16:03] INFO     Rank: 0 - Epoch:14/40, Batch:22,    progress_callback.py:218
                    loss:1.224919, finished 35.66%.                             
[12:16:07] INFO     Rank: 0 - Epoch:14/40, Batch:23,    progress_callback.py:218
                    loss:1.063026, finished 35.69%.                             
[12:16:12] INFO     Rank: 0 - Epoch:14/40, Batch:24,    progress_callback.py:218
                    loss:0.776039, finished 35.72%.                             
[12:16:16] INFO     Rank: 0 - Epoch:14/40, Batch:25,    progress_callback.py:218
                    loss:1.575829, finished 35.75%.                             
[12:16:21] INFO     Rank: 0 - Epoch:14/40, Batch:26,    progress_callback.py:218
                    loss:1.510017, finished 35.78%.                             
[12:16:26] INFO     Rank: 0 - Epoch:14/40, Batch:27,    progress_callback.py:218
                    loss:1.275425, finished 35.81%.                             
[12:16:30] INFO     Rank: 0 - Epoch:14/40, Batch:28,    progress_callback.py:218
                    loss:0.908876, finished 35.84%.                             
[12:16:34] INFO     Rank: 0 - Contrastive loss is                 callback.py:66
                    0.5569713264703751, nll_loss is                             
                    0.6267658919095993                                          
[12:16:35] INFO     Rank: 0 - Epoch:14/40, Batch:29,    progress_callback.py:218
                    loss:1.292611, finished 35.87%.                             
[12:16:40] INFO     Rank: 0 - Epoch:14/40, Batch:30,    progress_callback.py:218
                    loss:1.095553, finished 35.9%.                              
[12:16:44] INFO     Rank: 0 - Epoch:14/40, Batch:31,    progress_callback.py:218
                    loss:1.518397, finished 35.93%.                             
[12:16:48] INFO     Rank: 0 - Epoch:14/40, Batch:32,    progress_callback.py:218
                    loss:1.512852, finished 35.96%.                             
[12:16:52] INFO     Rank: 0 - Epoch:14/40, Batch:33,    progress_callback.py:218
                    loss:1.734268, finished 35.99%.                             
[12:16:58] INFO     Rank: 0 - Epoch:14/40, Batch:34,    progress_callback.py:218
                    loss:1.136226, finished 36.02%.                             
[12:17:03] INFO     Rank: 0 - Epoch:14/40, Batch:35,    progress_callback.py:218
                    loss:1.573294, finished 36.05%.                             
[12:17:08] INFO     Rank: 0 - Epoch:14/40, Batch:36,    progress_callback.py:218
                    loss:0.969896, finished 36.08%.                             
[12:17:11] INFO     Rank: 0 - Epoch:14/40, Batch:37,    progress_callback.py:218
                    loss:1.168718, finished 36.11%.                             
[12:17:16] INFO     Rank: 0 - Epoch:14/40, Batch:38,    progress_callback.py:218
                    loss:1.127746, finished 36.14%.                             
           INFO     Rank: 0 -                                   evaluator.py:317
                    **********Evaluation starts**********                       
[12:17:30] INFO     Rank: 0 - **********Evaluation              evaluator.py:349
                    ends**********                                              
                                                                                
           INFO     Rank: 0 - ----------Eval. results   progress_callback.py:233
                    on Epoch:14, Batch:38----------                             
           INFO     Rank: 0 -                           progress_callback.py:238
                    {"torch_ngram#ngram-overlap":                               
                    0.44637995958328247}                                        
[12:17:34] INFO     Rank: 0 - Contrastive loss is                 callback.py:66
                    0.5225845128297806, nll_loss is                             
                    0.8148283630609512                                          
[12:17:35] INFO     Rank: 0 - Epoch:14/40, Batch:39,    progress_callback.py:218
                    loss:1.537178, finished 36.17%.                             
[12:17:40] INFO     Rank: 0 - Epoch:14/40, Batch:40,    progress_callback.py:218
                    loss:1.156438, finished 36.2%.                              
[12:17:44] INFO     Rank: 0 - Epoch:14/40, Batch:41,    progress_callback.py:218
                    loss:1.068448, finished 36.23%.                             
[12:17:49] INFO     Rank: 0 - Epoch:14/40, Batch:42,    progress_callback.py:218
                    loss:1.322098, finished 36.27%.                             
[12:17:54] INFO     Rank: 0 - Epoch:14/40, Batch:43,    progress_callback.py:218
                    loss:0.892784, finished 36.3%.                              
[12:17:58] INFO     Rank: 0 - Epoch:14/40, Batch:44,    progress_callback.py:218
                    loss:1.175533, finished 36.33%.                             
[12:18:03] INFO     Rank: 0 - Epoch:14/40, Batch:45,    progress_callback.py:218
                    loss:1.270878, finished 36.36%.                             
[12:18:07] INFO     Rank: 0 - Epoch:14/40, Batch:46,    progress_callback.py:218
                    loss:1.642716, finished 36.39%.                             
[12:18:12] INFO     Rank: 0 - Epoch:14/40, Batch:47,    progress_callback.py:218
                    loss:1.03046, finished 36.42%.                              
[12:18:17] INFO     Rank: 0 - Epoch:14/40, Batch:48,    progress_callback.py:218
                    loss:0.822917, finished 36.45%.                             
[12:18:20] INFO     Rank: 0 - Contrastive loss is                 callback.py:66
                    0.43406007885932923, nll_loss is                            
                    0.7265386939048767                                          
[12:18:22] INFO     Rank: 0 - Epoch:14/40, Batch:49,    progress_callback.py:218
                    loss:1.223716, finished 36.48%.                             
[12:18:28] INFO     Rank: 0 - Epoch:14/40, Batch:50,    progress_callback.py:218
                    loss:1.968036, finished 36.51%.                             
[12:18:32] INFO     Rank: 0 - Epoch:14/40, Batch:51,    progress_callback.py:218
                    loss:0.894653, finished 36.54%.                             
[12:18:37] INFO     Rank: 0 - Epoch:14/40, Batch:52,    progress_callback.py:218
                    loss:1.337166, finished 36.57%.                             
[12:18:41] INFO     Rank: 0 - Epoch:14/40, Batch:53,    progress_callback.py:218
                    loss:1.364118, finished 36.6%.                              
[12:18:46] INFO     Rank: 0 - Epoch:14/40, Batch:54,    progress_callback.py:218
                    loss:0.924067, finished 36.63%.                             
[12:18:50] INFO     Rank: 0 - Epoch:14/40, Batch:55,    progress_callback.py:218
                    loss:1.181953, finished 36.66%.                             
[12:18:56] INFO     Rank: 0 - Epoch:14/40, Batch:56,    progress_callback.py:218
                    loss:1.757943, finished 36.69%.                             
[12:19:00] INFO     Rank: 0 - Epoch:14/40, Batch:57,    progress_callback.py:218
                    loss:1.530771, finished 36.72%.                             
[12:19:04] INFO     Rank: 0 - Epoch:14/40, Batch:58,    progress_callback.py:218
                    loss:1.090294, finished 36.75%.                             
[12:19:08] INFO     Rank: 0 - Contrastive loss is                 callback.py:66
                    0.5883014082908631, nll_loss is                             
                    0.7765440106391907                                          
[12:19:09] INFO     Rank: 0 - Epoch:14/40, Batch:59,    progress_callback.py:218
                    loss:1.599453, finished 36.78%.                             
[12:19:14] INFO     Rank: 0 - Epoch:14/40, Batch:60,    progress_callback.py:218
                    loss:1.364262, finished 36.81%.                             
[12:19:19] INFO     Rank: 0 - Epoch:14/40, Batch:61,    progress_callback.py:218
                    loss:1.095922, finished 36.84%.                             
[12:19:23] INFO     Rank: 0 - Epoch:14/40, Batch:62,    progress_callback.py:218
                    loss:1.426533, finished 36.87%.                             
[12:19:27] INFO     Rank: 0 - Epoch:14/40, Batch:63,    progress_callback.py:218
                    loss:1.153815, finished 36.9%.                              
[12:19:32] INFO     Rank: 0 - Epoch:14/40, Batch:64,    progress_callback.py:218
                    loss:1.184393, finished 36.93%.                             
[12:19:37] INFO     Rank: 0 - Epoch:14/40, Batch:65,    progress_callback.py:218
                    loss:1.298072, finished 36.96%.                             
[12:19:40] INFO     Rank: 0 - Epoch:14/40, Batch:66,    progress_callback.py:218
                    loss:1.269838, finished 36.99%.                             
[12:19:47] INFO     Rank: 0 - Epoch:14/40, Batch:67,    progress_callback.py:218
                    loss:1.354541, finished 37.02%.                             
[12:19:51] INFO     Rank: 0 - Epoch:14/40, Batch:68,    progress_callback.py:218
                    loss:1.412508, finished 37.05%.                             
[12:19:54] INFO     Rank: 0 - Contrastive loss is                 callback.py:66
                    0.5299373000860215, nll_loss is                             
                    0.7725186973810196                                          
[12:19:56] INFO     Rank: 0 - Epoch:14/40, Batch:69,    progress_callback.py:218
                    loss:1.464676, finished 37.08%.                             
[12:19:59] INFO     Rank: 0 - Epoch:14/40, Batch:70,    progress_callback.py:218
                    loss:1.309988, finished 37.11%.                             
[12:20:05] INFO     Rank: 0 - Epoch:14/40, Batch:71,    progress_callback.py:218
                    loss:1.147825, finished 37.14%.                             
[12:20:11] INFO     Rank: 0 - Epoch:14/40, Batch:72,    progress_callback.py:218
                    loss:1.082232, finished 37.17%.                             
[12:20:19] INFO     Rank: 0 - Epoch:14/40, Batch:73,    progress_callback.py:218
                    loss:1.454119, finished 37.2%.                              
[12:20:24] INFO     Rank: 0 - Epoch:14/40, Batch:74,    progress_callback.py:218
                    loss:1.132676, finished 37.23%.                             
[12:20:28] INFO     Rank: 0 - Epoch:14/40, Batch:75,    progress_callback.py:218
                    loss:1.517608, finished 37.26%.                             
[12:20:34] INFO     Rank: 0 - Epoch:14/40, Batch:76,    progress_callback.py:218
                    loss:1.325863, finished 37.29%.                             
[12:20:38] INFO     Rank: 0 - Epoch:14/40, Batch:77,    progress_callback.py:218
                    loss:1.077571, finished 37.32%.                             
[12:20:42] INFO     Rank: 0 - Epoch:14/40, Batch:78,    progress_callback.py:218
                    loss:1.534448, finished 37.35%.                             
           INFO     Rank: 0 -                                   evaluator.py:317
                    **********Evaluation starts**********                       
[12:20:56] INFO     Rank: 0 - **********Evaluation              evaluator.py:349
                    ends**********                                              
                                                                                
           INFO     Rank: 0 - ----------Eval. results   progress_callback.py:233
                    on Epoch:14, Batch:78----------                             
           INFO     Rank: 0 -                           progress_callback.py:238
                    {"torch_ngram#ngram-overlap":                               
                    0.4429914951324463}                                         
[12:20:59] INFO     Rank: 0 - Contrastive loss is                 callback.py:66
                    0.5600182265043259, nll_loss is                             
                    0.7250049859285355                                          
[12:21:01] INFO     Rank: 0 - Epoch:14/40, Batch:79,    progress_callback.py:218
                    loss:1.2679, finished 37.38%.                               
[12:21:05] INFO     Rank: 0 - Epoch:14/40, Batch:80,    progress_callback.py:218
                    loss:1.385962, finished 37.41%.                             
[12:21:11] INFO     Rank: 0 - Epoch:14/40, Batch:81,    progress_callback.py:218
                    loss:1.31966, finished 37.44%.                              
[12:21:15] INFO     Rank: 0 - Epoch:14/40, Batch:82,    progress_callback.py:218
                    loss:1.164203, finished 37.47%.                             
[12:21:18] INFO     Rank: 0 - Epoch:14/40, Batch:83,    progress_callback.py:218
                    loss:2.047425, finished 37.5%.                              
           INFO     Rank: 0 -                           progress_callback.py:204
                    **********Epoch:15 starts**********                         
[12:21:24] INFO     Rank: 0 - Epoch:15/40, Batch:1,     progress_callback.py:218
                    loss:1.482448, finished 37.53%.                             
[12:21:29] INFO     Rank: 0 - Epoch:15/40, Batch:2,     progress_callback.py:218
                    loss:1.646534, finished 37.56%.                             
[12:21:34] INFO     Rank: 0 - Epoch:15/40, Batch:3,     progress_callback.py:218
                    loss:0.729513, finished 37.59%.                             
[12:21:38] INFO     Rank: 0 - Epoch:15/40, Batch:4,     progress_callback.py:218
                    loss:0.839805, finished 37.62%.                             
[12:21:43] INFO     Rank: 0 - Epoch:15/40, Batch:5,     progress_callback.py:218
                    loss:1.571373, finished 37.65%.                             
[12:21:47] INFO     Rank: 0 - Contrastive loss is                 callback.py:66
                    0.5902937710285187, nll_loss is                             
                    0.7885079085826874                                          
[12:21:48] INFO     Rank: 0 - Epoch:15/40, Batch:6,     progress_callback.py:218
                    loss:1.601093, finished 37.68%.                             
[12:21:54] INFO     Rank: 0 - Epoch:15/40, Batch:7,     progress_callback.py:218
                    loss:1.213651, finished 37.71%.                             
[12:21:58] INFO     Rank: 0 - Epoch:15/40, Batch:8,     progress_callback.py:218
                    loss:1.122618, finished 37.74%.                             
[12:22:02] INFO     Rank: 0 - Epoch:15/40, Batch:9,     progress_callback.py:218
                    loss:1.016773, finished 37.77%.                             
[12:22:06] INFO     Rank: 0 - Epoch:15/40, Batch:10,    progress_callback.py:218
                    loss:1.563719, finished 37.8%.                              
[12:22:11] INFO     Rank: 0 - Epoch:15/40, Batch:11,    progress_callback.py:218
                    loss:1.331049, finished 37.83%.                             
[12:22:17] INFO     Rank: 0 - Epoch:15/40, Batch:12,    progress_callback.py:218
                    loss:1.264376, finished 37.86%.                             
[12:22:21] INFO     Rank: 0 - Epoch:15/40, Batch:13,    progress_callback.py:218
                    loss:1.381439, finished 37.89%.                             
[12:22:27] INFO     Rank: 0 - Epoch:15/40, Batch:14,    progress_callback.py:218
                    loss:0.771895, finished 37.92%.                             
[12:22:32] INFO     Rank: 0 - Epoch:15/40, Batch:15,    progress_callback.py:218
                    loss:1.114251, finished 37.95%.                             
[12:22:37] INFO     Rank: 0 - Contrastive loss is                 callback.py:66
                    0.47062248587608335, nll_loss is                            
                    0.7137558162212372                                          
[12:22:38] INFO     Rank: 0 - Epoch:15/40, Batch:16,    progress_callback.py:218
                    loss:1.064012, finished 37.98%.                             
[12:22:43] INFO     Rank: 0 - Epoch:15/40, Batch:17,    progress_callback.py:218
                    loss:1.160856, finished 38.01%.                             
[12:22:47] INFO     Rank: 0 - Epoch:15/40, Batch:18,    progress_callback.py:218
                    loss:1.252805, finished 38.04%.                             
[12:22:52] INFO     Rank: 0 - Epoch:15/40, Batch:19,    progress_callback.py:218
                    loss:0.911554, finished 38.07%.                             
[12:22:56] INFO     Rank: 0 - Epoch:15/40, Batch:20,    progress_callback.py:218
                    loss:1.49941, finished 38.1%.                               
[12:23:00] INFO     Rank: 0 - Epoch:15/40, Batch:21,    progress_callback.py:218
                    loss:1.571514, finished 38.13%.                             
[12:23:05] INFO     Rank: 0 - Epoch:15/40, Batch:22,    progress_callback.py:218
                    loss:1.34813, finished 38.16%.                              
[12:23:09] INFO     Rank: 0 - Epoch:15/40, Batch:23,    progress_callback.py:218
                    loss:1.395954, finished 38.19%.                             
[12:23:15] INFO     Rank: 0 - Epoch:15/40, Batch:24,    progress_callback.py:218
                    loss:1.402013, finished 38.22%.                             
[12:23:19] INFO     Rank: 0 - Epoch:15/40, Batch:25,    progress_callback.py:218
                    loss:1.213336, finished 38.25%.                             
[12:23:23] INFO     Rank: 0 - Contrastive loss is                 callback.py:66
                    0.546710142493248, nll_loss is                              
                    0.6960849910974503                                          
[12:23:24] INFO     Rank: 0 - Epoch:15/40, Batch:26,    progress_callback.py:218
                    loss:0.672379, finished 38.28%.                             
[12:23:30] INFO     Rank: 0 - Epoch:15/40, Batch:27,    progress_callback.py:218
                    loss:1.291725, finished 38.31%.                             
[12:23:37] INFO     Rank: 0 - Epoch:15/40, Batch:28,    progress_callback.py:218
                    loss:1.386006, finished 38.34%.                             
[12:23:42] INFO     Rank: 0 - Epoch:15/40, Batch:29,    progress_callback.py:218
                    loss:1.495335, finished 38.37%.                             
[12:23:46] INFO     Rank: 0 - Epoch:15/40, Batch:30,    progress_callback.py:218
                    loss:1.525467, finished 38.4%.                              
[12:23:50] INFO     Rank: 0 - Epoch:15/40, Batch:31,    progress_callback.py:218
                    loss:1.072242, finished 38.43%.                             
[12:23:54] INFO     Rank: 0 - Epoch:15/40, Batch:32,    progress_callback.py:218
                    loss:1.656548, finished 38.46%.                             
[12:23:59] INFO     Rank: 0 - Epoch:15/40, Batch:33,    progress_callback.py:218
                    loss:1.164381, finished 38.49%.                             
[12:24:04] INFO     Rank: 0 - Epoch:15/40, Batch:34,    progress_callback.py:218
                    loss:1.186954, finished 38.52%.                             
[12:24:08] INFO     Rank: 0 - Epoch:15/40, Batch:35,    progress_callback.py:218
                    loss:1.317036, finished 38.55%.                             
           INFO     Rank: 0 -                                   evaluator.py:317
                    **********Evaluation starts**********                       
[12:24:22] INFO     Rank: 0 - **********Evaluation              evaluator.py:349
                    ends**********                                              
                                                                                
           INFO     Rank: 0 - ----------Eval. results   progress_callback.py:233
                    on Epoch:15, Batch:35----------                             
           INFO     Rank: 0 -                           progress_callback.py:238
                    {"torch_ngram#ngram-overlap":                               
                    0.4444853961467743}                                         
[12:24:26] INFO     Rank: 0 - Contrastive loss is                 callback.py:66
                    0.5631546199321746, nll_loss is                             
                    0.7585411012172699                                          
[12:24:27] INFO     Rank: 0 - Epoch:15/40, Batch:36,    progress_callback.py:218
                    loss:1.121263, finished 38.58%.                             
[12:24:30] INFO     Rank: 0 - Epoch:15/40, Batch:37,    progress_callback.py:218
                    loss:1.567308, finished 38.61%.                             
[12:24:37] INFO     Rank: 0 - Epoch:15/40, Batch:38,    progress_callback.py:218
                    loss:1.483201, finished 38.64%.                             
[12:24:41] INFO     Rank: 0 - Epoch:15/40, Batch:39,    progress_callback.py:218
                    loss:1.253533, finished 38.67%.                             
[12:24:46] INFO     Rank: 0 - Epoch:15/40, Batch:40,    progress_callback.py:218
                    loss:1.065813, finished 38.7%.                              
[12:24:50] INFO     Rank: 0 - Epoch:15/40, Batch:41,    progress_callback.py:218
                    loss:1.534348, finished 38.73%.                             
[12:24:55] INFO     Rank: 0 - Epoch:15/40, Batch:42,    progress_callback.py:218
                    loss:1.481155, finished 38.77%.                             
[12:24:59] INFO     Rank: 0 - Epoch:15/40, Batch:43,    progress_callback.py:218
                    loss:1.276471, finished 38.8%.                              
[12:25:04] INFO     Rank: 0 - Epoch:15/40, Batch:44,    progress_callback.py:218
                    loss:1.219569, finished 38.83%.                             
[12:25:10] INFO     Rank: 0 - Epoch:15/40, Batch:45,    progress_callback.py:218
                    loss:1.261992, finished 38.86%.                             
[12:25:12] INFO     Rank: 0 - Contrastive loss is                 callback.py:66
                    0.5754100143909454, nll_loss is                             
                    0.7747365534305573                                          
[12:25:13] INFO     Rank: 0 - Epoch:15/40, Batch:46,    progress_callback.py:218
                    loss:1.358077, finished 38.89%.                             
[12:25:19] INFO     Rank: 0 - Epoch:15/40, Batch:47,    progress_callback.py:218
                    loss:1.374524, finished 38.92%.                             
[12:25:24] INFO     Rank: 0 - Epoch:15/40, Batch:48,    progress_callback.py:218
                    loss:1.100142, finished 38.95%.                             
[12:25:29] INFO     Rank: 0 - Epoch:15/40, Batch:49,    progress_callback.py:218
                    loss:1.036119, finished 38.98%.                             
[12:25:34] INFO     Rank: 0 - Epoch:15/40, Batch:50,    progress_callback.py:218
                    loss:1.66944, finished 39.01%.                              
[12:25:39] INFO     Rank: 0 - Epoch:15/40, Batch:51,    progress_callback.py:218
                    loss:1.239697, finished 39.04%.                             
[12:25:43] INFO     Rank: 0 - Epoch:15/40, Batch:52,    progress_callback.py:218
                    loss:1.075314, finished 39.07%.                             
[12:25:48] INFO     Rank: 0 - Epoch:15/40, Batch:53,    progress_callback.py:218
                    loss:1.57469, finished 39.1%.                               
[12:25:52] INFO     Rank: 0 - Epoch:15/40, Batch:54,    progress_callback.py:218
                    loss:1.370669, finished 39.13%.                             
[12:25:57] INFO     Rank: 0 - Epoch:15/40, Batch:55,    progress_callback.py:218
                    loss:1.546338, finished 39.16%.                             
[12:26:02] INFO     Rank: 0 - Contrastive loss is                 callback.py:66
                    0.5650895714759827, nll_loss is                             
                    0.7199985384941101                                          
           INFO     Rank: 0 - Epoch:15/40, Batch:56,    progress_callback.py:218
                    loss:0.863948, finished 39.19%.                             
[12:26:06] INFO     Rank: 0 - Epoch:15/40, Batch:57,    progress_callback.py:218
                    loss:1.360962, finished 39.22%.                             
[12:26:11] INFO     Rank: 0 - Epoch:15/40, Batch:58,    progress_callback.py:218
                    loss:1.295399, finished 39.25%.                             
[12:26:15] INFO     Rank: 0 - Epoch:15/40, Batch:59,    progress_callback.py:218
                    loss:1.721443, finished 39.28%.                             
[12:26:20] INFO     Rank: 0 - Epoch:15/40, Batch:60,    progress_callback.py:218
                    loss:1.510623, finished 39.31%.                             
[12:26:25] INFO     Rank: 0 - Epoch:15/40, Batch:61,    progress_callback.py:218
                    loss:1.35601, finished 39.34%.                              
[12:26:29] INFO     Rank: 0 - Epoch:15/40, Batch:62,    progress_callback.py:218
                    loss:1.326698, finished 39.37%.                             
[12:26:34] INFO     Rank: 0 - Epoch:15/40, Batch:63,    progress_callback.py:218
                    loss:1.455864, finished 39.4%.                              
[12:26:38] INFO     Rank: 0 - Epoch:15/40, Batch:64,    progress_callback.py:218
                    loss:1.341506, finished 39.43%.                             
[12:26:42] INFO     Rank: 0 - Epoch:15/40, Batch:65,    progress_callback.py:218
                    loss:1.035968, finished 39.46%.                             
[12:26:46] INFO     Rank: 0 - Contrastive loss is                 callback.py:66
                    0.5535247027873993, nll_loss is                             
                    0.8130474865436554                                          
[12:26:47] INFO     Rank: 0 - Epoch:15/40, Batch:66,    progress_callback.py:218
                    loss:1.261249, finished 39.49%.                             
[12:26:52] INFO     Rank: 0 - Epoch:15/40, Batch:67,    progress_callback.py:218
                    loss:1.566969, finished 39.52%.                             
[12:26:58] INFO     Rank: 0 - Epoch:15/40, Batch:68,    progress_callback.py:218
                    loss:1.550877, finished 39.55%.                             
[12:27:03] INFO     Rank: 0 - Epoch:15/40, Batch:69,    progress_callback.py:218
                    loss:0.868109, finished 39.58%.                             
[12:27:08] INFO     Rank: 0 - Epoch:15/40, Batch:70,    progress_callback.py:218
                    loss:1.508753, finished 39.61%.                             
[12:27:12] INFO     Rank: 0 - Epoch:15/40, Batch:71,    progress_callback.py:218
                    loss:1.251973, finished 39.64%.                             
[12:27:17] INFO     Rank: 0 - Epoch:15/40, Batch:72,    progress_callback.py:218
                    loss:1.062572, finished 39.67%.                             
[12:27:21] INFO     Rank: 0 - Epoch:15/40, Batch:73,    progress_callback.py:218
                    loss:1.512391, finished 39.7%.                              
[12:27:27] INFO     Rank: 0 - Epoch:15/40, Batch:74,    progress_callback.py:218
                    loss:1.392431, finished 39.73%.                             
[12:27:31] INFO     Rank: 0 - Epoch:15/40, Batch:75,    progress_callback.py:218
                    loss:1.187063, finished 39.76%.                             
           INFO     Rank: 0 -                                   evaluator.py:317
                    **********Evaluation starts**********                       
[12:27:46] INFO     Rank: 0 - **********Evaluation              evaluator.py:349
                    ends**********                                              
                                                                                
           INFO     Rank: 0 - ----------Eval. results   progress_callback.py:233
                    on Epoch:15, Batch:75----------                             
           INFO     Rank: 0 -                           progress_callback.py:238
                    {"torch_ngram#ngram-overlap":                               
                    0.446819007396698}                                          
[12:27:48] INFO     Rank: 0 - Contrastive loss is                 callback.py:66
                    0.5280495315790177, nll_loss is                             
                    0.7758359640836716                                          
[12:27:50] INFO     Rank: 0 - Epoch:15/40, Batch:76,    progress_callback.py:218
                    loss:1.137717, finished 39.79%.                             
[12:27:55] INFO     Rank: 0 - Epoch:15/40, Batch:77,    progress_callback.py:218
                    loss:1.05459, finished 39.82%.                              
[12:28:00] INFO     Rank: 0 - Epoch:15/40, Batch:78,    progress_callback.py:218
                    loss:1.325426, finished 39.85%.                             
[12:28:05] INFO     Rank: 0 - Epoch:15/40, Batch:79,    progress_callback.py:218
                    loss:1.150362, finished 39.88%.                             
[12:28:10] INFO     Rank: 0 - Epoch:15/40, Batch:80,    progress_callback.py:218
                    loss:1.01771, finished 39.91%.                              
[12:28:16] INFO     Rank: 0 - Epoch:15/40, Batch:81,    progress_callback.py:218
                    loss:1.048998, finished 39.94%.                             
[12:28:21] INFO     Rank: 0 - Epoch:15/40, Batch:82,    progress_callback.py:218
                    loss:1.279985, finished 39.97%.                             
[12:28:24] INFO     Rank: 0 - Epoch:15/40, Batch:83,    progress_callback.py:218
                    loss:1.684376, finished 40.0%.                              
           INFO     Rank: 0 -                           progress_callback.py:204
                    **********Epoch:16 starts**********                         
[12:28:29] INFO     Rank: 0 - Epoch:16/40, Batch:1,     progress_callback.py:218
                    loss:1.123978, finished 40.03%.                             
[12:28:34] INFO     Rank: 0 - Epoch:16/40, Batch:2,     progress_callback.py:218
                    loss:1.018348, finished 40.06%.                             
[12:28:36] INFO     Rank: 0 - Contrastive loss is                 callback.py:66
                    0.5865364313125611, nll_loss is                             
                    0.6072709560394287                                          
[12:28:38] INFO     Rank: 0 - Epoch:16/40, Batch:3,     progress_callback.py:218
                    loss:1.2343, finished 40.09%.                               
[12:28:43] INFO     Rank: 0 - Epoch:16/40, Batch:4,     progress_callback.py:218
                    loss:1.311178, finished 40.12%.                             
[12:28:48] INFO     Rank: 0 - Epoch:16/40, Batch:5,     progress_callback.py:218
                    loss:1.194953, finished 40.15%.                             
[12:28:52] INFO     Rank: 0 - Epoch:16/40, Batch:6,     progress_callback.py:218
                    loss:1.221789, finished 40.18%.                             
[12:28:56] INFO     Rank: 0 - Epoch:16/40, Batch:7,     progress_callback.py:218
                    loss:1.81242, finished 40.21%.                              
[12:29:01] INFO     Rank: 0 - Epoch:16/40, Batch:8,     progress_callback.py:218
                    loss:1.346301, finished 40.24%.                             
[12:29:07] INFO     Rank: 0 - Epoch:16/40, Batch:9,     progress_callback.py:218
                    loss:1.001022, finished 40.27%.                             
[12:29:13] INFO     Rank: 0 - Epoch:16/40, Batch:10,    progress_callback.py:218
                    loss:1.249479, finished 40.3%.                              
[12:29:17] INFO     Rank: 0 - Epoch:16/40, Batch:11,    progress_callback.py:218
                    loss:1.641529, finished 40.33%.                             
[12:29:22] INFO     Rank: 0 - Epoch:16/40, Batch:12,    progress_callback.py:218
                    loss:1.371983, finished 40.36%.                             
[12:29:26] INFO     Rank: 0 - Contrastive loss is                 callback.py:66
                    0.6143285900354385, nll_loss is                             
                    0.7212395876646042                                          
[12:29:29] INFO     Rank: 0 - Epoch:16/40, Batch:13,    progress_callback.py:218
                    loss:1.205027, finished 40.39%.                             
[12:29:33] INFO     Rank: 0 - Epoch:16/40, Batch:14,    progress_callback.py:218
                    loss:1.054353, finished 40.42%.                             
[12:29:38] INFO     Rank: 0 - Epoch:16/40, Batch:15,    progress_callback.py:218
                    loss:1.260512, finished 40.45%.                             
[12:29:43] INFO     Rank: 0 - Epoch:16/40, Batch:16,    progress_callback.py:218
                    loss:1.201378, finished 40.48%.                             
[12:29:48] INFO     Rank: 0 - Epoch:16/40, Batch:17,    progress_callback.py:218
                    loss:1.413519, finished 40.51%.                             
[12:29:53] INFO     Rank: 0 - Epoch:16/40, Batch:18,    progress_callback.py:218
                    loss:1.300493, finished 40.54%.                             
[12:29:59] INFO     Rank: 0 - Epoch:16/40, Batch:19,    progress_callback.py:218
                    loss:1.47948, finished 40.57%.                              
[12:30:02] INFO     Rank: 0 - Epoch:16/40, Batch:20,    progress_callback.py:218
                    loss:0.828111, finished 40.6%.                              
[12:30:07] INFO     Rank: 0 - Epoch:16/40, Batch:21,    progress_callback.py:218
                    loss:1.512367, finished 40.63%.                             
[12:30:11] INFO     Rank: 0 - Epoch:16/40, Batch:22,    progress_callback.py:218
                    loss:0.801003, finished 40.66%.                             
[12:30:14] INFO     Rank: 0 - Contrastive loss is                 callback.py:66
                    0.5140454232692718, nll_loss is                             
                    0.7155209004878997                                          
[12:30:16] INFO     Rank: 0 - Epoch:16/40, Batch:23,    progress_callback.py:218
                    loss:1.444448, finished 40.69%.                             
[12:30:20] INFO     Rank: 0 - Epoch:16/40, Batch:24,    progress_callback.py:218
                    loss:1.258994, finished 40.72%.                             
[12:30:25] INFO     Rank: 0 - Epoch:16/40, Batch:25,    progress_callback.py:218
                    loss:1.013006, finished 40.75%.                             
[12:30:29] INFO     Rank: 0 - Epoch:16/40, Batch:26,    progress_callback.py:218
                    loss:1.252113, finished 40.78%.                             
[12:30:34] INFO     Rank: 0 - Epoch:16/40, Batch:27,    progress_callback.py:218
                    loss:1.224858, finished 40.81%.                             
[12:30:40] INFO     Rank: 0 - Epoch:16/40, Batch:28,    progress_callback.py:218
                    loss:1.372437, finished 40.84%.                             
[12:30:44] INFO     Rank: 0 - Epoch:16/40, Batch:29,    progress_callback.py:218
                    loss:0.947083, finished 40.87%.                             
[12:30:49] INFO     Rank: 0 - Epoch:16/40, Batch:30,    progress_callback.py:218
                    loss:1.163105, finished 40.9%.                              
[12:30:54] INFO     Rank: 0 - Epoch:16/40, Batch:31,    progress_callback.py:218
                    loss:0.902419, finished 40.93%.                             
[12:30:59] INFO     Rank: 0 - Epoch:16/40, Batch:32,    progress_callback.py:218
                    loss:1.663168, finished 40.96%.                             
           INFO     Rank: 0 -                                   evaluator.py:317
                    **********Evaluation starts**********                       
[12:31:13] INFO     Rank: 0 - **********Evaluation              evaluator.py:349
                    ends**********                                              
                                                                                
           INFO     Rank: 0 - ----------Eval. results   progress_callback.py:233
                    on Epoch:16, Batch:32----------                             
           INFO     Rank: 0 -                           progress_callback.py:238
                    {"torch_ngram#ngram-overlap":                               
                    0.44808486104011536}                                        
[12:31:17] INFO     Rank: 0 - Contrastive loss is                 callback.py:66
                    0.46827189326286317, nll_loss is                            
                    0.7195613980293274                                          
[12:31:18] INFO     Rank: 0 - Epoch:16/40, Batch:33,    progress_callback.py:218
                    loss:1.08115, finished 40.99%.                              
[12:31:23] INFO     Rank: 0 - Epoch:16/40, Batch:34,    progress_callback.py:218
                    loss:0.986957, finished 41.02%.                             
[12:31:27] INFO     Rank: 0 - Epoch:16/40, Batch:35,    progress_callback.py:218
                    loss:1.446948, finished 41.05%.                             
[12:31:32] INFO     Rank: 0 - Epoch:16/40, Batch:36,    progress_callback.py:218
                    loss:0.833793, finished 41.08%.                             
[12:31:38] INFO     Rank: 0 - Epoch:16/40, Batch:37,    progress_callback.py:218
                    loss:1.248726, finished 41.11%.                             
[12:31:42] INFO     Rank: 0 - Epoch:16/40, Batch:38,    progress_callback.py:218
                    loss:0.94373, finished 41.14%.                              
[12:31:46] INFO     Rank: 0 - Epoch:16/40, Batch:39,    progress_callback.py:218
                    loss:1.329818, finished 41.17%.                             
[12:31:51] INFO     Rank: 0 - Epoch:16/40, Batch:40,    progress_callback.py:218
                    loss:1.13482, finished 41.2%.                               
[12:31:57] INFO     Rank: 0 - Epoch:16/40, Batch:41,    progress_callback.py:218
                    loss:1.078933, finished 41.23%.                             
[12:32:02] INFO     Rank: 0 - Epoch:16/40, Batch:42,    progress_callback.py:218
                    loss:1.278752, finished 41.27%.                             
[12:32:04] INFO     Rank: 0 - Contrastive loss is                 callback.py:66
                    0.500341585278511, nll_loss is                              
                    0.6900533765554429                                          
[12:32:06] INFO     Rank: 0 - Epoch:16/40, Batch:43,    progress_callback.py:218
                    loss:1.621473, finished 41.3%.                              
[12:32:11] INFO     Rank: 0 - Epoch:16/40, Batch:44,    progress_callback.py:218
                    loss:1.175717, finished 41.33%.                             
[12:32:16] INFO     Rank: 0 - Epoch:16/40, Batch:45,    progress_callback.py:218
                    loss:0.703188, finished 41.36%.                             
[12:32:21] INFO     Rank: 0 - Epoch:16/40, Batch:46,    progress_callback.py:218
                    loss:1.354737, finished 41.39%.                             
[12:32:26] INFO     Rank: 0 - Epoch:16/40, Batch:47,    progress_callback.py:218
                    loss:1.66201, finished 41.42%.                              
[12:32:31] INFO     Rank: 0 - Epoch:16/40, Batch:48,    progress_callback.py:218
                    loss:1.087618, finished 41.45%.                             
[12:32:35] INFO     Rank: 0 - Epoch:16/40, Batch:49,    progress_callback.py:218
                    loss:1.433188, finished 41.48%.                             
[12:32:41] INFO     Rank: 0 - Epoch:16/40, Batch:50,    progress_callback.py:218
                    loss:1.083235, finished 41.51%.                             
[12:32:46] INFO     Rank: 0 - Epoch:16/40, Batch:51,    progress_callback.py:218
                    loss:1.357505, finished 41.54%.                             
[12:32:51] INFO     Rank: 0 - Epoch:16/40, Batch:52,    progress_callback.py:218
                    loss:0.998121, finished 41.57%.                             
[12:32:54] INFO     Rank: 0 - Contrastive loss is                 callback.py:66
                    0.5096328467130661, nll_loss is                             
                    0.7193330615758896                                          
[12:32:55] INFO     Rank: 0 - Epoch:16/40, Batch:53,    progress_callback.py:218
                    loss:1.43434, finished 41.6%.                               
[12:32:59] INFO     Rank: 0 - Epoch:16/40, Batch:54,    progress_callback.py:218
                    loss:1.292265, finished 41.63%.                             
[12:33:04] INFO     Rank: 0 - Epoch:16/40, Batch:55,    progress_callback.py:218
                    loss:1.425058, finished 41.66%.                             
[12:33:08] INFO     Rank: 0 - Epoch:16/40, Batch:56,    progress_callback.py:218
                    loss:1.433499, finished 41.69%.                             
[12:33:12] INFO     Rank: 0 - Epoch:16/40, Batch:57,    progress_callback.py:218
                    loss:1.08987, finished 41.72%.                              
[12:33:17] INFO     Rank: 0 - Epoch:16/40, Batch:58,    progress_callback.py:218
                    loss:1.055604, finished 41.75%.                             
[12:33:22] INFO     Rank: 0 - Epoch:16/40, Batch:59,    progress_callback.py:218
                    loss:1.299604, finished 41.78%.                             
[12:33:28] INFO     Rank: 0 - Epoch:16/40, Batch:60,    progress_callback.py:218
                    loss:1.051867, finished 41.81%.                             
[12:33:32] INFO     Rank: 0 - Epoch:16/40, Batch:61,    progress_callback.py:218
                    loss:1.150466, finished 41.84%.                             
[12:33:39] INFO     Rank: 0 - Epoch:16/40, Batch:62,    progress_callback.py:218
                    loss:1.256462, finished 41.87%.                             
[12:33:42] INFO     Rank: 0 - Contrastive loss is                 callback.py:66
                    0.5453752964735031, nll_loss is                             
                    0.7342244535684586                                          
[12:33:45] INFO     Rank: 0 - Epoch:16/40, Batch:63,    progress_callback.py:218
                    loss:1.741302, finished 41.9%.                              
[12:33:50] INFO     Rank: 0 - Epoch:16/40, Batch:64,    progress_callback.py:218
                    loss:1.508753, finished 41.93%.                             
[12:33:56] INFO     Rank: 0 - Epoch:16/40, Batch:65,    progress_callback.py:218
                    loss:1.456985, finished 41.96%.                             
[12:34:00] INFO     Rank: 0 - Epoch:16/40, Batch:66,    progress_callback.py:218
                    loss:1.421649, finished 41.99%.                             
[12:34:05] INFO     Rank: 0 - Epoch:16/40, Batch:67,    progress_callback.py:218
                    loss:1.357512, finished 42.02%.                             
[12:34:09] INFO     Rank: 0 - Epoch:16/40, Batch:68,    progress_callback.py:218
                    loss:1.193588, finished 42.05%.                             
[12:34:13] INFO     Rank: 0 - Epoch:16/40, Batch:69,    progress_callback.py:218
                    loss:1.365809, finished 42.08%.                             
[12:34:18] INFO     Rank: 0 - Epoch:16/40, Batch:70,    progress_callback.py:218
                    loss:1.148224, finished 42.11%.                             
[12:34:23] INFO     Rank: 0 - Epoch:16/40, Batch:71,    progress_callback.py:218
                    loss:1.173404, finished 42.14%.                             
[12:34:30] INFO     Rank: 0 - Epoch:16/40, Batch:72,    progress_callback.py:218
                    loss:1.611005, finished 42.17%.                             
           INFO     Rank: 0 -                                   evaluator.py:317
                    **********Evaluation starts**********                       
[12:34:44] INFO     Rank: 0 - **********Evaluation              evaluator.py:349
                    ends**********                                              
                                                                                
           INFO     Rank: 0 - ----------Eval. results   progress_callback.py:233
                    on Epoch:16, Batch:72----------                             
           INFO     Rank: 0 -                           progress_callback.py:238
                    {"torch_ngram#ngram-overlap":                               
                    0.44233646988868713}                                        
[12:34:47] INFO     Rank: 0 - Contrastive loss is                 callback.py:66
                    0.5915948837995529, nll_loss is                             
                    0.7543825656175613                                          
[12:34:49] INFO     Rank: 0 - Epoch:16/40, Batch:73,    progress_callback.py:218
                    loss:1.222846, finished 42.2%.                              
[12:34:53] INFO     Rank: 0 - Epoch:16/40, Batch:74,    progress_callback.py:218
                    loss:1.517983, finished 42.23%.                             
[12:34:59] INFO     Rank: 0 - Epoch:16/40, Batch:75,    progress_callback.py:218
                    loss:0.820761, finished 42.26%.                             
[12:35:04] INFO     Rank: 0 - Epoch:16/40, Batch:76,    progress_callback.py:218
                    loss:1.031587, finished 42.29%.                             
[12:35:09] INFO     Rank: 0 - Epoch:16/40, Batch:77,    progress_callback.py:218
                    loss:1.19517, finished 42.32%.                              
[12:35:13] INFO     Rank: 0 - Epoch:16/40, Batch:78,    progress_callback.py:218
                    loss:1.242865, finished 42.35%.                             
[12:35:18] INFO     Rank: 0 - Epoch:16/40, Batch:79,    progress_callback.py:218
                    loss:1.79132, finished 42.38%.                              
[12:35:25] INFO     Rank: 0 - Epoch:16/40, Batch:80,    progress_callback.py:218
                    loss:1.11589, finished 42.41%.                              
[12:35:30] INFO     Rank: 0 - Epoch:16/40, Batch:81,    progress_callback.py:218
                    loss:1.029246, finished 42.44%.                             
[12:35:35] INFO     Rank: 0 - Epoch:16/40, Batch:82,    progress_callback.py:218
                    loss:0.949763, finished 42.47%.                             
[12:35:37] INFO     Rank: 0 - Contrastive loss is                 callback.py:66
                    0.5317911833524704, nll_loss is                             
                    0.6564582496881485                                          
           INFO     Rank: 0 - Epoch:16/40, Batch:83,    progress_callback.py:218
                    loss:1.18791, finished 42.5%.                               
           INFO     Rank: 0 -                           progress_callback.py:204
                    **********Epoch:17 starts**********                         
[12:35:42] INFO     Rank: 0 - Epoch:17/40, Batch:1,     progress_callback.py:218
                    loss:1.184729, finished 42.53%.                             
[12:35:48] INFO     Rank: 0 - Epoch:17/40, Batch:2,     progress_callback.py:218
                    loss:1.112032, finished 42.56%.                             
[12:35:52] INFO     Rank: 0 - Epoch:17/40, Batch:3,     progress_callback.py:218
                    loss:1.161222, finished 42.59%.                             
[12:35:57] INFO     Rank: 0 - Epoch:17/40, Batch:4,     progress_callback.py:218
                    loss:1.143666, finished 42.62%.                             
[12:36:04] INFO     Rank: 0 - Epoch:17/40, Batch:5,     progress_callback.py:218
                    loss:1.135783, finished 42.65%.                             
[12:36:10] INFO     Rank: 0 - Epoch:17/40, Batch:6,     progress_callback.py:218
                    loss:1.539203, finished 42.68%.                             
[12:36:15] INFO     Rank: 0 - Epoch:17/40, Batch:7,     progress_callback.py:218
                    loss:1.251584, finished 42.71%.                             
[12:36:20] INFO     Rank: 0 - Epoch:17/40, Batch:8,     progress_callback.py:218
                    loss:0.977824, finished 42.74%.                             
[12:36:24] INFO     Rank: 0 - Epoch:17/40, Batch:9,     progress_callback.py:218
                    loss:1.245325, finished 42.77%.                             
[12:36:28] INFO     Rank: 0 - Contrastive loss is                 callback.py:66
                    0.530988797545433, nll_loss is                              
                    0.6291574329137802                                          
[12:36:30] INFO     Rank: 0 - Epoch:17/40, Batch:10,    progress_callback.py:218
                    loss:0.850095, finished 42.8%.                              
[12:36:35] INFO     Rank: 0 - Epoch:17/40, Batch:11,    progress_callback.py:218
                    loss:1.1255, finished 42.83%.                               
[12:36:41] INFO     Rank: 0 - Epoch:17/40, Batch:12,    progress_callback.py:218
                    loss:1.243998, finished 42.86%.                             
[12:36:45] INFO     Rank: 0 - Epoch:17/40, Batch:13,    progress_callback.py:218
                    loss:0.850926, finished 42.89%.                             
[12:36:49] INFO     Rank: 0 - Epoch:17/40, Batch:14,    progress_callback.py:218
                    loss:1.13919, finished 42.92%.                              
[12:36:53] INFO     Rank: 0 - Epoch:17/40, Batch:15,    progress_callback.py:218
                    loss:0.874161, finished 42.95%.                             
[12:36:57] INFO     Rank: 0 - Epoch:17/40, Batch:16,    progress_callback.py:218
                    loss:1.425945, finished 42.98%.                             
[12:37:03] INFO     Rank: 0 - Epoch:17/40, Batch:17,    progress_callback.py:218
                    loss:1.381237, finished 43.01%.                             
[12:37:09] INFO     Rank: 0 - Epoch:17/40, Batch:18,    progress_callback.py:218
                    loss:1.199133, finished 43.04%.                             
[12:37:15] INFO     Rank: 0 - Epoch:17/40, Batch:19,    progress_callback.py:218
                    loss:1.322224, finished 43.07%.                             
[12:37:18] INFO     Rank: 0 - Contrastive loss is                 callback.py:66
                    0.52757468521595, nll_loss is                               
                    0.6460746377706528                                          
[12:37:20] INFO     Rank: 0 - Epoch:17/40, Batch:20,    progress_callback.py:218
                    loss:1.174179, finished 43.1%.                              
[12:37:28] INFO     Rank: 0 - Epoch:17/40, Batch:21,    progress_callback.py:218
                    loss:1.145856, finished 43.13%.                             
[12:37:33] INFO     Rank: 0 - Epoch:17/40, Batch:22,    progress_callback.py:218
                    loss:1.471345, finished 43.16%.                             
[12:37:39] INFO     Rank: 0 - Epoch:17/40, Batch:23,    progress_callback.py:218
                    loss:0.939192, finished 43.19%.                             
[12:37:42] INFO     Rank: 0 - Epoch:17/40, Batch:24,    progress_callback.py:218
                    loss:1.486675, finished 43.22%.                             
[12:37:47] INFO     Rank: 0 - Epoch:17/40, Batch:25,    progress_callback.py:218
                    loss:1.177699, finished 43.25%.                             
[12:37:52] INFO     Rank: 0 - Epoch:17/40, Batch:26,    progress_callback.py:218
                    loss:1.341118, finished 43.28%.                             
[12:37:57] INFO     Rank: 0 - Epoch:17/40, Batch:27,    progress_callback.py:218
                    loss:1.661504, finished 43.31%.                             
[12:38:01] INFO     Rank: 0 - Epoch:17/40, Batch:28,    progress_callback.py:218
                    loss:1.187757, finished 43.34%.                             
[12:38:07] INFO     Rank: 0 - Epoch:17/40, Batch:29,    progress_callback.py:218
                    loss:1.144529, finished 43.37%.                             
           INFO     Rank: 0 -                                   evaluator.py:317
                    **********Evaluation starts**********                       
[12:38:21] INFO     Rank: 0 - **********Evaluation              evaluator.py:349
                    ends**********                                              
                                                                                
           INFO     Rank: 0 - ----------Eval. results   progress_callback.py:233
                    on Epoch:17, Batch:29----------                             
           INFO     Rank: 0 -                           progress_callback.py:238
                    {"torch_ngram#ngram-overlap":                               
                    0.44445696473121643}                                        
[12:38:26] INFO     Rank: 0 - Contrastive loss is                 callback.py:66
                    0.5348446309566498, nll_loss is                             
                    0.7423692107200622                                          
[12:38:27] INFO     Rank: 0 - Epoch:17/40, Batch:30,    progress_callback.py:218
                    loss:1.216463, finished 43.4%.                              
[12:38:33] INFO     Rank: 0 - Epoch:17/40, Batch:31,    progress_callback.py:218
                    loss:0.948748, finished 43.43%.                             
[12:38:38] INFO     Rank: 0 - Epoch:17/40, Batch:32,    progress_callback.py:218
                    loss:1.469469, finished 43.46%.                             
[12:38:42] INFO     Rank: 0 - Epoch:17/40, Batch:33,    progress_callback.py:218
                    loss:1.238562, finished 43.49%.                             
[12:38:47] INFO     Rank: 0 - Epoch:17/40, Batch:34,    progress_callback.py:218
                    loss:1.358083, finished 43.52%.                             
[12:38:51] INFO     Rank: 0 - Epoch:17/40, Batch:35,    progress_callback.py:218
                    loss:1.265106, finished 43.55%.                             
[12:38:56] INFO     Rank: 0 - Epoch:17/40, Batch:36,    progress_callback.py:218
                    loss:1.148727, finished 43.58%.                             
[12:39:02] INFO     Rank: 0 - Epoch:17/40, Batch:37,    progress_callback.py:218
                    loss:1.21344, finished 43.61%.                              
[12:39:06] INFO     Rank: 0 - Epoch:17/40, Batch:38,    progress_callback.py:218
                    loss:1.373141, finished 43.64%.                             
[12:39:10] INFO     Rank: 0 - Epoch:17/40, Batch:39,    progress_callback.py:218
                    loss:1.687748, finished 43.67%.                             
[12:39:14] INFO     Rank: 0 - Contrastive loss is                 callback.py:66
                    0.5538193047046661, nll_loss is                             
                    0.7726848363876343                                          
[12:39:15] INFO     Rank: 0 - Epoch:17/40, Batch:40,    progress_callback.py:218
                    loss:1.562015, finished 43.7%.                              
[12:39:19] INFO     Rank: 0 - Epoch:17/40, Batch:41,    progress_callback.py:218
                    loss:1.472125, finished 43.73%.                             
[12:39:23] INFO     Rank: 0 - Epoch:17/40, Batch:42,    progress_callback.py:218
                    loss:1.268689, finished 43.77%.                             
[12:39:28] INFO     Rank: 0 - Epoch:17/40, Batch:43,    progress_callback.py:218
                    loss:1.0918, finished 43.8%.                                
[12:39:32] INFO     Rank: 0 - Epoch:17/40, Batch:44,    progress_callback.py:218
                    loss:1.5628, finished 43.83%.                               
[12:39:40] INFO     Rank: 0 - Epoch:17/40, Batch:45,    progress_callback.py:218
                    loss:1.202517, finished 43.86%.                             
[12:39:47] INFO     Rank: 0 - Epoch:17/40, Batch:46,    progress_callback.py:218
                    loss:1.00915, finished 43.89%.                              
[12:39:52] INFO     Rank: 0 - Epoch:17/40, Batch:47,    progress_callback.py:218
                    loss:1.090855, finished 43.92%.                             
[12:39:57] INFO     Rank: 0 - Epoch:17/40, Batch:48,    progress_callback.py:218
                    loss:1.799806, finished 43.95%.                             
[12:40:02] INFO     Rank: 0 - Epoch:17/40, Batch:49,    progress_callback.py:218
                    loss:1.623001, finished 43.98%.                             
[12:40:08] INFO     Rank: 0 - Contrastive loss is                 callback.py:66
                    0.6176487654447556, nll_loss is                             
                    0.7368633300065994                                          
           INFO     Rank: 0 - Epoch:17/40, Batch:50,    progress_callback.py:218
                    loss:1.424377, finished 44.01%.                             
[12:40:13] INFO     Rank: 0 - Epoch:17/40, Batch:51,    progress_callback.py:218
                    loss:1.06628, finished 44.04%.                              
[12:40:17] INFO     Rank: 0 - Epoch:17/40, Batch:52,    progress_callback.py:218
                    loss:0.936361, finished 44.07%.                             
[12:40:22] INFO     Rank: 0 - Epoch:17/40, Batch:53,    progress_callback.py:218
                    loss:1.388976, finished 44.1%.                              
[12:40:31] INFO     Rank: 0 - Epoch:17/40, Batch:54,    progress_callback.py:218
                    loss:1.037482, finished 44.13%.                             
[12:40:36] INFO     Rank: 0 - Epoch:17/40, Batch:55,    progress_callback.py:218
                    loss:1.254415, finished 44.16%.                             
[12:40:40] INFO     Rank: 0 - Epoch:17/40, Batch:56,    progress_callback.py:218
                    loss:1.165489, finished 44.19%.                             
[12:40:46] INFO     Rank: 0 - Epoch:17/40, Batch:57,    progress_callback.py:218
                    loss:1.419503, finished 44.22%.                             
[12:40:51] INFO     Rank: 0 - Epoch:17/40, Batch:58,    progress_callback.py:218
                    loss:1.279299, finished 44.25%.                             
[12:40:56] INFO     Rank: 0 - Epoch:17/40, Batch:59,    progress_callback.py:218
                    loss:1.527178, finished 44.28%.                             
[12:41:01] INFO     Rank: 0 - Contrastive loss is                 callback.py:66
                    0.5402731686830521, nll_loss is                             
                    0.6723559111356735                                          
[12:41:02] INFO     Rank: 0 - Epoch:17/40, Batch:60,    progress_callback.py:218
                    loss:1.051308, finished 44.31%.                             
[12:41:06] INFO     Rank: 0 - Epoch:17/40, Batch:61,    progress_callback.py:218
                    loss:1.177817, finished 44.34%.                             
[12:41:10] INFO     Rank: 0 - Epoch:17/40, Batch:62,    progress_callback.py:218
                    loss:1.54771, finished 44.37%.                              
[12:41:14] INFO     Rank: 0 - Epoch:17/40, Batch:63,    progress_callback.py:218
                    loss:1.294456, finished 44.4%.                              
[12:41:19] INFO     Rank: 0 - Epoch:17/40, Batch:64,    progress_callback.py:218
                    loss:1.517805, finished 44.43%.                             
[12:41:22] INFO     Rank: 0 - Epoch:17/40, Batch:65,    progress_callback.py:218
                    loss:1.164839, finished 44.46%.                             
[12:41:27] INFO     Rank: 0 - Epoch:17/40, Batch:66,    progress_callback.py:218
                    loss:1.740014, finished 44.49%.                             
[12:41:32] INFO     Rank: 0 - Epoch:17/40, Batch:67,    progress_callback.py:218
                    loss:1.475605, finished 44.52%.                             
[12:41:36] INFO     Rank: 0 - Epoch:17/40, Batch:68,    progress_callback.py:218
                    loss:1.43193, finished 44.55%.                              
[12:41:41] INFO     Rank: 0 - Epoch:17/40, Batch:69,    progress_callback.py:218
                    loss:1.16452, finished 44.58%.                              
           INFO     Rank: 0 -                                   evaluator.py:317
                    **********Evaluation starts**********                       
[12:41:55] INFO     Rank: 0 - **********Evaluation              evaluator.py:349
                    ends**********                                              
                                                                                
           INFO     Rank: 0 - ----------Eval. results   progress_callback.py:233
                    on Epoch:17, Batch:69----------                             
           INFO     Rank: 0 -                           progress_callback.py:238
                    {"torch_ngram#ngram-overlap":                               
                    0.4435877501964569}                                         
[12:41:58] INFO     Rank: 0 - Contrastive loss is                 callback.py:66
                    0.5477390110492706, nll_loss is                             
                    0.7978345930576325                                          
[12:42:00] INFO     Rank: 0 - Epoch:17/40, Batch:70,    progress_callback.py:218
                    loss:0.94104, finished 44.61%.                              
[12:42:06] INFO     Rank: 0 - Epoch:17/40, Batch:71,    progress_callback.py:218
                    loss:1.108581, finished 44.64%.                             
[12:42:09] INFO     Rank: 0 - Epoch:17/40, Batch:72,    progress_callback.py:218
                    loss:1.509756, finished 44.67%.                             
[12:42:15] INFO     Rank: 0 - Epoch:17/40, Batch:73,    progress_callback.py:218
                    loss:1.125997, finished 44.7%.                              
[12:42:21] INFO     Rank: 0 - Epoch:17/40, Batch:74,    progress_callback.py:218
                    loss:0.766062, finished 44.73%.                             
[12:42:26] INFO     Rank: 0 - Epoch:17/40, Batch:75,    progress_callback.py:218
                    loss:1.47498, finished 44.76%.                              
[12:42:31] INFO     Rank: 0 - Epoch:17/40, Batch:76,    progress_callback.py:218
                    loss:1.40704, finished 44.79%.                              
[12:42:36] INFO     Rank: 0 - Epoch:17/40, Batch:77,    progress_callback.py:218
                    loss:1.00414, finished 44.82%.                              
[12:42:40] INFO     Rank: 0 - Epoch:17/40, Batch:78,    progress_callback.py:218
                    loss:1.330385, finished 44.85%.                             
[12:42:46] INFO     Rank: 0 - Epoch:17/40, Batch:79,    progress_callback.py:218
                    loss:0.957635, finished 44.88%.                             
[12:42:50] INFO     Rank: 0 - Contrastive loss is                 callback.py:66
                    0.5334954738616944, nll_loss is                             
                    0.6852614045143127                                          
[12:42:51] INFO     Rank: 0 - Epoch:17/40, Batch:80,    progress_callback.py:218
                    loss:1.502992, finished 44.91%.                             
[12:42:56] INFO     Rank: 0 - Epoch:17/40, Batch:81,    progress_callback.py:218
                    loss:1.057124, finished 44.94%.                             
[12:43:00] INFO     Rank: 0 - Epoch:17/40, Batch:82,    progress_callback.py:218
                    loss:1.188154, finished 44.97%.                             
[12:43:03] INFO     Rank: 0 - Epoch:17/40, Batch:83,    progress_callback.py:218
                    loss:1.895077, finished 45.0%.                              
           INFO     Rank: 0 -                           progress_callback.py:204
                    **********Epoch:18 starts**********                         
[12:43:08] INFO     Rank: 0 - Epoch:18/40, Batch:1,     progress_callback.py:218
                    loss:1.223631, finished 45.03%.                             
[12:43:13] INFO     Rank: 0 - Epoch:18/40, Batch:2,     progress_callback.py:218
                    loss:1.00575, finished 45.06%.                              
[12:43:17] INFO     Rank: 0 - Epoch:18/40, Batch:3,     progress_callback.py:218
                    loss:1.393045, finished 45.09%.                             
[12:43:21] INFO     Rank: 0 - Epoch:18/40, Batch:4,     progress_callback.py:218
                    loss:1.578947, finished 45.12%.                             
[12:43:26] INFO     Rank: 0 - Epoch:18/40, Batch:5,     progress_callback.py:218
                    loss:0.946368, finished 45.15%.                             
[12:43:31] INFO     Rank: 0 - Epoch:18/40, Batch:6,     progress_callback.py:218
                    loss:1.412865, finished 45.18%.                             
[12:43:35] INFO     Rank: 0 - Contrastive loss is                 callback.py:66
                    0.5643070787191391, nll_loss is                             
                    0.7273852735757828                                          
[12:43:36] INFO     Rank: 0 - Epoch:18/40, Batch:7,     progress_callback.py:218
                    loss:1.215963, finished 45.21%.                             
[12:43:42] INFO     Rank: 0 - Epoch:18/40, Batch:8,     progress_callback.py:218
                    loss:0.805153, finished 45.24%.                             
[12:43:47] INFO     Rank: 0 - Epoch:18/40, Batch:9,     progress_callback.py:218
                    loss:1.41133, finished 45.27%.                              
[12:43:51] INFO     Rank: 0 - Epoch:18/40, Batch:10,    progress_callback.py:218
                    loss:1.238432, finished 45.3%.                              
[12:43:56] INFO     Rank: 0 - Epoch:18/40, Batch:11,    progress_callback.py:218
                    loss:1.06426, finished 45.33%.                              
[12:44:00] INFO     Rank: 0 - Epoch:18/40, Batch:12,    progress_callback.py:218
                    loss:1.115265, finished 45.36%.                             
[12:44:05] INFO     Rank: 0 - Epoch:18/40, Batch:13,    progress_callback.py:218
                    loss:1.334505, finished 45.39%.                             
[12:44:11] INFO     Rank: 0 - Epoch:18/40, Batch:14,    progress_callback.py:218
                    loss:0.880238, finished 45.42%.                             
[12:44:18] INFO     Rank: 0 - Epoch:18/40, Batch:15,    progress_callback.py:218
                    loss:1.014467, finished 45.45%.                             
[12:44:23] INFO     Rank: 0 - Epoch:18/40, Batch:16,    progress_callback.py:218
                    loss:1.343626, finished 45.48%.                             
[12:44:27] INFO     Rank: 0 - Contrastive loss is                 callback.py:66
                    0.4770687460899353, nll_loss is                             
                    0.6357225179672241                                          
[12:44:29] INFO     Rank: 0 - Epoch:18/40, Batch:17,    progress_callback.py:218
                    loss:0.920636, finished 45.51%.                             
[12:44:33] INFO     Rank: 0 - Epoch:18/40, Batch:18,    progress_callback.py:218
                    loss:1.41614, finished 45.54%.                              
[12:44:39] INFO     Rank: 0 - Epoch:18/40, Batch:19,    progress_callback.py:218
                    loss:0.905813, finished 45.57%.                             
[12:44:45] INFO     Rank: 0 - Epoch:18/40, Batch:20,    progress_callback.py:218
                    loss:1.653913, finished 45.6%.                              
[12:44:51] INFO     Rank: 0 - Epoch:18/40, Batch:21,    progress_callback.py:218
                    loss:0.8068, finished 45.63%.                               
[12:44:55] INFO     Rank: 0 - Epoch:18/40, Batch:22,    progress_callback.py:218
                    loss:1.540553, finished 45.66%.                             
[12:44:59] INFO     Rank: 0 - Epoch:18/40, Batch:23,    progress_callback.py:218
                    loss:0.991643, finished 45.69%.                             
[12:45:04] INFO     Rank: 0 - Epoch:18/40, Batch:24,    progress_callback.py:218
                    loss:1.639732, finished 45.72%.                             
[12:45:09] INFO     Rank: 0 - Epoch:18/40, Batch:25,    progress_callback.py:218
                    loss:1.402887, finished 45.75%.                             
[12:45:12] INFO     Rank: 0 - Epoch:18/40, Batch:26,    progress_callback.py:218
                    loss:1.412759, finished 45.78%.                             
           INFO     Rank: 0 -                                   evaluator.py:317
                    **********Evaluation starts**********                       
[12:45:26] INFO     Rank: 0 - **********Evaluation              evaluator.py:349
                    ends**********                                              
                                                                                
           INFO     Rank: 0 - ----------Eval. results   progress_callback.py:233
                    on Epoch:18, Batch:26----------                             
           INFO     Rank: 0 -                           progress_callback.py:238
                    {"torch_ngram#ngram-overlap":                               
                    0.44489049911499023}                                        
[12:45:28] INFO     Rank: 0 - Contrastive loss is                 callback.py:66
                    0.5773287862539291, nll_loss is                             
                    0.7284997373819351                                          
[12:45:31] INFO     Rank: 0 - Epoch:18/40, Batch:27,    progress_callback.py:218
                    loss:1.288046, finished 45.81%.                             
[12:45:35] INFO     Rank: 0 - Epoch:18/40, Batch:28,    progress_callback.py:218
                    loss:0.749252, finished 45.84%.                             
[12:45:41] INFO     Rank: 0 - Epoch:18/40, Batch:29,    progress_callback.py:218
                    loss:1.18541, finished 45.87%.                              
[12:45:45] INFO     Rank: 0 - Epoch:18/40, Batch:30,    progress_callback.py:218
                    loss:1.211302, finished 45.9%.                              
[12:45:50] INFO     Rank: 0 - Epoch:18/40, Batch:31,    progress_callback.py:218
                    loss:0.99983, finished 45.93%.                              
[12:45:55] INFO     Rank: 0 - Epoch:18/40, Batch:32,    progress_callback.py:218
                    loss:1.029732, finished 45.96%.                             
[12:46:00] INFO     Rank: 0 - Epoch:18/40, Batch:33,    progress_callback.py:218
                    loss:1.102692, finished 45.99%.                             
[12:46:06] INFO     Rank: 0 - Epoch:18/40, Batch:34,    progress_callback.py:218
                    loss:1.213908, finished 46.02%.                             
[12:46:10] INFO     Rank: 0 - Epoch:18/40, Batch:35,    progress_callback.py:218
                    loss:1.532426, finished 46.05%.                             
[12:46:14] INFO     Rank: 0 - Epoch:18/40, Batch:36,    progress_callback.py:218
                    loss:1.220119, finished 46.08%.                             
[12:46:17] INFO     Rank: 0 - Contrastive loss is                 callback.py:66
                    0.5140101850032807, nll_loss is                             
                    0.6200188219547271                                          
[12:46:18] INFO     Rank: 0 - Epoch:18/40, Batch:37,    progress_callback.py:218
                    loss:1.095619, finished 46.11%.                             
[12:46:23] INFO     Rank: 0 - Epoch:18/40, Batch:38,    progress_callback.py:218
                    loss:1.092967, finished 46.14%.                             
[12:46:28] INFO     Rank: 0 - Epoch:18/40, Batch:39,    progress_callback.py:218
                    loss:1.30968, finished 46.17%.                              
[12:46:34] INFO     Rank: 0 - Epoch:18/40, Batch:40,    progress_callback.py:218
                    loss:1.283918, finished 46.2%.                              
[12:46:39] INFO     Rank: 0 - Epoch:18/40, Batch:41,    progress_callback.py:218
                    loss:0.829513, finished 46.23%.                             
[12:46:46] INFO     Rank: 0 - Epoch:18/40, Batch:42,    progress_callback.py:218
                    loss:1.729269, finished 46.27%.                             
[12:46:50] INFO     Rank: 0 - Epoch:18/40, Batch:43,    progress_callback.py:218
                    loss:1.225278, finished 46.3%.                              
[12:46:55] INFO     Rank: 0 - Epoch:18/40, Batch:44,    progress_callback.py:218
                    loss:1.350432, finished 46.33%.                             
[12:47:00] INFO     Rank: 0 - Epoch:18/40, Batch:45,    progress_callback.py:218
                    loss:1.463472, finished 46.36%.                             
[12:47:04] INFO     Rank: 0 - Epoch:18/40, Batch:46,    progress_callback.py:218
                    loss:1.031692, finished 46.39%.                             
[12:47:08] INFO     Rank: 0 - Contrastive loss is                 callback.py:66
                    0.5723801910877228, nll_loss is                             
                    0.695695298910141                                           
           INFO     Rank: 0 - Epoch:18/40, Batch:47,    progress_callback.py:218
                    loss:1.364535, finished 46.42%.                             
[12:47:12] INFO     Rank: 0 - Epoch:18/40, Batch:48,    progress_callback.py:218
                    loss:1.244292, finished 46.45%.                             
[12:47:16] INFO     Rank: 0 - Epoch:18/40, Batch:49,    progress_callback.py:218
                    loss:1.477653, finished 46.48%.                             
[12:47:22] INFO     Rank: 0 - Epoch:18/40, Batch:50,    progress_callback.py:218
                    loss:1.278621, finished 46.51%.                             
[12:47:26] INFO     Rank: 0 - Epoch:18/40, Batch:51,    progress_callback.py:218
                    loss:1.007433, finished 46.54%.                             
[12:47:31] INFO     Rank: 0 - Epoch:18/40, Batch:52,    progress_callback.py:218
                    loss:1.054023, finished 46.57%.                             
[12:47:37] INFO     Rank: 0 - Epoch:18/40, Batch:53,    progress_callback.py:218
                    loss:1.284569, finished 46.6%.                              
[12:47:41] INFO     Rank: 0 - Epoch:18/40, Batch:54,    progress_callback.py:218
                    loss:1.338092, finished 46.63%.                             
[12:47:45] INFO     Rank: 0 - Epoch:18/40, Batch:55,    progress_callback.py:218
                    loss:1.270128, finished 46.66%.                             
[12:47:49] INFO     Rank: 0 - Epoch:18/40, Batch:56,    progress_callback.py:218
                    loss:1.12935, finished 46.69%.                              
[12:47:53] INFO     Rank: 0 - Contrastive loss is                 callback.py:66
                    0.526502451300621, nll_loss is                              
                    0.7078426271677017                                          
[12:47:57] INFO     Rank: 0 - Epoch:18/40, Batch:57,    progress_callback.py:218
                    loss:1.259289, finished 46.72%.                             
[12:48:01] INFO     Rank: 0 - Epoch:18/40, Batch:58,    progress_callback.py:218
                    loss:1.241271, finished 46.75%.                             
[12:48:06] INFO     Rank: 0 - Epoch:18/40, Batch:59,    progress_callback.py:218
                    loss:1.222896, finished 46.78%.                             
[12:48:12] INFO     Rank: 0 - Epoch:18/40, Batch:60,    progress_callback.py:218
                    loss:1.089694, finished 46.81%.                             
[12:48:17] INFO     Rank: 0 - Epoch:18/40, Batch:61,    progress_callback.py:218
                    loss:1.079369, finished 46.84%.                             
[12:48:23] INFO     Rank: 0 - Epoch:18/40, Batch:62,    progress_callback.py:218
                    loss:1.300145, finished 46.87%.                             
[12:48:29] INFO     Rank: 0 - Epoch:18/40, Batch:63,    progress_callback.py:218
                    loss:1.404187, finished 46.9%.                              
[12:48:35] INFO     Rank: 0 - Epoch:18/40, Batch:64,    progress_callback.py:218
                    loss:0.993251, finished 46.93%.                             
[12:48:39] INFO     Rank: 0 - Epoch:18/40, Batch:65,    progress_callback.py:218
                    loss:1.195708, finished 46.96%.                             
[12:48:43] INFO     Rank: 0 - Epoch:18/40, Batch:66,    progress_callback.py:218
                    loss:1.29651, finished 46.99%.                              
           INFO     Rank: 0 -                                   evaluator.py:317
                    **********Evaluation starts**********                       
[12:48:58] INFO     Rank: 0 - **********Evaluation              evaluator.py:349
                    ends**********                                              
                                                                                
           INFO     Rank: 0 - ----------Eval. results   progress_callback.py:233
                    on Epoch:18, Batch:66----------                             
           INFO     Rank: 0 -                           progress_callback.py:238
                    {"torch_ngram#ngram-overlap":                               
                    0.44494134187698364}                                        
[12:49:02] INFO     Rank: 0 - Contrastive loss is                 callback.py:66
                    0.4987765341997147, nll_loss is                             
                    0.7086090594530106                                          
           INFO     Rank: 0 - Epoch:18/40, Batch:67,    progress_callback.py:218
                    loss:1.250827, finished 47.02%.                             
[12:49:07] INFO     Rank: 0 - Epoch:18/40, Batch:68,    progress_callback.py:218
                    loss:0.880489, finished 47.05%.                             
[12:49:13] INFO     Rank: 0 - Epoch:18/40, Batch:69,    progress_callback.py:218
                    loss:1.472344, finished 47.08%.                             
[12:49:17] INFO     Rank: 0 - Epoch:18/40, Batch:70,    progress_callback.py:218
                    loss:0.785839, finished 47.11%.                             
[12:49:22] INFO     Rank: 0 - Epoch:18/40, Batch:71,    progress_callback.py:218
                    loss:0.95264, finished 47.14%.                              
[12:49:27] INFO     Rank: 0 - Epoch:18/40, Batch:72,    progress_callback.py:218
                    loss:1.088008, finished 47.17%.                             
[12:49:31] INFO     Rank: 0 - Epoch:18/40, Batch:73,    progress_callback.py:218
                    loss:1.165488, finished 47.2%.                              
[12:49:35] INFO     Rank: 0 - Epoch:18/40, Batch:74,    progress_callback.py:218
                    loss:1.049634, finished 47.23%.                             
[12:49:41] INFO     Rank: 0 - Epoch:18/40, Batch:75,    progress_callback.py:218
                    loss:1.25526, finished 47.26%.                              
[12:49:47] INFO     Rank: 0 - Epoch:18/40, Batch:76,    progress_callback.py:218
                    loss:0.967241, finished 47.29%.                             
[12:49:52] INFO     Rank: 0 - Contrastive loss is                 callback.py:66
                    0.4683330118656158, nll_loss is                             
                    0.5870385289192199                                          
           INFO     Rank: 0 - Epoch:18/40, Batch:77,    progress_callback.py:218
                    loss:0.936772, finished 47.32%.                             
[12:49:56] INFO     Rank: 0 - Epoch:18/40, Batch:78,    progress_callback.py:218
                    loss:1.17306, finished 47.35%.                              
[12:50:01] INFO     Rank: 0 - Epoch:18/40, Batch:79,    progress_callback.py:218
                    loss:1.303738, finished 47.38%.                             
[12:50:05] INFO     Rank: 0 - Epoch:18/40, Batch:80,    progress_callback.py:218
                    loss:0.858582, finished 47.41%.                             
[12:50:11] INFO     Rank: 0 - Epoch:18/40, Batch:81,    progress_callback.py:218
                    loss:1.199082, finished 47.44%.                             
[12:50:15] INFO     Rank: 0 - Epoch:18/40, Batch:82,    progress_callback.py:218
                    loss:1.23987, finished 47.47%.                              
[12:50:19] INFO     Rank: 0 - Epoch:18/40, Batch:83,    progress_callback.py:218
                    loss:1.036592, finished 47.5%.                              
           INFO     Rank: 0 -                           progress_callback.py:204
                    **********Epoch:19 starts**********                         
[12:50:24] INFO     Rank: 0 - Epoch:19/40, Batch:1,     progress_callback.py:218
                    loss:1.171088, finished 47.53%.                             
[12:50:29] INFO     Rank: 0 - Epoch:19/40, Batch:2,     progress_callback.py:218
                    loss:1.17951, finished 47.56%.                              
[12:50:34] INFO     Rank: 0 - Epoch:19/40, Batch:3,     progress_callback.py:218
                    loss:0.955072, finished 47.59%.                             
[12:50:36] INFO     Rank: 0 - Contrastive loss is                 callback.py:66
                    0.575925526022911, nll_loss is                              
                    0.569809427857399                                           
[12:50:38] INFO     Rank: 0 - Epoch:19/40, Batch:4,     progress_callback.py:218
                    loss:1.340756, finished 47.62%.                             
[12:50:43] INFO     Rank: 0 - Epoch:19/40, Batch:5,     progress_callback.py:218
                    loss:1.346959, finished 47.65%.                             
[12:50:47] INFO     Rank: 0 - Epoch:19/40, Batch:6,     progress_callback.py:218
                    loss:0.888083, finished 47.68%.                             
[12:50:51] INFO     Rank: 0 - Epoch:19/40, Batch:7,     progress_callback.py:218
                    loss:0.96619, finished 47.71%.                              
[12:50:56] INFO     Rank: 0 - Epoch:19/40, Batch:8,     progress_callback.py:218
                    loss:1.060941, finished 47.74%.                             
[12:51:00] INFO     Rank: 0 - Epoch:19/40, Batch:9,     progress_callback.py:218
                    loss:1.267404, finished 47.77%.                             
[12:51:05] INFO     Rank: 0 - Epoch:19/40, Batch:10,    progress_callback.py:218
                    loss:1.060596, finished 47.8%.                              
[12:51:09] INFO     Rank: 0 - Epoch:19/40, Batch:11,    progress_callback.py:218
                    loss:0.952634, finished 47.83%.                             
[12:51:13] INFO     Rank: 0 - Epoch:19/40, Batch:12,    progress_callback.py:218
                    loss:1.204658, finished 47.86%.                             
[12:51:19] INFO     Rank: 0 - Epoch:19/40, Batch:13,    progress_callback.py:218
                    loss:1.536921, finished 47.89%.                             
[12:51:22] INFO     Rank: 0 - Contrastive loss is                 callback.py:66
                    0.4790681332349777, nll_loss is                             
                    0.6382157772779464                                          
[12:51:24] INFO     Rank: 0 - Epoch:19/40, Batch:14,    progress_callback.py:218
                    loss:0.888454, finished 47.92%.                             
[12:51:29] INFO     Rank: 0 - Epoch:19/40, Batch:15,    progress_callback.py:218
                    loss:1.140482, finished 47.95%.                             
[12:51:35] INFO     Rank: 0 - Epoch:19/40, Batch:16,    progress_callback.py:218
                    loss:1.004991, finished 47.98%.                             
[12:51:39] INFO     Rank: 0 - Epoch:19/40, Batch:17,    progress_callback.py:218
                    loss:1.042181, finished 48.01%.                             
[12:51:45] INFO     Rank: 0 - Epoch:19/40, Batch:18,    progress_callback.py:218
                    loss:1.146956, finished 48.04%.                             
[12:51:49] INFO     Rank: 0 - Epoch:19/40, Batch:19,    progress_callback.py:218
                    loss:1.223505, finished 48.07%.                             
[12:51:54] INFO     Rank: 0 - Epoch:19/40, Batch:20,    progress_callback.py:218
                    loss:1.338603, finished 48.1%.                              
[12:51:59] INFO     Rank: 0 - Epoch:19/40, Batch:21,    progress_callback.py:218
                    loss:1.199098, finished 48.13%.                             
[12:52:04] INFO     Rank: 0 - Epoch:19/40, Batch:22,    progress_callback.py:218
                    loss:1.26116, finished 48.16%.                              
[12:52:09] INFO     Rank: 0 - Epoch:19/40, Batch:23,    progress_callback.py:218
                    loss:1.322212, finished 48.19%.                             
           INFO     Rank: 0 -                                   evaluator.py:317
                    **********Evaluation starts**********                       
[12:52:23] INFO     Rank: 0 - **********Evaluation              evaluator.py:349
                    ends**********                                              
                                                                                
           INFO     Rank: 0 - ----------Eval. results   progress_callback.py:233
                    on Epoch:19, Batch:23----------                             
           INFO     Rank: 0 -                           progress_callback.py:238
                    {"torch_ngram#ngram-overlap":                               
                    0.4447938799858093}                                         
[12:52:26] INFO     Rank: 0 - Contrastive loss is                 callback.py:66
                    0.5213828563690186, nll_loss is                             
                    0.634567666053772                                           
[12:52:28] INFO     Rank: 0 - Epoch:19/40, Batch:24,    progress_callback.py:218
                    loss:0.880316, finished 48.22%.                             
[12:52:33] INFO     Rank: 0 - Epoch:19/40, Batch:25,    progress_callback.py:218
                    loss:1.399283, finished 48.25%.                             
[12:52:38] INFO     Rank: 0 - Epoch:19/40, Batch:26,    progress_callback.py:218
                    loss:0.731448, finished 48.28%.                             
[12:52:44] INFO     Rank: 0 - Epoch:19/40, Batch:27,    progress_callback.py:218
                    loss:1.651335, finished 48.31%.                             
[12:52:48] INFO     Rank: 0 - Epoch:19/40, Batch:28,    progress_callback.py:218
                    loss:1.10892, finished 48.34%.                              
[12:52:54] INFO     Rank: 0 - Epoch:19/40, Batch:29,    progress_callback.py:218
                    loss:1.379882, finished 48.37%.                             
[12:52:59] INFO     Rank: 0 - Epoch:19/40, Batch:30,    progress_callback.py:218
                    loss:1.060953, finished 48.4%.                              
[12:53:03] INFO     Rank: 0 - Epoch:19/40, Batch:31,    progress_callback.py:218
                    loss:1.569591, finished 48.43%.                             
[12:53:07] INFO     Rank: 0 - Epoch:19/40, Batch:32,    progress_callback.py:218
                    loss:0.891595, finished 48.46%.                             
[12:53:12] INFO     Rank: 0 - Epoch:19/40, Batch:33,    progress_callback.py:218
                    loss:0.9557, finished 48.49%.                               
[12:53:15] INFO     Rank: 0 - Contrastive loss is                 callback.py:66
                    0.4961312472820282, nll_loss is                             
                    0.6896091759204864                                          
[12:53:18] INFO     Rank: 0 - Epoch:19/40, Batch:34,    progress_callback.py:218
                    loss:1.108696, finished 48.52%.                             
[12:53:22] INFO     Rank: 0 - Epoch:19/40, Batch:35,    progress_callback.py:218
                    loss:0.978423, finished 48.55%.                             
[12:53:27] INFO     Rank: 0 - Epoch:19/40, Batch:36,    progress_callback.py:218
                    loss:1.340101, finished 48.58%.                             
[12:53:35] INFO     Rank: 0 - Epoch:19/40, Batch:37,    progress_callback.py:218
                    loss:0.902298, finished 48.61%.                             
[12:53:41] INFO     Rank: 0 - Epoch:19/40, Batch:38,    progress_callback.py:218
                    loss:1.035472, finished 48.64%.                             
[12:53:45] INFO     Rank: 0 - Epoch:19/40, Batch:39,    progress_callback.py:218
                    loss:0.869365, finished 48.67%.                             
[12:53:49] INFO     Rank: 0 - Epoch:19/40, Batch:40,    progress_callback.py:218
                    loss:1.302647, finished 48.7%.                              
[12:53:54] INFO     Rank: 0 - Epoch:19/40, Batch:41,    progress_callback.py:218
                    loss:1.127159, finished 48.73%.                             
[12:53:58] INFO     Rank: 0 - Epoch:19/40, Batch:42,    progress_callback.py:218
                    loss:1.027854, finished 48.77%.                             
[12:54:03] INFO     Rank: 0 - Epoch:19/40, Batch:43,    progress_callback.py:218
                    loss:1.678228, finished 48.8%.                              
[12:54:06] INFO     Rank: 0 - Contrastive loss is                 callback.py:66
                    0.5602403551340103, nll_loss is                             
                    0.5919436126947403                                          
[12:54:07] INFO     Rank: 0 - Epoch:19/40, Batch:44,    progress_callback.py:218
                    loss:1.260293, finished 48.83%.                             
[12:54:13] INFO     Rank: 0 - Epoch:19/40, Batch:45,    progress_callback.py:218
                    loss:1.338224, finished 48.86%.                             
[12:54:18] INFO     Rank: 0 - Epoch:19/40, Batch:46,    progress_callback.py:218
                    loss:1.100487, finished 48.89%.                             
[12:54:23] INFO     Rank: 0 - Epoch:19/40, Batch:47,    progress_callback.py:218
                    loss:1.431453, finished 48.92%.                             
[12:54:28] INFO     Rank: 0 - Epoch:19/40, Batch:48,    progress_callback.py:218
                    loss:1.283621, finished 48.95%.                             
[12:54:35] INFO     Rank: 0 - Epoch:19/40, Batch:49,    progress_callback.py:218
                    loss:0.929171, finished 48.98%.                             
[12:54:41] INFO     Rank: 0 - Epoch:19/40, Batch:50,    progress_callback.py:218
                    loss:1.370636, finished 49.01%.                             
[12:54:46] INFO     Rank: 0 - Epoch:19/40, Batch:51,    progress_callback.py:218
                    loss:1.660803, finished 49.04%.                             
[12:54:52] INFO     Rank: 0 - Epoch:19/40, Batch:52,    progress_callback.py:218
                    loss:1.045794, finished 49.07%.                             
[12:54:58] INFO     Rank: 0 - Epoch:19/40, Batch:53,    progress_callback.py:218
                    loss:1.389282, finished 49.1%.                              
[12:55:01] INFO     Rank: 0 - Contrastive loss is                 callback.py:66
                    0.6028967142105103, nll_loss is                             
                    0.7199411869049073                                          
[12:55:02] INFO     Rank: 0 - Epoch:19/40, Batch:54,    progress_callback.py:218
                    loss:1.678908, finished 49.13%.                             
[12:55:07] INFO     Rank: 0 - Epoch:19/40, Batch:55,    progress_callback.py:218
                    loss:1.186427, finished 49.16%.                             
[12:55:12] INFO     Rank: 0 - Epoch:19/40, Batch:56,    progress_callback.py:218
                    loss:0.81475, finished 49.19%.                              
[12:55:17] INFO     Rank: 0 - Epoch:19/40, Batch:57,    progress_callback.py:218
                    loss:1.357103, finished 49.22%.                             
[12:55:22] INFO     Rank: 0 - Epoch:19/40, Batch:58,    progress_callback.py:218
                    loss:1.103153, finished 49.25%.                             
[12:55:26] INFO     Rank: 0 - Epoch:19/40, Batch:59,    progress_callback.py:218
                    loss:0.909773, finished 49.28%.                             
[12:55:31] INFO     Rank: 0 - Epoch:19/40, Batch:60,    progress_callback.py:218
                    loss:1.153351, finished 49.31%.                             
[12:55:36] INFO     Rank: 0 - Epoch:19/40, Batch:61,    progress_callback.py:218
                    loss:1.7548, finished 49.34%.                               
[12:55:41] INFO     Rank: 0 - Epoch:19/40, Batch:62,    progress_callback.py:218
                    loss:1.186445, finished 49.37%.                             
[12:55:47] INFO     Rank: 0 - Epoch:19/40, Batch:63,    progress_callback.py:218
                    loss:0.856216, finished 49.4%.                              
           INFO     Rank: 0 -                                   evaluator.py:317
                    **********Evaluation starts**********                       
[12:56:02] INFO     Rank: 0 - **********Evaluation              evaluator.py:349
                    ends**********                                              
                                                                                
           INFO     Rank: 0 - ----------Eval. results   progress_callback.py:233
                    on Epoch:19, Batch:63----------                             
           INFO     Rank: 0 -                           progress_callback.py:238
                    {"torch_ngram#ngram-overlap":                               
                    0.44460415840148926}                                        
[12:56:04] INFO     Rank: 0 - Contrastive loss is                 callback.py:66
                    0.5048911213874817, nll_loss is                             
                    0.6969741404056549                                          
[12:56:06] INFO     Rank: 0 - Epoch:19/40, Batch:64,    progress_callback.py:218
                    loss:1.696636, finished 49.43%.                             
[12:56:13] INFO     Rank: 0 - Epoch:19/40, Batch:65,    progress_callback.py:218
                    loss:1.276999, finished 49.46%.                             
[12:56:17] INFO     Rank: 0 - Epoch:19/40, Batch:66,    progress_callback.py:218
                    loss:1.089239, finished 49.49%.                             
[12:56:22] INFO     Rank: 0 - Epoch:19/40, Batch:67,    progress_callback.py:218
                    loss:1.252134, finished 49.52%.                             
[12:56:26] INFO     Rank: 0 - Epoch:19/40, Batch:68,    progress_callback.py:218
                    loss:1.177363, finished 49.55%.                             
[12:56:33] INFO     Rank: 0 - Epoch:19/40, Batch:69,    progress_callback.py:218
                    loss:1.136042, finished 49.58%.                             
[12:56:38] INFO     Rank: 0 - Epoch:19/40, Batch:70,    progress_callback.py:218
                    loss:1.296331, finished 49.61%.                             
[12:56:42] INFO     Rank: 0 - Epoch:19/40, Batch:71,    progress_callback.py:218
                    loss:1.348825, finished 49.64%.                             
[12:56:48] INFO     Rank: 0 - Epoch:19/40, Batch:72,    progress_callback.py:218
                    loss:1.183773, finished 49.67%.                             
[12:56:52] INFO     Rank: 0 - Epoch:19/40, Batch:73,    progress_callback.py:218
                    loss:1.229687, finished 49.7%.                              
[12:56:57] INFO     Rank: 0 - Contrastive loss is                 callback.py:66
                    0.5529428899288178, nll_loss is                             
                    0.652316290140152                                           
[12:56:58] INFO     Rank: 0 - Epoch:19/40, Batch:74,    progress_callback.py:218
                    loss:1.062198, finished 49.73%.                             
[12:57:04] INFO     Rank: 0 - Epoch:19/40, Batch:75,    progress_callback.py:218
                    loss:1.26129, finished 49.76%.                              
[12:57:09] INFO     Rank: 0 - Epoch:19/40, Batch:76,    progress_callback.py:218
                    loss:1.504707, finished 49.79%.                             
[12:57:14] INFO     Rank: 0 - Epoch:19/40, Batch:77,    progress_callback.py:218
                    loss:0.987582, finished 49.82%.                             
[12:57:18] INFO     Rank: 0 - Epoch:19/40, Batch:78,    progress_callback.py:218
                    loss:0.999456, finished 49.85%.                             
[12:57:22] INFO     Rank: 0 - Epoch:19/40, Batch:79,    progress_callback.py:218
                    loss:0.942961, finished 49.88%.                             
[12:57:27] INFO     Rank: 0 - Epoch:19/40, Batch:80,    progress_callback.py:218
                    loss:0.932837, finished 49.91%.                             
[12:57:32] INFO     Rank: 0 - Epoch:19/40, Batch:81,    progress_callback.py:218
                    loss:1.1901, finished 49.94%.                               
[12:57:38] INFO     Rank: 0 - Epoch:19/40, Batch:82,    progress_callback.py:218
                    loss:0.942274, finished 49.97%.                             
[12:57:41] INFO     Rank: 0 - Epoch:19/40, Batch:83,    progress_callback.py:218
                    loss:1.327161, finished 50.0%.                              
           INFO     Rank: 0 -                           progress_callback.py:204
                    **********Epoch:20 starts**********                         
[12:57:44] INFO     Rank: 0 - Contrastive loss is                 callback.py:66
                    0.558938279747963, nll_loss is                              
                    0.5804045408964157                                          
[12:57:45] INFO     Rank: 0 - Epoch:20/40, Batch:1,     progress_callback.py:218
                    loss:1.30506, finished 50.03%.                              
[12:57:51] INFO     Rank: 0 - Epoch:20/40, Batch:2,     progress_callback.py:218
                    loss:0.966317, finished 50.06%.                             
[12:57:54] INFO     Rank: 0 - Epoch:20/40, Batch:3,     progress_callback.py:218
                    loss:1.076755, finished 50.09%.                             
[12:57:59] INFO     Rank: 0 - Epoch:20/40, Batch:4,     progress_callback.py:218
                    loss:1.141478, finished 50.12%.                             
[12:58:04] INFO     Rank: 0 - Epoch:20/40, Batch:5,     progress_callback.py:218
                    loss:1.27925, finished 50.15%.                              
[12:58:09] INFO     Rank: 0 - Epoch:20/40, Batch:6,     progress_callback.py:218
                    loss:1.00374, finished 50.18%.                              
[12:58:14] INFO     Rank: 0 - Epoch:20/40, Batch:7,     progress_callback.py:218
                    loss:1.116236, finished 50.21%.                             
[12:58:18] INFO     Rank: 0 - Epoch:20/40, Batch:8,     progress_callback.py:218
                    loss:1.14444, finished 50.24%.                              
[12:58:23] INFO     Rank: 0 - Epoch:20/40, Batch:9,     progress_callback.py:218
                    loss:1.241588, finished 50.27%.                             
[12:58:28] INFO     Rank: 0 - Epoch:20/40, Batch:10,    progress_callback.py:218
                    loss:0.975702, finished 50.3%.                              
[12:58:33] INFO     Rank: 0 - Contrastive loss is                 callback.py:66
                    0.4705586463212967, nll_loss is                             
                    0.6431674927473068                                          
[12:58:34] INFO     Rank: 0 - Epoch:20/40, Batch:11,    progress_callback.py:218
                    loss:1.191755, finished 50.33%.                             
[12:58:42] INFO     Rank: 0 - Epoch:20/40, Batch:12,    progress_callback.py:218
                    loss:0.976664, finished 50.36%.                             
[12:58:46] INFO     Rank: 0 - Epoch:20/40, Batch:13,    progress_callback.py:218
                    loss:0.894009, finished 50.39%.                             
[12:58:52] INFO     Rank: 0 - Epoch:20/40, Batch:14,    progress_callback.py:218
                    loss:0.91563, finished 50.42%.                              
[12:58:56] INFO     Rank: 0 - Epoch:20/40, Batch:15,    progress_callback.py:218
                    loss:1.315203, finished 50.45%.                             
[12:59:02] INFO     Rank: 0 - Epoch:20/40, Batch:16,    progress_callback.py:218
                    loss:0.735657, finished 50.48%.                             
[12:59:07] INFO     Rank: 0 - Epoch:20/40, Batch:17,    progress_callback.py:218
                    loss:1.261395, finished 50.51%.                             
[12:59:12] INFO     Rank: 0 - Epoch:20/40, Batch:18,    progress_callback.py:218
                    loss:1.364464, finished 50.54%.                             
[12:59:17] INFO     Rank: 0 - Epoch:20/40, Batch:19,    progress_callback.py:218
                    loss:0.777461, finished 50.57%.                             
[12:59:22] INFO     Rank: 0 - Epoch:20/40, Batch:20,    progress_callback.py:218
                    loss:1.279396, finished 50.6%.                              
           INFO     Rank: 0 -                                   evaluator.py:317
                    **********Evaluation starts**********                       
[12:59:37] INFO     Rank: 0 - **********Evaluation              evaluator.py:349
                    ends**********                                              
                                                                                
           INFO     Rank: 0 - ----------Eval. results   progress_callback.py:233
                    on Epoch:20, Batch:20----------                             
           INFO     Rank: 0 -                           progress_callback.py:238
                    {"torch_ngram#ngram-overlap":                               
                    0.44691458344459534}                                        
[12:59:40] INFO     Rank: 0 - Contrastive loss is                 callback.py:66
                    0.49791480898857116, nll_loss is                            
                    0.6074226081371308                                          
[12:59:42] INFO     Rank: 0 - Epoch:20/40, Batch:21,    progress_callback.py:218
                    loss:1.533495, finished 50.63%.                             
[12:59:49] INFO     Rank: 0 - Epoch:20/40, Batch:22,    progress_callback.py:218
                    loss:0.978824, finished 50.66%.                             
[12:59:56] INFO     Rank: 0 - Epoch:20/40, Batch:23,    progress_callback.py:218
                    loss:1.003313, finished 50.69%.                             
[13:00:00] INFO     Rank: 0 - Epoch:20/40, Batch:24,    progress_callback.py:218
                    loss:1.158932, finished 50.72%.                             
[13:00:06] INFO     Rank: 0 - Epoch:20/40, Batch:25,    progress_callback.py:218
                    loss:1.236086, finished 50.75%.                             
[13:00:11] INFO     Rank: 0 - Epoch:20/40, Batch:26,    progress_callback.py:218
                    loss:0.95037, finished 50.78%.                              
[13:00:15] INFO     Rank: 0 - Epoch:20/40, Batch:27,    progress_callback.py:218
                    loss:1.397406, finished 50.81%.                             
[13:00:21] INFO     Rank: 0 - Epoch:20/40, Batch:28,    progress_callback.py:218
                    loss:1.157717, finished 50.84%.                             
[13:00:25] INFO     Rank: 0 - Epoch:20/40, Batch:29,    progress_callback.py:218
                    loss:0.942735, finished 50.87%.                             
[13:00:30] INFO     Rank: 0 - Epoch:20/40, Batch:30,    progress_callback.py:218
                    loss:0.920101, finished 50.9%.                              
[13:00:36] INFO     Rank: 0 - Contrastive loss is                 callback.py:66
                    0.4577287495136261, nll_loss is                             
                    0.6000113904476165                                          
           INFO     Rank: 0 - Epoch:20/40, Batch:31,    progress_callback.py:218
                    loss:0.831917, finished 50.93%.                             
[13:00:42] INFO     Rank: 0 - Epoch:20/40, Batch:32,    progress_callback.py:218
                    loss:1.312466, finished 50.96%.                             
[13:00:46] INFO     Rank: 0 - Epoch:20/40, Batch:33,    progress_callback.py:218
                    loss:1.058667, finished 50.99%.                             
[13:00:53] INFO     Rank: 0 - Epoch:20/40, Batch:34,    progress_callback.py:218
                    loss:1.485187, finished 51.02%.                             
[13:00:57] INFO     Rank: 0 - Epoch:20/40, Batch:35,    progress_callback.py:218
                    loss:1.089484, finished 51.05%.                             
[13:01:01] INFO     Rank: 0 - Epoch:20/40, Batch:36,    progress_callback.py:218
                    loss:1.055753, finished 51.08%.                             
[13:01:06] INFO     Rank: 0 - Epoch:20/40, Batch:37,    progress_callback.py:218
                    loss:1.332694, finished 51.11%.                             
[13:01:11] INFO     Rank: 0 - Epoch:20/40, Batch:38,    progress_callback.py:218
                    loss:0.852782, finished 51.14%.                             
[13:01:16] INFO     Rank: 0 - Epoch:20/40, Batch:39,    progress_callback.py:218
                    loss:1.258312, finished 51.17%.                             
[13:01:20] INFO     Rank: 0 - Epoch:20/40, Batch:40,    progress_callback.py:218
                    loss:1.064027, finished 51.2%.                              
[13:01:26] INFO     Rank: 0 - Contrastive loss is                 callback.py:66
                    0.5154825001955032, nll_loss is                             
                    0.627034392952919                                           
           INFO     Rank: 0 - Epoch:20/40, Batch:41,    progress_callback.py:218
                    loss:0.915798, finished 51.23%.                             
[13:01:30] INFO     Rank: 0 - Epoch:20/40, Batch:42,    progress_callback.py:218
                    loss:1.149847, finished 51.27%.                             
[13:01:35] INFO     Rank: 0 - Epoch:20/40, Batch:43,    progress_callback.py:218
                    loss:1.036156, finished 51.3%.                              
[13:01:41] INFO     Rank: 0 - Epoch:20/40, Batch:44,    progress_callback.py:218
                    loss:1.047517, finished 51.33%.                             
[13:01:47] INFO     Rank: 0 - Epoch:20/40, Batch:45,    progress_callback.py:218
                    loss:1.02075, finished 51.36%.                              
[13:01:52] INFO     Rank: 0 - Epoch:20/40, Batch:46,    progress_callback.py:218
                    loss:0.887445, finished 51.39%.                             
[13:01:58] INFO     Rank: 0 - Epoch:20/40, Batch:47,    progress_callback.py:218
                    loss:1.056553, finished 51.42%.                             
[13:02:05] INFO     Rank: 0 - Epoch:20/40, Batch:48,    progress_callback.py:218
                    loss:1.2043, finished 51.45%.                               
[13:02:11] INFO     Rank: 0 - Epoch:20/40, Batch:49,    progress_callback.py:218
                    loss:1.363795, finished 51.48%.                             
[13:02:15] INFO     Rank: 0 - Epoch:20/40, Batch:50,    progress_callback.py:218
                    loss:1.285432, finished 51.51%.                             
[13:02:20] INFO     Rank: 0 - Contrastive loss is                 callback.py:66
                    0.5030646562576294, nll_loss is                             
                    0.6191456079483032                                          
           INFO     Rank: 0 - Epoch:20/40, Batch:51,    progress_callback.py:218
                    loss:1.170308, finished 51.54%.                             
[13:02:24] INFO     Rank: 0 - Epoch:20/40, Batch:52,    progress_callback.py:218
                    loss:1.060553, finished 51.57%.                             
[13:02:29] INFO     Rank: 0 - Epoch:20/40, Batch:53,    progress_callback.py:218
                    loss:0.961383, finished 51.6%.                              
[13:02:35] INFO     Rank: 0 - Epoch:20/40, Batch:54,    progress_callback.py:218
                    loss:1.20936, finished 51.63%.                              
[13:02:40] INFO     Rank: 0 - Epoch:20/40, Batch:55,    progress_callback.py:218
                    loss:1.10827, finished 51.66%.                              
[13:02:44] INFO     Rank: 0 - Epoch:20/40, Batch:56,    progress_callback.py:218
                    loss:1.044563, finished 51.69%.                             
[13:02:49] INFO     Rank: 0 - Epoch:20/40, Batch:57,    progress_callback.py:218
                    loss:1.61625, finished 51.72%.                              
[13:02:54] INFO     Rank: 0 - Epoch:20/40, Batch:58,    progress_callback.py:218
                    loss:1.064091, finished 51.75%.                             
[13:03:00] INFO     Rank: 0 - Epoch:20/40, Batch:59,    progress_callback.py:218
                    loss:0.928861, finished 51.78%.                             
[13:03:05] INFO     Rank: 0 - Epoch:20/40, Batch:60,    progress_callback.py:218
                    loss:1.25097, finished 51.81%.                              
           INFO     Rank: 0 -                                   evaluator.py:317
                    **********Evaluation starts**********                       
[13:03:21] INFO     Rank: 0 - **********Evaluation              evaluator.py:349
                    ends**********                                              
                                                                                
           INFO     Rank: 0 - ----------Eval. results   progress_callback.py:233
                    on Epoch:20, Batch:60----------                             
           INFO     Rank: 0 -                           progress_callback.py:238
                    {"torch_ngram#ngram-overlap":                               
                    0.4441969096660614}                                         
[13:03:26] INFO     Rank: 0 - Contrastive loss is                 callback.py:66
                    0.4777174472808838, nll_loss is                             
                    0.6578936457633973                                          
[13:03:27] INFO     Rank: 0 - Epoch:20/40, Batch:61,    progress_callback.py:218
                    loss:1.11181, finished 51.84%.                              
[13:03:32] INFO     Rank: 0 - Epoch:20/40, Batch:62,    progress_callback.py:218
                    loss:1.008277, finished 51.87%.                             
[13:03:39] INFO     Rank: 0 - Epoch:20/40, Batch:63,    progress_callback.py:218
                    loss:1.293988, finished 51.9%.                              
[13:03:44] INFO     Rank: 0 - Epoch:20/40, Batch:64,    progress_callback.py:218
                    loss:0.833733, finished 51.93%.                             
[13:03:49] INFO     Rank: 0 - Epoch:20/40, Batch:65,    progress_callback.py:218
                    loss:1.066999, finished 51.96%.                             
[13:03:56] INFO     Rank: 0 - Epoch:20/40, Batch:66,    progress_callback.py:218
                    loss:1.324991, finished 51.99%.                             
[13:04:01] INFO     Rank: 0 - Epoch:20/40, Batch:67,    progress_callback.py:218
                    loss:0.66322, finished 52.02%.                              
[13:04:07] INFO     Rank: 0 - Epoch:20/40, Batch:68,    progress_callback.py:218
                    loss:0.974571, finished 52.05%.                             
[13:04:12] INFO     Rank: 0 - Epoch:20/40, Batch:69,    progress_callback.py:218
                    loss:0.634788, finished 52.08%.                             
[13:04:16] INFO     Rank: 0 - Epoch:20/40, Batch:70,    progress_callback.py:218
                    loss:1.092789, finished 52.11%.                             
[13:04:20] INFO     Rank: 0 - Contrastive loss is                 callback.py:66
                    0.46957367062568667, nll_loss is                            
                    0.5004934728145599                                          
[13:04:23] INFO     Rank: 0 - Epoch:20/40, Batch:71,    progress_callback.py:218
                    loss:0.807315, finished 52.14%.                             
[13:04:27] INFO     Rank: 0 - Epoch:20/40, Batch:72,    progress_callback.py:218
                    loss:1.240332, finished 52.17%.                             
[13:04:31] INFO     Rank: 0 - Epoch:20/40, Batch:73,    progress_callback.py:218
                    loss:1.162436, finished 52.2%.                              
[13:04:36] INFO     Rank: 0 - Epoch:20/40, Batch:74,    progress_callback.py:218
                    loss:1.40425, finished 52.23%.                              
[13:04:41] INFO     Rank: 0 - Epoch:20/40, Batch:75,    progress_callback.py:218
                    loss:0.929706, finished 52.26%.                             
[13:04:47] INFO     Rank: 0 - Epoch:20/40, Batch:76,    progress_callback.py:218
                    loss:1.07833, finished 52.29%.                              
[13:04:51] INFO     Rank: 0 - Epoch:20/40, Batch:77,    progress_callback.py:218
                    loss:1.404896, finished 52.32%.                             
[13:04:57] INFO     Rank: 0 - Epoch:20/40, Batch:78,    progress_callback.py:218
                    loss:1.284322, finished 52.35%.                             
[13:05:00] INFO     Rank: 0 - Epoch:20/40, Batch:79,    progress_callback.py:218
                    loss:1.07191, finished 52.38%.                              
[13:05:05] INFO     Rank: 0 - Epoch:20/40, Batch:80,    progress_callback.py:218
                    loss:0.94315, finished 52.41%.                              
[13:05:10] INFO     Rank: 0 - Contrastive loss is                 callback.py:66
                    0.5600341200828552, nll_loss is                             
                    0.6031683504581451                                          
           INFO     Rank: 0 - Epoch:20/40, Batch:81,    progress_callback.py:218
                    loss:1.112695, finished 52.44%.                             
[13:05:16] INFO     Rank: 0 - Epoch:20/40, Batch:82,    progress_callback.py:218
                    loss:1.040542, finished 52.47%.                             
[13:05:20] INFO     Rank: 0 - Epoch:20/40, Batch:83,    progress_callback.py:218
                    loss:1.337883, finished 52.5%.                              
           INFO     Rank: 0 -                           progress_callback.py:204
                    **********Epoch:21 starts**********                         
[13:05:24] INFO     Rank: 0 - Epoch:21/40, Batch:1,     progress_callback.py:218
                    loss:1.17451, finished 52.53%.                              
[13:05:28] INFO     Rank: 0 - Epoch:21/40, Batch:2,     progress_callback.py:218
                    loss:0.977829, finished 52.56%.                             
[13:05:34] INFO     Rank: 0 - Epoch:21/40, Batch:3,     progress_callback.py:218
                    loss:1.221332, finished 52.59%.                             
[13:05:39] INFO     Rank: 0 - Epoch:21/40, Batch:4,     progress_callback.py:218
                    loss:1.34128, finished 52.62%.                              
[13:05:44] INFO     Rank: 0 - Epoch:21/40, Batch:5,     progress_callback.py:218
                    loss:1.593187, finished 52.65%.                             
[13:05:49] INFO     Rank: 0 - Epoch:21/40, Batch:6,     progress_callback.py:218
                    loss:1.511594, finished 52.68%.                             
[13:05:55] INFO     Rank: 0 - Epoch:21/40, Batch:7,     progress_callback.py:218
                    loss:1.312619, finished 52.71%.                             
[13:05:59] INFO     Rank: 0 - Contrastive loss is                 callback.py:66
                    0.6344548135995864, nll_loss is                             
                    0.6257222265005111                                          
           INFO     Rank: 0 - Epoch:21/40, Batch:8,     progress_callback.py:218
                    loss:1.090995, finished 52.74%.                             
[13:06:03] INFO     Rank: 0 - Epoch:21/40, Batch:9,     progress_callback.py:218
                    loss:1.437077, finished 52.77%.                             
[13:06:09] INFO     Rank: 0 - Epoch:21/40, Batch:10,    progress_callback.py:218
                    loss:1.006679, finished 52.8%.                              
[13:06:13] INFO     Rank: 0 - Epoch:21/40, Batch:11,    progress_callback.py:218
                    loss:1.277601, finished 52.83%.                             
[13:06:19] INFO     Rank: 0 - Epoch:21/40, Batch:12,    progress_callback.py:218
                    loss:1.04044, finished 52.86%.                              
[13:06:24] INFO     Rank: 0 - Epoch:21/40, Batch:13,    progress_callback.py:218
                    loss:0.92369, finished 52.89%.                              
[13:06:28] INFO     Rank: 0 - Epoch:21/40, Batch:14,    progress_callback.py:218
                    loss:1.222702, finished 52.92%.                             
[13:06:32] INFO     Rank: 0 - Epoch:21/40, Batch:15,    progress_callback.py:218
                    loss:1.268222, finished 52.95%.                             
[13:06:36] INFO     Rank: 0 - Epoch:21/40, Batch:16,    progress_callback.py:218
                    loss:1.27436, finished 52.98%.                              
[13:06:41] INFO     Rank: 0 - Epoch:21/40, Batch:17,    progress_callback.py:218
                    loss:1.083423, finished 53.01%.                             
           INFO     Rank: 0 -                                   evaluator.py:317
                    **********Evaluation starts**********                       
[13:06:56] INFO     Rank: 0 - **********Evaluation              evaluator.py:349
                    ends**********                                              
                                                                                
           INFO     Rank: 0 - ----------Eval. results   progress_callback.py:233
                    on Epoch:21, Batch:17----------                             
           INFO     Rank: 0 -                           progress_callback.py:238
                    {"torch_ngram#ngram-overlap":                               
                    0.4472033977508545}                                         
[13:07:01] INFO     Rank: 0 - Contrastive loss is                 callback.py:66
                    0.5138481289148331, nll_loss is                             
                    0.6528604000806808                                          
[13:07:02] INFO     Rank: 0 - Epoch:21/40, Batch:18,    progress_callback.py:218
                    loss:1.132892, finished 53.04%.                             
[13:07:08] INFO     Rank: 0 - Epoch:21/40, Batch:19,    progress_callback.py:218
                    loss:0.852947, finished 53.07%.                             
[13:07:15] INFO     Rank: 0 - Epoch:21/40, Batch:20,    progress_callback.py:218
                    loss:1.066551, finished 53.1%.                              
[13:07:20] INFO     Rank: 0 - Epoch:21/40, Batch:21,    progress_callback.py:218
                    loss:1.054727, finished 53.13%.                             
[13:07:24] INFO     Rank: 0 - Epoch:21/40, Batch:22,    progress_callback.py:218
                    loss:1.279854, finished 53.16%.                             
[13:07:28] INFO     Rank: 0 - Epoch:21/40, Batch:23,    progress_callback.py:218
                    loss:1.536294, finished 53.19%.                             
[13:07:32] INFO     Rank: 0 - Epoch:21/40, Batch:24,    progress_callback.py:218
                    loss:0.911834, finished 53.22%.                             
[13:07:37] INFO     Rank: 0 - Epoch:21/40, Batch:25,    progress_callback.py:218
                    loss:1.651232, finished 53.25%.                             
[13:07:41] INFO     Rank: 0 - Epoch:21/40, Batch:26,    progress_callback.py:218
                    loss:0.949865, finished 53.28%.                             
[13:07:49] INFO     Rank: 0 - Epoch:21/40, Batch:27,    progress_callback.py:218
                    loss:0.881522, finished 53.31%.                             
[13:07:52] INFO     Rank: 0 - Contrastive loss is                 callback.py:66
                    0.4987049072980881, nll_loss is                             
                    0.6068739265203476                                          
[13:07:53] INFO     Rank: 0 - Epoch:21/40, Batch:28,    progress_callback.py:218
                    loss:0.870962, finished 53.34%.                             
[13:07:59] INFO     Rank: 0 - Epoch:21/40, Batch:29,    progress_callback.py:218
                    loss:0.973162, finished 53.37%.                             
[13:08:02] INFO     Rank: 0 - Epoch:21/40, Batch:30,    progress_callback.py:218
                    loss:1.453474, finished 53.4%.                              
[13:08:10] INFO     Rank: 0 - Epoch:21/40, Batch:31,    progress_callback.py:218
                    loss:0.985406, finished 53.43%.                             
[13:08:15] INFO     Rank: 0 - Epoch:21/40, Batch:32,    progress_callback.py:218
                    loss:1.024467, finished 53.46%.                             
[13:08:21] INFO     Rank: 0 - Epoch:21/40, Batch:33,    progress_callback.py:218
                    loss:0.787782, finished 53.49%.                             
[13:08:26] INFO     Rank: 0 - Epoch:21/40, Batch:34,    progress_callback.py:218
                    loss:0.875951, finished 53.52%.                             
[13:08:30] INFO     Rank: 0 - Epoch:21/40, Batch:35,    progress_callback.py:218
                    loss:1.083736, finished 53.55%.                             
[13:08:36] INFO     Rank: 0 - Epoch:21/40, Batch:36,    progress_callback.py:218
                    loss:1.086369, finished 53.58%.                             
[13:08:41] INFO     Rank: 0 - Epoch:21/40, Batch:37,    progress_callback.py:218
                    loss:1.31512, finished 53.61%.                              
[13:08:45] INFO     Rank: 0 - Contrastive loss is                 callback.py:66
                    0.481678181886673, nll_loss is                              
                    0.6110261499881744                                          
           INFO     Rank: 0 - Epoch:21/40, Batch:38,    progress_callback.py:218
                    loss:1.341578, finished 53.64%.                             
[13:08:51] INFO     Rank: 0 - Epoch:21/40, Batch:39,    progress_callback.py:218
                    loss:0.743231, finished 53.67%.                             
[13:08:56] INFO     Rank: 0 - Epoch:21/40, Batch:40,    progress_callback.py:218
                    loss:1.091065, finished 53.7%.                              
[13:09:00] INFO     Rank: 0 - Epoch:21/40, Batch:41,    progress_callback.py:218
                    loss:0.640918, finished 53.73%.                             
[13:09:05] INFO     Rank: 0 - Epoch:21/40, Batch:42,    progress_callback.py:218
                    loss:0.875143, finished 53.77%.                             
[13:09:10] INFO     Rank: 0 - Epoch:21/40, Batch:43,    progress_callback.py:218
                    loss:1.113299, finished 53.8%.                              
[13:09:15] INFO     Rank: 0 - Epoch:21/40, Batch:44,    progress_callback.py:218
                    loss:1.128016, finished 53.83%.                             
[13:09:20] INFO     Rank: 0 - Epoch:21/40, Batch:45,    progress_callback.py:218
                    loss:1.189955, finished 53.86%.                             
[13:09:27] INFO     Rank: 0 - Epoch:21/40, Batch:46,    progress_callback.py:218
                    loss:1.249389, finished 53.89%.                             
[13:09:32] INFO     Rank: 0 - Epoch:21/40, Batch:47,    progress_callback.py:218
                    loss:1.022245, finished 53.92%.                             
[13:09:35] INFO     Rank: 0 - Contrastive loss is                 callback.py:66
                    0.4885827198624611, nll_loss is                             
                    0.5478969380259514                                          
[13:09:36] INFO     Rank: 0 - Epoch:21/40, Batch:48,    progress_callback.py:218
                    loss:1.311535, finished 53.95%.                             
[13:09:40] INFO     Rank: 0 - Epoch:21/40, Batch:49,    progress_callback.py:218
                    loss:1.425051, finished 53.98%.                             
[13:09:44] INFO     Rank: 0 - Epoch:21/40, Batch:50,    progress_callback.py:218
                    loss:1.314382, finished 54.01%.                             
[13:09:48] INFO     Rank: 0 - Epoch:21/40, Batch:51,    progress_callback.py:218
                    loss:1.239879, finished 54.04%.                             
[13:09:53] INFO     Rank: 0 - Epoch:21/40, Batch:52,    progress_callback.py:218
                    loss:1.275559, finished 54.07%.                             
[13:09:57] INFO     Rank: 0 - Epoch:21/40, Batch:53,    progress_callback.py:218
                    loss:1.038712, finished 54.1%.                              
[13:10:03] INFO     Rank: 0 - Epoch:21/40, Batch:54,    progress_callback.py:218
                    loss:1.069366, finished 54.13%.                             
[13:10:07] INFO     Rank: 0 - Epoch:21/40, Batch:55,    progress_callback.py:218
                    loss:1.083246, finished 54.16%.                             
[13:10:12] INFO     Rank: 0 - Epoch:21/40, Batch:56,    progress_callback.py:218
                    loss:1.327989, finished 54.19%.                             
[13:10:17] INFO     Rank: 0 - Epoch:21/40, Batch:57,    progress_callback.py:218
                    loss:1.458162, finished 54.22%.                             
           INFO     Rank: 0 -                                   evaluator.py:317
                    **********Evaluation starts**********                       
[13:10:32] INFO     Rank: 0 - **********Evaluation              evaluator.py:349
                    ends**********                                              
                                                                                
           INFO     Rank: 0 - ----------Eval. results   progress_callback.py:233
                    on Epoch:21, Batch:57----------                             
           INFO     Rank: 0 -                           progress_callback.py:238
                    {"torch_ngram#ngram-overlap":                               
                    0.4456143379211426}                                         
[13:10:35] INFO     Rank: 0 - Contrastive loss is                 callback.py:66
                    0.5319029659032821, nll_loss is                             
                    0.6929564028978348                                          
[13:10:36] INFO     Rank: 0 - Epoch:21/40, Batch:58,    progress_callback.py:218
                    loss:1.016248, finished 54.25%.                             
[13:10:42] INFO     Rank: 0 - Epoch:21/40, Batch:59,    progress_callback.py:218
                    loss:1.365565, finished 54.28%.                             
[13:10:48] INFO     Rank: 0 - Epoch:21/40, Batch:60,    progress_callback.py:218
                    loss:0.73096, finished 54.31%.                              
[13:10:53] INFO     Rank: 0 - Epoch:21/40, Batch:61,    progress_callback.py:218
                    loss:1.192226, finished 54.34%.                             
[13:10:58] INFO     Rank: 0 - Epoch:21/40, Batch:62,    progress_callback.py:218
                    loss:0.910147, finished 54.37%.                             
[13:11:03] INFO     Rank: 0 - Epoch:21/40, Batch:63,    progress_callback.py:218
                    loss:1.203868, finished 54.4%.                              
[13:11:08] INFO     Rank: 0 - Epoch:21/40, Batch:64,    progress_callback.py:218
                    loss:1.025643, finished 54.43%.                             
[13:11:12] INFO     Rank: 0 - Epoch:21/40, Batch:65,    progress_callback.py:218
                    loss:1.466855, finished 54.46%.                             
[13:11:16] INFO     Rank: 0 - Epoch:21/40, Batch:66,    progress_callback.py:218
                    loss:1.30188, finished 54.49%.                              
[13:11:21] INFO     Rank: 0 - Epoch:21/40, Batch:67,    progress_callback.py:218
                    loss:1.342968, finished 54.52%.                             
[13:11:29] INFO     Rank: 0 - Contrastive loss is                 callback.py:66
                    0.5443106532096863, nll_loss is                             
                    0.6129440367221832                                          
           INFO     Rank: 0 - Epoch:21/40, Batch:68,    progress_callback.py:218
                    loss:1.032434, finished 54.55%.                             
[13:11:34] INFO     Rank: 0 - Epoch:21/40, Batch:69,    progress_callback.py:218
                    loss:0.928603, finished 54.58%.                             
[13:11:40] INFO     Rank: 0 - Epoch:21/40, Batch:70,    progress_callback.py:218
                    loss:1.251697, finished 54.61%.                             
[13:11:46] INFO     Rank: 0 - Epoch:21/40, Batch:71,    progress_callback.py:218
                    loss:1.31951, finished 54.64%.                              
[13:11:51] INFO     Rank: 0 - Epoch:21/40, Batch:72,    progress_callback.py:218
                    loss:1.380929, finished 54.67%.                             
[13:11:55] INFO     Rank: 0 - Epoch:21/40, Batch:73,    progress_callback.py:218
                    loss:1.261228, finished 54.7%.                              
[13:12:00] INFO     Rank: 0 - Epoch:21/40, Batch:74,    progress_callback.py:218
                    loss:1.028202, finished 54.73%.                             
[13:12:04] INFO     Rank: 0 - Epoch:21/40, Batch:75,    progress_callback.py:218
                    loss:1.279932, finished 54.76%.                             
[13:12:09] INFO     Rank: 0 - Epoch:21/40, Batch:76,    progress_callback.py:218
                    loss:1.022411, finished 54.79%.                             
[13:12:15] INFO     Rank: 0 - Epoch:21/40, Batch:77,    progress_callback.py:218
                    loss:1.091888, finished 54.82%.                             
[13:12:18] INFO     Rank: 0 - Contrastive loss is                 callback.py:66
                    0.5403422623872757, nll_loss is                             
                    0.6130353838205338                                          
[13:12:19] INFO     Rank: 0 - Epoch:21/40, Batch:78,    progress_callback.py:218
                    loss:0.969376, finished 54.85%.                             
[13:12:24] INFO     Rank: 0 - Epoch:21/40, Batch:79,    progress_callback.py:218
                    loss:1.173403, finished 54.88%.                             
[13:12:29] INFO     Rank: 0 - Epoch:21/40, Batch:80,    progress_callback.py:218
                    loss:1.100845, finished 54.91%.                             
[13:12:34] INFO     Rank: 0 - Epoch:21/40, Batch:81,    progress_callback.py:218
                    loss:0.766082, finished 54.94%.                             
[13:12:38] INFO     Rank: 0 - Epoch:21/40, Batch:82,    progress_callback.py:218
                    loss:0.986009, finished 54.97%.                             
[13:12:41] INFO     Rank: 0 - Epoch:21/40, Batch:83,    progress_callback.py:218
                    loss:1.424161, finished 55.0%.                              
           INFO     Rank: 0 -                           progress_callback.py:204
                    **********Epoch:22 starts**********                         
[13:12:46] INFO     Rank: 0 - Epoch:22/40, Batch:1,     progress_callback.py:218
                    loss:1.331544, finished 55.03%.                             
[13:12:49] INFO     Rank: 0 - Epoch:22/40, Batch:2,     progress_callback.py:218
                    loss:0.982746, finished 55.06%.                             
[13:12:56] INFO     Rank: 0 - Epoch:22/40, Batch:3,     progress_callback.py:218
                    loss:0.942478, finished 55.09%.                             
[13:13:00] INFO     Rank: 0 - Epoch:22/40, Batch:4,     progress_callback.py:218
                    loss:1.46371, finished 55.12%.                              
[13:13:03] INFO     Rank: 0 - Contrastive loss is                 callback.py:66
                    0.5393657714128495, nll_loss is                             
                    0.5780691117048263                                          
[13:13:04] INFO     Rank: 0 - Epoch:22/40, Batch:5,     progress_callback.py:218
                    loss:1.00337, finished 55.15%.                              
[13:13:08] INFO     Rank: 0 - Epoch:22/40, Batch:6,     progress_callback.py:218
                    loss:0.979725, finished 55.18%.                             
[13:13:14] INFO     Rank: 0 - Epoch:22/40, Batch:7,     progress_callback.py:218
                    loss:0.997954, finished 55.21%.                             
[13:13:19] INFO     Rank: 0 - Epoch:22/40, Batch:8,     progress_callback.py:218
                    loss:1.175283, finished 55.24%.                             
[13:13:24] INFO     Rank: 0 - Epoch:22/40, Batch:9,     progress_callback.py:218
                    loss:1.268687, finished 55.27%.                             
[13:13:29] INFO     Rank: 0 - Epoch:22/40, Batch:10,    progress_callback.py:218
                    loss:1.006807, finished 55.3%.                              
[13:13:33] INFO     Rank: 0 - Epoch:22/40, Batch:11,    progress_callback.py:218
                    loss:0.995603, finished 55.33%.                             
[13:13:38] INFO     Rank: 0 - Epoch:22/40, Batch:12,    progress_callback.py:218
                    loss:1.048697, finished 55.36%.                             
[13:13:45] INFO     Rank: 0 - Epoch:22/40, Batch:13,    progress_callback.py:218
                    loss:0.777998, finished 55.39%.                             
[13:13:49] INFO     Rank: 0 - Epoch:22/40, Batch:14,    progress_callback.py:218
                    loss:0.907764, finished 55.42%.                             
           INFO     Rank: 0 -                                   evaluator.py:317
                    **********Evaluation starts**********                       
[13:14:04] INFO     Rank: 0 - **********Evaluation              evaluator.py:349
                    ends**********                                              
                                                                                
           INFO     Rank: 0 - ----------Eval. results   progress_callback.py:233
                    on Epoch:22, Batch:14----------                             
           INFO     Rank: 0 -                           progress_callback.py:238
                    {"torch_ngram#ngram-overlap":                               
                    0.4458746612071991}                                         
[13:14:09] INFO     Rank: 0 - Contrastive loss is                 callback.py:66
                    0.45967132449150083, nll_loss is                            
                    0.5788328468799591                                          
           INFO     Rank: 0 - Epoch:22/40, Batch:15,    progress_callback.py:218
                    loss:1.226523, finished 55.45%.                             
[13:14:15] INFO     Rank: 0 - Epoch:22/40, Batch:16,    progress_callback.py:218
                    loss:0.936508, finished 55.48%.                             
[13:14:20] INFO     Rank: 0 - Epoch:22/40, Batch:17,    progress_callback.py:218
                    loss:1.548267, finished 55.51%.                             
[13:14:26] INFO     Rank: 0 - Epoch:22/40, Batch:18,    progress_callback.py:218
                    loss:0.890921, finished 55.54%.                             
[13:14:32] INFO     Rank: 0 - Epoch:22/40, Batch:19,    progress_callback.py:218
                    loss:1.231596, finished 55.57%.                             
[13:14:38] INFO     Rank: 0 - Epoch:22/40, Batch:20,    progress_callback.py:218
                    loss:0.904764, finished 55.6%.                              
[13:14:43] INFO     Rank: 0 - Epoch:22/40, Batch:21,    progress_callback.py:218
                    loss:1.056652, finished 55.63%.                             
[13:14:47] INFO     Rank: 0 - Epoch:22/40, Batch:22,    progress_callback.py:218
                    loss:1.378219, finished 55.66%.                             
[13:14:54] INFO     Rank: 0 - Epoch:22/40, Batch:23,    progress_callback.py:218
                    loss:0.937204, finished 55.69%.                             
[13:14:59] INFO     Rank: 0 - Epoch:22/40, Batch:24,    progress_callback.py:218
                    loss:0.944202, finished 55.72%.                             
[13:15:07] INFO     Rank: 0 - Contrastive loss is                 callback.py:66
                    0.5058214694261551, nll_loss is                             
                    0.5959339171648026                                          
           INFO     Rank: 0 - Epoch:22/40, Batch:25,    progress_callback.py:218
                    loss:1.18922, finished 55.75%.                              
[13:15:15] INFO     Rank: 0 - Epoch:22/40, Batch:26,    progress_callback.py:218
                    loss:1.142711, finished 55.78%.                             
[13:15:21] INFO     Rank: 0 - Epoch:22/40, Batch:27,    progress_callback.py:218
                    loss:0.789306, finished 55.81%.                             
[13:15:24] INFO     Rank: 0 - Epoch:22/40, Batch:28,    progress_callback.py:218
                    loss:1.021943, finished 55.84%.                             
[13:15:30] INFO     Rank: 0 - Epoch:22/40, Batch:29,    progress_callback.py:218
                    loss:1.070644, finished 55.87%.                             
[13:15:34] INFO     Rank: 0 - Epoch:22/40, Batch:30,    progress_callback.py:218
                    loss:1.236905, finished 55.9%.                              
[13:15:38] INFO     Rank: 0 - Epoch:22/40, Batch:31,    progress_callback.py:218
                    loss:1.150413, finished 55.93%.                             
[13:15:44] INFO     Rank: 0 - Epoch:22/40, Batch:32,    progress_callback.py:218
                    loss:1.105687, finished 55.96%.                             
[13:15:48] INFO     Rank: 0 - Epoch:22/40, Batch:33,    progress_callback.py:218
                    loss:1.340396, finished 55.99%.                             
[13:15:56] INFO     Rank: 0 - Epoch:22/40, Batch:34,    progress_callback.py:218
                    loss:1.061678, finished 56.02%.                             
[13:16:00] INFO     Rank: 0 - Contrastive loss is                 callback.py:66
                    0.48122201561927797, nll_loss is                            
                    0.5928383648395539                                          
           INFO     Rank: 0 - Epoch:22/40, Batch:35,    progress_callback.py:218
                    loss:0.82092, finished 56.05%.                              
[13:16:04] INFO     Rank: 0 - Epoch:22/40, Batch:36,    progress_callback.py:218
                    loss:1.19642, finished 56.08%.                              
[13:16:10] INFO     Rank: 0 - Epoch:22/40, Batch:37,    progress_callback.py:218
                    loss:1.105624, finished 56.11%.                             
[13:16:16] INFO     Rank: 0 - Epoch:22/40, Batch:38,    progress_callback.py:218
                    loss:1.167179, finished 56.14%.                             
[13:16:20] INFO     Rank: 0 - Epoch:22/40, Batch:39,    progress_callback.py:218
                    loss:0.96776, finished 56.17%.                              
[13:16:25] INFO     Rank: 0 - Epoch:22/40, Batch:40,    progress_callback.py:218
                    loss:1.12273, finished 56.2%.                               
[13:16:29] INFO     Rank: 0 - Epoch:22/40, Batch:41,    progress_callback.py:218
                    loss:1.343691, finished 56.23%.                             
[13:16:33] INFO     Rank: 0 - Epoch:22/40, Batch:42,    progress_callback.py:218
                    loss:0.740602, finished 56.27%.                             
[13:16:40] INFO     Rank: 0 - Epoch:22/40, Batch:43,    progress_callback.py:218
                    loss:0.956582, finished 56.3%.                              
[13:16:45] INFO     Rank: 0 - Epoch:22/40, Batch:44,    progress_callback.py:218
                    loss:0.866394, finished 56.33%.                             
[13:16:49] INFO     Rank: 0 - Contrastive loss is                 callback.py:66
                    0.4989515423774719, nll_loss is                             
                    0.5423930048942566                                          
[13:16:50] INFO     Rank: 0 - Epoch:22/40, Batch:45,    progress_callback.py:218
                    loss:0.946462, finished 56.36%.                             
[13:16:54] INFO     Rank: 0 - Epoch:22/40, Batch:46,    progress_callback.py:218
                    loss:0.986081, finished 56.39%.                             
[13:16:58] INFO     Rank: 0 - Epoch:22/40, Batch:47,    progress_callback.py:218
                    loss:1.167053, finished 56.42%.                             
[13:17:03] INFO     Rank: 0 - Epoch:22/40, Batch:48,    progress_callback.py:218
                    loss:0.930915, finished 56.45%.                             
[13:17:09] INFO     Rank: 0 - Epoch:22/40, Batch:49,    progress_callback.py:218
                    loss:1.194513, finished 56.48%.                             
[13:17:15] INFO     Rank: 0 - Epoch:22/40, Batch:50,    progress_callback.py:218
                    loss:0.943544, finished 56.51%.                             
[13:17:20] INFO     Rank: 0 - Epoch:22/40, Batch:51,    progress_callback.py:218
                    loss:0.832765, finished 56.54%.                             
[13:17:25] INFO     Rank: 0 - Epoch:22/40, Batch:52,    progress_callback.py:218
                    loss:0.955205, finished 56.57%.                             
[13:17:29] INFO     Rank: 0 - Epoch:22/40, Batch:53,    progress_callback.py:218
                    loss:1.393015, finished 56.6%.                              
[13:17:35] INFO     Rank: 0 - Epoch:22/40, Batch:54,    progress_callback.py:218
                    loss:1.282895, finished 56.63%.                             
           INFO     Rank: 0 -                                   evaluator.py:317
                    **********Evaluation starts**********                       
[13:17:48] INFO     Rank: 0 - **********Evaluation              evaluator.py:349
                    ends**********                                              
                                                                                
           INFO     Rank: 0 - ----------Eval. results   progress_callback.py:233
                    on Epoch:22, Batch:54----------                             
           INFO     Rank: 0 -                           progress_callback.py:238
                    {"torch_ngram#ngram-overlap":                               
                    0.44621795415878296}                                        
[13:17:54] INFO     Rank: 0 - Contrastive loss is                 callback.py:66
                    0.48384714126586914, nll_loss is                            
                    0.5946925103664398                                          
           INFO     Rank: 0 - Epoch:22/40, Batch:55,    progress_callback.py:218
                    loss:1.09941, finished 56.66%.                              
[13:17:59] INFO     Rank: 0 - Epoch:22/40, Batch:56,    progress_callback.py:218
                    loss:1.090361, finished 56.69%.                             
[13:18:03] INFO     Rank: 0 - Epoch:22/40, Batch:57,    progress_callback.py:218
                    loss:1.212312, finished 56.72%.                             
[13:18:07] INFO     Rank: 0 - Epoch:22/40, Batch:58,    progress_callback.py:218
                    loss:1.1502, finished 56.75%.                               
[13:18:12] INFO     Rank: 0 - Epoch:22/40, Batch:59,    progress_callback.py:218
                    loss:1.050106, finished 56.78%.                             
[13:18:16] INFO     Rank: 0 - Epoch:22/40, Batch:60,    progress_callback.py:218
                    loss:1.025774, finished 56.81%.                             
[13:18:21] INFO     Rank: 0 - Epoch:22/40, Batch:61,    progress_callback.py:218
                    loss:0.872598, finished 56.84%.                             
[13:18:26] INFO     Rank: 0 - Epoch:22/40, Batch:62,    progress_callback.py:218
                    loss:1.009453, finished 56.87%.                             
[13:18:33] INFO     Rank: 0 - Epoch:22/40, Batch:63,    progress_callback.py:218
                    loss:0.978569, finished 56.9%.                              
[13:18:37] INFO     Rank: 0 - Epoch:22/40, Batch:64,    progress_callback.py:218
                    loss:1.116764, finished 56.93%.                             
[13:18:41] INFO     Rank: 0 - Contrastive loss is                 callback.py:66
                    0.5048455029726029, nll_loss is                             
                    0.5490849584341049                                          
[13:18:42] INFO     Rank: 0 - Epoch:22/40, Batch:65,    progress_callback.py:218
                    loss:1.033167, finished 56.96%.                             
[13:18:48] INFO     Rank: 0 - Epoch:22/40, Batch:66,    progress_callback.py:218
                    loss:1.042599, finished 56.99%.                             
[13:18:52] INFO     Rank: 0 - Epoch:22/40, Batch:67,    progress_callback.py:218
                    loss:1.130794, finished 57.02%.                             
[13:18:56] INFO     Rank: 0 - Epoch:22/40, Batch:68,    progress_callback.py:218
                    loss:1.398981, finished 57.05%.                             
[13:19:01] INFO     Rank: 0 - Epoch:22/40, Batch:69,    progress_callback.py:218
                    loss:1.192637, finished 57.08%.                             
[13:19:06] INFO     Rank: 0 - Epoch:22/40, Batch:70,    progress_callback.py:218
                    loss:1.346188, finished 57.11%.                             
[13:19:11] INFO     Rank: 0 - Epoch:22/40, Batch:71,    progress_callback.py:218
                    loss:1.216036, finished 57.14%.                             
[13:19:17] INFO     Rank: 0 - Epoch:22/40, Batch:72,    progress_callback.py:218
                    loss:1.128871, finished 57.17%.                             
[13:19:22] INFO     Rank: 0 - Epoch:22/40, Batch:73,    progress_callback.py:218
                    loss:0.912184, finished 57.2%.                              
[13:19:26] INFO     Rank: 0 - Epoch:22/40, Batch:74,    progress_callback.py:218
                    loss:0.770875, finished 57.23%.                             
[13:19:31] INFO     Rank: 0 - Contrastive loss is                 callback.py:66
                    0.5398019701242447, nll_loss is                             
                    0.6010168701410293                                          
[13:19:32] INFO     Rank: 0 - Epoch:22/40, Batch:75,    progress_callback.py:218
                    loss:1.269023, finished 57.26%.                             
[13:19:36] INFO     Rank: 0 - Epoch:22/40, Batch:76,    progress_callback.py:218
                    loss:0.910124, finished 57.29%.                             
[13:19:42] INFO     Rank: 0 - Epoch:22/40, Batch:77,    progress_callback.py:218
                    loss:0.806755, finished 57.32%.                             
[13:19:47] INFO     Rank: 0 - Epoch:22/40, Batch:78,    progress_callback.py:218
                    loss:1.111311, finished 57.35%.                             
[13:19:53] INFO     Rank: 0 - Epoch:22/40, Batch:79,    progress_callback.py:218
                    loss:0.961673, finished 57.38%.                             
[13:19:57] INFO     Rank: 0 - Epoch:22/40, Batch:80,    progress_callback.py:218
                    loss:1.400119, finished 57.41%.                             
[13:20:02] INFO     Rank: 0 - Epoch:22/40, Batch:81,    progress_callback.py:218
                    loss:1.069483, finished 57.44%.                             
[13:20:06] INFO     Rank: 0 - Epoch:22/40, Batch:82,    progress_callback.py:218
                    loss:1.427341, finished 57.47%.                             
[13:20:09] INFO     Rank: 0 - Epoch:22/40, Batch:83,    progress_callback.py:218
                    loss:1.084217, finished 57.5%.                              
           INFO     Rank: 0 -                           progress_callback.py:204
                    **********Epoch:23 starts**********                         
[13:20:14] INFO     Rank: 0 - Epoch:23/40, Batch:1,     progress_callback.py:218
                    loss:0.851401, finished 57.53%.                             
[13:20:21] INFO     Rank: 0 - Contrastive loss is                 callback.py:66
                    0.4471040815114975, nll_loss is                             
                    0.6004153043031693                                          
[13:20:22] INFO     Rank: 0 - Epoch:23/40, Batch:2,     progress_callback.py:218
                    loss:0.85277, finished 57.56%.                              
[13:20:30] INFO     Rank: 0 - Epoch:23/40, Batch:3,     progress_callback.py:218
                    loss:0.895094, finished 57.59%.                             
[13:20:34] INFO     Rank: 0 - Epoch:23/40, Batch:4,     progress_callback.py:218
                    loss:1.08072, finished 57.62%.                              
[13:20:39] INFO     Rank: 0 - Epoch:23/40, Batch:5,     progress_callback.py:218
                    loss:1.100089, finished 57.65%.                             
[13:20:44] INFO     Rank: 0 - Epoch:23/40, Batch:6,     progress_callback.py:218
                    loss:0.835501, finished 57.68%.                             
[13:20:48] INFO     Rank: 0 - Epoch:23/40, Batch:7,     progress_callback.py:218
                    loss:0.881324, finished 57.71%.                             
[13:20:53] INFO     Rank: 0 - Epoch:23/40, Batch:8,     progress_callback.py:218
                    loss:1.185885, finished 57.74%.                             
[13:20:58] INFO     Rank: 0 - Epoch:23/40, Batch:9,     progress_callback.py:218
                    loss:1.010657, finished 57.77%.                             
[13:21:02] INFO     Rank: 0 - Epoch:23/40, Batch:10,    progress_callback.py:218
                    loss:1.121234, finished 57.8%.                              
[13:21:07] INFO     Rank: 0 - Epoch:23/40, Batch:11,    progress_callback.py:218
                    loss:0.862119, finished 57.83%.                             
           INFO     Rank: 0 -                                   evaluator.py:317
                    **********Evaluation starts**********                       
[13:21:21] INFO     Rank: 0 - **********Evaluation              evaluator.py:349
                    ends**********                                              
                                                                                
           INFO     Rank: 0 - ----------Eval. results   progress_callback.py:233
                    on Epoch:23, Batch:11----------                             
           INFO     Rank: 0 -                           progress_callback.py:238
                    {"torch_ngram#ngram-overlap":                               
                    0.4437732696533203}                                         
[13:21:24] INFO     Rank: 0 - Contrastive loss is                 callback.py:66
                    0.47211885154247285, nll_loss is                            
                    0.57263003885746                                            
[13:21:27] INFO     Rank: 0 - Epoch:23/40, Batch:12,    progress_callback.py:218
                    loss:1.474864, finished 57.86%.                             
[13:21:33] INFO     Rank: 0 - Epoch:23/40, Batch:13,    progress_callback.py:218
                    loss:0.934178, finished 57.89%.                             
[13:21:38] INFO     Rank: 0 - Epoch:23/40, Batch:14,    progress_callback.py:218
                    loss:1.088626, finished 57.92%.                             
[13:21:45] INFO     Rank: 0 - Epoch:23/40, Batch:15,    progress_callback.py:218
                    loss:1.206428, finished 57.95%.                             
[13:21:49] INFO     Rank: 0 - Epoch:23/40, Batch:16,    progress_callback.py:218
                    loss:0.967191, finished 57.98%.                             
[13:21:54] INFO     Rank: 0 - Epoch:23/40, Batch:17,    progress_callback.py:218
                    loss:1.06817, finished 58.01%.                              
[13:21:58] INFO     Rank: 0 - Epoch:23/40, Batch:18,    progress_callback.py:218
                    loss:1.404204, finished 58.04%.                             
[13:22:02] INFO     Rank: 0 - Epoch:23/40, Batch:19,    progress_callback.py:218
                    loss:1.110631, finished 58.07%.                             
[13:22:06] INFO     Rank: 0 - Epoch:23/40, Batch:20,    progress_callback.py:218
                    loss:1.045267, finished 58.1%.                              
[13:22:11] INFO     Rank: 0 - Epoch:23/40, Batch:21,    progress_callback.py:218
                    loss:1.348583, finished 58.13%.                             
[13:22:13] INFO     Rank: 0 - Contrastive loss is                 callback.py:66
                    0.5299307614564895, nll_loss is                             
                    0.5884814947843552                                          
[13:22:16] INFO     Rank: 0 - Epoch:23/40, Batch:22,    progress_callback.py:218
                    loss:1.010844, finished 58.16%.                             
[13:22:20] INFO     Rank: 0 - Epoch:23/40, Batch:23,    progress_callback.py:218
                    loss:1.304362, finished 58.19%.                             
[13:22:26] INFO     Rank: 0 - Epoch:23/40, Batch:24,    progress_callback.py:218
                    loss:1.017826, finished 58.22%.                             
[13:22:32] INFO     Rank: 0 - Epoch:23/40, Batch:25,    progress_callback.py:218
                    loss:1.155666, finished 58.25%.                             
[13:22:37] INFO     Rank: 0 - Epoch:23/40, Batch:26,    progress_callback.py:218
                    loss:1.317023, finished 58.28%.                             
[13:22:42] INFO     Rank: 0 - Epoch:23/40, Batch:27,    progress_callback.py:218
                    loss:0.94915, finished 58.31%.                              
[13:22:47] INFO     Rank: 0 - Epoch:23/40, Batch:28,    progress_callback.py:218
                    loss:1.038724, finished 58.34%.                             
[13:22:53] INFO     Rank: 0 - Epoch:23/40, Batch:29,    progress_callback.py:218
                    loss:1.193193, finished 58.37%.                             
[13:22:58] INFO     Rank: 0 - Epoch:23/40, Batch:30,    progress_callback.py:218
                    loss:0.854804, finished 58.4%.                              
[13:23:02] INFO     Rank: 0 - Epoch:23/40, Batch:31,    progress_callback.py:218
                    loss:0.960788, finished 58.43%.                             
[13:23:05] INFO     Rank: 0 - Contrastive loss is                 callback.py:66
                    0.5301167398691178, nll_loss is                             
                    0.5490272253751755                                          
[13:23:07] INFO     Rank: 0 - Epoch:23/40, Batch:32,    progress_callback.py:218
                    loss:0.999903, finished 58.46%.                             
[13:23:11] INFO     Rank: 0 - Epoch:23/40, Batch:33,    progress_callback.py:218
                    loss:1.103717, finished 58.49%.                             
[13:23:14] INFO     Rank: 0 - Epoch:23/40, Batch:34,    progress_callback.py:218
                    loss:1.285859, finished 58.52%.                             
[13:23:19] INFO     Rank: 0 - Epoch:23/40, Batch:35,    progress_callback.py:218
                    loss:1.1778, finished 58.55%.                               
[13:23:24] INFO     Rank: 0 - Epoch:23/40, Batch:36,    progress_callback.py:218
                    loss:1.026699, finished 58.58%.                             
[13:23:27] INFO     Rank: 0 - Epoch:23/40, Batch:37,    progress_callback.py:218
                    loss:1.12453, finished 58.61%.                              
[13:23:31] INFO     Rank: 0 - Epoch:23/40, Batch:38,    progress_callback.py:218
                    loss:0.880559, finished 58.64%.                             
[13:23:36] INFO     Rank: 0 - Epoch:23/40, Batch:39,    progress_callback.py:218
                    loss:1.322731, finished 58.67%.                             
[13:23:40] INFO     Rank: 0 - Epoch:23/40, Batch:40,    progress_callback.py:218
                    loss:1.289549, finished 58.7%.                              
[13:23:44] INFO     Rank: 0 - Epoch:23/40, Batch:41,    progress_callback.py:218
                    loss:1.173911, finished 58.73%.                             
[13:23:48] INFO     Rank: 0 - Contrastive loss is                 callback.py:66
                    0.5310032427310943, nll_loss is                             
                    0.6099293529987335                                          
           INFO     Rank: 0 - Epoch:23/40, Batch:42,    progress_callback.py:218
                    loss:1.023971, finished 58.77%.                             
[13:23:54] INFO     Rank: 0 - Epoch:23/40, Batch:43,    progress_callback.py:218
                    loss:1.099429, finished 58.8%.                              
[13:24:00] INFO     Rank: 0 - Epoch:23/40, Batch:44,    progress_callback.py:218
                    loss:0.982264, finished 58.83%.                             
[13:24:04] INFO     Rank: 0 - Epoch:23/40, Batch:45,    progress_callback.py:218
                    loss:1.289278, finished 58.86%.                             
[13:24:08] INFO     Rank: 0 - Epoch:23/40, Batch:46,    progress_callback.py:218
                    loss:1.392968, finished 58.89%.                             
[13:24:12] INFO     Rank: 0 - Epoch:23/40, Batch:47,    progress_callback.py:218
                    loss:1.399044, finished 58.92%.                             
[13:24:17] INFO     Rank: 0 - Epoch:23/40, Batch:48,    progress_callback.py:218
                    loss:0.936512, finished 58.95%.                             
[13:24:23] INFO     Rank: 0 - Epoch:23/40, Batch:49,    progress_callback.py:218
                    loss:0.955223, finished 58.98%.                             
[13:24:28] INFO     Rank: 0 - Epoch:23/40, Batch:50,    progress_callback.py:218
                    loss:1.000371, finished 59.01%.                             
[13:24:32] INFO     Rank: 0 - Epoch:23/40, Batch:51,    progress_callback.py:218
                    loss:0.994215, finished 59.04%.                             
           INFO     Rank: 0 -                                   evaluator.py:317
                    **********Evaluation starts**********                       
[13:24:46] INFO     Rank: 0 - **********Evaluation              evaluator.py:349
                    ends**********                                              
                                                                                
           INFO     Rank: 0 - ----------Eval. results   progress_callback.py:233
                    on Epoch:23, Batch:51----------                             
           INFO     Rank: 0 -                           progress_callback.py:238
                    {"torch_ngram#ngram-overlap":                               
                    0.44568970799446106}                                        
[13:24:49] INFO     Rank: 0 - Contrastive loss is                 callback.py:66
                    0.5182953506708146, nll_loss is                             
                    0.5896294921636581                                          
           INFO     Rank: 0 - Epoch:23/40, Batch:52,    progress_callback.py:218
                    loss:1.029945, finished 59.07%.                             
[13:24:54] INFO     Rank: 0 - Epoch:23/40, Batch:53,    progress_callback.py:218
                    loss:1.047068, finished 59.1%.                              
[13:25:00] INFO     Rank: 0 - Epoch:23/40, Batch:54,    progress_callback.py:218
                    loss:1.179559, finished 59.13%.                             
[13:25:06] INFO     Rank: 0 - Epoch:23/40, Batch:55,    progress_callback.py:218
                    loss:1.114922, finished 59.16%.                             
[13:25:10] INFO     Rank: 0 - Epoch:23/40, Batch:56,    progress_callback.py:218
                    loss:1.652849, finished 59.19%.                             
[13:25:15] INFO     Rank: 0 - Epoch:23/40, Batch:57,    progress_callback.py:218
                    loss:1.103191, finished 59.22%.                             
[13:25:21] INFO     Rank: 0 - Epoch:23/40, Batch:58,    progress_callback.py:218
                    loss:0.724783, finished 59.25%.                             
[13:25:28] INFO     Rank: 0 - Epoch:23/40, Batch:59,    progress_callback.py:218
                    loss:0.934467, finished 59.28%.                             
[13:25:32] INFO     Rank: 0 - Epoch:23/40, Batch:60,    progress_callback.py:218
                    loss:1.228895, finished 59.31%.                             
[13:25:38] INFO     Rank: 0 - Epoch:23/40, Batch:61,    progress_callback.py:218
                    loss:1.24377, finished 59.34%.                              
[13:25:41] INFO     Rank: 0 - Contrastive loss is                 callback.py:66
                    0.5071747660636902, nll_loss is                             
                    0.6142601609230042                                          
[13:25:43] INFO     Rank: 0 - Epoch:23/40, Batch:62,    progress_callback.py:218
                    loss:0.984845, finished 59.37%.                             
[13:25:48] INFO     Rank: 0 - Epoch:23/40, Batch:63,    progress_callback.py:218
                    loss:0.889512, finished 59.4%.                              
[13:25:56] INFO     Rank: 0 - Epoch:23/40, Batch:64,    progress_callback.py:218
                    loss:0.994528, finished 59.43%.                             
[13:26:00] INFO     Rank: 0 - Epoch:23/40, Batch:65,    progress_callback.py:218
                    loss:1.165707, finished 59.46%.                             
[13:26:05] INFO     Rank: 0 - Epoch:23/40, Batch:66,    progress_callback.py:218
                    loss:1.073482, finished 59.49%.                             
[13:26:10] INFO     Rank: 0 - Epoch:23/40, Batch:67,    progress_callback.py:218
                    loss:1.028948, finished 59.52%.                             
[13:26:15] INFO     Rank: 0 - Epoch:23/40, Batch:68,    progress_callback.py:218
                    loss:0.964615, finished 59.55%.                             
[13:26:19] INFO     Rank: 0 - Epoch:23/40, Batch:69,    progress_callback.py:218
                    loss:1.309082, finished 59.58%.                             
[13:26:24] INFO     Rank: 0 - Epoch:23/40, Batch:70,    progress_callback.py:218
                    loss:0.835194, finished 59.61%.                             
[13:26:29] INFO     Rank: 0 - Epoch:23/40, Batch:71,    progress_callback.py:218
                    loss:0.949173, finished 59.64%.                             
[13:26:32] INFO     Rank: 0 - Contrastive loss is                 callback.py:66
                    0.4179403632879257, nll_loss is                             
                    0.5773785144090653                                          
[13:26:33] INFO     Rank: 0 - Epoch:23/40, Batch:72,    progress_callback.py:218
                    loss:0.74295, finished 59.67%.                              
[13:26:37] INFO     Rank: 0 - Epoch:23/40, Batch:73,    progress_callback.py:218
                    loss:1.19084, finished 59.7%.                               
[13:26:41] INFO     Rank: 0 - Epoch:23/40, Batch:74,    progress_callback.py:218
                    loss:1.098718, finished 59.73%.                             
[13:26:50] INFO     Rank: 0 - Epoch:23/40, Batch:75,    progress_callback.py:218
                    loss:0.894665, finished 59.76%.                             
[13:26:57] INFO     Rank: 0 - Epoch:23/40, Batch:76,    progress_callback.py:218
                    loss:1.24286, finished 59.79%.                              
[13:27:03] INFO     Rank: 0 - Epoch:23/40, Batch:77,    progress_callback.py:218
                    loss:1.049191, finished 59.82%.                             
[13:27:06] INFO     Rank: 0 - Epoch:23/40, Batch:78,    progress_callback.py:218
                    loss:1.130619, finished 59.85%.                             
[13:27:11] INFO     Rank: 0 - Epoch:23/40, Batch:79,    progress_callback.py:218
                    loss:0.927278, finished 59.88%.                             
[13:27:16] INFO     Rank: 0 - Epoch:23/40, Batch:80,    progress_callback.py:218
                    loss:0.882197, finished 59.91%.                             
[13:27:22] INFO     Rank: 0 - Epoch:23/40, Batch:81,    progress_callback.py:218
                    loss:0.95014, finished 59.94%.                              
[13:27:24] INFO     Rank: 0 - Contrastive loss is                 callback.py:66
                    0.5237064093351365, nll_loss is                             
                    0.5176373809576035                                          
[13:27:26] INFO     Rank: 0 - Epoch:23/40, Batch:82,    progress_callback.py:218
                    loss:1.04693, finished 59.97%.                              
[13:27:28] INFO     Rank: 0 - Epoch:23/40, Batch:83,    progress_callback.py:218
                    loss:1.139523, finished 60.0%.                              
           INFO     Rank: 0 -                           progress_callback.py:204
                    **********Epoch:24 starts**********                         
[13:27:33] INFO     Rank: 0 - Epoch:24/40, Batch:1,     progress_callback.py:218
                    loss:1.155398, finished 60.03%.                             
[13:27:38] INFO     Rank: 0 - Epoch:24/40, Batch:2,     progress_callback.py:218
                    loss:0.942618, finished 60.06%.                             
[13:27:46] INFO     Rank: 0 - Epoch:24/40, Batch:3,     progress_callback.py:218
                    loss:0.995683, finished 60.09%.                             
[13:27:51] INFO     Rank: 0 - Epoch:24/40, Batch:4,     progress_callback.py:218
                    loss:0.905905, finished 60.12%.                             
[13:27:56] INFO     Rank: 0 - Epoch:24/40, Batch:5,     progress_callback.py:218
                    loss:1.200315, finished 60.15%.                             
[13:28:01] INFO     Rank: 0 - Epoch:24/40, Batch:6,     progress_callback.py:218
                    loss:0.734646, finished 60.18%.                             
[13:28:06] INFO     Rank: 0 - Epoch:24/40, Batch:7,     progress_callback.py:218
                    loss:0.952693, finished 60.21%.                             
[13:28:10] INFO     Rank: 0 - Epoch:24/40, Batch:8,     progress_callback.py:218
                    loss:1.205998, finished 60.24%.                             
           INFO     Rank: 0 -                                   evaluator.py:317
                    **********Evaluation starts**********                       
[13:28:24] INFO     Rank: 0 - **********Evaluation              evaluator.py:349
                    ends**********                                              
                                                                                
           INFO     Rank: 0 - ----------Eval. results   progress_callback.py:233
                    on Epoch:24, Batch:8----------                              
           INFO     Rank: 0 -                           progress_callback.py:238
                    {"torch_ngram#ngram-overlap":                               
                    0.44372281432151794}                                        
[13:28:27] INFO     Rank: 0 - Contrastive loss is                 callback.py:66
                    0.48025948703289034, nll_loss is                            
                    0.5474984675645829                                          
[13:28:31] INFO     Rank: 0 - Epoch:24/40, Batch:9,     progress_callback.py:218
                    loss:1.044801, finished 60.27%.                             
[13:28:38] INFO     Rank: 0 - Epoch:24/40, Batch:10,    progress_callback.py:218
                    loss:0.726974, finished 60.3%.                              
[13:28:43] INFO     Rank: 0 - Epoch:24/40, Batch:11,    progress_callback.py:218
                    loss:1.079889, finished 60.33%.                             
[13:28:51] INFO     Rank: 0 - Epoch:24/40, Batch:12,    progress_callback.py:218
                    loss:0.98261, finished 60.36%.                              
[13:28:56] INFO     Rank: 0 - Epoch:24/40, Batch:13,    progress_callback.py:218
                    loss:1.214184, finished 60.39%.                             
[13:29:00] INFO     Rank: 0 - Epoch:24/40, Batch:14,    progress_callback.py:218
                    loss:1.047963, finished 60.42%.                             
[13:29:06] INFO     Rank: 0 - Epoch:24/40, Batch:15,    progress_callback.py:218
                    loss:0.884224, finished 60.45%.                             
[13:29:10] INFO     Rank: 0 - Epoch:24/40, Batch:16,    progress_callback.py:218
                    loss:1.052089, finished 60.48%.                             
[13:29:16] INFO     Rank: 0 - Epoch:24/40, Batch:17,    progress_callback.py:218
                    loss:0.794974, finished 60.51%.                             
[13:29:24] INFO     Rank: 0 - Epoch:24/40, Batch:18,    progress_callback.py:218
                    loss:1.546336, finished 60.54%.                             
[13:29:29] INFO     Rank: 0 - Contrastive loss is                 callback.py:66
                    0.49504680633544923, nll_loss is                            
                    0.5663812816143036                                          
           INFO     Rank: 0 - Epoch:24/40, Batch:19,    progress_callback.py:218
                    loss:1.285039, finished 60.57%.                             
[13:29:35] INFO     Rank: 0 - Epoch:24/40, Batch:20,    progress_callback.py:218
                    loss:1.032458, finished 60.6%.                              
[13:29:40] INFO     Rank: 0 - Epoch:24/40, Batch:21,    progress_callback.py:218
                    loss:1.266072, finished 60.63%.                             
[13:29:46] INFO     Rank: 0 - Epoch:24/40, Batch:22,    progress_callback.py:218
                    loss:0.88122, finished 60.66%.                              
[13:29:52] INFO     Rank: 0 - Epoch:24/40, Batch:23,    progress_callback.py:218
                    loss:0.884377, finished 60.69%.                             
[13:29:58] INFO     Rank: 0 - Epoch:24/40, Batch:24,    progress_callback.py:218
                    loss:1.069718, finished 60.72%.                             
[13:30:06] INFO     Rank: 0 - Epoch:24/40, Batch:25,    progress_callback.py:218
                    loss:1.171099, finished 60.75%.                             
[13:30:10] INFO     Rank: 0 - Epoch:24/40, Batch:26,    progress_callback.py:218
                    loss:1.217931, finished 60.78%.                             
[13:30:14] INFO     Rank: 0 - Epoch:24/40, Batch:27,    progress_callback.py:218
                    loss:1.160395, finished 60.81%.                             
[13:30:18] INFO     Rank: 0 - Epoch:24/40, Batch:28,    progress_callback.py:218
                    loss:1.354387, finished 60.84%.                             
[13:30:23] INFO     Rank: 0 - Contrastive loss is                 callback.py:66
                    0.49817346036434174, nll_loss is                            
                    0.6171934217214584                                          
           INFO     Rank: 0 - Epoch:24/40, Batch:29,    progress_callback.py:218
                    loss:1.116012, finished 60.87%.                             
[13:30:29] INFO     Rank: 0 - Epoch:24/40, Batch:30,    progress_callback.py:218
                    loss:1.07855, finished 60.9%.                               
[13:30:33] INFO     Rank: 0 - Epoch:24/40, Batch:31,    progress_callback.py:218
                    loss:1.248202, finished 60.93%.                             
[13:30:38] INFO     Rank: 0 - Epoch:24/40, Batch:32,    progress_callback.py:218
                    loss:1.125483, finished 60.96%.                             
[13:30:43] INFO     Rank: 0 - Epoch:24/40, Batch:33,    progress_callback.py:218
                    loss:1.324002, finished 60.99%.                             
[13:30:48] INFO     Rank: 0 - Epoch:24/40, Batch:34,    progress_callback.py:218
                    loss:1.012826, finished 61.02%.                             
[13:30:55] INFO     Rank: 0 - Epoch:24/40, Batch:35,    progress_callback.py:218
                    loss:1.072343, finished 61.05%.                             
[13:30:59] INFO     Rank: 0 - Epoch:24/40, Batch:36,    progress_callback.py:218
                    loss:0.84112, finished 61.08%.                              
[13:31:04] INFO     Rank: 0 - Epoch:24/40, Batch:37,    progress_callback.py:218
                    loss:1.287918, finished 61.11%.                             
[13:31:11] INFO     Rank: 0 - Epoch:24/40, Batch:38,    progress_callback.py:218
                    loss:0.989437, finished 61.14%.                             
[13:31:13] INFO     Rank: 0 - Contrastive loss is                 callback.py:66
                    0.5033742368221283, nll_loss is                             
                    0.5751201450824738                                          
[13:31:15] INFO     Rank: 0 - Epoch:24/40, Batch:39,    progress_callback.py:218
                    loss:0.805064, finished 61.17%.                             
[13:31:21] INFO     Rank: 0 - Epoch:24/40, Batch:40,    progress_callback.py:218
                    loss:0.973812, finished 61.2%.                              
[13:31:26] INFO     Rank: 0 - Epoch:24/40, Batch:41,    progress_callback.py:218
                    loss:0.880521, finished 61.23%.                             
[13:31:31] INFO     Rank: 0 - Epoch:24/40, Batch:42,    progress_callback.py:218
                    loss:1.291792, finished 61.27%.                             
[13:31:35] INFO     Rank: 0 - Epoch:24/40, Batch:43,    progress_callback.py:218
                    loss:0.943425, finished 61.3%.                              
[13:31:42] INFO     Rank: 0 - Epoch:24/40, Batch:44,    progress_callback.py:218
                    loss:0.805736, finished 61.33%.                             
[13:31:46] INFO     Rank: 0 - Epoch:24/40, Batch:45,    progress_callback.py:218
                    loss:1.221141, finished 61.36%.                             
[13:31:52] INFO     Rank: 0 - Epoch:24/40, Batch:46,    progress_callback.py:218
                    loss:1.172585, finished 61.39%.                             
[13:31:57] INFO     Rank: 0 - Epoch:24/40, Batch:47,    progress_callback.py:218
                    loss:1.177034, finished 61.42%.                             
[13:32:02] INFO     Rank: 0 - Epoch:24/40, Batch:48,    progress_callback.py:218
                    loss:1.023216, finished 61.45%.                             
           INFO     Rank: 0 -                                   evaluator.py:317
                    **********Evaluation starts**********                       
[13:32:16] INFO     Rank: 0 - **********Evaluation              evaluator.py:349
                    ends**********                                              
                                                                                
           INFO     Rank: 0 - ----------Eval. results   progress_callback.py:233
                    on Epoch:24, Batch:48----------                             
           INFO     Rank: 0 -                           progress_callback.py:238
                    {"torch_ngram#ngram-overlap":                               
                    0.44709184765815735}                                        
[13:32:19] INFO     Rank: 0 - Contrastive loss is                 callback.py:66
                    0.48252682387828827, nll_loss is                            
                    0.5856177657842636                                          
[13:32:21] INFO     Rank: 0 - Epoch:24/40, Batch:49,    progress_callback.py:218
                    loss:1.192184, finished 61.48%.                             
[13:32:26] INFO     Rank: 0 - Epoch:24/40, Batch:50,    progress_callback.py:218
                    loss:1.27361, finished 61.51%.                              
[13:32:31] INFO     Rank: 0 - Epoch:24/40, Batch:51,    progress_callback.py:218
                    loss:1.010998, finished 61.54%.                             
[13:32:35] INFO     Rank: 0 - Epoch:24/40, Batch:52,    progress_callback.py:218
                    loss:1.066492, finished 61.57%.                             
[13:32:40] INFO     Rank: 0 - Epoch:24/40, Batch:53,    progress_callback.py:218
                    loss:1.016791, finished 61.6%.                              
[13:32:45] INFO     Rank: 0 - Epoch:24/40, Batch:54,    progress_callback.py:218
                    loss:1.008863, finished 61.63%.                             
[13:32:49] INFO     Rank: 0 - Epoch:24/40, Batch:55,    progress_callback.py:218
                    loss:1.43499, finished 61.66%.                              
[13:32:54] INFO     Rank: 0 - Epoch:24/40, Batch:56,    progress_callback.py:218
                    loss:1.393085, finished 61.69%.                             
[13:32:58] INFO     Rank: 0 - Epoch:24/40, Batch:57,    progress_callback.py:218
                    loss:0.972346, finished 61.72%.                             
[13:33:03] INFO     Rank: 0 - Epoch:24/40, Batch:58,    progress_callback.py:218
                    loss:1.079095, finished 61.75%.                             
[13:33:05] INFO     Rank: 0 - Contrastive loss is                 callback.py:66
                    0.5164520740509033, nll_loss is                             
                    0.592635577917099                                           
[13:33:08] INFO     Rank: 0 - Epoch:24/40, Batch:59,    progress_callback.py:218
                    loss:0.834607, finished 61.78%.                             
[13:33:14] INFO     Rank: 0 - Epoch:24/40, Batch:60,    progress_callback.py:218
                    loss:1.089071, finished 61.81%.                             
[13:33:21] INFO     Rank: 0 - Epoch:24/40, Batch:61,    progress_callback.py:218
                    loss:1.169324, finished 61.84%.                             
[13:33:26] INFO     Rank: 0 - Epoch:24/40, Batch:62,    progress_callback.py:218
                    loss:1.207639, finished 61.87%.                             
[13:33:30] INFO     Rank: 0 - Epoch:24/40, Batch:63,    progress_callback.py:218
                    loss:1.120281, finished 61.9%.                              
[13:33:35] INFO     Rank: 0 - Epoch:24/40, Batch:64,    progress_callback.py:218
                    loss:1.124042, finished 61.93%.                             
[13:33:39] INFO     Rank: 0 - Epoch:24/40, Batch:65,    progress_callback.py:218
                    loss:1.235398, finished 61.96%.                             
[13:33:44] INFO     Rank: 0 - Epoch:24/40, Batch:66,    progress_callback.py:218
                    loss:0.878933, finished 61.99%.                             
[13:33:49] INFO     Rank: 0 - Epoch:24/40, Batch:67,    progress_callback.py:218
                    loss:1.175136, finished 62.02%.                             
[13:33:54] INFO     Rank: 0 - Epoch:24/40, Batch:68,    progress_callback.py:218
                    loss:1.086706, finished 62.05%.                             
[13:33:57] INFO     Rank: 0 - Contrastive loss is                 callback.py:66
                    0.5183855503797531, nll_loss is                             
                    0.591505154967308                                           
[13:33:59] INFO     Rank: 0 - Epoch:24/40, Batch:69,    progress_callback.py:218
                    loss:1.012376, finished 62.08%.                             
[13:34:04] INFO     Rank: 0 - Epoch:24/40, Batch:70,    progress_callback.py:218
                    loss:1.269403, finished 62.11%.                             
[13:34:09] INFO     Rank: 0 - Epoch:24/40, Batch:71,    progress_callback.py:218
                    loss:1.134152, finished 62.14%.                             
[13:34:13] INFO     Rank: 0 - Epoch:24/40, Batch:72,    progress_callback.py:218
                    loss:1.101599, finished 62.17%.                             
[13:34:18] INFO     Rank: 0 - Epoch:24/40, Batch:73,    progress_callback.py:218
                    loss:0.840894, finished 62.2%.                              
[13:34:24] INFO     Rank: 0 - Epoch:24/40, Batch:74,    progress_callback.py:218
                    loss:1.004317, finished 62.23%.                             
[13:34:29] INFO     Rank: 0 - Epoch:24/40, Batch:75,    progress_callback.py:218
                    loss:1.288265, finished 62.26%.                             
[13:34:33] INFO     Rank: 0 - Epoch:24/40, Batch:76,    progress_callback.py:218
                    loss:1.204482, finished 62.29%.                             
[13:34:38] INFO     Rank: 0 - Epoch:24/40, Batch:77,    progress_callback.py:218
                    loss:1.272685, finished 62.32%.                             
[13:34:43] INFO     Rank: 0 - Epoch:24/40, Batch:78,    progress_callback.py:218
                    loss:1.038615, finished 62.35%.                             
[13:34:48] INFO     Rank: 0 - Contrastive loss is                 callback.py:66
                    0.5093462973833084, nll_loss is                             
                    0.5719146937131881                                          
[13:34:49] INFO     Rank: 0 - Epoch:24/40, Batch:79,    progress_callback.py:218
                    loss:0.658196, finished 62.38%.                             
[13:34:53] INFO     Rank: 0 - Epoch:24/40, Batch:80,    progress_callback.py:218
                    loss:0.957187, finished 62.41%.                             
[13:34:58] INFO     Rank: 0 - Epoch:24/40, Batch:81,    progress_callback.py:218
                    loss:1.087821, finished 62.44%.                             
[13:35:02] INFO     Rank: 0 - Epoch:24/40, Batch:82,    progress_callback.py:218
                    loss:1.03246, finished 62.47%.                              
[13:35:05] INFO     Rank: 0 - Epoch:24/40, Batch:83,    progress_callback.py:218
                    loss:1.427936, finished 62.5%.                              
           INFO     Rank: 0 -                           progress_callback.py:204
                    **********Epoch:25 starts**********                         
[13:35:10] INFO     Rank: 0 - Epoch:25/40, Batch:1,     progress_callback.py:218
                    loss:0.896468, finished 62.53%.                             
[13:35:15] INFO     Rank: 0 - Epoch:25/40, Batch:2,     progress_callback.py:218
                    loss:1.102321, finished 62.56%.                             
[13:35:21] INFO     Rank: 0 - Epoch:25/40, Batch:3,     progress_callback.py:218
                    loss:1.096215, finished 62.59%.                             
[13:35:28] INFO     Rank: 0 - Epoch:25/40, Batch:4,     progress_callback.py:218
                    loss:1.029372, finished 62.62%.                             
[13:35:33] INFO     Rank: 0 - Epoch:25/40, Batch:5,     progress_callback.py:218
                    loss:1.241011, finished 62.65%.                             
           INFO     Rank: 0 -                                   evaluator.py:317
                    **********Evaluation starts**********                       
[13:35:49] INFO     Rank: 0 - **********Evaluation              evaluator.py:349
                    ends**********                                              
                                                                                
           INFO     Rank: 0 - ----------Eval. results   progress_callback.py:233
                    on Epoch:25, Batch:5----------                              
           INFO     Rank: 0 -                           progress_callback.py:238
                    {"torch_ngram#ngram-overlap":                               
                    0.4456911087036133}                                         
[13:35:53] INFO     Rank: 0 - Contrastive loss is                 callback.py:66
                    0.5004167139530182, nll_loss is                             
                    0.5544570505619049                                          
[13:35:54] INFO     Rank: 0 - Epoch:25/40, Batch:6,     progress_callback.py:218
                    loss:0.677947, finished 62.68%.                             
[13:36:00] INFO     Rank: 0 - Epoch:25/40, Batch:7,     progress_callback.py:218
                    loss:1.141061, finished 62.71%.                             
[13:36:04] INFO     Rank: 0 - Epoch:25/40, Batch:8,     progress_callback.py:218
                    loss:0.961729, finished 62.74%.                             
[13:36:10] INFO     Rank: 0 - Epoch:25/40, Batch:9,     progress_callback.py:218
                    loss:0.804487, finished 62.77%.                             
[13:36:14] INFO     Rank: 0 - Epoch:25/40, Batch:10,    progress_callback.py:218
                    loss:1.414054, finished 62.8%.                              
[13:36:21] INFO     Rank: 0 - Epoch:25/40, Batch:11,    progress_callback.py:218
                    loss:1.412765, finished 62.83%.                             
[13:36:26] INFO     Rank: 0 - Epoch:25/40, Batch:12,    progress_callback.py:218
                    loss:1.000124, finished 62.86%.                             
[13:36:31] INFO     Rank: 0 - Epoch:25/40, Batch:13,    progress_callback.py:218
                    loss:0.710455, finished 62.89%.                             
[13:36:38] INFO     Rank: 0 - Epoch:25/40, Batch:14,    progress_callback.py:218
                    loss:1.276281, finished 62.92%.                             
[13:36:43] INFO     Rank: 0 - Epoch:25/40, Batch:15,    progress_callback.py:218
                    loss:1.206632, finished 62.95%.                             
[13:36:48] INFO     Rank: 0 - Contrastive loss is                 callback.py:66
                    0.48941235691308976, nll_loss is                            
                    0.6095584973692894                                          
[13:36:49] INFO     Rank: 0 - Epoch:25/40, Batch:16,    progress_callback.py:218
                    loss:1.062122, finished 62.98%.                             
[13:36:55] INFO     Rank: 0 - Epoch:25/40, Batch:17,    progress_callback.py:218
                    loss:0.962753, finished 63.01%.                             
[13:36:59] INFO     Rank: 0 - Epoch:25/40, Batch:18,    progress_callback.py:218
                    loss:1.016891, finished 63.04%.                             
[13:37:05] INFO     Rank: 0 - Epoch:25/40, Batch:19,    progress_callback.py:218
                    loss:1.071008, finished 63.07%.                             
[13:37:12] INFO     Rank: 0 - Epoch:25/40, Batch:20,    progress_callback.py:218
                    loss:1.24384, finished 63.1%.                               
[13:37:18] INFO     Rank: 0 - Epoch:25/40, Batch:21,    progress_callback.py:218
                    loss:0.902586, finished 63.13%.                             
[13:37:22] INFO     Rank: 0 - Epoch:25/40, Batch:22,    progress_callback.py:218
                    loss:1.049174, finished 63.16%.                             
[13:37:26] INFO     Rank: 0 - Epoch:25/40, Batch:23,    progress_callback.py:218
                    loss:1.147843, finished 63.19%.                             
[13:37:32] INFO     Rank: 0 - Epoch:25/40, Batch:24,    progress_callback.py:218
                    loss:0.976061, finished 63.22%.                             
[13:37:37] INFO     Rank: 0 - Epoch:25/40, Batch:25,    progress_callback.py:218
                    loss:1.02423, finished 63.25%.                              
[13:37:41] INFO     Rank: 0 - Contrastive loss is                 callback.py:66
                    0.5260663866996765, nll_loss is                             
                    0.5197628617286683                                          
[13:37:42] INFO     Rank: 0 - Epoch:25/40, Batch:26,    progress_callback.py:218
                    loss:1.063906, finished 63.28%.                             
[13:37:48] INFO     Rank: 0 - Epoch:25/40, Batch:27,    progress_callback.py:218
                    loss:0.979043, finished 63.31%.                             
[13:37:54] INFO     Rank: 0 - Epoch:25/40, Batch:28,    progress_callback.py:218
                    loss:1.167296, finished 63.34%.                             
[13:38:00] INFO     Rank: 0 - Epoch:25/40, Batch:29,    progress_callback.py:218
                    loss:1.030497, finished 63.37%.                             
[13:38:06] INFO     Rank: 0 - Epoch:25/40, Batch:30,    progress_callback.py:218
                    loss:0.846156, finished 63.4%.                              
[13:38:12] INFO     Rank: 0 - Epoch:25/40, Batch:31,    progress_callback.py:218
                    loss:1.106559, finished 63.43%.                             
[13:38:17] INFO     Rank: 0 - Epoch:25/40, Batch:32,    progress_callback.py:218
                    loss:1.035524, finished 63.46%.                             
[13:38:20] INFO     Rank: 0 - Epoch:25/40, Batch:33,    progress_callback.py:218
                    loss:1.094028, finished 63.49%.                             
[13:38:26] INFO     Rank: 0 - Epoch:25/40, Batch:34,    progress_callback.py:218
                    loss:0.904424, finished 63.52%.                             
[13:38:30] INFO     Rank: 0 - Epoch:25/40, Batch:35,    progress_callback.py:218
                    loss:0.658315, finished 63.55%.                             
[13:38:33] INFO     Rank: 0 - Contrastive loss is                 callback.py:66
                    0.46756477653980255, nll_loss is                            
                    0.5171179682016372                                          
[13:38:35] INFO     Rank: 0 - Epoch:25/40, Batch:36,    progress_callback.py:218
                    loss:1.024986, finished 63.58%.                             
[13:38:42] INFO     Rank: 0 - Epoch:25/40, Batch:37,    progress_callback.py:218
                    loss:0.916907, finished 63.61%.                             
[13:38:47] INFO     Rank: 0 - Epoch:25/40, Batch:38,    progress_callback.py:218
                    loss:0.803812, finished 63.64%.                             
[13:38:54] INFO     Rank: 0 - Epoch:25/40, Batch:39,    progress_callback.py:218
                    loss:1.399343, finished 63.67%.                             
[13:38:59] INFO     Rank: 0 - Epoch:25/40, Batch:40,    progress_callback.py:218
                    loss:1.017313, finished 63.7%.                              
[13:39:05] INFO     Rank: 0 - Epoch:25/40, Batch:41,    progress_callback.py:218
                    loss:1.151107, finished 63.73%.                             
[13:39:10] INFO     Rank: 0 - Epoch:25/40, Batch:42,    progress_callback.py:218
                    loss:1.08875, finished 63.77%.                              
[13:39:16] INFO     Rank: 0 - Epoch:25/40, Batch:43,    progress_callback.py:218
                    loss:0.969042, finished 63.8%.                              
[13:39:21] INFO     Rank: 0 - Epoch:25/40, Batch:44,    progress_callback.py:218
                    loss:1.184898, finished 63.83%.                             
[13:39:26] INFO     Rank: 0 - Epoch:25/40, Batch:45,    progress_callback.py:218
                    loss:0.897505, finished 63.86%.                             
           INFO     Rank: 0 -                                   evaluator.py:317
                    **********Evaluation starts**********                       
[13:39:41] INFO     Rank: 0 - **********Evaluation              evaluator.py:349
                    ends**********                                              
                                                                                
           INFO     Rank: 0 - ----------Eval. results   progress_callback.py:233
                    on Epoch:25, Batch:45----------                             
           INFO     Rank: 0 -                           progress_callback.py:238
                    {"torch_ngram#ngram-overlap":                               
                    0.4489404857158661}                                         
 ============= save model at results/2023-03-26-10_39_31_409621/epoch-25_step-2120.pt ============= 
save hyperparams in  results/2023-03-26-10_39_31_409621/hyperparams.txt
[13:39:45] INFO     Rank: 0 - Contrastive loss is                 callback.py:66
                    0.48515008091926576, nll_loss is                            
                    0.5308613121509552                                          
[13:39:46] INFO     Rank: 0 - Epoch:25/40, Batch:46,    progress_callback.py:218
                    loss:0.731438, finished 63.89%.                             
[13:39:51] INFO     Rank: 0 - Epoch:25/40, Batch:47,    progress_callback.py:218
                    loss:0.998269, finished 63.92%.                             
[13:39:56] INFO     Rank: 0 - Epoch:25/40, Batch:48,    progress_callback.py:218
                    loss:1.029783, finished 63.95%.                             
[13:40:01] INFO     Rank: 0 - Epoch:25/40, Batch:49,    progress_callback.py:218
                    loss:0.891831, finished 63.98%.                             
[13:40:07] INFO     Rank: 0 - Epoch:25/40, Batch:50,    progress_callback.py:218
                    loss:1.045231, finished 64.01%.                             
[13:40:12] INFO     Rank: 0 - Epoch:25/40, Batch:51,    progress_callback.py:218
                    loss:0.808367, finished 64.04%.                             
[13:40:16] INFO     Rank: 0 - Epoch:25/40, Batch:52,    progress_callback.py:218
                    loss:1.186615, finished 64.07%.                             
[13:40:20] INFO     Rank: 0 - Epoch:25/40, Batch:53,    progress_callback.py:218
                    loss:1.398835, finished 64.1%.                              
[13:40:24] INFO     Rank: 0 - Epoch:25/40, Batch:54,    progress_callback.py:218
                    loss:0.966475, finished 64.13%.                             
[13:40:29] INFO     Rank: 0 - Epoch:25/40, Batch:55,    progress_callback.py:218
                    loss:0.919927, finished 64.16%.                             
[13:40:33] INFO     Rank: 0 - Contrastive loss is                 callback.py:66
                    0.4429639160633087, nll_loss is                             
                    0.5981789112091065                                          
[13:40:34] INFO     Rank: 0 - Epoch:25/40, Batch:56,    progress_callback.py:218
                    loss:1.166096, finished 64.19%.                             
[13:40:39] INFO     Rank: 0 - Epoch:25/40, Batch:57,    progress_callback.py:218
                    loss:1.474362, finished 64.22%.                             
[13:40:44] INFO     Rank: 0 - Epoch:25/40, Batch:58,    progress_callback.py:218
                    loss:1.487771, finished 64.25%.                             
[13:40:48] INFO     Rank: 0 - Epoch:25/40, Batch:59,    progress_callback.py:218
                    loss:0.855438, finished 64.28%.                             
[13:40:53] INFO     Rank: 0 - Epoch:25/40, Batch:60,    progress_callback.py:218
                    loss:0.919464, finished 64.31%.                             
[13:41:00] INFO     Rank: 0 - Epoch:25/40, Batch:61,    progress_callback.py:218
                    loss:1.373724, finished 64.34%.                             
[13:41:05] INFO     Rank: 0 - Epoch:25/40, Batch:62,    progress_callback.py:218
                    loss:1.235674, finished 64.37%.                             
[13:41:11] INFO     Rank: 0 - Epoch:25/40, Batch:63,    progress_callback.py:218
                    loss:0.989697, finished 64.4%.                              
[13:41:15] INFO     Rank: 0 - Epoch:25/40, Batch:64,    progress_callback.py:218
                    loss:1.138406, finished 64.43%.                             
[13:41:19] INFO     Rank: 0 - Epoch:25/40, Batch:65,    progress_callback.py:218
                    loss:1.427206, finished 64.46%.                             
[13:41:22] INFO     Rank: 0 - Contrastive loss is                 callback.py:66
                    0.5930307239294053, nll_loss is                             
                    0.6011556357145309                                          
[13:41:23] INFO     Rank: 0 - Epoch:25/40, Batch:66,    progress_callback.py:218
                    loss:1.040121, finished 64.49%.                             
[13:41:28] INFO     Rank: 0 - Epoch:25/40, Batch:67,    progress_callback.py:218
                    loss:1.217052, finished 64.52%.                             
[13:41:34] INFO     Rank: 0 - Epoch:25/40, Batch:68,    progress_callback.py:218
                    loss:0.989404, finished 64.55%.                             
[13:41:38] INFO     Rank: 0 - Epoch:25/40, Batch:69,    progress_callback.py:218
                    loss:1.062301, finished 64.58%.                             
[13:41:44] INFO     Rank: 0 - Epoch:25/40, Batch:70,    progress_callback.py:218
                    loss:0.805262, finished 64.61%.                             
[13:41:49] INFO     Rank: 0 - Epoch:25/40, Batch:71,    progress_callback.py:218
                    loss:1.023552, finished 64.64%.                             
[13:41:55] INFO     Rank: 0 - Epoch:25/40, Batch:72,    progress_callback.py:218
                    loss:1.203823, finished 64.67%.                             
[13:42:00] INFO     Rank: 0 - Epoch:25/40, Batch:73,    progress_callback.py:218
                    loss:1.091031, finished 64.7%.                              
[13:42:05] INFO     Rank: 0 - Epoch:25/40, Batch:74,    progress_callback.py:218
                    loss:0.897038, finished 64.73%.                             
[13:42:11] INFO     Rank: 0 - Epoch:25/40, Batch:75,    progress_callback.py:218
                    loss:1.162482, finished 64.76%.                             
[13:42:15] INFO     Rank: 0 - Contrastive loss is                 callback.py:66
                    0.5129517585039138, nll_loss is                             
                    0.5476728409528733                                          
[13:42:16] INFO     Rank: 0 - Epoch:25/40, Batch:76,    progress_callback.py:218
                    loss:1.1543, finished 64.79%.                               
[13:42:21] INFO     Rank: 0 - Epoch:25/40, Batch:77,    progress_callback.py:218
                    loss:0.860229, finished 64.82%.                             
[13:42:27] INFO     Rank: 0 - Epoch:25/40, Batch:78,    progress_callback.py:218
                    loss:0.995059, finished 64.85%.                             
[13:42:31] INFO     Rank: 0 - Epoch:25/40, Batch:79,    progress_callback.py:218
                    loss:1.012023, finished 64.88%.                             
[13:42:36] INFO     Rank: 0 - Epoch:25/40, Batch:80,    progress_callback.py:218
                    loss:0.811125, finished 64.91%.                             
[13:42:41] INFO     Rank: 0 - Epoch:25/40, Batch:81,    progress_callback.py:218
                    loss:1.104552, finished 64.94%.                             
[13:42:46] INFO     Rank: 0 - Epoch:25/40, Batch:82,    progress_callback.py:218
                    loss:0.835847, finished 64.97%.                             
[13:42:48] INFO     Rank: 0 - Epoch:25/40, Batch:83,    progress_callback.py:218
                    loss:1.288988, finished 65.0%.                              
           INFO     Rank: 0 -                           progress_callback.py:204
                    **********Epoch:26 starts**********                         
[13:42:53] INFO     Rank: 0 - Epoch:26/40, Batch:1,     progress_callback.py:218
                    loss:1.182542, finished 65.03%.                             
[13:42:58] INFO     Rank: 0 - Epoch:26/40, Batch:2,     progress_callback.py:218
                    loss:1.084662, finished 65.06%.                             
           INFO     Rank: 0 -                                   evaluator.py:317
                    **********Evaluation starts**********                       
[13:43:13] INFO     Rank: 0 - **********Evaluation              evaluator.py:349
                    ends**********                                              
                                                                                
           INFO     Rank: 0 - ----------Eval. results   progress_callback.py:233
                    on Epoch:26, Batch:2----------                              
           INFO     Rank: 0 -                           progress_callback.py:238
                    {"torch_ngram#ngram-overlap":                               
                    0.4471852779388428}                                         
[13:43:16] INFO     Rank: 0 - Contrastive loss is                 callback.py:66
                    0.4947580754756927, nll_loss is                             
                    0.5193753480911255                                          
[13:43:18] INFO     Rank: 0 - Epoch:26/40, Batch:3,     progress_callback.py:218
                    loss:0.966307, finished 65.09%.                             
[13:43:22] INFO     Rank: 0 - Epoch:26/40, Batch:4,     progress_callback.py:218
                    loss:0.633617, finished 65.12%.                             
[13:43:29] INFO     Rank: 0 - Epoch:26/40, Batch:5,     progress_callback.py:218
                    loss:0.784431, finished 65.15%.                             
[13:43:35] INFO     Rank: 0 - Epoch:26/40, Batch:6,     progress_callback.py:218
                    loss:1.031109, finished 65.18%.                             
[13:43:40] INFO     Rank: 0 - Epoch:26/40, Batch:7,     progress_callback.py:218
                    loss:0.826903, finished 65.21%.                             
[13:43:45] INFO     Rank: 0 - Epoch:26/40, Batch:8,     progress_callback.py:218
                    loss:0.939052, finished 65.24%.                             
[13:43:52] INFO     Rank: 0 - Epoch:26/40, Batch:9,     progress_callback.py:218
                    loss:0.893736, finished 65.27%.                             
[13:43:58] INFO     Rank: 0 - Epoch:26/40, Batch:10,    progress_callback.py:218
                    loss:0.74526, finished 65.3%.                               
[13:44:02] INFO     Rank: 0 - Epoch:26/40, Batch:11,    progress_callback.py:218
                    loss:1.172929, finished 65.33%.                             
[13:44:07] INFO     Rank: 0 - Epoch:26/40, Batch:12,    progress_callback.py:218
                    loss:1.1845, finished 65.36%.                               
[13:44:11] INFO     Rank: 0 - Contrastive loss is                 callback.py:66
                    0.44040967226028443, nll_loss is                            
                    0.4880467355251312                                          
           INFO     Rank: 0 - Epoch:26/40, Batch:13,    progress_callback.py:218
                    loss:1.073028, finished 65.39%.                             
[13:44:17] INFO     Rank: 0 - Epoch:26/40, Batch:14,    progress_callback.py:218
                    loss:0.812637, finished 65.42%.                             
[13:44:23] INFO     Rank: 0 - Epoch:26/40, Batch:15,    progress_callback.py:218
                    loss:1.130025, finished 65.45%.                             
[13:44:27] INFO     Rank: 0 - Epoch:26/40, Batch:16,    progress_callback.py:218
                    loss:1.043077, finished 65.48%.                             
[13:44:34] INFO     Rank: 0 - Epoch:26/40, Batch:17,    progress_callback.py:218
                    loss:1.034009, finished 65.51%.                             
[13:44:38] INFO     Rank: 0 - Epoch:26/40, Batch:18,    progress_callback.py:218
                    loss:0.85915, finished 65.54%.                              
[13:44:43] INFO     Rank: 0 - Epoch:26/40, Batch:19,    progress_callback.py:218
                    loss:1.06869, finished 65.57%.                              
[13:44:47] INFO     Rank: 0 - Epoch:26/40, Batch:20,    progress_callback.py:218
                    loss:1.207088, finished 65.6%.                              
[13:44:52] INFO     Rank: 0 - Epoch:26/40, Batch:21,    progress_callback.py:218
                    loss:1.026243, finished 65.63%.                             
[13:44:58] INFO     Rank: 0 - Epoch:26/40, Batch:22,    progress_callback.py:218
                    loss:0.874489, finished 65.66%.                             
[13:45:01] INFO     Rank: 0 - Contrastive loss is                 callback.py:66
                    0.4483120858669281, nll_loss is                             
                    0.5638730764389038                                          
[13:45:05] INFO     Rank: 0 - Epoch:26/40, Batch:23,    progress_callback.py:218
                    loss:1.066442, finished 65.69%.                             
[13:45:12] INFO     Rank: 0 - Epoch:26/40, Batch:24,    progress_callback.py:218
                    loss:0.81566, finished 65.72%.                              
[13:45:18] INFO     Rank: 0 - Epoch:26/40, Batch:25,    progress_callback.py:218
                    loss:1.442032, finished 65.75%.                             
[13:45:25] INFO     Rank: 0 - Epoch:26/40, Batch:26,    progress_callback.py:218
                    loss:1.031257, finished 65.78%.                             
[13:45:33] INFO     Rank: 0 - Epoch:26/40, Batch:27,    progress_callback.py:218
                    loss:0.84206, finished 65.81%.                              
[13:45:39] INFO     Rank: 0 - Epoch:26/40, Batch:28,    progress_callback.py:218
                    loss:0.93006, finished 65.84%.                              
[13:45:45] INFO     Rank: 0 - Epoch:26/40, Batch:29,    progress_callback.py:218
                    loss:1.512601, finished 65.87%.                             
[13:45:49] INFO     Rank: 0 - Epoch:26/40, Batch:30,    progress_callback.py:218
                    loss:0.863608, finished 65.9%.                              
[13:45:55] INFO     Rank: 0 - Epoch:26/40, Batch:31,    progress_callback.py:218
                    loss:1.048315, finished 65.93%.                             
[13:46:01] INFO     Rank: 0 - Epoch:26/40, Batch:32,    progress_callback.py:218
                    loss:1.171678, finished 65.96%.                             
[13:46:04] INFO     Rank: 0 - Contrastive loss is                 callback.py:66
                    0.503876906633377, nll_loss is                              
                    0.5887530386447907                                          
[13:46:08] INFO     Rank: 0 - Epoch:26/40, Batch:33,    progress_callback.py:218
                    loss:1.269029, finished 65.99%.                             
[13:46:14] INFO     Rank: 0 - Epoch:26/40, Batch:34,    progress_callback.py:218
                    loss:0.858815, finished 66.02%.                             
[13:46:17] INFO     Rank: 0 - Epoch:26/40, Batch:35,    progress_callback.py:218
                    loss:0.713739, finished 66.05%.                             
[13:46:22] INFO     Rank: 0 - Epoch:26/40, Batch:36,    progress_callback.py:218
                    loss:1.202707, finished 66.08%.                             
[13:46:27] INFO     Rank: 0 - Epoch:26/40, Batch:37,    progress_callback.py:218
                    loss:0.873189, finished 66.11%.                             
[13:46:32] INFO     Rank: 0 - Epoch:26/40, Batch:38,    progress_callback.py:218
                    loss:0.76764, finished 66.14%.                              
[13:46:37] INFO     Rank: 0 - Epoch:26/40, Batch:39,    progress_callback.py:218
                    loss:1.015186, finished 66.17%.                             
[13:46:48] INFO     Rank: 0 - Epoch:26/40, Batch:40,    progress_callback.py:218
                    loss:1.12305, finished 66.2%.                               
[13:46:53] INFO     Rank: 0 - Epoch:26/40, Batch:41,    progress_callback.py:218
                    loss:0.762945, finished 66.23%.                             
[13:46:57] INFO     Rank: 0 - Epoch:26/40, Batch:42,    progress_callback.py:218
                    loss:1.05881, finished 66.27%.                              
           INFO     Rank: 0 -                                   evaluator.py:317
                    **********Evaluation starts**********                       
[13:47:11] INFO     Rank: 0 - **********Evaluation              evaluator.py:349
                    ends**********                                              
                                                                                
           INFO     Rank: 0 - ----------Eval. results   progress_callback.py:233
                    on Epoch:26, Batch:42----------                             
           INFO     Rank: 0 -                           progress_callback.py:238
                    {"torch_ngram#ngram-overlap":                               
                    0.4463977813720703}                                         
[13:47:14] INFO     Rank: 0 - Contrastive loss is                 callback.py:66
                    0.407999661564827, nll_loss is                              
                    0.5164182513952256                                          
[13:47:16] INFO     Rank: 0 - Epoch:26/40, Batch:43,    progress_callback.py:218
                    loss:0.868096, finished 66.3%.                              
[13:47:21] INFO     Rank: 0 - Epoch:26/40, Batch:44,    progress_callback.py:218
                    loss:1.251155, finished 66.33%.                             
[13:47:26] INFO     Rank: 0 - Epoch:26/40, Batch:45,    progress_callback.py:218
                    loss:0.926951, finished 66.36%.                             
[13:47:32] INFO     Rank: 0 - Epoch:26/40, Batch:46,    progress_callback.py:218
                    loss:1.191415, finished 66.39%.                             
[13:47:38] INFO     Rank: 0 - Epoch:26/40, Batch:47,    progress_callback.py:218
                    loss:1.082652, finished 66.42%.                             
[13:47:43] INFO     Rank: 0 - Epoch:26/40, Batch:48,    progress_callback.py:218
                    loss:1.00766, finished 66.45%.                              
[13:47:48] INFO     Rank: 0 - Epoch:26/40, Batch:49,    progress_callback.py:218
                    loss:1.007561, finished 66.48%.                             
[13:47:53] INFO     Rank: 0 - Epoch:26/40, Batch:50,    progress_callback.py:218
                    loss:1.052623, finished 66.51%.                             
[13:47:59] INFO     Rank: 0 - Epoch:26/40, Batch:51,    progress_callback.py:218
                    loss:1.175354, finished 66.54%.                             
[13:48:05] INFO     Rank: 0 - Epoch:26/40, Batch:52,    progress_callback.py:218
                    loss:1.138471, finished 66.57%.                             
[13:48:08] INFO     Rank: 0 - Contrastive loss is                 callback.py:66
                    0.5191105008125305, nll_loss is                             
                    0.5649038553237915                                          
[13:48:10] INFO     Rank: 0 - Epoch:26/40, Batch:53,    progress_callback.py:218
                    loss:1.006302, finished 66.6%.                              
[13:48:15] INFO     Rank: 0 - Epoch:26/40, Batch:54,    progress_callback.py:218
                    loss:1.050598, finished 66.63%.                             
[13:48:19] INFO     Rank: 0 - Epoch:26/40, Batch:55,    progress_callback.py:218
                    loss:0.807023, finished 66.66%.                             
[13:48:24] INFO     Rank: 0 - Epoch:26/40, Batch:56,    progress_callback.py:218
                    loss:0.821888, finished 66.69%.                             
[13:48:29] INFO     Rank: 0 - Epoch:26/40, Batch:57,    progress_callback.py:218
                    loss:0.892552, finished 66.72%.                             
[13:48:34] INFO     Rank: 0 - Epoch:26/40, Batch:58,    progress_callback.py:218
                    loss:0.987992, finished 66.75%.                             
[13:48:39] INFO     Rank: 0 - Epoch:26/40, Batch:59,    progress_callback.py:218
                    loss:1.291612, finished 66.78%.                             
[13:48:44] INFO     Rank: 0 - Epoch:26/40, Batch:60,    progress_callback.py:218
                    loss:1.42104, finished 66.81%.                              
[13:48:48] INFO     Rank: 0 - Epoch:26/40, Batch:61,    progress_callback.py:218
                    loss:1.237808, finished 66.84%.                             
[13:48:54] INFO     Rank: 0 - Epoch:26/40, Batch:62,    progress_callback.py:218
                    loss:0.972575, finished 66.87%.                             
[13:48:58] INFO     Rank: 0 - Contrastive loss is                 callback.py:66
                    0.5450699806213379, nll_loss is                             
                    0.5278976678848266                                          
[13:48:59] INFO     Rank: 0 - Epoch:26/40, Batch:63,    progress_callback.py:218
                    loss:1.24659, finished 66.9%.                               
[13:49:04] INFO     Rank: 0 - Epoch:26/40, Batch:64,    progress_callback.py:218
                    loss:1.017276, finished 66.93%.                             
[13:49:09] INFO     Rank: 0 - Epoch:26/40, Batch:65,    progress_callback.py:218
                    loss:0.751779, finished 66.96%.                             
[13:49:14] INFO     Rank: 0 - Epoch:26/40, Batch:66,    progress_callback.py:218
                    loss:0.958138, finished 66.99%.                             
[13:49:18] INFO     Rank: 0 - Epoch:26/40, Batch:67,    progress_callback.py:218
                    loss:1.206667, finished 67.02%.                             
[13:49:22] INFO     Rank: 0 - Epoch:26/40, Batch:68,    progress_callback.py:218
                    loss:1.006016, finished 67.05%.                             
[13:49:26] INFO     Rank: 0 - Epoch:26/40, Batch:69,    progress_callback.py:218
                    loss:0.832464, finished 67.08%.                             
[13:49:31] INFO     Rank: 0 - Epoch:26/40, Batch:70,    progress_callback.py:218
                    loss:0.960498, finished 67.11%.                             
[13:49:36] INFO     Rank: 0 - Epoch:26/40, Batch:71,    progress_callback.py:218
                    loss:0.983763, finished 67.14%.                             
[13:49:41] INFO     Rank: 0 - Epoch:26/40, Batch:72,    progress_callback.py:218
                    loss:0.84425, finished 67.17%.                              
[13:49:44] INFO     Rank: 0 - Contrastive loss is                 callback.py:66
                    0.42234666645526886, nll_loss is                            
                    0.5367001801729202                                          
[13:49:45] INFO     Rank: 0 - Epoch:26/40, Batch:73,    progress_callback.py:218
                    loss:1.029618, finished 67.2%.                              
[13:49:50] INFO     Rank: 0 - Epoch:26/40, Batch:74,    progress_callback.py:218
                    loss:1.120375, finished 67.23%.                             
[13:49:56] INFO     Rank: 0 - Epoch:26/40, Batch:75,    progress_callback.py:218
                    loss:1.009328, finished 67.26%.                             
[13:50:02] INFO     Rank: 0 - Epoch:26/40, Batch:76,    progress_callback.py:218
                    loss:0.908756, finished 67.29%.                             
[13:50:07] INFO     Rank: 0 - Epoch:26/40, Batch:77,    progress_callback.py:218
                    loss:0.932376, finished 67.32%.                             
[13:50:13] INFO     Rank: 0 - Epoch:26/40, Batch:78,    progress_callback.py:218
                    loss:1.162755, finished 67.35%.                             
[13:50:17] INFO     Rank: 0 - Epoch:26/40, Batch:79,    progress_callback.py:218
                    loss:1.074582, finished 67.38%.                             
[13:50:23] INFO     Rank: 0 - Epoch:26/40, Batch:80,    progress_callback.py:218
                    loss:1.002313, finished 67.41%.                             
[13:50:27] INFO     Rank: 0 - Epoch:26/40, Batch:81,    progress_callback.py:218
                    loss:0.805431, finished 67.44%.                             
[13:50:32] INFO     Rank: 0 - Epoch:26/40, Batch:82,    progress_callback.py:218
                    loss:1.029858, finished 67.47%.                             
           INFO     Rank: 0 -                                   evaluator.py:317
                    **********Evaluation starts**********                       
[13:50:46] INFO     Rank: 0 - **********Evaluation              evaluator.py:349
                    ends**********                                              
                                                                                
           INFO     Rank: 0 - ----------Eval. results   progress_callback.py:233
                    on Epoch:26, Batch:82----------                             
           INFO     Rank: 0 -                           progress_callback.py:238
                    {"torch_ngram#ngram-overlap":                               
                    0.44573041796684265}                                        
[13:50:49] INFO     Rank: 0 - Contrastive loss is                 callback.py:66
                    0.502913236618042, nll_loss is                              
                    0.5136083722114563                                          
           INFO     Rank: 0 - Epoch:26/40, Batch:83,    progress_callback.py:218
                    loss:1.119442, finished 67.5%.                              
           INFO     Rank: 0 -                           progress_callback.py:204
                    **********Epoch:27 starts**********                         
[13:50:56] INFO     Rank: 0 - Epoch:27/40, Batch:1,     progress_callback.py:218
                    loss:1.490006, finished 67.53%.                             
[13:51:03] INFO     Rank: 0 - Epoch:27/40, Batch:2,     progress_callback.py:218
                    loss:1.238064, finished 67.56%.                             
[13:51:07] INFO     Rank: 0 - Epoch:27/40, Batch:3,     progress_callback.py:218
                    loss:0.999355, finished 67.59%.                             
[13:51:11] INFO     Rank: 0 - Epoch:27/40, Batch:4,     progress_callback.py:218
                    loss:0.68381, finished 67.62%.                              
[13:51:15] INFO     Rank: 0 - Epoch:27/40, Batch:5,     progress_callback.py:218
                    loss:1.107507, finished 67.65%.                             
[13:51:21] INFO     Rank: 0 - Epoch:27/40, Batch:6,     progress_callback.py:218
                    loss:1.234586, finished 67.68%.                             
[13:51:26] INFO     Rank: 0 - Epoch:27/40, Batch:7,     progress_callback.py:218
                    loss:1.258487, finished 67.71%.                             
[13:51:31] INFO     Rank: 0 - Epoch:27/40, Batch:8,     progress_callback.py:218
                    loss:1.097525, finished 67.74%.                             
[13:51:36] INFO     Rank: 0 - Epoch:27/40, Batch:9,     progress_callback.py:218
                    loss:0.870473, finished 67.77%.                             
[13:51:40] INFO     Rank: 0 - Contrastive loss is                 callback.py:66
                    0.5278518468141555, nll_loss is                             
                    0.5529673486948014                                          
[13:51:41] INFO     Rank: 0 - Epoch:27/40, Batch:10,    progress_callback.py:218
                    loss:0.828378, finished 67.8%.                              
[13:51:46] INFO     Rank: 0 - Epoch:27/40, Batch:11,    progress_callback.py:218
                    loss:1.030731, finished 67.83%.                             
[13:51:51] INFO     Rank: 0 - Epoch:27/40, Batch:12,    progress_callback.py:218
                    loss:1.229964, finished 67.86%.                             
[13:51:57] INFO     Rank: 0 - Epoch:27/40, Batch:13,    progress_callback.py:218
                    loss:0.844345, finished 67.89%.                             
[13:52:02] INFO     Rank: 0 - Epoch:27/40, Batch:14,    progress_callback.py:218
                    loss:0.958356, finished 67.92%.                             
[13:52:06] INFO     Rank: 0 - Epoch:27/40, Batch:15,    progress_callback.py:218
                    loss:0.778533, finished 67.95%.                             
[13:52:12] INFO     Rank: 0 - Epoch:27/40, Batch:16,    progress_callback.py:218
                    loss:1.108288, finished 67.98%.                             
[13:52:17] INFO     Rank: 0 - Epoch:27/40, Batch:17,    progress_callback.py:218
                    loss:0.991436, finished 68.01%.                             
[13:52:23] INFO     Rank: 0 - Epoch:27/40, Batch:18,    progress_callback.py:218
                    loss:0.852025, finished 68.04%.                             
[13:52:28] INFO     Rank: 0 - Epoch:27/40, Batch:19,    progress_callback.py:218
                    loss:0.691322, finished 68.07%.                             
[13:52:31] INFO     Rank: 0 - Contrastive loss is                 callback.py:66
                    0.4223283722996712, nll_loss is                             
                    0.5317043587565422                                          
[13:52:34] INFO     Rank: 0 - Epoch:27/40, Batch:20,    progress_callback.py:218
                    loss:1.055327, finished 68.1%.                              
[13:52:38] INFO     Rank: 0 - Epoch:27/40, Batch:21,    progress_callback.py:218
                    loss:1.050246, finished 68.13%.                             
[13:52:44] INFO     Rank: 0 - Epoch:27/40, Batch:22,    progress_callback.py:218
                    loss:1.068149, finished 68.16%.                             
[13:52:49] INFO     Rank: 0 - Epoch:27/40, Batch:23,    progress_callback.py:218
                    loss:1.00785, finished 68.19%.                              
[13:52:54] INFO     Rank: 0 - Epoch:27/40, Batch:24,    progress_callback.py:218
                    loss:0.663768, finished 68.22%.                             
[13:53:00] INFO     Rank: 0 - Epoch:27/40, Batch:25,    progress_callback.py:218
                    loss:0.873538, finished 68.25%.                             
[13:53:06] INFO     Rank: 0 - Epoch:27/40, Batch:26,    progress_callback.py:218
                    loss:1.167547, finished 68.28%.                             
[13:53:10] INFO     Rank: 0 - Epoch:27/40, Batch:27,    progress_callback.py:218
                    loss:1.223022, finished 68.31%.                             
[13:53:14] INFO     Rank: 0 - Epoch:27/40, Batch:28,    progress_callback.py:218
                    loss:1.139349, finished 68.34%.                             
[13:53:20] INFO     Rank: 0 - Epoch:27/40, Batch:29,    progress_callback.py:218
                    loss:0.655412, finished 68.37%.                             
[13:53:23] INFO     Rank: 0 - Contrastive loss is                 callback.py:66
                    0.5097454890608788, nll_loss is                             
                    0.496604622900486                                           
[13:53:25] INFO     Rank: 0 - Epoch:27/40, Batch:30,    progress_callback.py:218
                    loss:1.214621, finished 68.4%.                              
[13:53:32] INFO     Rank: 0 - Epoch:27/40, Batch:31,    progress_callback.py:218
                    loss:0.789678, finished 68.43%.                             
[13:53:37] INFO     Rank: 0 - Epoch:27/40, Batch:32,    progress_callback.py:218
                    loss:0.75451, finished 68.46%.                              
[13:53:41] INFO     Rank: 0 - Epoch:27/40, Batch:33,    progress_callback.py:218
                    loss:0.974074, finished 68.49%.                             
[13:53:48] INFO     Rank: 0 - Epoch:27/40, Batch:34,    progress_callback.py:218
                    loss:0.91577, finished 68.52%.                              
[13:53:52] INFO     Rank: 0 - Epoch:27/40, Batch:35,    progress_callback.py:218
                    loss:0.817332, finished 68.55%.                             
[13:53:57] INFO     Rank: 0 - Epoch:27/40, Batch:36,    progress_callback.py:218
                    loss:0.999504, finished 68.58%.                             
[13:54:03] INFO     Rank: 0 - Epoch:27/40, Batch:37,    progress_callback.py:218
                    loss:0.844011, finished 68.61%.                             
[13:54:08] INFO     Rank: 0 - Epoch:27/40, Batch:38,    progress_callback.py:218
                    loss:1.470549, finished 68.64%.                             
[13:54:13] INFO     Rank: 0 - Epoch:27/40, Batch:39,    progress_callback.py:218
                    loss:0.980617, finished 68.67%.                             
           INFO     Rank: 0 -                                   evaluator.py:317
                    **********Evaluation starts**********                       
[13:54:27] INFO     Rank: 0 - **********Evaluation              evaluator.py:349
                    ends**********                                              
                                                                                
           INFO     Rank: 0 - ----------Eval. results   progress_callback.py:233
                    on Epoch:27, Batch:39----------                             
           INFO     Rank: 0 -                           progress_callback.py:238
                    {"torch_ngram#ngram-overlap":                               
                    0.44698160886764526}                                        
[13:54:31] INFO     Rank: 0 - Contrastive loss is                 callback.py:66
                    0.4466394901275635, nll_loss is                             
                    0.5017371833324432                                          
[13:54:32] INFO     Rank: 0 - Epoch:27/40, Batch:40,    progress_callback.py:218
                    loss:0.937721, finished 68.7%.                              
[13:54:36] INFO     Rank: 0 - Epoch:27/40, Batch:41,    progress_callback.py:218
                    loss:1.142343, finished 68.73%.                             
[13:54:42] INFO     Rank: 0 - Epoch:27/40, Batch:42,    progress_callback.py:218
                    loss:0.924219, finished 68.77%.                             
[13:54:47] INFO     Rank: 0 - Epoch:27/40, Batch:43,    progress_callback.py:218
                    loss:0.826139, finished 68.8%.                              
[13:54:52] INFO     Rank: 0 - Epoch:27/40, Batch:44,    progress_callback.py:218
                    loss:1.098708, finished 68.83%.                             
[13:54:57] INFO     Rank: 0 - Epoch:27/40, Batch:45,    progress_callback.py:218
                    loss:0.976157, finished 68.86%.                             
[13:55:03] INFO     Rank: 0 - Epoch:27/40, Batch:46,    progress_callback.py:218
                    loss:0.979077, finished 68.89%.                             
[13:55:09] INFO     Rank: 0 - Epoch:27/40, Batch:47,    progress_callback.py:218
                    loss:1.122918, finished 68.92%.                             
[13:55:15] INFO     Rank: 0 - Epoch:27/40, Batch:48,    progress_callback.py:218
                    loss:1.144189, finished 68.95%.                             
[13:55:20] INFO     Rank: 0 - Epoch:27/40, Batch:49,    progress_callback.py:218
                    loss:0.810474, finished 68.98%.                             
[13:55:23] INFO     Rank: 0 - Contrastive loss is                 callback.py:66
                    0.4963380604982376, nll_loss is                             
                    0.5226564615964889                                          
[13:55:26] INFO     Rank: 0 - Epoch:27/40, Batch:50,    progress_callback.py:218
                    loss:1.165722, finished 69.01%.                             
[13:55:31] INFO     Rank: 0 - Epoch:27/40, Batch:51,    progress_callback.py:218
                    loss:1.037323, finished 69.04%.                             
[13:55:36] INFO     Rank: 0 - Epoch:27/40, Batch:52,    progress_callback.py:218
                    loss:1.035228, finished 69.07%.                             
[13:55:41] INFO     Rank: 0 - Epoch:27/40, Batch:53,    progress_callback.py:218
                    loss:0.933819, finished 69.1%.                              
[13:55:47] INFO     Rank: 0 - Epoch:27/40, Batch:54,    progress_callback.py:218
                    loss:1.27868, finished 69.13%.                              
[13:55:52] INFO     Rank: 0 - Epoch:27/40, Batch:55,    progress_callback.py:218
                    loss:1.114227, finished 69.16%.                             
[13:55:57] INFO     Rank: 0 - Epoch:27/40, Batch:56,    progress_callback.py:218
                    loss:1.074518, finished 69.19%.                             
[13:56:02] INFO     Rank: 0 - Epoch:27/40, Batch:57,    progress_callback.py:218
                    loss:1.281086, finished 69.22%.                             
[13:56:07] INFO     Rank: 0 - Epoch:27/40, Batch:58,    progress_callback.py:218
                    loss:1.258324, finished 69.25%.                             
[13:56:15] INFO     Rank: 0 - Epoch:27/40, Batch:59,    progress_callback.py:218
                    loss:1.078705, finished 69.28%.                             
[13:56:19] INFO     Rank: 0 - Contrastive loss is                 callback.py:66
                    0.561731293797493, nll_loss is                              
                    0.5470680326223374                                          
[13:56:20] INFO     Rank: 0 - Epoch:27/40, Batch:60,    progress_callback.py:218
                    loss:0.996083, finished 69.31%.                             
[13:56:25] INFO     Rank: 0 - Epoch:27/40, Batch:61,    progress_callback.py:218
                    loss:1.063304, finished 69.34%.                             
[13:56:31] INFO     Rank: 0 - Epoch:27/40, Batch:62,    progress_callback.py:218
                    loss:1.065142, finished 69.37%.                             
[13:56:35] INFO     Rank: 0 - Epoch:27/40, Batch:63,    progress_callback.py:218
                    loss:0.956047, finished 69.4%.                              
[13:56:42] INFO     Rank: 0 - Epoch:27/40, Batch:64,    progress_callback.py:218
                    loss:0.806814, finished 69.43%.                             
[13:56:47] INFO     Rank: 0 - Epoch:27/40, Batch:65,    progress_callback.py:218
                    loss:0.82105, finished 69.46%.                              
[13:56:51] INFO     Rank: 0 - Epoch:27/40, Batch:66,    progress_callback.py:218
                    loss:1.215899, finished 69.49%.                             
[13:56:55] INFO     Rank: 0 - Epoch:27/40, Batch:67,    progress_callback.py:218
                    loss:0.736747, finished 69.52%.                             
[13:57:01] INFO     Rank: 0 - Epoch:27/40, Batch:68,    progress_callback.py:218
                    loss:0.974363, finished 69.55%.                             
[13:57:07] INFO     Rank: 0 - Epoch:27/40, Batch:69,    progress_callback.py:218
                    loss:0.887557, finished 69.58%.                             
[13:57:10] INFO     Rank: 0 - Contrastive loss is                 callback.py:66
                    0.4881240576505661, nll_loss is                             
                    0.46342518627643586                                         
[13:57:15] INFO     Rank: 0 - Epoch:27/40, Batch:70,    progress_callback.py:218
                    loss:0.988571, finished 69.61%.                             
[13:57:20] INFO     Rank: 0 - Epoch:27/40, Batch:71,    progress_callback.py:218
                    loss:0.785594, finished 69.64%.                             
[13:57:25] INFO     Rank: 0 - Epoch:27/40, Batch:72,    progress_callback.py:218
                    loss:1.026458, finished 69.67%.                             
[13:57:30] INFO     Rank: 0 - Epoch:27/40, Batch:73,    progress_callback.py:218
                    loss:0.931145, finished 69.7%.                              
[13:57:35] INFO     Rank: 0 - Epoch:27/40, Batch:74,    progress_callback.py:218
                    loss:1.075137, finished 69.73%.                             
[13:57:39] INFO     Rank: 0 - Epoch:27/40, Batch:75,    progress_callback.py:218
                    loss:1.137388, finished 69.76%.                             
[13:57:45] INFO     Rank: 0 - Epoch:27/40, Batch:76,    progress_callback.py:218
                    loss:0.976651, finished 69.79%.                             
[13:57:51] INFO     Rank: 0 - Epoch:27/40, Batch:77,    progress_callback.py:218
                    loss:0.822875, finished 69.82%.                             
[13:57:56] INFO     Rank: 0 - Epoch:27/40, Batch:78,    progress_callback.py:218
                    loss:1.390128, finished 69.85%.                             
[13:58:01] INFO     Rank: 0 - Epoch:27/40, Batch:79,    progress_callback.py:218
                    loss:1.044578, finished 69.88%.                             
           INFO     Rank: 0 -                                   evaluator.py:317
                    **********Evaluation starts**********                       
[13:58:15] INFO     Rank: 0 - **********Evaluation              evaluator.py:349
                    ends**********                                              
                                                                                
           INFO     Rank: 0 - ----------Eval. results   progress_callback.py:233
                    on Epoch:27, Batch:79----------                             
           INFO     Rank: 0 -                           progress_callback.py:238
                    {"torch_ngram#ngram-overlap":                               
                    0.4461697041988373}                                         
[13:58:20] INFO     Rank: 0 - Contrastive loss is                 callback.py:66
                    0.4965014785528183, nll_loss is                             
                    0.5139403492212296                                          
[13:58:21] INFO     Rank: 0 - Epoch:27/40, Batch:80,    progress_callback.py:218
                    loss:0.914465, finished 69.91%.                             
[13:58:25] INFO     Rank: 0 - Epoch:27/40, Batch:81,    progress_callback.py:218
                    loss:1.115931, finished 69.94%.                             
[13:58:30] INFO     Rank: 0 - Epoch:27/40, Batch:82,    progress_callback.py:218
                    loss:1.157398, finished 69.97%.                             
[13:58:32] INFO     Rank: 0 - Epoch:27/40, Batch:83,    progress_callback.py:218
                    loss:1.123733, finished 70.0%.                              
           INFO     Rank: 0 -                           progress_callback.py:204
                    **********Epoch:28 starts**********                         
[13:58:37] INFO     Rank: 0 - Epoch:28/40, Batch:1,     progress_callback.py:218
                    loss:1.223511, finished 70.03%.                             
[13:58:41] INFO     Rank: 0 - Epoch:28/40, Batch:2,     progress_callback.py:218
                    loss:1.103787, finished 70.06%.                             
[13:58:47] INFO     Rank: 0 - Epoch:28/40, Batch:3,     progress_callback.py:218
                    loss:1.244772, finished 70.09%.                             
[13:58:51] INFO     Rank: 0 - Epoch:28/40, Batch:4,     progress_callback.py:218
                    loss:0.929913, finished 70.12%.                             
[13:58:57] INFO     Rank: 0 - Epoch:28/40, Batch:5,     progress_callback.py:218
                    loss:0.762805, finished 70.15%.                             
[13:59:03] INFO     Rank: 0 - Epoch:28/40, Batch:6,     progress_callback.py:218
                    loss:1.017478, finished 70.18%.                             
[13:59:07] INFO     Rank: 0 - Contrastive loss is                 callback.py:66
                    0.4755660146474838, nll_loss is                             
                    0.5620919436216354                                          
[13:59:08] INFO     Rank: 0 - Epoch:28/40, Batch:7,     progress_callback.py:218
                    loss:0.697253, finished 70.21%.                             
[13:59:12] INFO     Rank: 0 - Epoch:28/40, Batch:8,     progress_callback.py:218
                    loss:0.830408, finished 70.24%.                             
[13:59:17] INFO     Rank: 0 - Epoch:28/40, Batch:9,     progress_callback.py:218
                    loss:0.987949, finished 70.27%.                             
[13:59:22] INFO     Rank: 0 - Epoch:28/40, Batch:10,    progress_callback.py:218
                    loss:0.863425, finished 70.3%.                              
[13:59:26] INFO     Rank: 0 - Epoch:28/40, Batch:11,    progress_callback.py:218
                    loss:0.952145, finished 70.33%.                             
[13:59:31] INFO     Rank: 0 - Epoch:28/40, Batch:12,    progress_callback.py:218
                    loss:1.182263, finished 70.36%.                             
[13:59:37] INFO     Rank: 0 - Epoch:28/40, Batch:13,    progress_callback.py:218
                    loss:1.072508, finished 70.39%.                             
[13:59:43] INFO     Rank: 0 - Epoch:28/40, Batch:14,    progress_callback.py:218
                    loss:1.009452, finished 70.42%.                             
[13:59:49] INFO     Rank: 0 - Epoch:28/40, Batch:15,    progress_callback.py:218
                    loss:0.834231, finished 70.45%.                             
[13:59:55] INFO     Rank: 0 - Epoch:28/40, Batch:16,    progress_callback.py:218
                    loss:1.406676, finished 70.48%.                             
[13:59:58] INFO     Rank: 0 - Contrastive loss is                 callback.py:66
                    0.5396523982286453, nll_loss is                             
                    0.4794916659593582                                          
[14:00:00] INFO     Rank: 0 - Epoch:28/40, Batch:17,    progress_callback.py:218
                    loss:1.052382, finished 70.51%.                             
[14:00:05] INFO     Rank: 0 - Epoch:28/40, Batch:18,    progress_callback.py:218
                    loss:0.9062, finished 70.54%.                               
[14:00:10] INFO     Rank: 0 - Epoch:28/40, Batch:19,    progress_callback.py:218
                    loss:1.044252, finished 70.57%.                             
[14:00:14] INFO     Rank: 0 - Epoch:28/40, Batch:20,    progress_callback.py:218
                    loss:0.922651, finished 70.6%.                              
[14:00:22] INFO     Rank: 0 - Epoch:28/40, Batch:21,    progress_callback.py:218
                    loss:1.003581, finished 70.63%.                             
[14:00:27] INFO     Rank: 0 - Epoch:28/40, Batch:22,    progress_callback.py:218
                    loss:0.848852, finished 70.66%.                             
[14:00:32] INFO     Rank: 0 - Epoch:28/40, Batch:23,    progress_callback.py:218
                    loss:0.81488, finished 70.69%.                              
[14:00:36] INFO     Rank: 0 - Epoch:28/40, Batch:24,    progress_callback.py:218
                    loss:0.960304, finished 70.72%.                             
[14:00:41] INFO     Rank: 0 - Epoch:28/40, Batch:25,    progress_callback.py:218
                    loss:0.983089, finished 70.75%.                             
[14:00:45] INFO     Rank: 0 - Epoch:28/40, Batch:26,    progress_callback.py:218
                    loss:0.870339, finished 70.78%.                             
[14:00:49] INFO     Rank: 0 - Contrastive loss is                 callback.py:66
                    0.45087658166885375, nll_loss is                            
                    0.4796149730682373                                          
[14:00:51] INFO     Rank: 0 - Epoch:28/40, Batch:27,    progress_callback.py:218
                    loss:0.950768, finished 70.81%.                             
[14:00:55] INFO     Rank: 0 - Epoch:28/40, Batch:28,    progress_callback.py:218
                    loss:0.997848, finished 70.84%.                             
[14:01:00] INFO     Rank: 0 - Epoch:28/40, Batch:29,    progress_callback.py:218
                    loss:0.812522, finished 70.87%.                             
[14:01:04] INFO     Rank: 0 - Epoch:28/40, Batch:30,    progress_callback.py:218
                    loss:1.133652, finished 70.9%.                              
[14:01:08] INFO     Rank: 0 - Epoch:28/40, Batch:31,    progress_callback.py:218
                    loss:0.98732, finished 70.93%.                              
[14:01:13] INFO     Rank: 0 - Epoch:28/40, Batch:32,    progress_callback.py:218
                    loss:0.832038, finished 70.96%.                             
[14:01:18] INFO     Rank: 0 - Epoch:28/40, Batch:33,    progress_callback.py:218
                    loss:1.028431, finished 70.99%.                             
[14:01:22] INFO     Rank: 0 - Epoch:28/40, Batch:34,    progress_callback.py:218
                    loss:1.04527, finished 71.02%.                              
[14:01:27] INFO     Rank: 0 - Epoch:28/40, Batch:35,    progress_callback.py:218
                    loss:1.08786, finished 71.05%.                              
[14:01:32] INFO     Rank: 0 - Epoch:28/40, Batch:36,    progress_callback.py:218
                    loss:1.225762, finished 71.08%.                             
           INFO     Rank: 0 -                                   evaluator.py:317
                    **********Evaluation starts**********                       
[14:01:47] INFO     Rank: 0 - **********Evaluation              evaluator.py:349
                    ends**********                                              
                                                                                
           INFO     Rank: 0 - ----------Eval. results   progress_callback.py:233
                    on Epoch:28, Batch:36----------                             
           INFO     Rank: 0 -                           progress_callback.py:238
                    {"torch_ngram#ngram-overlap":                               
                    0.44573304057121277}                                        
[14:01:50] INFO     Rank: 0 - Contrastive loss is                 callback.py:66
                    0.4773836135864258, nll_loss is                             
                    0.5074500501155853                                          
[14:01:51] INFO     Rank: 0 - Epoch:28/40, Batch:37,    progress_callback.py:218
                    loss:0.697633, finished 71.11%.                             
[14:01:57] INFO     Rank: 0 - Epoch:28/40, Batch:38,    progress_callback.py:218
                    loss:1.250239, finished 71.14%.                             
[14:02:03] INFO     Rank: 0 - Epoch:28/40, Batch:39,    progress_callback.py:218
                    loss:1.363281, finished 71.17%.                             
[14:02:07] INFO     Rank: 0 - Epoch:28/40, Batch:40,    progress_callback.py:218
                    loss:0.582237, finished 71.2%.                              
[14:02:12] INFO     Rank: 0 - Epoch:28/40, Batch:41,    progress_callback.py:218
                    loss:0.64648, finished 71.23%.                              
[14:02:17] INFO     Rank: 0 - Epoch:28/40, Batch:42,    progress_callback.py:218
                    loss:0.995577, finished 71.27%.                             
[14:02:21] INFO     Rank: 0 - Epoch:28/40, Batch:43,    progress_callback.py:218
                    loss:1.007121, finished 71.3%.                              
[14:02:26] INFO     Rank: 0 - Epoch:28/40, Batch:44,    progress_callback.py:218
                    loss:0.666012, finished 71.33%.                             
[14:02:31] INFO     Rank: 0 - Epoch:28/40, Batch:45,    progress_callback.py:218
                    loss:1.050653, finished 71.36%.                             
[14:02:36] INFO     Rank: 0 - Epoch:28/40, Batch:46,    progress_callback.py:218
                    loss:0.842125, finished 71.39%.                             
[14:02:40] INFO     Rank: 0 - Contrastive loss is                 callback.py:66
                    0.47192014157772066, nll_loss is                            
                    0.46936443746089934                                         
           INFO     Rank: 0 - Epoch:28/40, Batch:47,    progress_callback.py:218
                    loss:1.009121, finished 71.42%.                             
[14:02:45] INFO     Rank: 0 - Epoch:28/40, Batch:48,    progress_callback.py:218
                    loss:0.887494, finished 71.45%.                             
[14:02:51] INFO     Rank: 0 - Epoch:28/40, Batch:49,    progress_callback.py:218
                    loss:0.73396, finished 71.48%.                              
[14:02:55] INFO     Rank: 0 - Epoch:28/40, Batch:50,    progress_callback.py:218
                    loss:0.904493, finished 71.51%.                             
[14:03:00] INFO     Rank: 0 - Epoch:28/40, Batch:51,    progress_callback.py:218
                    loss:0.876521, finished 71.54%.                             
[14:03:05] INFO     Rank: 0 - Epoch:28/40, Batch:52,    progress_callback.py:218
                    loss:0.816534, finished 71.57%.                             
[14:03:09] INFO     Rank: 0 - Epoch:28/40, Batch:53,    progress_callback.py:218
                    loss:0.884446, finished 71.6%.                              
[14:03:14] INFO     Rank: 0 - Epoch:28/40, Batch:54,    progress_callback.py:218
                    loss:1.141697, finished 71.63%.                             
[14:03:20] INFO     Rank: 0 - Epoch:28/40, Batch:55,    progress_callback.py:218
                    loss:0.760724, finished 71.66%.                             
[14:03:23] INFO     Rank: 0 - Epoch:28/40, Batch:56,    progress_callback.py:218
                    loss:1.031764, finished 71.69%.                             
[14:03:28] INFO     Rank: 0 - Contrastive loss is                 callback.py:66
                    0.41000235378742217, nll_loss is                            
                    0.47937582433223724                                         
[14:03:29] INFO     Rank: 0 - Epoch:28/40, Batch:57,    progress_callback.py:218
                    loss:0.85615, finished 71.72%.                              
[14:03:34] INFO     Rank: 0 - Epoch:28/40, Batch:58,    progress_callback.py:218
                    loss:0.729629, finished 71.75%.                             
[14:03:41] INFO     Rank: 0 - Epoch:28/40, Batch:59,    progress_callback.py:218
                    loss:0.923143, finished 71.78%.                             
[14:03:47] INFO     Rank: 0 - Epoch:28/40, Batch:60,    progress_callback.py:218
                    loss:1.027766, finished 71.81%.                             
[14:03:52] INFO     Rank: 0 - Epoch:28/40, Batch:61,    progress_callback.py:218
                    loss:1.403871, finished 71.84%.                             
[14:03:57] INFO     Rank: 0 - Epoch:28/40, Batch:62,    progress_callback.py:218
                    loss:1.038124, finished 71.87%.                             
[14:04:01] INFO     Rank: 0 - Epoch:28/40, Batch:63,    progress_callback.py:218
                    loss:1.213484, finished 71.9%.                              
[14:04:06] INFO     Rank: 0 - Epoch:28/40, Batch:64,    progress_callback.py:218
                    loss:1.441949, finished 71.93%.                             
[14:04:12] INFO     Rank: 0 - Epoch:28/40, Batch:65,    progress_callback.py:218
                    loss:1.003194, finished 71.96%.                             
[14:04:17] INFO     Rank: 0 - Epoch:28/40, Batch:66,    progress_callback.py:218
                    loss:0.873605, finished 71.99%.                             
[14:04:22] INFO     Rank: 0 - Contrastive loss is                 callback.py:66
                    0.48670992255210876, nll_loss is                            
                    0.556556248664856                                           
           INFO     Rank: 0 - Epoch:28/40, Batch:67,    progress_callback.py:218
                    loss:0.777899, finished 72.02%.                             
[14:04:30] INFO     Rank: 0 - Epoch:28/40, Batch:68,    progress_callback.py:218
                    loss:1.068768, finished 72.05%.                             
[14:04:34] INFO     Rank: 0 - Epoch:28/40, Batch:69,    progress_callback.py:218
                    loss:0.909209, finished 72.08%.                             
[14:04:39] INFO     Rank: 0 - Epoch:28/40, Batch:70,    progress_callback.py:218
                    loss:0.980166, finished 72.11%.                             
[14:04:44] INFO     Rank: 0 - Epoch:28/40, Batch:71,    progress_callback.py:218
                    loss:0.845121, finished 72.14%.                             
[14:04:51] INFO     Rank: 0 - Epoch:28/40, Batch:72,    progress_callback.py:218
                    loss:1.184599, finished 72.17%.                             
[14:04:56] INFO     Rank: 0 - Epoch:28/40, Batch:73,    progress_callback.py:218
                    loss:0.995084, finished 72.2%.                              
[14:05:01] INFO     Rank: 0 - Epoch:28/40, Batch:74,    progress_callback.py:218
                    loss:0.87011, finished 72.23%.                              
[14:05:06] INFO     Rank: 0 - Epoch:28/40, Batch:75,    progress_callback.py:218
                    loss:1.752388, finished 72.26%.                             
[14:05:12] INFO     Rank: 0 - Epoch:28/40, Batch:76,    progress_callback.py:218
                    loss:1.084087, finished 72.29%.                             
           INFO     Rank: 0 -                                   evaluator.py:317
                    **********Evaluation starts**********                       
[14:05:27] INFO     Rank: 0 - **********Evaluation              evaluator.py:349
                    ends**********                                              
                                                                                
           INFO     Rank: 0 - ----------Eval. results   progress_callback.py:233
                    on Epoch:28, Batch:76----------                             
           INFO     Rank: 0 -                           progress_callback.py:238
                    {"torch_ngram#ngram-overlap":                               
                    0.44594964385032654}                                        
[14:05:30] INFO     Rank: 0 - Contrastive loss is                 callback.py:66
                    0.5288928568363189, nll_loss is                             
                    0.5406184554100036                                          
[14:05:34] INFO     Rank: 0 - Epoch:28/40, Batch:77,    progress_callback.py:218
                    loss:1.00558, finished 72.32%.                              
[14:05:41] INFO     Rank: 0 - Epoch:28/40, Batch:78,    progress_callback.py:218
                    loss:0.793617, finished 72.35%.                             
[14:05:47] INFO     Rank: 0 - Epoch:28/40, Batch:79,    progress_callback.py:218
                    loss:0.952409, finished 72.38%.                             
[14:05:51] INFO     Rank: 0 - Epoch:28/40, Batch:80,    progress_callback.py:218
                    loss:0.800536, finished 72.41%.                             
[14:05:58] INFO     Rank: 0 - Epoch:28/40, Batch:81,    progress_callback.py:218
                    loss:1.145287, finished 72.44%.                             
[14:06:03] INFO     Rank: 0 - Epoch:28/40, Batch:82,    progress_callback.py:218
                    loss:0.81164, finished 72.47%.                              
[14:06:07] INFO     Rank: 0 - Epoch:28/40, Batch:83,    progress_callback.py:218
                    loss:0.776769, finished 72.5%.                              
           INFO     Rank: 0 -                           progress_callback.py:204
                    **********Epoch:29 starts**********                         
[14:06:11] INFO     Rank: 0 - Epoch:29/40, Batch:1,     progress_callback.py:218
                    loss:1.124845, finished 72.53%.                             
[14:06:15] INFO     Rank: 0 - Epoch:29/40, Batch:2,     progress_callback.py:218
                    loss:1.074033, finished 72.56%.                             
[14:06:19] INFO     Rank: 0 - Epoch:29/40, Batch:3,     progress_callback.py:218
                    loss:0.844651, finished 72.59%.                             
[14:06:22] INFO     Rank: 0 - Contrastive loss is                 callback.py:66
                    0.4431360125541687, nll_loss is                             
                    0.46294437646865844                                         
[14:06:24] INFO     Rank: 0 - Epoch:29/40, Batch:4,     progress_callback.py:218
                    loss:0.737016, finished 72.62%.                             
[14:06:30] INFO     Rank: 0 - Epoch:29/40, Batch:5,     progress_callback.py:218
                    loss:1.024744, finished 72.65%.                             
[14:06:35] INFO     Rank: 0 - Epoch:29/40, Batch:6,     progress_callback.py:218
                    loss:0.876436, finished 72.68%.                             
[14:06:40] INFO     Rank: 0 - Epoch:29/40, Batch:7,     progress_callback.py:218
                    loss:0.77557, finished 72.71%.                              
[14:06:45] INFO     Rank: 0 - Epoch:29/40, Batch:8,     progress_callback.py:218
                    loss:0.89126, finished 72.74%.                              
[14:06:49] INFO     Rank: 0 - Epoch:29/40, Batch:9,     progress_callback.py:218
                    loss:1.196092, finished 72.77%.                             
[14:06:55] INFO     Rank: 0 - Epoch:29/40, Batch:10,    progress_callback.py:218
                    loss:0.847071, finished 72.8%.                              
[14:06:58] INFO     Rank: 0 - Epoch:29/40, Batch:11,    progress_callback.py:218
                    loss:1.042227, finished 72.83%.                             
[14:07:04] INFO     Rank: 0 - Epoch:29/40, Batch:12,    progress_callback.py:218
                    loss:0.954719, finished 72.86%.                             
[14:07:08] INFO     Rank: 0 - Epoch:29/40, Batch:13,    progress_callback.py:218
                    loss:0.926604, finished 72.89%.                             
[14:07:12] INFO     Rank: 0 - Contrastive loss is                 callback.py:66
                    0.4488889843225479, nll_loss is                             
                    0.5017932981252671                                          
[14:07:13] INFO     Rank: 0 - Epoch:29/40, Batch:14,    progress_callback.py:218
                    loss:0.972099, finished 72.92%.                             
[14:07:19] INFO     Rank: 0 - Epoch:29/40, Batch:15,    progress_callback.py:218
                    loss:1.192523, finished 72.95%.                             
[14:07:24] INFO     Rank: 0 - Epoch:29/40, Batch:16,    progress_callback.py:218
                    loss:1.192187, finished 72.98%.                             
[14:07:29] INFO     Rank: 0 - Epoch:29/40, Batch:17,    progress_callback.py:218
                    loss:0.760145, finished 73.01%.                             
[14:07:33] INFO     Rank: 0 - Epoch:29/40, Batch:18,    progress_callback.py:218
                    loss:1.052406, finished 73.04%.                             
[14:07:38] INFO     Rank: 0 - Epoch:29/40, Batch:19,    progress_callback.py:218
                    loss:0.585201, finished 73.07%.                             
[14:07:43] INFO     Rank: 0 - Epoch:29/40, Batch:20,    progress_callback.py:218
                    loss:1.339769, finished 73.1%.                              
[14:07:47] INFO     Rank: 0 - Epoch:29/40, Batch:21,    progress_callback.py:218
                    loss:1.059617, finished 73.13%.                             
[14:07:54] INFO     Rank: 0 - Epoch:29/40, Batch:22,    progress_callback.py:218
                    loss:1.159278, finished 73.16%.                             
[14:08:00] INFO     Rank: 0 - Epoch:29/40, Batch:23,    progress_callback.py:218
                    loss:1.036878, finished 73.19%.                             
[14:08:06] INFO     Rank: 0 - Contrastive loss is                 callback.py:66
                    0.5259948462247849, nll_loss is                             
                    0.5230644553899765                                          
[14:08:07] INFO     Rank: 0 - Epoch:29/40, Batch:24,    progress_callback.py:218
                    loss:1.112589, finished 73.22%.                             
[14:08:13] INFO     Rank: 0 - Epoch:29/40, Batch:25,    progress_callback.py:218
                    loss:1.05068, finished 73.25%.                              
[14:08:19] INFO     Rank: 0 - Epoch:29/40, Batch:26,    progress_callback.py:218
                    loss:0.966306, finished 73.28%.                             
[14:08:25] INFO     Rank: 0 - Epoch:29/40, Batch:27,    progress_callback.py:218
                    loss:0.875587, finished 73.31%.                             
[14:08:30] INFO     Rank: 0 - Epoch:29/40, Batch:28,    progress_callback.py:218
                    loss:0.976428, finished 73.34%.                             
[14:08:36] INFO     Rank: 0 - Epoch:29/40, Batch:29,    progress_callback.py:218
                    loss:1.111435, finished 73.37%.                             
[14:08:42] INFO     Rank: 0 - Epoch:29/40, Batch:30,    progress_callback.py:218
                    loss:0.812725, finished 73.4%.                              
[14:08:47] INFO     Rank: 0 - Epoch:29/40, Batch:31,    progress_callback.py:218
                    loss:0.98637, finished 73.43%.                              
[14:08:52] INFO     Rank: 0 - Epoch:29/40, Batch:32,    progress_callback.py:218
                    loss:0.869242, finished 73.46%.                             
[14:08:58] INFO     Rank: 0 - Epoch:29/40, Batch:33,    progress_callback.py:218
                    loss:0.761243, finished 73.49%.                             
           INFO     Rank: 0 -                                   evaluator.py:317
                    **********Evaluation starts**********                       
[14:09:12] INFO     Rank: 0 - **********Evaluation              evaluator.py:349
                    ends**********                                              
                                                                                
           INFO     Rank: 0 - ----------Eval. results   progress_callback.py:233
                    on Epoch:29, Batch:33----------                             
           INFO     Rank: 0 -                           progress_callback.py:238
                    {"torch_ngram#ngram-overlap":                               
                    0.4471585750579834}                                         
[14:09:17] INFO     Rank: 0 - Contrastive loss is                 callback.py:66
                    0.4819257199764252, nll_loss is                             
                    0.5061045944690704                                          
[14:09:18] INFO     Rank: 0 - Epoch:29/40, Batch:34,    progress_callback.py:218
                    loss:1.470287, finished 73.52%.                             
[14:09:24] INFO     Rank: 0 - Epoch:29/40, Batch:35,    progress_callback.py:218
                    loss:0.72619, finished 73.55%.                              
[14:09:31] INFO     Rank: 0 - Epoch:29/40, Batch:36,    progress_callback.py:218
                    loss:1.226178, finished 73.58%.                             
[14:09:37] INFO     Rank: 0 - Epoch:29/40, Batch:37,    progress_callback.py:218
                    loss:0.819997, finished 73.61%.                             
[14:09:41] INFO     Rank: 0 - Epoch:29/40, Batch:38,    progress_callback.py:218
                    loss:0.920714, finished 73.64%.                             
[14:09:47] INFO     Rank: 0 - Epoch:29/40, Batch:39,    progress_callback.py:218
                    loss:0.867141, finished 73.67%.                             
[14:09:51] INFO     Rank: 0 - Epoch:29/40, Batch:40,    progress_callback.py:218
                    loss:0.87411, finished 73.7%.                               
[14:09:57] INFO     Rank: 0 - Epoch:29/40, Batch:41,    progress_callback.py:218
                    loss:1.065179, finished 73.73%.                             
[14:10:03] INFO     Rank: 0 - Epoch:29/40, Batch:42,    progress_callback.py:218
                    loss:1.109119, finished 73.77%.                             
[14:10:09] INFO     Rank: 0 - Epoch:29/40, Batch:43,    progress_callback.py:218
                    loss:0.66677, finished 73.8%.                               
[14:10:12] INFO     Rank: 0 - Contrastive loss is                 callback.py:66
                    0.48037520349025725, nll_loss is                            
                    0.4967452138662338                                          
[14:10:16] INFO     Rank: 0 - Epoch:29/40, Batch:44,    progress_callback.py:218
                    loss:1.495807, finished 73.83%.                             
[14:10:21] INFO     Rank: 0 - Epoch:29/40, Batch:45,    progress_callback.py:218
                    loss:0.907901, finished 73.86%.                             
[14:10:26] INFO     Rank: 0 - Epoch:29/40, Batch:46,    progress_callback.py:218
                    loss:1.061836, finished 73.89%.                             
[14:10:31] INFO     Rank: 0 - Epoch:29/40, Batch:47,    progress_callback.py:218
                    loss:1.038559, finished 73.92%.                             
[14:10:36] INFO     Rank: 0 - Epoch:29/40, Batch:48,    progress_callback.py:218
                    loss:0.618709, finished 73.95%.                             
[14:10:44] INFO     Rank: 0 - Epoch:29/40, Batch:49,    progress_callback.py:218
                    loss:1.070379, finished 73.98%.                             
[14:10:48] INFO     Rank: 0 - Epoch:29/40, Batch:50,    progress_callback.py:218
                    loss:0.785623, finished 74.01%.                             
[14:10:53] INFO     Rank: 0 - Epoch:29/40, Batch:51,    progress_callback.py:218
                    loss:0.967082, finished 74.04%.                             
[14:10:58] INFO     Rank: 0 - Epoch:29/40, Batch:52,    progress_callback.py:218
                    loss:0.812467, finished 74.07%.                             
[14:11:03] INFO     Rank: 0 - Epoch:29/40, Batch:53,    progress_callback.py:218
                    loss:1.085278, finished 74.1%.                              
[14:11:07] INFO     Rank: 0 - Contrastive loss is                 callback.py:66
                    0.4657104194164276, nll_loss is                             
                    0.46865481734275816                                         
           INFO     Rank: 0 - Epoch:29/40, Batch:54,    progress_callback.py:218
                    loss:0.995819, finished 74.13%.                             
[14:11:13] INFO     Rank: 0 - Epoch:29/40, Batch:55,    progress_callback.py:218
                    loss:1.069166, finished 74.16%.                             
[14:11:18] INFO     Rank: 0 - Epoch:29/40, Batch:56,    progress_callback.py:218
                    loss:0.690288, finished 74.19%.                             
[14:11:23] INFO     Rank: 0 - Epoch:29/40, Batch:57,    progress_callback.py:218
                    loss:0.994327, finished 74.22%.                             
[14:11:28] INFO     Rank: 0 - Epoch:29/40, Batch:58,    progress_callback.py:218
                    loss:0.833584, finished 74.25%.                             
[14:11:33] INFO     Rank: 0 - Epoch:29/40, Batch:59,    progress_callback.py:218
                    loss:0.852883, finished 74.28%.                             
[14:11:40] INFO     Rank: 0 - Epoch:29/40, Batch:60,    progress_callback.py:218
                    loss:0.873826, finished 74.31%.                             
[14:11:44] INFO     Rank: 0 - Epoch:29/40, Batch:61,    progress_callback.py:218
                    loss:1.016689, finished 74.34%.                             
[14:11:49] INFO     Rank: 0 - Epoch:29/40, Batch:62,    progress_callback.py:218
                    loss:0.845937, finished 74.37%.                             
[14:11:53] INFO     Rank: 0 - Epoch:29/40, Batch:63,    progress_callback.py:218
                    loss:0.911573, finished 74.4%.                              
[14:11:58] INFO     Rank: 0 - Contrastive loss is                 callback.py:66
                    0.43264401257038115, nll_loss is                            
                    0.4540289670228958                                          
[14:11:59] INFO     Rank: 0 - Epoch:29/40, Batch:64,    progress_callback.py:218
                    loss:0.778456, finished 74.43%.                             
[14:12:05] INFO     Rank: 0 - Epoch:29/40, Batch:65,    progress_callback.py:218
                    loss:0.891317, finished 74.46%.                             
[14:12:12] INFO     Rank: 0 - Epoch:29/40, Batch:66,    progress_callback.py:218
                    loss:1.117655, finished 74.49%.                             
[14:12:16] INFO     Rank: 0 - Epoch:29/40, Batch:67,    progress_callback.py:218
                    loss:0.984626, finished 74.52%.                             
[14:12:20] INFO     Rank: 0 - Epoch:29/40, Batch:68,    progress_callback.py:218
                    loss:0.880196, finished 74.55%.                             
[14:12:24] INFO     Rank: 0 - Epoch:29/40, Batch:69,    progress_callback.py:218
                    loss:1.348695, finished 74.58%.                             
[14:12:29] INFO     Rank: 0 - Epoch:29/40, Batch:70,    progress_callback.py:218
                    loss:0.969361, finished 74.61%.                             
[14:12:34] INFO     Rank: 0 - Epoch:29/40, Batch:71,    progress_callback.py:218
                    loss:1.146866, finished 74.64%.                             
[14:12:38] INFO     Rank: 0 - Epoch:29/40, Batch:72,    progress_callback.py:218
                    loss:0.816476, finished 74.67%.                             
[14:12:44] INFO     Rank: 0 - Epoch:29/40, Batch:73,    progress_callback.py:218
                    loss:1.212555, finished 74.7%.                              
           INFO     Rank: 0 -                                   evaluator.py:317
                    **********Evaluation starts**********                       
[14:12:58] INFO     Rank: 0 - **********Evaluation              evaluator.py:349
                    ends**********                                              
                                                                                
           INFO     Rank: 0 - ----------Eval. results   progress_callback.py:233
                    on Epoch:29, Batch:73----------                             
           INFO     Rank: 0 -                           progress_callback.py:238
                    {"torch_ngram#ngram-overlap":                               
                    0.44512492418289185}                                        
[14:13:01] INFO     Rank: 0 - Contrastive loss is                 callback.py:66
                    0.48039681315422056, nll_loss is                            
                    0.538092452287674                                           
[14:13:02] INFO     Rank: 0 - Epoch:29/40, Batch:74,    progress_callback.py:218
                    loss:0.817144, finished 74.73%.                             
[14:13:08] INFO     Rank: 0 - Epoch:29/40, Batch:75,    progress_callback.py:218
                    loss:0.834531, finished 74.76%.                             
[14:13:12] INFO     Rank: 0 - Epoch:29/40, Batch:76,    progress_callback.py:218
                    loss:0.658707, finished 74.79%.                             
[14:13:17] INFO     Rank: 0 - Epoch:29/40, Batch:77,    progress_callback.py:218
                    loss:0.777405, finished 74.82%.                             
[14:13:22] INFO     Rank: 0 - Epoch:29/40, Batch:78,    progress_callback.py:218
                    loss:0.975047, finished 74.85%.                             
[14:13:28] INFO     Rank: 0 - Epoch:29/40, Batch:79,    progress_callback.py:218
                    loss:0.786346, finished 74.88%.                             
[14:13:32] INFO     Rank: 0 - Epoch:29/40, Batch:80,    progress_callback.py:218
                    loss:0.722345, finished 74.91%.                             
[14:13:38] INFO     Rank: 0 - Epoch:29/40, Batch:81,    progress_callback.py:218
                    loss:0.633835, finished 74.94%.                             
[14:13:44] INFO     Rank: 0 - Epoch:29/40, Batch:82,    progress_callback.py:218
                    loss:1.288821, finished 74.97%.                             
[14:13:48] INFO     Rank: 0 - Epoch:29/40, Batch:83,    progress_callback.py:218
                    loss:1.299042, finished 75.0%.                              
           INFO     Rank: 0 -                           progress_callback.py:204
                    **********Epoch:30 starts**********                         
[14:13:50] INFO     Rank: 0 - Contrastive loss is                 callback.py:66
                    0.4869973912835121, nll_loss is                             
                    0.41837251633405687                                         
[14:13:53] INFO     Rank: 0 - Epoch:30/40, Batch:1,     progress_callback.py:218
                    loss:1.077619, finished 75.03%.                             
[14:13:59] INFO     Rank: 0 - Epoch:30/40, Batch:2,     progress_callback.py:218
                    loss:0.878102, finished 75.06%.                             
[14:14:04] INFO     Rank: 0 - Epoch:30/40, Batch:3,     progress_callback.py:218
                    loss:0.733732, finished 75.09%.                             
[14:14:10] INFO     Rank: 0 - Epoch:30/40, Batch:4,     progress_callback.py:218
                    loss:0.953008, finished 75.12%.                             
[14:14:14] INFO     Rank: 0 - Epoch:30/40, Batch:5,     progress_callback.py:218
                    loss:0.962314, finished 75.15%.                             
[14:14:18] INFO     Rank: 0 - Epoch:30/40, Batch:6,     progress_callback.py:218
                    loss:0.986794, finished 75.18%.                             
[14:14:23] INFO     Rank: 0 - Epoch:30/40, Batch:7,     progress_callback.py:218
                    loss:0.928564, finished 75.21%.                             
[14:14:28] INFO     Rank: 0 - Epoch:30/40, Batch:8,     progress_callback.py:218
                    loss:0.974361, finished 75.24%.                             
[14:14:32] INFO     Rank: 0 - Epoch:30/40, Batch:9,     progress_callback.py:218
                    loss:0.787711, finished 75.27%.                             
[14:14:36] INFO     Rank: 0 - Epoch:30/40, Batch:10,    progress_callback.py:218
                    loss:0.8438, finished 75.3%.                                
[14:14:41] INFO     Rank: 0 - Contrastive loss is                 callback.py:66
                    0.424462217092514, nll_loss is                              
                    0.47973296642303465                                         
           INFO     Rank: 0 - Epoch:30/40, Batch:11,    progress_callback.py:218
                    loss:0.993566, finished 75.33%.                             
[14:14:45] INFO     Rank: 0 - Epoch:30/40, Batch:12,    progress_callback.py:218
                    loss:1.072213, finished 75.36%.                             
[14:14:50] INFO     Rank: 0 - Epoch:30/40, Batch:13,    progress_callback.py:218
                    loss:1.023126, finished 75.39%.                             
[14:14:56] INFO     Rank: 0 - Epoch:30/40, Batch:14,    progress_callback.py:218
                    loss:1.098599, finished 75.42%.                             
[14:15:00] INFO     Rank: 0 - Epoch:30/40, Batch:15,    progress_callback.py:218
                    loss:0.869288, finished 75.45%.                             
[14:15:06] INFO     Rank: 0 - Epoch:30/40, Batch:16,    progress_callback.py:218
                    loss:0.586501, finished 75.48%.                             
[14:15:12] INFO     Rank: 0 - Epoch:30/40, Batch:17,    progress_callback.py:218
                    loss:0.962847, finished 75.51%.                             
[14:15:17] INFO     Rank: 0 - Epoch:30/40, Batch:18,    progress_callback.py:218
                    loss:0.902034, finished 75.54%.                             
[14:15:21] INFO     Rank: 0 - Epoch:30/40, Batch:19,    progress_callback.py:218
                    loss:1.338028, finished 75.57%.                             
[14:15:26] INFO     Rank: 0 - Epoch:30/40, Batch:20,    progress_callback.py:218
                    loss:0.941065, finished 75.6%.                              
[14:15:30] INFO     Rank: 0 - Contrastive loss is                 callback.py:66
                    0.5016759693622589, nll_loss is                             
                    0.481423544883728                                           
[14:15:31] INFO     Rank: 0 - Epoch:30/40, Batch:21,    progress_callback.py:218
                    loss:1.037295, finished 75.63%.                             
[14:15:36] INFO     Rank: 0 - Epoch:30/40, Batch:22,    progress_callback.py:218
                    loss:1.177896, finished 75.66%.                             
[14:15:41] INFO     Rank: 0 - Epoch:30/40, Batch:23,    progress_callback.py:218
                    loss:0.990635, finished 75.69%.                             
[14:15:47] INFO     Rank: 0 - Epoch:30/40, Batch:24,    progress_callback.py:218
                    loss:0.584766, finished 75.72%.                             
[14:15:51] INFO     Rank: 0 - Epoch:30/40, Batch:25,    progress_callback.py:218
                    loss:0.877274, finished 75.75%.                             
[14:15:57] INFO     Rank: 0 - Epoch:30/40, Batch:26,    progress_callback.py:218
                    loss:1.090758, finished 75.78%.                             
[14:16:01] INFO     Rank: 0 - Epoch:30/40, Batch:27,    progress_callback.py:218
                    loss:1.034109, finished 75.81%.                             
[14:16:06] INFO     Rank: 0 - Epoch:30/40, Batch:28,    progress_callback.py:218
                    loss:0.657977, finished 75.84%.                             
[14:16:12] INFO     Rank: 0 - Epoch:30/40, Batch:29,    progress_callback.py:218
                    loss:1.003255, finished 75.87%.                             
[14:16:17] INFO     Rank: 0 - Epoch:30/40, Batch:30,    progress_callback.py:218
                    loss:0.84837, finished 75.9%.                               
           INFO     Rank: 0 -                                   evaluator.py:317
                    **********Evaluation starts**********                       
[14:16:32] INFO     Rank: 0 - **********Evaluation              evaluator.py:349
                    ends**********                                              
                                                                                
           INFO     Rank: 0 - ----------Eval. results   progress_callback.py:233
                    on Epoch:30, Batch:30----------                             
           INFO     Rank: 0 -                           progress_callback.py:238
                    {"torch_ngram#ngram-overlap":                               
                    0.4469316303730011}                                         
[14:16:37] INFO     Rank: 0 - Contrastive loss is                 callback.py:66
                    0.4576131016016006, nll_loss is                             
                    0.44392033517360685                                         
[14:16:38] INFO     Rank: 0 - Epoch:30/40, Batch:31,    progress_callback.py:218
                    loss:0.750295, finished 75.93%.                             
[14:16:42] INFO     Rank: 0 - Epoch:30/40, Batch:32,    progress_callback.py:218
                    loss:0.955138, finished 75.96%.                             
[14:16:47] INFO     Rank: 0 - Epoch:30/40, Batch:33,    progress_callback.py:218
                    loss:1.11487, finished 75.99%.                              
[14:16:52] INFO     Rank: 0 - Epoch:30/40, Batch:34,    progress_callback.py:218
                    loss:0.852278, finished 76.02%.                             
[14:16:57] INFO     Rank: 0 - Epoch:30/40, Batch:35,    progress_callback.py:218
                    loss:0.929353, finished 76.05%.                             
[14:17:01] INFO     Rank: 0 - Epoch:30/40, Batch:36,    progress_callback.py:218
                    loss:0.732023, finished 76.08%.                             
[14:17:08] INFO     Rank: 0 - Epoch:30/40, Batch:37,    progress_callback.py:218
                    loss:0.874523, finished 76.11%.                             
[14:17:13] INFO     Rank: 0 - Epoch:30/40, Batch:38,    progress_callback.py:218
                    loss:0.937184, finished 76.14%.                             
[14:17:17] INFO     Rank: 0 - Epoch:30/40, Batch:39,    progress_callback.py:218
                    loss:1.007852, finished 76.17%.                             
[14:17:22] INFO     Rank: 0 - Epoch:30/40, Batch:40,    progress_callback.py:218
                    loss:0.950077, finished 76.2%.                              
[14:17:25] INFO     Rank: 0 - Contrastive loss is                 callback.py:66
                    0.48451043367385865, nll_loss is                            
                    0.4778908669948578                                          
[14:17:29] INFO     Rank: 0 - Epoch:30/40, Batch:41,    progress_callback.py:218
                    loss:1.270715, finished 76.23%.                             
[14:17:33] INFO     Rank: 0 - Epoch:30/40, Batch:42,    progress_callback.py:218
                    loss:0.741866, finished 76.27%.                             
[14:17:37] INFO     Rank: 0 - Epoch:30/40, Batch:43,    progress_callback.py:218
                    loss:0.879779, finished 76.3%.                              
[14:17:45] INFO     Rank: 0 - Epoch:30/40, Batch:44,    progress_callback.py:218
                    loss:1.002307, finished 76.33%.                             
[14:17:50] INFO     Rank: 0 - Epoch:30/40, Batch:45,    progress_callback.py:218
                    loss:1.070868, finished 76.36%.                             
[14:17:55] INFO     Rank: 0 - Epoch:30/40, Batch:46,    progress_callback.py:218
                    loss:0.950946, finished 76.39%.                             
[14:18:00] INFO     Rank: 0 - Epoch:30/40, Batch:47,    progress_callback.py:218
                    loss:1.05107, finished 76.42%.                              
[14:18:06] INFO     Rank: 0 - Epoch:30/40, Batch:48,    progress_callback.py:218
                    loss:0.919092, finished 76.45%.                             
[14:18:10] INFO     Rank: 0 - Epoch:30/40, Batch:49,    progress_callback.py:218
                    loss:0.87375, finished 76.48%.                              
[14:18:16] INFO     Rank: 0 - Epoch:30/40, Batch:50,    progress_callback.py:218
                    loss:1.041391, finished 76.51%.                             
[14:18:20] INFO     Rank: 0 - Contrastive loss is                 callback.py:66
                    0.4555757999420166, nll_loss is                             
                    0.4785317718982697                                          
           INFO     Rank: 0 - Epoch:30/40, Batch:51,    progress_callback.py:218
                    loss:0.810007, finished 76.54%.                             
[14:18:26] INFO     Rank: 0 - Epoch:30/40, Batch:52,    progress_callback.py:218
                    loss:1.270306, finished 76.57%.                             
[14:18:31] INFO     Rank: 0 - Epoch:30/40, Batch:53,    progress_callback.py:218
                    loss:0.659958, finished 76.6%.                              
[14:18:38] INFO     Rank: 0 - Epoch:30/40, Batch:54,    progress_callback.py:218
                    loss:0.83273, finished 76.63%.                              
[14:18:43] INFO     Rank: 0 - Epoch:30/40, Batch:55,    progress_callback.py:218
                    loss:1.031089, finished 76.66%.                             
[14:18:50] INFO     Rank: 0 - Epoch:30/40, Batch:56,    progress_callback.py:218
                    loss:0.954008, finished 76.69%.                             
[14:18:55] INFO     Rank: 0 - Epoch:30/40, Batch:57,    progress_callback.py:218
                    loss:1.356506, finished 76.72%.                             
[14:19:01] INFO     Rank: 0 - Epoch:30/40, Batch:58,    progress_callback.py:218
                    loss:1.05057, finished 76.75%.                              
[14:19:05] INFO     Rank: 0 - Epoch:30/40, Batch:59,    progress_callback.py:218
                    loss:1.166361, finished 76.78%.                             
[14:19:10] INFO     Rank: 0 - Epoch:30/40, Batch:60,    progress_callback.py:218
                    loss:0.791087, finished 76.81%.                             
[14:19:13] INFO     Rank: 0 - Contrastive loss is                 callback.py:66
                    0.5106038957834244, nll_loss is                             
                    0.49498592913150785                                         
[14:19:14] INFO     Rank: 0 - Epoch:30/40, Batch:61,    progress_callback.py:218
                    loss:0.943282, finished 76.84%.                             
[14:19:22] INFO     Rank: 0 - Epoch:30/40, Batch:62,    progress_callback.py:218
                    loss:1.112904, finished 76.87%.                             
[14:19:28] INFO     Rank: 0 - Epoch:30/40, Batch:63,    progress_callback.py:218
                    loss:0.910708, finished 76.9%.                              
[14:19:32] INFO     Rank: 0 - Epoch:30/40, Batch:64,    progress_callback.py:218
                    loss:0.917108, finished 76.93%.                             
[14:19:37] INFO     Rank: 0 - Epoch:30/40, Batch:65,    progress_callback.py:218
                    loss:1.443949, finished 76.96%.                             
[14:19:41] INFO     Rank: 0 - Epoch:30/40, Batch:66,    progress_callback.py:218
                    loss:0.444376, finished 76.99%.                             
[14:19:48] INFO     Rank: 0 - Epoch:30/40, Batch:67,    progress_callback.py:218
                    loss:0.99733, finished 77.02%.                              
[14:19:52] INFO     Rank: 0 - Epoch:30/40, Batch:68,    progress_callback.py:218
                    loss:0.891268, finished 77.05%.                             
[14:19:57] INFO     Rank: 0 - Epoch:30/40, Batch:69,    progress_callback.py:218
                    loss:1.052175, finished 77.08%.                             
[14:20:01] INFO     Rank: 0 - Epoch:30/40, Batch:70,    progress_callback.py:218
                    loss:0.79182, finished 77.11%.                              
           INFO     Rank: 0 -                                   evaluator.py:317
                    **********Evaluation starts**********                       
[14:20:15] INFO     Rank: 0 - **********Evaluation              evaluator.py:349
                    ends**********                                              
                                                                                
           INFO     Rank: 0 - ----------Eval. results   progress_callback.py:233
                    on Epoch:30, Batch:70----------                             
           INFO     Rank: 0 -                           progress_callback.py:238
                    {"torch_ngram#ngram-overlap":                               
                    0.44870686531066895}                                        
[14:20:19] INFO     Rank: 0 - Contrastive loss is                 callback.py:66
                    0.4040700137615204, nll_loss is                             
                    0.5232122510671615                                          
[14:20:20] INFO     Rank: 0 - Epoch:30/40, Batch:71,    progress_callback.py:218
                    loss:0.711183, finished 77.14%.                             
[14:20:25] INFO     Rank: 0 - Epoch:30/40, Batch:72,    progress_callback.py:218
                    loss:1.299799, finished 77.17%.                             
[14:20:31] INFO     Rank: 0 - Epoch:30/40, Batch:73,    progress_callback.py:218
                    loss:0.80621, finished 77.2%.                               
[14:20:35] INFO     Rank: 0 - Epoch:30/40, Batch:74,    progress_callback.py:218
                    loss:0.925712, finished 77.23%.                             
[14:20:40] INFO     Rank: 0 - Epoch:30/40, Batch:75,    progress_callback.py:218
                    loss:1.025883, finished 77.26%.                             
[14:20:45] INFO     Rank: 0 - Epoch:30/40, Batch:76,    progress_callback.py:218
                    loss:1.071292, finished 77.29%.                             
[14:20:50] INFO     Rank: 0 - Epoch:30/40, Batch:77,    progress_callback.py:218
                    loss:0.729017, finished 77.32%.                             
[14:20:56] INFO     Rank: 0 - Epoch:30/40, Batch:78,    progress_callback.py:218
                    loss:0.877207, finished 77.35%.                             
[14:21:02] INFO     Rank: 0 - Epoch:30/40, Batch:79,    progress_callback.py:218
                    loss:0.828135, finished 77.38%.                             
[14:21:07] INFO     Rank: 0 - Epoch:30/40, Batch:80,    progress_callback.py:218
                    loss:0.674712, finished 77.41%.                             
[14:21:11] INFO     Rank: 0 - Contrastive loss is                 callback.py:66
                    0.4260599911212921, nll_loss is                             
                    0.47854852080345156                                         
[14:21:14] INFO     Rank: 0 - Epoch:30/40, Batch:81,    progress_callback.py:218
                    loss:0.808119, finished 77.44%.                             
[14:21:17] INFO     Rank: 0 - Epoch:30/40, Batch:82,    progress_callback.py:218
                    loss:1.101556, finished 77.47%.                             
[14:21:20] INFO     Rank: 0 - Epoch:30/40, Batch:83,    progress_callback.py:218
                    loss:1.331635, finished 77.5%.                              
           INFO     Rank: 0 -                           progress_callback.py:204
                    **********Epoch:31 starts**********                         
[14:21:25] INFO     Rank: 0 - Epoch:31/40, Batch:1,     progress_callback.py:218
                    loss:0.978056, finished 77.53%.                             
[14:21:30] INFO     Rank: 0 - Epoch:31/40, Batch:2,     progress_callback.py:218
                    loss:1.186688, finished 77.56%.                             
[14:21:36] INFO     Rank: 0 - Epoch:31/40, Batch:3,     progress_callback.py:218
                    loss:0.860084, finished 77.59%.                             
[14:21:40] INFO     Rank: 0 - Epoch:31/40, Batch:4,     progress_callback.py:218
                    loss:0.842953, finished 77.62%.                             
[14:21:47] INFO     Rank: 0 - Epoch:31/40, Batch:5,     progress_callback.py:218
                    loss:0.557269, finished 77.65%.                             
[14:21:51] INFO     Rank: 0 - Epoch:31/40, Batch:6,     progress_callback.py:218
                    loss:0.758742, finished 77.68%.                             
[14:21:56] INFO     Rank: 0 - Epoch:31/40, Batch:7,     progress_callback.py:218
                    loss:0.78722, finished 77.71%.                              
[14:22:00] INFO     Rank: 0 - Contrastive loss is                 callback.py:66
                    0.4541256666183472, nll_loss is                             
                    0.4608680009841919                                          
           INFO     Rank: 0 - Epoch:31/40, Batch:8,     progress_callback.py:218
                    loss:0.745735, finished 77.74%.                             
[14:22:05] INFO     Rank: 0 - Epoch:31/40, Batch:9,     progress_callback.py:218
                    loss:1.471274, finished 77.77%.                             
[14:22:10] INFO     Rank: 0 - Epoch:31/40, Batch:10,    progress_callback.py:218
                    loss:0.880804, finished 77.8%.                              
[14:22:16] INFO     Rank: 0 - Epoch:31/40, Batch:11,    progress_callback.py:218
                    loss:0.854997, finished 77.83%.                             
[14:22:20] INFO     Rank: 0 - Epoch:31/40, Batch:12,    progress_callback.py:218
                    loss:1.050959, finished 77.86%.                             
[14:22:25] INFO     Rank: 0 - Epoch:31/40, Batch:13,    progress_callback.py:218
                    loss:1.017905, finished 77.89%.                             
[14:22:31] INFO     Rank: 0 - Epoch:31/40, Batch:14,    progress_callback.py:218
                    loss:0.825411, finished 77.92%.                             
[14:22:35] INFO     Rank: 0 - Epoch:31/40, Batch:15,    progress_callback.py:218
                    loss:1.094795, finished 77.95%.                             
[14:22:41] INFO     Rank: 0 - Epoch:31/40, Batch:16,    progress_callback.py:218
                    loss:1.154902, finished 77.98%.                             
[14:22:46] INFO     Rank: 0 - Epoch:31/40, Batch:17,    progress_callback.py:218
                    loss:1.040735, finished 78.01%.                             
[14:22:50] INFO     Rank: 0 - Contrastive loss is                 callback.py:66
                    0.49774755239486695, nll_loss is                            
                    0.5243322730064393                                          
[14:22:51] INFO     Rank: 0 - Epoch:31/40, Batch:18,    progress_callback.py:218
                    loss:0.829017, finished 78.04%.                             
[14:22:56] INFO     Rank: 0 - Epoch:31/40, Batch:19,    progress_callback.py:218
                    loss:0.913956, finished 78.07%.                             
[14:23:02] INFO     Rank: 0 - Epoch:31/40, Batch:20,    progress_callback.py:218
                    loss:1.078104, finished 78.1%.                              
[14:23:07] INFO     Rank: 0 - Epoch:31/40, Batch:21,    progress_callback.py:218
                    loss:0.981857, finished 78.13%.                             
[14:23:14] INFO     Rank: 0 - Epoch:31/40, Batch:22,    progress_callback.py:218
                    loss:1.174961, finished 78.16%.                             
[14:23:20] INFO     Rank: 0 - Epoch:31/40, Batch:23,    progress_callback.py:218
                    loss:0.98817, finished 78.19%.                              
[14:23:25] INFO     Rank: 0 - Epoch:31/40, Batch:24,    progress_callback.py:218
                    loss:0.693928, finished 78.22%.                             
[14:23:31] INFO     Rank: 0 - Epoch:31/40, Batch:25,    progress_callback.py:218
                    loss:0.791965, finished 78.25%.                             
[14:23:36] INFO     Rank: 0 - Epoch:31/40, Batch:26,    progress_callback.py:218
                    loss:0.853486, finished 78.28%.                             
[14:23:41] INFO     Rank: 0 - Epoch:31/40, Batch:27,    progress_callback.py:218
                    loss:1.006998, finished 78.31%.                             
           INFO     Rank: 0 -                                   evaluator.py:317
                    **********Evaluation starts**********                       
[14:23:55] INFO     Rank: 0 - **********Evaluation              evaluator.py:349
                    ends**********                                              
                                                                                
           INFO     Rank: 0 - ----------Eval. results   progress_callback.py:233
                    on Epoch:31, Batch:27----------                             
           INFO     Rank: 0 -                           progress_callback.py:238
                    {"torch_ngram#ngram-overlap":                               
                    0.44447770714759827}                                        
[14:24:00] INFO     Rank: 0 - Contrastive loss is                 callback.py:66
                    0.48225773572921754, nll_loss is                            
                    0.47503445744514466                                         
[14:24:01] INFO     Rank: 0 - Epoch:31/40, Batch:28,    progress_callback.py:218
                    loss:1.089496, finished 78.34%.                             
[14:24:06] INFO     Rank: 0 - Epoch:31/40, Batch:29,    progress_callback.py:218
                    loss:1.082902, finished 78.37%.                             
[14:24:11] INFO     Rank: 0 - Epoch:31/40, Batch:30,    progress_callback.py:218
                    loss:0.756642, finished 78.4%.                              
[14:24:18] INFO     Rank: 0 - Epoch:31/40, Batch:31,    progress_callback.py:218
                    loss:0.832298, finished 78.43%.                             
[14:24:23] INFO     Rank: 0 - Epoch:31/40, Batch:32,    progress_callback.py:218
                    loss:0.981745, finished 78.46%.                             
[14:24:27] INFO     Rank: 0 - Epoch:31/40, Batch:33,    progress_callback.py:218
                    loss:1.113523, finished 78.49%.                             
[14:24:37] INFO     Rank: 0 - Epoch:31/40, Batch:34,    progress_callback.py:218
                    loss:0.854669, finished 78.52%.                             
[14:24:42] INFO     Rank: 0 - Epoch:31/40, Batch:35,    progress_callback.py:218
                    loss:0.97759, finished 78.55%.                              
[14:24:47] INFO     Rank: 0 - Epoch:31/40, Batch:36,    progress_callback.py:218
                    loss:0.976517, finished 78.58%.                             
[14:24:51] INFO     Rank: 0 - Epoch:31/40, Batch:37,    progress_callback.py:218
                    loss:0.812961, finished 78.61%.                             
[14:24:56] INFO     Rank: 0 - Contrastive loss is                 callback.py:66
                    0.4581528976559639, nll_loss is                             
                    0.43850241750478747                                         
[14:24:58] INFO     Rank: 0 - Epoch:31/40, Batch:38,    progress_callback.py:218
                    loss:0.577704, finished 78.64%.                             
[14:25:04] INFO     Rank: 0 - Epoch:31/40, Batch:39,    progress_callback.py:218
                    loss:0.869841, finished 78.67%.                             
[14:25:09] INFO     Rank: 0 - Epoch:31/40, Batch:40,    progress_callback.py:218
                    loss:0.87894, finished 78.7%.                               
[14:25:13] INFO     Rank: 0 - Epoch:31/40, Batch:41,    progress_callback.py:218
                    loss:0.981594, finished 78.73%.                             
[14:25:17] INFO     Rank: 0 - Epoch:31/40, Batch:42,    progress_callback.py:218
                    loss:1.000489, finished 78.77%.                             
[14:25:23] INFO     Rank: 0 - Epoch:31/40, Batch:43,    progress_callback.py:218
                    loss:1.067365, finished 78.8%.                              
[14:25:28] INFO     Rank: 0 - Epoch:31/40, Batch:44,    progress_callback.py:218
                    loss:1.059797, finished 78.83%.                             
[14:25:32] INFO     Rank: 0 - Epoch:31/40, Batch:45,    progress_callback.py:218
                    loss:0.892224, finished 78.86%.                             
[14:25:39] INFO     Rank: 0 - Epoch:31/40, Batch:46,    progress_callback.py:218
                    loss:0.772487, finished 78.89%.                             
[14:25:43] INFO     Rank: 0 - Epoch:31/40, Batch:47,    progress_callback.py:218
                    loss:0.854468, finished 78.92%.                             
[14:25:46] INFO     Rank: 0 - Contrastive loss is                 callback.py:66
                    0.4546365261077881, nll_loss is                             
                    0.47925985455513                                            
[14:25:48] INFO     Rank: 0 - Epoch:31/40, Batch:48,    progress_callback.py:218
                    loss:0.96176, finished 78.95%.                              
[14:25:54] INFO     Rank: 0 - Epoch:31/40, Batch:49,    progress_callback.py:218
                    loss:1.175261, finished 78.98%.                             
[14:25:59] INFO     Rank: 0 - Epoch:31/40, Batch:50,    progress_callback.py:218
                    loss:0.949927, finished 79.01%.                             
[14:26:06] INFO     Rank: 0 - Epoch:31/40, Batch:51,    progress_callback.py:218
                    loss:0.814308, finished 79.04%.                             
[14:26:11] INFO     Rank: 0 - Epoch:31/40, Batch:52,    progress_callback.py:218
                    loss:0.817047, finished 79.07%.                             
[14:26:16] INFO     Rank: 0 - Epoch:31/40, Batch:53,    progress_callback.py:218
                    loss:0.883598, finished 79.1%.                              
[14:26:21] INFO     Rank: 0 - Epoch:31/40, Batch:54,    progress_callback.py:218
                    loss:0.892647, finished 79.13%.                             
[14:26:26] INFO     Rank: 0 - Epoch:31/40, Batch:55,    progress_callback.py:218
                    loss:0.803022, finished 79.16%.                             
[14:26:31] INFO     Rank: 0 - Epoch:31/40, Batch:56,    progress_callback.py:218
                    loss:0.889122, finished 79.19%.                             
[14:26:36] INFO     Rank: 0 - Epoch:31/40, Batch:57,    progress_callback.py:218
                    loss:1.084157, finished 79.22%.                             
[14:26:38] INFO     Rank: 0 - Contrastive loss is                 callback.py:66
                    0.48977072834968566, nll_loss is                            
                    0.4377314865589142                                          
[14:26:41] INFO     Rank: 0 - Epoch:31/40, Batch:58,    progress_callback.py:218
                    loss:0.965932, finished 79.25%.                             
[14:26:45] INFO     Rank: 0 - Epoch:31/40, Batch:59,    progress_callback.py:218
                    loss:1.069683, finished 79.28%.                             
[14:26:50] INFO     Rank: 0 - Epoch:31/40, Batch:60,    progress_callback.py:218
                    loss:0.773377, finished 79.31%.                             
[14:26:54] INFO     Rank: 0 - Epoch:31/40, Batch:61,    progress_callback.py:218
                    loss:0.894403, finished 79.34%.                             
[14:27:02] INFO     Rank: 0 - Epoch:31/40, Batch:62,    progress_callback.py:218
                    loss:0.769082, finished 79.37%.                             
[14:27:06] INFO     Rank: 0 - Epoch:31/40, Batch:63,    progress_callback.py:218
                    loss:0.55151, finished 79.4%.                               
[14:27:13] INFO     Rank: 0 - Epoch:31/40, Batch:64,    progress_callback.py:218
                    loss:0.90371, finished 79.43%.                              
[14:27:20] INFO     Rank: 0 - Epoch:31/40, Batch:65,    progress_callback.py:218
                    loss:1.047021, finished 79.46%.                             
[14:27:24] INFO     Rank: 0 - Epoch:31/40, Batch:66,    progress_callback.py:218
                    loss:0.799675, finished 79.49%.                             
[14:27:30] INFO     Rank: 0 - Epoch:31/40, Batch:67,    progress_callback.py:218
                    loss:1.073538, finished 79.52%.                             
           INFO     Rank: 0 -                                   evaluator.py:317
                    **********Evaluation starts**********                       
[14:27:45] INFO     Rank: 0 - **********Evaluation              evaluator.py:349
                    ends**********                                              
                                                                                
           INFO     Rank: 0 - ----------Eval. results   progress_callback.py:233
                    on Epoch:31, Batch:67----------                             
           INFO     Rank: 0 -                           progress_callback.py:238
                    {"torch_ngram#ngram-overlap":                               
                    0.44563964009284973}                                        
[14:27:49] INFO     Rank: 0 - Contrastive loss is                 callback.py:66
                    0.47455803751945497, nll_loss is                            
                    0.4144721269607544                                          
[14:27:50] INFO     Rank: 0 - Epoch:31/40, Batch:68,    progress_callback.py:218
                    loss:1.008303, finished 79.55%.                             
[14:27:56] INFO     Rank: 0 - Epoch:31/40, Batch:69,    progress_callback.py:218
                    loss:0.908844, finished 79.58%.                             
[14:28:03] INFO     Rank: 0 - Epoch:31/40, Batch:70,    progress_callback.py:218
                    loss:0.531704, finished 79.61%.                             
[14:28:07] INFO     Rank: 0 - Epoch:31/40, Batch:71,    progress_callback.py:218
                    loss:1.060046, finished 79.64%.                             
[14:28:12] INFO     Rank: 0 - Epoch:31/40, Batch:72,    progress_callback.py:218
                    loss:0.756572, finished 79.67%.                             
[14:28:18] INFO     Rank: 0 - Epoch:31/40, Batch:73,    progress_callback.py:218
                    loss:0.85828, finished 79.7%.                               
[14:28:24] INFO     Rank: 0 - Epoch:31/40, Batch:74,    progress_callback.py:218
                    loss:0.899288, finished 79.73%.                             
[14:28:29] INFO     Rank: 0 - Epoch:31/40, Batch:75,    progress_callback.py:218
                    loss:0.970785, finished 79.76%.                             
[14:28:33] INFO     Rank: 0 - Epoch:31/40, Batch:76,    progress_callback.py:218
                    loss:0.947553, finished 79.79%.                             
[14:28:39] INFO     Rank: 0 - Epoch:31/40, Batch:77,    progress_callback.py:218
                    loss:0.957647, finished 79.82%.                             
[14:28:42] INFO     Rank: 0 - Contrastive loss is                 callback.py:66
                    0.47128178775310514, nll_loss is                            
                    0.41101218163967135                                         
[14:28:44] INFO     Rank: 0 - Epoch:31/40, Batch:78,    progress_callback.py:218
                    loss:0.93222, finished 79.85%.                              
[14:28:51] INFO     Rank: 0 - Epoch:31/40, Batch:79,    progress_callback.py:218
                    loss:0.929032, finished 79.88%.                             
[14:28:56] INFO     Rank: 0 - Epoch:31/40, Batch:80,    progress_callback.py:218
                    loss:0.942852, finished 79.91%.                             
[14:29:02] INFO     Rank: 0 - Epoch:31/40, Batch:81,    progress_callback.py:218
                    loss:0.901486, finished 79.94%.                             
[14:29:06] INFO     Rank: 0 - Epoch:31/40, Batch:82,    progress_callback.py:218
                    loss:1.047799, finished 79.97%.                             
[14:29:10] INFO     Rank: 0 - Epoch:31/40, Batch:83,    progress_callback.py:218
                    loss:1.307164, finished 80.0%.                              
           INFO     Rank: 0 -                           progress_callback.py:204
                    **********Epoch:32 starts**********                         
[14:29:16] INFO     Rank: 0 - Epoch:32/40, Batch:1,     progress_callback.py:218
                    loss:0.910499, finished 80.03%.                             
[14:29:25] INFO     Rank: 0 - Epoch:32/40, Batch:2,     progress_callback.py:218
                    loss:0.917254, finished 80.06%.                             
[14:29:30] INFO     Rank: 0 - Epoch:32/40, Batch:3,     progress_callback.py:218
                    loss:0.58131, finished 80.09%.                              
[14:29:35] INFO     Rank: 0 - Epoch:32/40, Batch:4,     progress_callback.py:218
                    loss:1.02483, finished 80.12%.                              
[14:29:38] INFO     Rank: 0 - Contrastive loss is                 callback.py:66
                    0.5138494551181794, nll_loss is                             
                    0.4378811836242676                                          
[14:29:39] INFO     Rank: 0 - Epoch:32/40, Batch:5,     progress_callback.py:218
                    loss:0.955079, finished 80.15%.                             
[14:29:43] INFO     Rank: 0 - Epoch:32/40, Batch:6,     progress_callback.py:218
                    loss:1.307648, finished 80.18%.                             
[14:29:49] INFO     Rank: 0 - Epoch:32/40, Batch:7,     progress_callback.py:218
                    loss:1.180228, finished 80.21%.                             
[14:29:54] INFO     Rank: 0 - Epoch:32/40, Batch:8,     progress_callback.py:218
                    loss:0.99501, finished 80.24%.                              
[14:30:00] INFO     Rank: 0 - Epoch:32/40, Batch:9,     progress_callback.py:218
                    loss:0.803578, finished 80.27%.                             
[14:30:07] INFO     Rank: 0 - Epoch:32/40, Batch:10,    progress_callback.py:218
                    loss:0.86297, finished 80.3%.                               
[14:30:12] INFO     Rank: 0 - Epoch:32/40, Batch:11,    progress_callback.py:218
                    loss:0.868107, finished 80.33%.                             
[14:30:17] INFO     Rank: 0 - Epoch:32/40, Batch:12,    progress_callback.py:218
                    loss:0.859524, finished 80.36%.                             
[14:30:22] INFO     Rank: 0 - Epoch:32/40, Batch:13,    progress_callback.py:218
                    loss:0.596729, finished 80.39%.                             
[14:30:27] INFO     Rank: 0 - Epoch:32/40, Batch:14,    progress_callback.py:218
                    loss:0.925703, finished 80.42%.                             
[14:30:31] INFO     Rank: 0 - Contrastive loss is                 callback.py:66
                    0.4700153678655624, nll_loss is                             
                    0.4861637443304062                                          
[14:30:32] INFO     Rank: 0 - Epoch:32/40, Batch:15,    progress_callback.py:218
                    loss:1.162294, finished 80.45%.                             
[14:30:36] INFO     Rank: 0 - Epoch:32/40, Batch:16,    progress_callback.py:218
                    loss:0.846684, finished 80.48%.                             
[14:30:40] INFO     Rank: 0 - Epoch:32/40, Batch:17,    progress_callback.py:218
                    loss:0.860442, finished 80.51%.                             
[14:30:45] INFO     Rank: 0 - Epoch:32/40, Batch:18,    progress_callback.py:218
                    loss:1.123461, finished 80.54%.                             
[14:30:50] INFO     Rank: 0 - Epoch:32/40, Batch:19,    progress_callback.py:218
                    loss:0.837215, finished 80.57%.                             
[14:30:56] INFO     Rank: 0 - Epoch:32/40, Batch:20,    progress_callback.py:218
                    loss:0.883184, finished 80.6%.                              
[14:31:01] INFO     Rank: 0 - Epoch:32/40, Batch:21,    progress_callback.py:218
                    loss:0.791627, finished 80.63%.                             
[14:31:07] INFO     Rank: 0 - Epoch:32/40, Batch:22,    progress_callback.py:218
                    loss:0.723149, finished 80.66%.                             
[14:31:13] INFO     Rank: 0 - Epoch:32/40, Batch:23,    progress_callback.py:218
                    loss:0.769783, finished 80.69%.                             
[14:31:18] INFO     Rank: 0 - Epoch:32/40, Batch:24,    progress_callback.py:218
                    loss:0.800832, finished 80.72%.                             
           INFO     Rank: 0 -                                   evaluator.py:317
                    **********Evaluation starts**********                       
[14:31:32] INFO     Rank: 0 - **********Evaluation              evaluator.py:349
                    ends**********                                              
                                                                                
           INFO     Rank: 0 - ----------Eval. results   progress_callback.py:233
                    on Epoch:32, Batch:24----------                             
           INFO     Rank: 0 -                           progress_callback.py:238
                    {"torch_ngram#ngram-overlap":                               
                    0.44557955861091614}                                        
[14:31:37] INFO     Rank: 0 - Contrastive loss is                 callback.py:66
                    0.4088574558496475, nll_loss is                             
                    0.4156335324048996                                          
[14:31:38] INFO     Rank: 0 - Epoch:32/40, Batch:25,    progress_callback.py:218
                    loss:0.608532, finished 80.75%.                             
[14:31:42] INFO     Rank: 0 - Epoch:32/40, Batch:26,    progress_callback.py:218
                    loss:0.799231, finished 80.78%.                             
[14:31:47] INFO     Rank: 0 - Epoch:32/40, Batch:27,    progress_callback.py:218
                    loss:0.99496, finished 80.81%.                              
[14:31:52] INFO     Rank: 0 - Epoch:32/40, Batch:28,    progress_callback.py:218
                    loss:1.05686, finished 80.84%.                              
[14:31:57] INFO     Rank: 0 - Epoch:32/40, Batch:29,    progress_callback.py:218
                    loss:0.878015, finished 80.87%.                             
[14:32:02] INFO     Rank: 0 - Epoch:32/40, Batch:30,    progress_callback.py:218
                    loss:1.141904, finished 80.9%.                              
[14:32:07] INFO     Rank: 0 - Epoch:32/40, Batch:31,    progress_callback.py:218
                    loss:0.748179, finished 80.93%.                             
[14:32:11] INFO     Rank: 0 - Epoch:32/40, Batch:32,    progress_callback.py:218
                    loss:0.832838, finished 80.96%.                             
[14:32:16] INFO     Rank: 0 - Epoch:32/40, Batch:33,    progress_callback.py:218
                    loss:0.75252, finished 80.99%.                              
[14:32:23] INFO     Rank: 0 - Epoch:32/40, Batch:34,    progress_callback.py:218
                    loss:1.018771, finished 81.02%.                             
[14:32:25] INFO     Rank: 0 - Contrastive loss is                 callback.py:66
                    0.4332068294286728, nll_loss is                             
                    0.4765825539827347                                          
[14:32:26] INFO     Rank: 0 - Epoch:32/40, Batch:35,    progress_callback.py:218
                    loss:0.874616, finished 81.05%.                             
[14:32:31] INFO     Rank: 0 - Epoch:32/40, Batch:36,    progress_callback.py:218
                    loss:0.669806, finished 81.08%.                             
[14:32:36] INFO     Rank: 0 - Epoch:32/40, Batch:37,    progress_callback.py:218
                    loss:0.90712, finished 81.11%.                              
[14:32:41] INFO     Rank: 0 - Epoch:32/40, Batch:38,    progress_callback.py:218
                    loss:0.940953, finished 81.14%.                             
[14:32:46] INFO     Rank: 0 - Epoch:32/40, Batch:39,    progress_callback.py:218
                    loss:0.910109, finished 81.17%.                             
[14:32:51] INFO     Rank: 0 - Epoch:32/40, Batch:40,    progress_callback.py:218
                    loss:0.883244, finished 81.2%.                              
[14:32:57] INFO     Rank: 0 - Epoch:32/40, Batch:41,    progress_callback.py:218
                    loss:1.0223, finished 81.23%.                               
[14:33:01] INFO     Rank: 0 - Epoch:32/40, Batch:42,    progress_callback.py:218
                    loss:0.740329, finished 81.27%.                             
[14:33:08] INFO     Rank: 0 - Epoch:32/40, Batch:43,    progress_callback.py:218
                    loss:0.949935, finished 81.3%.                              
[14:33:14] INFO     Rank: 0 - Epoch:32/40, Batch:44,    progress_callback.py:218
                    loss:0.789039, finished 81.33%.                             
[14:33:16] INFO     Rank: 0 - Contrastive loss is                 callback.py:66
                    0.3755927950143814, nll_loss is                             
                    0.480743470788002                                           
[14:33:19] INFO     Rank: 0 - Epoch:32/40, Batch:45,    progress_callback.py:218
                    loss:0.750529, finished 81.36%.                             
[14:33:23] INFO     Rank: 0 - Epoch:32/40, Batch:46,    progress_callback.py:218
                    loss:1.06145, finished 81.39%.                              
[14:33:28] INFO     Rank: 0 - Epoch:32/40, Batch:47,    progress_callback.py:218
                    loss:0.889483, finished 81.42%.                             
[14:33:33] INFO     Rank: 0 - Epoch:32/40, Batch:48,    progress_callback.py:218
                    loss:0.993034, finished 81.45%.                             
[14:33:39] INFO     Rank: 0 - Epoch:32/40, Batch:49,    progress_callback.py:218
                    loss:0.887378, finished 81.48%.                             
[14:33:44] INFO     Rank: 0 - Epoch:32/40, Batch:50,    progress_callback.py:218
                    loss:0.94484, finished 81.51%.                              
[14:33:50] INFO     Rank: 0 - Epoch:32/40, Batch:51,    progress_callback.py:218
                    loss:0.800758, finished 81.54%.                             
[14:33:55] INFO     Rank: 0 - Epoch:32/40, Batch:52,    progress_callback.py:218
                    loss:0.707694, finished 81.57%.                             
[14:34:00] INFO     Rank: 0 - Epoch:32/40, Batch:53,    progress_callback.py:218
                    loss:0.923902, finished 81.6%.                              
[14:34:06] INFO     Rank: 0 - Epoch:32/40, Batch:54,    progress_callback.py:218
                    loss:0.7162, finished 81.63%.                               
[14:34:11] INFO     Rank: 0 - Contrastive loss is                 callback.py:66
                    0.4388045102357864, nll_loss is                             
                    0.47614897787570953                                         
[14:34:13] INFO     Rank: 0 - Epoch:32/40, Batch:55,    progress_callback.py:218
                    loss:1.224796, finished 81.66%.                             
[14:34:19] INFO     Rank: 0 - Epoch:32/40, Batch:56,    progress_callback.py:218
                    loss:0.856166, finished 81.69%.                             
[14:34:23] INFO     Rank: 0 - Epoch:32/40, Batch:57,    progress_callback.py:218
                    loss:0.848199, finished 81.72%.                             
[14:34:28] INFO     Rank: 0 - Epoch:32/40, Batch:58,    progress_callback.py:218
                    loss:1.277043, finished 81.75%.                             
[14:34:33] INFO     Rank: 0 - Epoch:32/40, Batch:59,    progress_callback.py:218
                    loss:0.736485, finished 81.78%.                             
[14:34:38] INFO     Rank: 0 - Epoch:32/40, Batch:60,    progress_callback.py:218
                    loss:1.04352, finished 81.81%.                              
[14:34:44] INFO     Rank: 0 - Epoch:32/40, Batch:61,    progress_callback.py:218
                    loss:0.761974, finished 81.84%.                             
[14:34:48] INFO     Rank: 0 - Epoch:32/40, Batch:62,    progress_callback.py:218
                    loss:0.839489, finished 81.87%.                             
[14:34:52] INFO     Rank: 0 - Epoch:32/40, Batch:63,    progress_callback.py:218
                    loss:1.104209, finished 81.9%.                              
[14:34:58] INFO     Rank: 0 - Epoch:32/40, Batch:64,    progress_callback.py:218
                    loss:1.114344, finished 81.93%.                             
           INFO     Rank: 0 -                                   evaluator.py:317
                    **********Evaluation starts**********                       
[14:35:11] INFO     Rank: 0 - **********Evaluation              evaluator.py:349
                    ends**********                                              
                                                                                
           INFO     Rank: 0 - ----------Eval. results   progress_callback.py:233
                    on Epoch:32, Batch:64----------                             
           INFO     Rank: 0 -                           progress_callback.py:238
                    {"torch_ngram#ngram-overlap":                               
                    0.44750073552131653}                                        
[14:35:16] INFO     Rank: 0 - Contrastive loss is                 callback.py:66
                    0.4693878412246704, nll_loss is                             
                    0.4783827841281891                                          
[14:35:17] INFO     Rank: 0 - Epoch:32/40, Batch:65,    progress_callback.py:218
                    loss:0.896277, finished 81.96%.                             
[14:35:22] INFO     Rank: 0 - Epoch:32/40, Batch:66,    progress_callback.py:218
                    loss:0.879317, finished 81.99%.                             
[14:35:28] INFO     Rank: 0 - Epoch:32/40, Batch:67,    progress_callback.py:218
                    loss:0.773874, finished 82.02%.                             
[14:35:33] INFO     Rank: 0 - Epoch:32/40, Batch:68,    progress_callback.py:218
                    loss:1.004804, finished 82.05%.                             
[14:35:38] INFO     Rank: 0 - Epoch:32/40, Batch:69,    progress_callback.py:218
                    loss:0.827156, finished 82.08%.                             
[14:35:43] INFO     Rank: 0 - Epoch:32/40, Batch:70,    progress_callback.py:218
                    loss:0.768378, finished 82.11%.                             
[14:35:49] INFO     Rank: 0 - Epoch:32/40, Batch:71,    progress_callback.py:218
                    loss:0.566904, finished 82.14%.                             
[14:35:53] INFO     Rank: 0 - Epoch:32/40, Batch:72,    progress_callback.py:218
                    loss:0.945605, finished 82.17%.                             
[14:35:58] INFO     Rank: 0 - Epoch:32/40, Batch:73,    progress_callback.py:218
                    loss:0.905738, finished 82.2%.                              
[14:36:02] INFO     Rank: 0 - Epoch:32/40, Batch:74,    progress_callback.py:218
                    loss:0.977923, finished 82.23%.                             
[14:36:05] INFO     Rank: 0 - Contrastive loss is                 callback.py:66
                    0.4667243093252182, nll_loss is                             
                    0.388013967871666                                           
[14:36:06] INFO     Rank: 0 - Epoch:32/40, Batch:75,    progress_callback.py:218
                    loss:0.897683, finished 82.26%.                             
[14:36:11] INFO     Rank: 0 - Epoch:32/40, Batch:76,    progress_callback.py:218
                    loss:0.866325, finished 82.29%.                             
[14:36:16] INFO     Rank: 0 - Epoch:32/40, Batch:77,    progress_callback.py:218
                    loss:0.832806, finished 82.32%.                             
[14:36:21] INFO     Rank: 0 - Epoch:32/40, Batch:78,    progress_callback.py:218
                    loss:1.084827, finished 82.35%.                             
[14:36:26] INFO     Rank: 0 - Epoch:32/40, Batch:79,    progress_callback.py:218
                    loss:1.087175, finished 82.38%.                             
[14:36:34] INFO     Rank: 0 - Epoch:32/40, Batch:80,    progress_callback.py:218
                    loss:1.005268, finished 82.41%.                             
[14:36:39] INFO     Rank: 0 - Epoch:32/40, Batch:81,    progress_callback.py:218
                    loss:0.849614, finished 82.44%.                             
[14:36:43] INFO     Rank: 0 - Epoch:32/40, Batch:82,    progress_callback.py:218
                    loss:1.090181, finished 82.47%.                             
[14:36:45] INFO     Rank: 0 - Epoch:32/40, Batch:83,    progress_callback.py:218
                    loss:0.913498, finished 82.5%.                              
           INFO     Rank: 0 -                           progress_callback.py:204
                    **********Epoch:33 starts**********                         
[14:36:51] INFO     Rank: 0 - Epoch:33/40, Batch:1,     progress_callback.py:218
                    loss:0.611362, finished 82.53%.                             
[14:36:54] INFO     Rank: 0 - Contrastive loss is                 callback.py:66
                    0.47209432721138, nll_loss is                               
                    0.43504961133003234                                         
[14:36:56] INFO     Rank: 0 - Epoch:33/40, Batch:2,     progress_callback.py:218
                    loss:0.730384, finished 82.56%.                             
[14:37:01] INFO     Rank: 0 - Epoch:33/40, Batch:3,     progress_callback.py:218
                    loss:0.959428, finished 82.59%.                             
[14:37:09] INFO     Rank: 0 - Epoch:33/40, Batch:4,     progress_callback.py:218
                    loss:0.514992, finished 82.62%.                             
[14:37:16] INFO     Rank: 0 - Epoch:33/40, Batch:5,     progress_callback.py:218
                    loss:0.746551, finished 82.65%.                             
[14:37:21] INFO     Rank: 0 - Epoch:33/40, Batch:6,     progress_callback.py:218
                    loss:1.05285, finished 82.68%.                              
[14:37:25] INFO     Rank: 0 - Epoch:33/40, Batch:7,     progress_callback.py:218
                    loss:0.662956, finished 82.71%.                             
[14:37:32] INFO     Rank: 0 - Epoch:33/40, Batch:8,     progress_callback.py:218
                    loss:0.777051, finished 82.74%.                             
[14:37:37] INFO     Rank: 0 - Epoch:33/40, Batch:9,     progress_callback.py:218
                    loss:0.987791, finished 82.77%.                             
[14:37:42] INFO     Rank: 0 - Epoch:33/40, Batch:10,    progress_callback.py:218
                    loss:0.903925, finished 82.8%.                              
[14:37:47] INFO     Rank: 0 - Epoch:33/40, Batch:11,    progress_callback.py:218
                    loss:0.88755, finished 82.83%.                              
[14:37:50] INFO     Rank: 0 - Contrastive loss is                 callback.py:66
                    0.4645994186401367, nll_loss is                             
                    0.3885375499725342                                          
           INFO     Rank: 0 - Epoch:33/40, Batch:12,    progress_callback.py:218
                    loss:1.038274, finished 82.86%.                             
[14:37:57] INFO     Rank: 0 - Epoch:33/40, Batch:13,    progress_callback.py:218
                    loss:0.922755, finished 82.89%.                             
[14:38:01] INFO     Rank: 0 - Epoch:33/40, Batch:14,    progress_callback.py:218
                    loss:0.84944, finished 82.92%.                              
[14:38:06] INFO     Rank: 0 - Epoch:33/40, Batch:15,    progress_callback.py:218
                    loss:0.932253, finished 82.95%.                             
[14:38:12] INFO     Rank: 0 - Epoch:33/40, Batch:16,    progress_callback.py:218
                    loss:0.718018, finished 82.98%.                             
[14:38:16] INFO     Rank: 0 - Epoch:33/40, Batch:17,    progress_callback.py:218
                    loss:0.918001, finished 83.01%.                             
[14:38:22] INFO     Rank: 0 - Epoch:33/40, Batch:18,    progress_callback.py:218
                    loss:0.768613, finished 83.04%.                             
[14:38:27] INFO     Rank: 0 - Epoch:33/40, Batch:19,    progress_callback.py:218
                    loss:0.664567, finished 83.07%.                             
[14:38:32] INFO     Rank: 0 - Epoch:33/40, Batch:20,    progress_callback.py:218
                    loss:1.005079, finished 83.1%.                              
[14:38:38] INFO     Rank: 0 - Epoch:33/40, Batch:21,    progress_callback.py:218
                    loss:1.130399, finished 83.13%.                             
           INFO     Rank: 0 -                                   evaluator.py:317
                    **********Evaluation starts**********                       
[14:38:53] INFO     Rank: 0 - **********Evaluation              evaluator.py:349
                    ends**********                                              
                                                                                
           INFO     Rank: 0 - ----------Eval. results   progress_callback.py:233
                    on Epoch:33, Batch:21----------                             
           INFO     Rank: 0 -                           progress_callback.py:238
                    {"torch_ngram#ngram-overlap":                               
                    0.4451726973056793}                                         
[14:38:58] INFO     Rank: 0 - Contrastive loss is                 callback.py:66
                    0.4364583432674408, nll_loss is                             
                    0.46326650977134703                                         
           INFO     Rank: 0 - Epoch:33/40, Batch:22,    progress_callback.py:218
                    loss:1.088124, finished 83.16%.                             
[14:39:04] INFO     Rank: 0 - Epoch:33/40, Batch:23,    progress_callback.py:218
                    loss:0.765536, finished 83.19%.                             
[14:39:08] INFO     Rank: 0 - Epoch:33/40, Batch:24,    progress_callback.py:218
                    loss:0.929089, finished 83.22%.                             
[14:39:12] INFO     Rank: 0 - Epoch:33/40, Batch:25,    progress_callback.py:218
                    loss:0.907431, finished 83.25%.                             
[14:39:19] INFO     Rank: 0 - Epoch:33/40, Batch:26,    progress_callback.py:218
                    loss:0.757101, finished 83.28%.                             
[14:39:24] INFO     Rank: 0 - Epoch:33/40, Batch:27,    progress_callback.py:218
                    loss:1.048928, finished 83.31%.                             
[14:39:28] INFO     Rank: 0 - Epoch:33/40, Batch:28,    progress_callback.py:218
                    loss:0.990553, finished 83.34%.                             
[14:39:34] INFO     Rank: 0 - Epoch:33/40, Batch:29,    progress_callback.py:218
                    loss:0.700666, finished 83.37%.                             
[14:39:38] INFO     Rank: 0 - Epoch:33/40, Batch:30,    progress_callback.py:218
                    loss:0.918005, finished 83.4%.                              
[14:39:44] INFO     Rank: 0 - Epoch:33/40, Batch:31,    progress_callback.py:218
                    loss:0.652213, finished 83.43%.                             
[14:39:46] INFO     Rank: 0 - Contrastive loss is                 callback.py:66
                    0.41835545301437377, nll_loss is                            
                    0.4354886054992676                                          
[14:39:49] INFO     Rank: 0 - Epoch:33/40, Batch:32,    progress_callback.py:218
                    loss:0.868918, finished 83.46%.                             
[14:39:52] INFO     Rank: 0 - Epoch:33/40, Batch:33,    progress_callback.py:218
                    loss:1.100257, finished 83.49%.                             
[14:39:58] INFO     Rank: 0 - Epoch:33/40, Batch:34,    progress_callback.py:218
                    loss:0.906838, finished 83.52%.                             
[14:40:03] INFO     Rank: 0 - Epoch:33/40, Batch:35,    progress_callback.py:218
                    loss:0.748352, finished 83.55%.                             
[14:40:08] INFO     Rank: 0 - Epoch:33/40, Batch:36,    progress_callback.py:218
                    loss:0.809635, finished 83.58%.                             
[14:40:13] INFO     Rank: 0 - Epoch:33/40, Batch:37,    progress_callback.py:218
                    loss:1.016805, finished 83.61%.                             
[14:40:19] INFO     Rank: 0 - Epoch:33/40, Batch:38,    progress_callback.py:218
                    loss:1.054962, finished 83.64%.                             
[14:40:24] INFO     Rank: 0 - Epoch:33/40, Batch:39,    progress_callback.py:218
                    loss:1.0042, finished 83.67%.                               
[14:40:30] INFO     Rank: 0 - Epoch:33/40, Batch:40,    progress_callback.py:218
                    loss:1.068583, finished 83.7%.                              
[14:40:35] INFO     Rank: 0 - Epoch:33/40, Batch:41,    progress_callback.py:218
                    loss:0.894829, finished 83.73%.                             
[14:40:38] INFO     Rank: 0 - Contrastive loss is                 callback.py:66
                    0.4647305876016617, nll_loss is                             
                    0.48043144047260283                                         
[14:40:41] INFO     Rank: 0 - Epoch:33/40, Batch:42,    progress_callback.py:218
                    loss:0.84716, finished 83.77%.                              
[14:40:44] INFO     Rank: 0 - Epoch:33/40, Batch:43,    progress_callback.py:218
                    loss:0.845289, finished 83.8%.                              
[14:40:49] INFO     Rank: 0 - Epoch:33/40, Batch:44,    progress_callback.py:218
                    loss:1.090152, finished 83.83%.                             
[14:40:54] INFO     Rank: 0 - Epoch:33/40, Batch:45,    progress_callback.py:218
                    loss:0.791154, finished 83.86%.                             
[14:40:59] INFO     Rank: 0 - Epoch:33/40, Batch:46,    progress_callback.py:218
                    loss:1.159682, finished 83.89%.                             
[14:41:04] INFO     Rank: 0 - Epoch:33/40, Batch:47,    progress_callback.py:218
                    loss:1.014415, finished 83.92%.                             
[14:41:09] INFO     Rank: 0 - Epoch:33/40, Batch:48,    progress_callback.py:218
                    loss:1.057564, finished 83.95%.                             
[14:41:14] INFO     Rank: 0 - Epoch:33/40, Batch:49,    progress_callback.py:218
                    loss:0.806494, finished 83.98%.                             
[14:41:19] INFO     Rank: 0 - Epoch:33/40, Batch:50,    progress_callback.py:218
                    loss:0.807613, finished 84.01%.                             
[14:41:23] INFO     Rank: 0 - Epoch:33/40, Batch:51,    progress_callback.py:218
                    loss:0.965478, finished 84.04%.                             
[14:41:29] INFO     Rank: 0 - Contrastive loss is                 callback.py:66
                    0.46241891086101533, nll_loss is                            
                    0.4642787128686905                                          
           INFO     Rank: 0 - Epoch:33/40, Batch:52,    progress_callback.py:218
                    loss:0.729134, finished 84.07%.                             
[14:41:34] INFO     Rank: 0 - Epoch:33/40, Batch:53,    progress_callback.py:218
                    loss:0.664462, finished 84.1%.                              
[14:41:40] INFO     Rank: 0 - Epoch:33/40, Batch:54,    progress_callback.py:218
                    loss:0.952227, finished 84.13%.                             
[14:41:46] INFO     Rank: 0 - Epoch:33/40, Batch:55,    progress_callback.py:218
                    loss:0.517267, finished 84.16%.                             
[14:41:52] INFO     Rank: 0 - Epoch:33/40, Batch:56,    progress_callback.py:218
                    loss:1.072615, finished 84.19%.                             
[14:41:58] INFO     Rank: 0 - Epoch:33/40, Batch:57,    progress_callback.py:218
                    loss:0.957072, finished 84.22%.                             
[14:42:04] INFO     Rank: 0 - Epoch:33/40, Batch:58,    progress_callback.py:218
                    loss:0.975872, finished 84.25%.                             
[14:42:08] INFO     Rank: 0 - Epoch:33/40, Batch:59,    progress_callback.py:218
                    loss:0.754264, finished 84.28%.                             
[14:42:16] INFO     Rank: 0 - Epoch:33/40, Batch:60,    progress_callback.py:218
                    loss:0.993668, finished 84.31%.                             
[14:42:20] INFO     Rank: 0 - Epoch:33/40, Batch:61,    progress_callback.py:218
                    loss:0.898213, finished 84.34%.                             
           INFO     Rank: 0 -                                   evaluator.py:317
                    **********Evaluation starts**********                       
[14:42:35] INFO     Rank: 0 - **********Evaluation              evaluator.py:349
                    ends**********                                              
                                                                                
           INFO     Rank: 0 - ----------Eval. results   progress_callback.py:233
                    on Epoch:33, Batch:61----------                             
           INFO     Rank: 0 -                           progress_callback.py:238
                    {"torch_ngram#ngram-overlap":                               
                    0.44550493359565735}                                        
[14:42:38] INFO     Rank: 0 - Contrastive loss is                 callback.py:66
                    0.45600872933864595, nll_loss is                            
                    0.44930258095264436                                         
[14:42:41] INFO     Rank: 0 - Epoch:33/40, Batch:62,    progress_callback.py:218
                    loss:1.267454, finished 84.37%.                             
[14:42:46] INFO     Rank: 0 - Epoch:33/40, Batch:63,    progress_callback.py:218
                    loss:0.940066, finished 84.4%.                              
[14:42:50] INFO     Rank: 0 - Epoch:33/40, Batch:64,    progress_callback.py:218
                    loss:0.80157, finished 84.43%.                              
[14:42:55] INFO     Rank: 0 - Epoch:33/40, Batch:65,    progress_callback.py:218
                    loss:0.758383, finished 84.46%.                             
[14:43:00] INFO     Rank: 0 - Epoch:33/40, Batch:66,    progress_callback.py:218
                    loss:1.012739, finished 84.49%.                             
[14:43:06] INFO     Rank: 0 - Epoch:33/40, Batch:67,    progress_callback.py:218
                    loss:0.868363, finished 84.52%.                             
[14:43:12] INFO     Rank: 0 - Epoch:33/40, Batch:68,    progress_callback.py:218
                    loss:0.821697, finished 84.55%.                             
[14:43:18] INFO     Rank: 0 - Epoch:33/40, Batch:69,    progress_callback.py:218
                    loss:0.981906, finished 84.58%.                             
[14:43:22] INFO     Rank: 0 - Epoch:33/40, Batch:70,    progress_callback.py:218
                    loss:0.946989, finished 84.61%.                             
[14:43:28] INFO     Rank: 0 - Epoch:33/40, Batch:71,    progress_callback.py:218
                    loss:0.916695, finished 84.64%.                             
[14:43:31] INFO     Rank: 0 - Contrastive loss is                 callback.py:66
                    0.450952410697937, nll_loss is                              
                    0.4515604317188263                                          
[14:43:32] INFO     Rank: 0 - Epoch:33/40, Batch:72,    progress_callback.py:218
                    loss:0.976721, finished 84.67%.                             
[14:43:39] INFO     Rank: 0 - Epoch:33/40, Batch:73,    progress_callback.py:218
                    loss:1.050306, finished 84.7%.                              
[14:43:43] INFO     Rank: 0 - Epoch:33/40, Batch:74,    progress_callback.py:218
                    loss:0.990661, finished 84.73%.                             
[14:43:49] INFO     Rank: 0 - Epoch:33/40, Batch:75,    progress_callback.py:218
                    loss:0.737602, finished 84.76%.                             
[14:43:54] INFO     Rank: 0 - Epoch:33/40, Batch:76,    progress_callback.py:218
                    loss:0.978839, finished 84.79%.                             
[14:43:58] INFO     Rank: 0 - Epoch:33/40, Batch:77,    progress_callback.py:218
                    loss:0.928841, finished 84.82%.                             
[14:44:04] INFO     Rank: 0 - Epoch:33/40, Batch:78,    progress_callback.py:218
                    loss:0.645751, finished 84.85%.                             
[14:44:08] INFO     Rank: 0 - Epoch:33/40, Batch:79,    progress_callback.py:218
                    loss:1.055827, finished 84.88%.                             
[14:44:13] INFO     Rank: 0 - Epoch:33/40, Batch:80,    progress_callback.py:218
                    loss:0.94981, finished 84.91%.                              
[14:44:19] INFO     Rank: 0 - Epoch:33/40, Batch:81,    progress_callback.py:218
                    loss:0.78595, finished 84.94%.                              
[14:44:22] INFO     Rank: 0 - Contrastive loss is                 callback.py:66
                    0.4935811311006546, nll_loss is                             
                    0.4322144120931625                                          
[14:44:23] INFO     Rank: 0 - Epoch:33/40, Batch:82,    progress_callback.py:218
                    loss:1.134369, finished 84.97%.                             
[14:44:26] INFO     Rank: 0 - Epoch:33/40, Batch:83,    progress_callback.py:218
                    loss:1.140697, finished 85.0%.                              
           INFO     Rank: 0 -                           progress_callback.py:204
                    **********Epoch:34 starts**********                         
[14:44:31] INFO     Rank: 0 - Epoch:34/40, Batch:1,     progress_callback.py:218
                    loss:0.717633, finished 85.03%.                             
[14:44:36] INFO     Rank: 0 - Epoch:34/40, Batch:2,     progress_callback.py:218
                    loss:0.734098, finished 85.06%.                             
[14:44:41] INFO     Rank: 0 - Epoch:34/40, Batch:3,     progress_callback.py:218
                    loss:0.765658, finished 85.09%.                             
[14:44:45] INFO     Rank: 0 - Epoch:34/40, Batch:4,     progress_callback.py:218
                    loss:0.834925, finished 85.12%.                             
[14:44:50] INFO     Rank: 0 - Epoch:34/40, Batch:5,     progress_callback.py:218
                    loss:0.98373, finished 85.15%.                              
[14:44:54] INFO     Rank: 0 - Epoch:34/40, Batch:6,     progress_callback.py:218
                    loss:0.753146, finished 85.18%.                             
[14:44:59] INFO     Rank: 0 - Epoch:34/40, Batch:7,     progress_callback.py:218
                    loss:0.894104, finished 85.21%.                             
[14:45:06] INFO     Rank: 0 - Epoch:34/40, Batch:8,     progress_callback.py:218
                    loss:0.95107, finished 85.24%.                              
[14:45:12] INFO     Rank: 0 - Contrastive loss is                 callback.py:66
                    0.4512358605861664, nll_loss is                             
                    0.3969981908798218                                          
[14:45:13] INFO     Rank: 0 - Epoch:34/40, Batch:9,     progress_callback.py:218
                    loss:0.707279, finished 85.27%.                             
[14:45:20] INFO     Rank: 0 - Epoch:34/40, Batch:10,    progress_callback.py:218
                    loss:0.837785, finished 85.3%.                              
[14:45:26] INFO     Rank: 0 - Epoch:34/40, Batch:11,    progress_callback.py:218
                    loss:0.759017, finished 85.33%.                             
[14:45:31] INFO     Rank: 0 - Epoch:34/40, Batch:12,    progress_callback.py:218
                    loss:0.966654, finished 85.36%.                             
[14:45:37] INFO     Rank: 0 - Epoch:34/40, Batch:13,    progress_callback.py:218
                    loss:0.865764, finished 85.39%.                             
[14:45:43] INFO     Rank: 0 - Epoch:34/40, Batch:14,    progress_callback.py:218
                    loss:0.617458, finished 85.42%.                             
[14:45:49] INFO     Rank: 0 - Epoch:34/40, Batch:15,    progress_callback.py:218
                    loss:1.093208, finished 85.45%.                             
[14:45:54] INFO     Rank: 0 - Epoch:34/40, Batch:16,    progress_callback.py:218
                    loss:0.891234, finished 85.48%.                             
[14:45:59] INFO     Rank: 0 - Epoch:34/40, Batch:17,    progress_callback.py:218
                    loss:0.918014, finished 85.51%.                             
[14:46:04] INFO     Rank: 0 - Epoch:34/40, Batch:18,    progress_callback.py:218
                    loss:0.819613, finished 85.54%.                             
           INFO     Rank: 0 -                                   evaluator.py:317
                    **********Evaluation starts**********                       
[14:46:18] INFO     Rank: 0 - **********Evaluation              evaluator.py:349
                    ends**********                                              
                                                                                
           INFO     Rank: 0 - ----------Eval. results   progress_callback.py:233
                    on Epoch:34, Batch:18----------                             
           INFO     Rank: 0 -                           progress_callback.py:238
                    {"torch_ngram#ngram-overlap":                               
                    0.4448226988315582}                                         
[14:46:21] INFO     Rank: 0 - Contrastive loss is                 callback.py:66
                    0.4166069865226746, nll_loss is                             
                    0.44518492817878724                                         
[14:46:24] INFO     Rank: 0 - Epoch:34/40, Batch:19,    progress_callback.py:218
                    loss:0.849173, finished 85.57%.                             
[14:46:29] INFO     Rank: 0 - Epoch:34/40, Batch:20,    progress_callback.py:218
                    loss:0.888211, finished 85.6%.                              
[14:46:33] INFO     Rank: 0 - Epoch:34/40, Batch:21,    progress_callback.py:218
                    loss:0.852713, finished 85.63%.                             
[14:46:40] INFO     Rank: 0 - Epoch:34/40, Batch:22,    progress_callback.py:218
                    loss:0.870527, finished 85.66%.                             
[14:46:46] INFO     Rank: 0 - Epoch:34/40, Batch:23,    progress_callback.py:218
                    loss:0.879541, finished 85.69%.                             
[14:46:52] INFO     Rank: 0 - Epoch:34/40, Batch:24,    progress_callback.py:218
                    loss:0.776887, finished 85.72%.                             
[14:47:00] INFO     Rank: 0 - Epoch:34/40, Batch:25,    progress_callback.py:218
                    loss:0.69493, finished 85.75%.                              
[14:47:04] INFO     Rank: 0 - Epoch:34/40, Batch:26,    progress_callback.py:218
                    loss:0.704908, finished 85.78%.                             
[14:47:10] INFO     Rank: 0 - Epoch:34/40, Batch:27,    progress_callback.py:218
                    loss:0.619572, finished 85.81%.                             
[14:47:16] INFO     Rank: 0 - Epoch:34/40, Batch:28,    progress_callback.py:218
                    loss:1.044904, finished 85.84%.                             
[14:47:21] INFO     Rank: 0 - Contrastive loss is                 callback.py:66
                    0.4099272906780243, nll_loss is                             
                    0.41752257347106936                                         
           INFO     Rank: 0 - Epoch:34/40, Batch:29,    progress_callback.py:218
                    loss:0.942306, finished 85.87%.                             
[14:47:27] INFO     Rank: 0 - Epoch:34/40, Batch:30,    progress_callback.py:218
                    loss:0.76061, finished 85.9%.                               
[14:47:32] INFO     Rank: 0 - Epoch:34/40, Batch:31,    progress_callback.py:218
                    loss:0.872738, finished 85.93%.                             
[14:47:37] INFO     Rank: 0 - Epoch:34/40, Batch:32,    progress_callback.py:218
                    loss:0.795955, finished 85.96%.                             
[14:47:42] INFO     Rank: 0 - Epoch:34/40, Batch:33,    progress_callback.py:218
                    loss:0.843786, finished 85.99%.                             
[14:47:47] INFO     Rank: 0 - Epoch:34/40, Batch:34,    progress_callback.py:218
                    loss:0.809946, finished 86.02%.                             
[14:47:52] INFO     Rank: 0 - Epoch:34/40, Batch:35,    progress_callback.py:218
                    loss:0.78526, finished 86.05%.                              
[14:47:57] INFO     Rank: 0 - Epoch:34/40, Batch:36,    progress_callback.py:218
                    loss:0.811354, finished 86.08%.                             
[14:48:01] INFO     Rank: 0 - Epoch:34/40, Batch:37,    progress_callback.py:218
                    loss:1.088869, finished 86.11%.                             
[14:48:07] INFO     Rank: 0 - Epoch:34/40, Batch:38,    progress_callback.py:218
                    loss:0.93958, finished 86.14%.                              
[14:48:10] INFO     Rank: 0 - Contrastive loss is                 callback.py:66
                    0.43802287578582766, nll_loss is                            
                    0.4058302640914917                                          
[14:48:11] INFO     Rank: 0 - Epoch:34/40, Batch:39,    progress_callback.py:218
                    loss:0.730433, finished 86.17%.                             
[14:48:16] INFO     Rank: 0 - Epoch:34/40, Batch:40,    progress_callback.py:218
                    loss:1.111592, finished 86.2%.                              
[14:48:21] INFO     Rank: 0 - Epoch:34/40, Batch:41,    progress_callback.py:218
                    loss:1.076702, finished 86.23%.                             
[14:48:26] INFO     Rank: 0 - Epoch:34/40, Batch:42,    progress_callback.py:218
                    loss:1.132566, finished 86.27%.                             
[14:48:31] INFO     Rank: 0 - Epoch:34/40, Batch:43,    progress_callback.py:218
                    loss:0.913805, finished 86.3%.                              
[14:48:38] INFO     Rank: 0 - Epoch:34/40, Batch:44,    progress_callback.py:218
                    loss:1.028725, finished 86.33%.                             
[14:48:43] INFO     Rank: 0 - Epoch:34/40, Batch:45,    progress_callback.py:218
                    loss:0.759697, finished 86.36%.                             
[14:48:48] INFO     Rank: 0 - Epoch:34/40, Batch:46,    progress_callback.py:218
                    loss:0.660388, finished 86.39%.                             
[14:48:52] INFO     Rank: 0 - Epoch:34/40, Batch:47,    progress_callback.py:218
                    loss:0.959771, finished 86.42%.                             
[14:48:56] INFO     Rank: 0 - Epoch:34/40, Batch:48,    progress_callback.py:218
                    loss:0.994601, finished 86.45%.                             
[14:48:59] INFO     Rank: 0 - Contrastive loss is                 callback.py:66
                    0.50096854865551, nll_loss is                               
                    0.4744621843099594                                          
[14:49:01] INFO     Rank: 0 - Epoch:34/40, Batch:49,    progress_callback.py:218
                    loss:1.11646, finished 86.48%.                              
[14:49:07] INFO     Rank: 0 - Epoch:34/40, Batch:50,    progress_callback.py:218
                    loss:0.620036, finished 86.51%.                             
[14:49:13] INFO     Rank: 0 - Epoch:34/40, Batch:51,    progress_callback.py:218
                    loss:0.886785, finished 86.54%.                             
[14:49:21] INFO     Rank: 0 - Epoch:34/40, Batch:52,    progress_callback.py:218
                    loss:0.719202, finished 86.57%.                             
[14:49:25] INFO     Rank: 0 - Epoch:34/40, Batch:53,    progress_callback.py:218
                    loss:1.324301, finished 86.6%.                              
[14:49:29] INFO     Rank: 0 - Epoch:34/40, Batch:54,    progress_callback.py:218
                    loss:0.751918, finished 86.63%.                             
[14:49:34] INFO     Rank: 0 - Epoch:34/40, Batch:55,    progress_callback.py:218
                    loss:1.284852, finished 86.66%.                             
[14:49:41] INFO     Rank: 0 - Epoch:34/40, Batch:56,    progress_callback.py:218
                    loss:0.868626, finished 86.69%.                             
[14:49:45] INFO     Rank: 0 - Epoch:34/40, Batch:57,    progress_callback.py:218
                    loss:0.86871, finished 86.72%.                              
[14:49:52] INFO     Rank: 0 - Epoch:34/40, Batch:58,    progress_callback.py:218
                    loss:0.686809, finished 86.75%.                             
           INFO     Rank: 0 -                                   evaluator.py:317
                    **********Evaluation starts**********                       
[14:50:06] INFO     Rank: 0 - **********Evaluation              evaluator.py:349
                    ends**********                                              
                                                                                
           INFO     Rank: 0 - ----------Eval. results   progress_callback.py:233
                    on Epoch:34, Batch:58----------                             
           INFO     Rank: 0 -                           progress_callback.py:238
                    {"torch_ngram#ngram-overlap":                               
                    0.4444277584552765}                                         
[14:50:10] INFO     Rank: 0 - Contrastive loss is                 callback.py:66
                    0.48222372531890867, nll_loss is                            
                    0.43415809869766236                                         
           INFO     Rank: 0 - Epoch:34/40, Batch:59,    progress_callback.py:218
                    loss:1.15258, finished 86.78%.                              
[14:50:17] INFO     Rank: 0 - Epoch:34/40, Batch:60,    progress_callback.py:218
                    loss:0.946813, finished 86.81%.                             
[14:50:22] INFO     Rank: 0 - Epoch:34/40, Batch:61,    progress_callback.py:218
                    loss:0.806229, finished 86.84%.                             
[14:50:27] INFO     Rank: 0 - Epoch:34/40, Batch:62,    progress_callback.py:218
                    loss:0.871409, finished 86.87%.                             
[14:50:34] INFO     Rank: 0 - Epoch:34/40, Batch:63,    progress_callback.py:218
                    loss:0.667584, finished 86.9%.                              
[14:50:40] INFO     Rank: 0 - Epoch:34/40, Batch:64,    progress_callback.py:218
                    loss:1.038271, finished 86.93%.                             
[14:50:44] INFO     Rank: 0 - Epoch:34/40, Batch:65,    progress_callback.py:218
                    loss:0.958962, finished 86.96%.                             
[14:50:49] INFO     Rank: 0 - Epoch:34/40, Batch:66,    progress_callback.py:218
                    loss:0.91266, finished 86.99%.                              
[14:50:52] INFO     Rank: 0 - Epoch:34/40, Batch:67,    progress_callback.py:218
                    loss:0.793623, finished 87.02%.                             
[14:50:57] INFO     Rank: 0 - Epoch:34/40, Batch:68,    progress_callback.py:218
                    loss:0.906388, finished 87.05%.                             
[14:51:01] INFO     Rank: 0 - Contrastive loss is                 callback.py:66
                    0.4554707944393158, nll_loss is                             
                    0.4398786544799805                                          
           INFO     Rank: 0 - Epoch:34/40, Batch:69,    progress_callback.py:218
                    loss:1.051556, finished 87.08%.                             
[14:51:05] INFO     Rank: 0 - Epoch:34/40, Batch:70,    progress_callback.py:218
                    loss:0.849139, finished 87.11%.                             
[14:51:11] INFO     Rank: 0 - Epoch:34/40, Batch:71,    progress_callback.py:218
                    loss:1.188866, finished 87.14%.                             
[14:51:16] INFO     Rank: 0 - Epoch:34/40, Batch:72,    progress_callback.py:218
                    loss:1.065248, finished 87.17%.                             
[14:51:22] INFO     Rank: 0 - Epoch:34/40, Batch:73,    progress_callback.py:218
                    loss:0.956935, finished 87.2%.                              
[14:51:29] INFO     Rank: 0 - Epoch:34/40, Batch:74,    progress_callback.py:218
                    loss:0.873938, finished 87.23%.                             
[14:51:35] INFO     Rank: 0 - Epoch:34/40, Batch:75,    progress_callback.py:218
                    loss:0.757382, finished 87.26%.                             
[14:51:40] INFO     Rank: 0 - Epoch:34/40, Batch:76,    progress_callback.py:218
                    loss:1.112505, finished 87.29%.                             
[14:51:45] INFO     Rank: 0 - Epoch:34/40, Batch:77,    progress_callback.py:218
                    loss:0.88096, finished 87.32%.                              
[14:51:50] INFO     Rank: 0 - Epoch:34/40, Batch:78,    progress_callback.py:218
                    loss:0.846897, finished 87.35%.                             
[14:51:53] INFO     Rank: 0 - Contrastive loss is                 callback.py:66
                    0.505558779835701, nll_loss is                              
                    0.47173264920711516                                         
           INFO     Rank: 0 - Epoch:34/40, Batch:79,    progress_callback.py:218
                    loss:1.241044, finished 87.38%.                             
[14:51:58] INFO     Rank: 0 - Epoch:34/40, Batch:80,    progress_callback.py:218
                    loss:1.107364, finished 87.41%.                             
[14:52:03] INFO     Rank: 0 - Epoch:34/40, Batch:81,    progress_callback.py:218
                    loss:0.896073, finished 87.44%.                             
[14:52:08] INFO     Rank: 0 - Epoch:34/40, Batch:82,    progress_callback.py:218
                    loss:0.908009, finished 87.47%.                             
[14:52:11] INFO     Rank: 0 - Epoch:34/40, Batch:83,    progress_callback.py:218
                    loss:1.321117, finished 87.5%.                              
           INFO     Rank: 0 -                           progress_callback.py:204
                    **********Epoch:35 starts**********                         
[14:52:15] INFO     Rank: 0 - Epoch:35/40, Batch:1,     progress_callback.py:218
                    loss:0.914467, finished 87.53%.                             
[14:52:22] INFO     Rank: 0 - Epoch:35/40, Batch:2,     progress_callback.py:218
                    loss:0.641746, finished 87.56%.                             
[14:52:27] INFO     Rank: 0 - Epoch:35/40, Batch:3,     progress_callback.py:218
                    loss:1.111868, finished 87.59%.                             
[14:52:31] INFO     Rank: 0 - Epoch:35/40, Batch:4,     progress_callback.py:218
                    loss:0.965317, finished 87.62%.                             
[14:52:36] INFO     Rank: 0 - Epoch:35/40, Batch:5,     progress_callback.py:218
                    loss:0.832097, finished 87.65%.                             
[14:52:43] INFO     Rank: 0 - Contrastive loss is                 callback.py:66
                    0.4840444505214691, nll_loss is                             
                    0.4721426725387573                                          
[14:52:44] INFO     Rank: 0 - Epoch:35/40, Batch:6,     progress_callback.py:218
                    loss:0.863812, finished 87.68%.                             
[14:52:48] INFO     Rank: 0 - Epoch:35/40, Batch:7,     progress_callback.py:218
                    loss:0.777263, finished 87.71%.                             
[14:52:55] INFO     Rank: 0 - Epoch:35/40, Batch:8,     progress_callback.py:218
                    loss:0.995637, finished 87.74%.                             
[14:52:59] INFO     Rank: 0 - Epoch:35/40, Batch:9,     progress_callback.py:218
                    loss:0.92463, finished 87.77%.                              
[14:53:03] INFO     Rank: 0 - Epoch:35/40, Batch:10,    progress_callback.py:218
                    loss:0.751964, finished 87.8%.                              
[14:53:11] INFO     Rank: 0 - Epoch:35/40, Batch:11,    progress_callback.py:218
                    loss:0.76049, finished 87.83%.                              
[14:53:17] INFO     Rank: 0 - Epoch:35/40, Batch:12,    progress_callback.py:218
                    loss:1.000826, finished 87.86%.                             
[14:53:22] INFO     Rank: 0 - Epoch:35/40, Batch:13,    progress_callback.py:218
                    loss:1.303077, finished 87.89%.                             
[14:53:26] INFO     Rank: 0 - Epoch:35/40, Batch:14,    progress_callback.py:218
                    loss:0.809735, finished 87.92%.                             
[14:53:31] INFO     Rank: 0 - Epoch:35/40, Batch:15,    progress_callback.py:218
                    loss:0.805779, finished 87.95%.                             
           INFO     Rank: 0 -                                   evaluator.py:317
                    **********Evaluation starts**********                       
[14:53:45] INFO     Rank: 0 - **********Evaluation              evaluator.py:349
                    ends**********                                              
                                                                                
           INFO     Rank: 0 - ----------Eval. results   progress_callback.py:233
                    on Epoch:35, Batch:15----------                             
           INFO     Rank: 0 -                           progress_callback.py:238
                    {"torch_ngram#ngram-overlap":                               
                    0.44278088212013245}                                        
[14:53:49] INFO     Rank: 0 - Contrastive loss is                 callback.py:66
                    0.4614641696214676, nll_loss is                             
                    0.44385707676410674                                         
[14:53:50] INFO     Rank: 0 - Epoch:35/40, Batch:16,    progress_callback.py:218
                    loss:0.923812, finished 87.98%.                             
[14:53:54] INFO     Rank: 0 - Epoch:35/40, Batch:17,    progress_callback.py:218
                    loss:0.8959, finished 88.01%.                               
[14:53:59] INFO     Rank: 0 - Epoch:35/40, Batch:18,    progress_callback.py:218
                    loss:0.902594, finished 88.04%.                             
[14:54:03] INFO     Rank: 0 - Epoch:35/40, Batch:19,    progress_callback.py:218
                    loss:0.706514, finished 88.07%.                             
[14:54:07] INFO     Rank: 0 - Epoch:35/40, Batch:20,    progress_callback.py:218
                    loss:1.000248, finished 88.1%.                              
[14:54:12] INFO     Rank: 0 - Epoch:35/40, Batch:21,    progress_callback.py:218
                    loss:0.531468, finished 88.13%.                             
[14:54:17] INFO     Rank: 0 - Epoch:35/40, Batch:22,    progress_callback.py:218
                    loss:0.765449, finished 88.16%.                             
[14:54:22] INFO     Rank: 0 - Epoch:35/40, Batch:23,    progress_callback.py:218
                    loss:0.901698, finished 88.19%.                             
[14:54:28] INFO     Rank: 0 - Epoch:35/40, Batch:24,    progress_callback.py:218
                    loss:0.874438, finished 88.22%.                             
[14:54:32] INFO     Rank: 0 - Epoch:35/40, Batch:25,    progress_callback.py:218
                    loss:0.927391, finished 88.25%.                             
[14:54:35] INFO     Rank: 0 - Contrastive loss is                 callback.py:66
                    0.4040769711136818, nll_loss is                             
                    0.43741978853940966                                         
[14:54:38] INFO     Rank: 0 - Epoch:35/40, Batch:26,    progress_callback.py:218
                    loss:0.909268, finished 88.28%.                             
[14:54:42] INFO     Rank: 0 - Epoch:35/40, Batch:27,    progress_callback.py:218
                    loss:0.97788, finished 88.31%.                              
[14:54:46] INFO     Rank: 0 - Epoch:35/40, Batch:28,    progress_callback.py:218
                    loss:0.919797, finished 88.34%.                             
[14:54:52] INFO     Rank: 0 - Epoch:35/40, Batch:29,    progress_callback.py:218
                    loss:1.17779, finished 88.37%.                              
[14:54:57] INFO     Rank: 0 - Epoch:35/40, Batch:30,    progress_callback.py:218
                    loss:0.77989, finished 88.4%.                               
[14:55:01] INFO     Rank: 0 - Epoch:35/40, Batch:31,    progress_callback.py:218
                    loss:0.584848, finished 88.43%.                             
[14:55:06] INFO     Rank: 0 - Epoch:35/40, Batch:32,    progress_callback.py:218
                    loss:0.926925, finished 88.46%.                             
[14:55:11] INFO     Rank: 0 - Epoch:35/40, Batch:33,    progress_callback.py:218
                    loss:0.913078, finished 88.49%.                             
[14:55:16] INFO     Rank: 0 - Epoch:35/40, Batch:34,    progress_callback.py:218
                    loss:0.769208, finished 88.52%.                             
[14:55:24] INFO     Rank: 0 - Epoch:35/40, Batch:35,    progress_callback.py:218
                    loss:0.927208, finished 88.55%.                             
[14:55:27] INFO     Rank: 0 - Contrastive loss is                 callback.py:66
                    0.46044535040855405, nll_loss is                            
                    0.43363896012306213                                         
[14:55:30] INFO     Rank: 0 - Epoch:35/40, Batch:36,    progress_callback.py:218
                    loss:0.964218, finished 88.58%.                             
[14:55:34] INFO     Rank: 0 - Epoch:35/40, Batch:37,    progress_callback.py:218
                    loss:0.93185, finished 88.61%.                              
[14:55:39] INFO     Rank: 0 - Epoch:35/40, Batch:38,    progress_callback.py:218
                    loss:0.959168, finished 88.64%.                             
[14:55:43] INFO     Rank: 0 - Epoch:35/40, Batch:39,    progress_callback.py:218
                    loss:1.047965, finished 88.67%.                             
[14:55:48] INFO     Rank: 0 - Epoch:35/40, Batch:40,    progress_callback.py:218
                    loss:0.950567, finished 88.7%.                              
[14:55:53] INFO     Rank: 0 - Epoch:35/40, Batch:41,    progress_callback.py:218
                    loss:1.029977, finished 88.73%.                             
[14:55:56] INFO     Rank: 0 - Epoch:35/40, Batch:42,    progress_callback.py:218
                    loss:0.800075, finished 88.77%.                             
[14:56:01] INFO     Rank: 0 - Epoch:35/40, Batch:43,    progress_callback.py:218
                    loss:0.637909, finished 88.8%.                              
[14:56:06] INFO     Rank: 0 - Epoch:35/40, Batch:44,    progress_callback.py:218
                    loss:0.941687, finished 88.83%.                             
[14:56:10] INFO     Rank: 0 - Epoch:35/40, Batch:45,    progress_callback.py:218
                    loss:0.826898, finished 88.86%.                             
[14:56:14] INFO     Rank: 0 - Contrastive loss is                 callback.py:66
                    0.46635552644729616, nll_loss is                            
                    0.43536224365234377                                         
[14:56:16] INFO     Rank: 0 - Epoch:35/40, Batch:46,    progress_callback.py:218
                    loss:0.89108, finished 88.89%.                              
[14:56:22] INFO     Rank: 0 - Epoch:35/40, Batch:47,    progress_callback.py:218
                    loss:0.823973, finished 88.92%.                             
[14:56:29] INFO     Rank: 0 - Epoch:35/40, Batch:48,    progress_callback.py:218
                    loss:0.586739, finished 88.95%.                             
[14:56:33] INFO     Rank: 0 - Epoch:35/40, Batch:49,    progress_callback.py:218
                    loss:0.688906, finished 88.98%.                             
[14:56:39] INFO     Rank: 0 - Epoch:35/40, Batch:50,    progress_callback.py:218
                    loss:0.904222, finished 89.01%.                             
[14:56:44] INFO     Rank: 0 - Epoch:35/40, Batch:51,    progress_callback.py:218
                    loss:0.81831, finished 89.04%.                              
[14:56:50] INFO     Rank: 0 - Epoch:35/40, Batch:52,    progress_callback.py:218
                    loss:0.694753, finished 89.07%.                             
[14:56:56] INFO     Rank: 0 - Epoch:35/40, Batch:53,    progress_callback.py:218
                    loss:0.866514, finished 89.1%.                              
[14:57:00] INFO     Rank: 0 - Epoch:35/40, Batch:54,    progress_callback.py:218
                    loss:0.731028, finished 89.13%.                             
[14:57:05] INFO     Rank: 0 - Epoch:35/40, Batch:55,    progress_callback.py:218
                    loss:0.994318, finished 89.16%.                             
           INFO     Rank: 0 -                                   evaluator.py:317
                    **********Evaluation starts**********                       
[14:57:19] INFO     Rank: 0 - **********Evaluation              evaluator.py:349
                    ends**********                                              
                                                                                
           INFO     Rank: 0 - ----------Eval. results   progress_callback.py:233
                    on Epoch:35, Batch:55----------                             
           INFO     Rank: 0 -                           progress_callback.py:238
                    {"torch_ngram#ngram-overlap":                               
                    0.44451361894607544}                                        
[14:57:22] INFO     Rank: 0 - Contrastive loss is                 callback.py:66
                    0.4106701880693436, nll_loss is                             
                    0.4026199847459793                                          
[14:57:24] INFO     Rank: 0 - Epoch:35/40, Batch:56,    progress_callback.py:218
                    loss:1.024139, finished 89.19%.                             
[14:57:29] INFO     Rank: 0 - Epoch:35/40, Batch:57,    progress_callback.py:218
                    loss:0.70655, finished 89.22%.                              
[14:57:35] INFO     Rank: 0 - Epoch:35/40, Batch:58,    progress_callback.py:218
                    loss:1.049816, finished 89.25%.                             
[14:57:42] INFO     Rank: 0 - Epoch:35/40, Batch:59,    progress_callback.py:218
                    loss:0.714221, finished 89.28%.                             
[14:57:48] INFO     Rank: 0 - Epoch:35/40, Batch:60,    progress_callback.py:218
                    loss:1.175752, finished 89.31%.                             
[14:57:52] INFO     Rank: 0 - Epoch:35/40, Batch:61,    progress_callback.py:218
                    loss:1.076441, finished 89.34%.                             
[14:57:58] INFO     Rank: 0 - Epoch:35/40, Batch:62,    progress_callback.py:218
                    loss:0.927957, finished 89.37%.                             
[14:58:03] INFO     Rank: 0 - Epoch:35/40, Batch:63,    progress_callback.py:218
                    loss:0.924024, finished 89.4%.                              
[14:58:08] INFO     Rank: 0 - Epoch:35/40, Batch:64,    progress_callback.py:218
                    loss:1.138141, finished 89.43%.                             
[14:58:14] INFO     Rank: 0 - Epoch:35/40, Batch:65,    progress_callback.py:218
                    loss:0.788316, finished 89.46%.                             
[14:58:18] INFO     Rank: 0 - Contrastive loss is                 callback.py:66
                    0.478349044919014, nll_loss is                              
                    0.46018633544445037                                         
[14:58:20] INFO     Rank: 0 - Epoch:35/40, Batch:66,    progress_callback.py:218
                    loss:0.884135, finished 89.49%.                             
[14:58:26] INFO     Rank: 0 - Epoch:35/40, Batch:67,    progress_callback.py:218
                    loss:1.062257, finished 89.52%.                             
[14:58:31] INFO     Rank: 0 - Epoch:35/40, Batch:68,    progress_callback.py:218
                    loss:0.783359, finished 89.55%.                             
[14:58:36] INFO     Rank: 0 - Epoch:35/40, Batch:69,    progress_callback.py:218
                    loss:1.030121, finished 89.58%.                             
[14:58:42] INFO     Rank: 0 - Epoch:35/40, Batch:70,    progress_callback.py:218
                    loss:0.838699, finished 89.61%.                             
[14:58:47] INFO     Rank: 0 - Epoch:35/40, Batch:71,    progress_callback.py:218
                    loss:1.02451, finished 89.64%.                              
[14:58:53] INFO     Rank: 0 - Epoch:35/40, Batch:72,    progress_callback.py:218
                    loss:1.067448, finished 89.67%.                             
[14:59:00] INFO     Rank: 0 - Epoch:35/40, Batch:73,    progress_callback.py:218
                    loss:0.894395, finished 89.7%.                              
[14:59:05] INFO     Rank: 0 - Epoch:35/40, Batch:74,    progress_callback.py:218
                    loss:0.884755, finished 89.73%.                             
[14:59:10] INFO     Rank: 0 - Epoch:35/40, Batch:75,    progress_callback.py:218
                    loss:0.790042, finished 89.76%.                             
[14:59:13] INFO     Rank: 0 - Contrastive loss is                 callback.py:66
                    0.4690909296274185, nll_loss is                             
                    0.4500574260950089                                          
[14:59:17] INFO     Rank: 0 - Epoch:35/40, Batch:76,    progress_callback.py:218
                    loss:0.815897, finished 89.79%.                             
[14:59:24] INFO     Rank: 0 - Epoch:35/40, Batch:77,    progress_callback.py:218
                    loss:0.751834, finished 89.82%.                             
[14:59:30] INFO     Rank: 0 - Epoch:35/40, Batch:78,    progress_callback.py:218
                    loss:0.669528, finished 89.85%.                             
[14:59:35] INFO     Rank: 0 - Epoch:35/40, Batch:79,    progress_callback.py:218
                    loss:0.857399, finished 89.88%.                             
[14:59:40] INFO     Rank: 0 - Epoch:35/40, Batch:80,    progress_callback.py:218
                    loss:1.013414, finished 89.91%.                             
[14:59:46] INFO     Rank: 0 - Epoch:35/40, Batch:81,    progress_callback.py:218
                    loss:0.815374, finished 89.94%.                             
[14:59:51] INFO     Rank: 0 - Epoch:35/40, Batch:82,    progress_callback.py:218
                    loss:0.8694, finished 89.97%.                               
[14:59:54] INFO     Rank: 0 - Epoch:35/40, Batch:83,    progress_callback.py:218
                    loss:0.832251, finished 90.0%.                              
           INFO     Rank: 0 -                           progress_callback.py:204
                    **********Epoch:36 starts**********                         
[14:59:59] INFO     Rank: 0 - Epoch:36/40, Batch:1,     progress_callback.py:218
                    loss:0.729271, finished 90.03%.                             
[15:00:03] INFO     Rank: 0 - Epoch:36/40, Batch:2,     progress_callback.py:218
                    loss:0.77185, finished 90.06%.                              
[15:00:07] INFO     Rank: 0 - Contrastive loss is                 callback.py:66
                    0.4295640677213669, nll_loss is                             
                    0.39102316200733184                                         
[15:00:08] INFO     Rank: 0 - Epoch:36/40, Batch:3,     progress_callback.py:218
                    loss:0.895551, finished 90.09%.                             
[15:00:12] INFO     Rank: 0 - Epoch:36/40, Batch:4,     progress_callback.py:218
                    loss:1.197441, finished 90.12%.                             
[15:00:18] INFO     Rank: 0 - Epoch:36/40, Batch:5,     progress_callback.py:218
                    loss:0.773231, finished 90.15%.                             
[15:00:23] INFO     Rank: 0 - Epoch:36/40, Batch:6,     progress_callback.py:218
                    loss:0.823028, finished 90.18%.                             
[15:00:27] INFO     Rank: 0 - Epoch:36/40, Batch:7,     progress_callback.py:218
                    loss:0.976475, finished 90.21%.                             
[15:00:32] INFO     Rank: 0 - Epoch:36/40, Batch:8,     progress_callback.py:218
                    loss:0.857976, finished 90.24%.                             
[15:00:37] INFO     Rank: 0 - Epoch:36/40, Batch:9,     progress_callback.py:218
                    loss:0.90119, finished 90.27%.                              
[15:00:43] INFO     Rank: 0 - Epoch:36/40, Batch:10,    progress_callback.py:218
                    loss:1.019594, finished 90.3%.                              
[15:00:48] INFO     Rank: 0 - Epoch:36/40, Batch:11,    progress_callback.py:218
                    loss:0.732766, finished 90.33%.                             
[15:00:53] INFO     Rank: 0 - Epoch:36/40, Batch:12,    progress_callback.py:218
                    loss:0.918067, finished 90.36%.                             
           INFO     Rank: 0 -                                   evaluator.py:317
                    **********Evaluation starts**********                       
[15:01:07] INFO     Rank: 0 - **********Evaluation              evaluator.py:349
                    ends**********                                              
                                                                                
           INFO     Rank: 0 - ----------Eval. results   progress_callback.py:233
                    on Epoch:36, Batch:12----------                             
           INFO     Rank: 0 -                           progress_callback.py:238
                    {"torch_ngram#ngram-overlap":                               
                    0.44262829422950745}                                        
[15:01:11] INFO     Rank: 0 - Contrastive loss is                 callback.py:66
                    0.4443305343389511, nll_loss is                             
                    0.4494685083627701                                          
[15:01:12] INFO     Rank: 0 - Epoch:36/40, Batch:13,    progress_callback.py:218
                    loss:0.738222, finished 90.39%.                             
[15:01:18] INFO     Rank: 0 - Epoch:36/40, Batch:14,    progress_callback.py:218
                    loss:0.783095, finished 90.42%.                             
[15:01:24] INFO     Rank: 0 - Epoch:36/40, Batch:15,    progress_callback.py:218
                    loss:0.847207, finished 90.45%.                             
[15:01:30] INFO     Rank: 0 - Epoch:36/40, Batch:16,    progress_callback.py:218
                    loss:0.699649, finished 90.48%.                             
[15:01:37] INFO     Rank: 0 - Epoch:36/40, Batch:17,    progress_callback.py:218
                    loss:0.702756, finished 90.51%.                             
[15:01:42] INFO     Rank: 0 - Epoch:36/40, Batch:18,    progress_callback.py:218
                    loss:0.60993, finished 90.54%.                              
[15:01:47] INFO     Rank: 0 - Epoch:36/40, Batch:19,    progress_callback.py:218
                    loss:0.854457, finished 90.57%.                             
[15:01:51] INFO     Rank: 0 - Epoch:36/40, Batch:20,    progress_callback.py:218
                    loss:0.882308, finished 90.6%.                              
[15:01:56] INFO     Rank: 0 - Epoch:36/40, Batch:21,    progress_callback.py:218
                    loss:0.506281, finished 90.63%.                             
[15:02:01] INFO     Rank: 0 - Epoch:36/40, Batch:22,    progress_callback.py:218
                    loss:0.812097, finished 90.66%.                             
[15:02:05] INFO     Rank: 0 - Contrastive loss is                 callback.py:66
                    0.39208402037620543, nll_loss is                            
                    0.3612153708934784                                          
[15:02:06] INFO     Rank: 0 - Epoch:36/40, Batch:23,    progress_callback.py:218
                    loss:0.835214, finished 90.69%.                             
[15:02:12] INFO     Rank: 0 - Epoch:36/40, Batch:24,    progress_callback.py:218
                    loss:0.747987, finished 90.72%.                             
[15:02:17] INFO     Rank: 0 - Epoch:36/40, Batch:25,    progress_callback.py:218
                    loss:0.899477, finished 90.75%.                             
[15:02:21] INFO     Rank: 0 - Epoch:36/40, Batch:26,    progress_callback.py:218
                    loss:0.965959, finished 90.78%.                             
[15:02:29] INFO     Rank: 0 - Epoch:36/40, Batch:27,    progress_callback.py:218
                    loss:0.979207, finished 90.81%.                             
[15:02:33] INFO     Rank: 0 - Epoch:36/40, Batch:28,    progress_callback.py:218
                    loss:0.753034, finished 90.84%.                             
[15:02:38] INFO     Rank: 0 - Epoch:36/40, Batch:29,    progress_callback.py:218
                    loss:0.779432, finished 90.87%.                             
[15:02:43] INFO     Rank: 0 - Epoch:36/40, Batch:30,    progress_callback.py:218
                    loss:1.079151, finished 90.9%.                              
[15:02:48] INFO     Rank: 0 - Epoch:36/40, Batch:31,    progress_callback.py:218
                    loss:1.032039, finished 90.93%.                             
[15:02:53] INFO     Rank: 0 - Epoch:36/40, Batch:32,    progress_callback.py:218
                    loss:0.730165, finished 90.96%.                             
[15:02:55] INFO     Rank: 0 - Contrastive loss is                 callback.py:66
                    0.47939748167991636, nll_loss is                            
                    0.4377651572227478                                          
[15:02:59] INFO     Rank: 0 - Epoch:36/40, Batch:33,    progress_callback.py:218
                    loss:1.205175, finished 90.99%.                             
[15:03:03] INFO     Rank: 0 - Epoch:36/40, Batch:34,    progress_callback.py:218
                    loss:0.862351, finished 91.02%.                             
[15:03:07] INFO     Rank: 0 - Epoch:36/40, Batch:35,    progress_callback.py:218
                    loss:0.738863, finished 91.05%.                             
[15:03:13] INFO     Rank: 0 - Epoch:36/40, Batch:36,    progress_callback.py:218
                    loss:0.565786, finished 91.08%.                             
[15:03:18] INFO     Rank: 0 - Epoch:36/40, Batch:37,    progress_callback.py:218
                    loss:0.851775, finished 91.11%.                             
[15:03:23] INFO     Rank: 0 - Epoch:36/40, Batch:38,    progress_callback.py:218
                    loss:0.673907, finished 91.14%.                             
[15:03:29] INFO     Rank: 0 - Epoch:36/40, Batch:39,    progress_callback.py:218
                    loss:0.834131, finished 91.17%.                             
[15:03:34] INFO     Rank: 0 - Epoch:36/40, Batch:40,    progress_callback.py:218
                    loss:0.882055, finished 91.2%.                              
[15:03:39] INFO     Rank: 0 - Epoch:36/40, Batch:41,    progress_callback.py:218
                    loss:1.245091, finished 91.23%.                             
[15:03:43] INFO     Rank: 0 - Epoch:36/40, Batch:42,    progress_callback.py:218
                    loss:1.046094, finished 91.27%.                             
[15:03:48] INFO     Rank: 0 - Contrastive loss is                 callback.py:66
                    0.42966570258140563, nll_loss is                            
                    0.4196179032325745                                          
[15:03:49] INFO     Rank: 0 - Epoch:36/40, Batch:43,    progress_callback.py:218
                    loss:0.792782, finished 91.3%.                              
[15:03:57] INFO     Rank: 0 - Epoch:36/40, Batch:44,    progress_callback.py:218
                    loss:1.000937, finished 91.33%.                             
[15:04:01] INFO     Rank: 0 - Epoch:36/40, Batch:45,    progress_callback.py:218
                    loss:0.911546, finished 91.36%.                             
[15:04:06] INFO     Rank: 0 - Epoch:36/40, Batch:46,    progress_callback.py:218
                    loss:0.841116, finished 91.39%.                             
[15:04:10] INFO     Rank: 0 - Epoch:36/40, Batch:47,    progress_callback.py:218
                    loss:1.035429, finished 91.42%.                             
[15:04:15] INFO     Rank: 0 - Epoch:36/40, Batch:48,    progress_callback.py:218
                    loss:0.940732, finished 91.45%.                             
[15:04:20] INFO     Rank: 0 - Epoch:36/40, Batch:49,    progress_callback.py:218
                    loss:1.209476, finished 91.48%.                             
[15:04:28] INFO     Rank: 0 - Epoch:36/40, Batch:50,    progress_callback.py:218
                    loss:0.770695, finished 91.51%.                             
[15:04:32] INFO     Rank: 0 - Epoch:36/40, Batch:51,    progress_callback.py:218
                    loss:1.37422, finished 91.54%.                              
[15:04:36] INFO     Rank: 0 - Epoch:36/40, Batch:52,    progress_callback.py:218
                    loss:0.84933, finished 91.57%.                              
           INFO     Rank: 0 -                                   evaluator.py:317
                    **********Evaluation starts**********                       
[15:04:51] INFO     Rank: 0 - **********Evaluation              evaluator.py:349
                    ends**********                                              
                                                                                
           INFO     Rank: 0 - ----------Eval. results   progress_callback.py:233
                    on Epoch:36, Batch:52----------                             
           INFO     Rank: 0 -                           progress_callback.py:238
                    {"torch_ngram#ngram-overlap":                               
                    0.44451960921287537}                                        
[15:04:56] INFO     Rank: 0 - Contrastive loss is                 callback.py:66
                    0.528399857878685, nll_loss is                              
                    0.45925129354000094                                         
[15:04:57] INFO     Rank: 0 - Epoch:36/40, Batch:53,    progress_callback.py:218
                    loss:0.943031, finished 91.6%.                              
[15:05:03] INFO     Rank: 0 - Epoch:36/40, Batch:54,    progress_callback.py:218
                    loss:0.811095, finished 91.63%.                             
[15:05:07] INFO     Rank: 0 - Epoch:36/40, Batch:55,    progress_callback.py:218
                    loss:1.139506, finished 91.66%.                             
[15:05:12] INFO     Rank: 0 - Epoch:36/40, Batch:56,    progress_callback.py:218
                    loss:0.879011, finished 91.69%.                             
[15:05:17] INFO     Rank: 0 - Epoch:36/40, Batch:57,    progress_callback.py:218
                    loss:0.882697, finished 91.72%.                             
[15:05:21] INFO     Rank: 0 - Epoch:36/40, Batch:58,    progress_callback.py:218
                    loss:0.675597, finished 91.75%.                             
[15:05:27] INFO     Rank: 0 - Epoch:36/40, Batch:59,    progress_callback.py:218
                    loss:0.847832, finished 91.78%.                             
[15:05:32] INFO     Rank: 0 - Epoch:36/40, Batch:60,    progress_callback.py:218
                    loss:0.648441, finished 91.81%.                             
[15:05:40] INFO     Rank: 0 - Epoch:36/40, Batch:61,    progress_callback.py:218
                    loss:0.843681, finished 91.84%.                             
[15:05:46] INFO     Rank: 0 - Epoch:36/40, Batch:62,    progress_callback.py:218
                    loss:0.861484, finished 91.87%.                             
[15:05:50] INFO     Rank: 0 - Contrastive loss is                 callback.py:66
                    0.4715923935174942, nll_loss is                             
                    0.39965169727802274                                         
[15:05:54] INFO     Rank: 0 - Epoch:36/40, Batch:63,    progress_callback.py:218
                    loss:1.123096, finished 91.9%.                              
[15:05:58] INFO     Rank: 0 - Epoch:36/40, Batch:64,    progress_callback.py:218
                    loss:0.984543, finished 91.93%.                             
[15:06:03] INFO     Rank: 0 - Epoch:36/40, Batch:65,    progress_callback.py:218
                    loss:1.027369, finished 91.96%.                             
[15:06:09] INFO     Rank: 0 - Epoch:36/40, Batch:66,    progress_callback.py:218
                    loss:1.141415, finished 91.99%.                             
[15:06:15] INFO     Rank: 0 - Epoch:36/40, Batch:67,    progress_callback.py:218
                    loss:0.792594, finished 92.02%.                             
[15:06:20] INFO     Rank: 0 - Epoch:36/40, Batch:68,    progress_callback.py:218
                    loss:0.94931, finished 92.05%.                              
[15:06:28] INFO     Rank: 0 - Epoch:36/40, Batch:69,    progress_callback.py:218
                    loss:0.990708, finished 92.08%.                             
[15:06:32] INFO     Rank: 0 - Epoch:36/40, Batch:70,    progress_callback.py:218
                    loss:1.222901, finished 92.11%.                             
[15:06:36] INFO     Rank: 0 - Epoch:36/40, Batch:71,    progress_callback.py:218
                    loss:0.720183, finished 92.14%.                             
[15:06:43] INFO     Rank: 0 - Epoch:36/40, Batch:72,    progress_callback.py:218
                    loss:0.706526, finished 92.17%.                             
[15:06:48] INFO     Rank: 0 - Contrastive loss is                 callback.py:66
                    0.4867408603429794, nll_loss is                             
                    0.44966342151165006                                         
[15:06:49] INFO     Rank: 0 - Epoch:36/40, Batch:73,    progress_callback.py:218
                    loss:0.828493, finished 92.2%.                              
[15:06:56] INFO     Rank: 0 - Epoch:36/40, Batch:74,    progress_callback.py:218
                    loss:0.833525, finished 92.23%.                             
[15:07:01] INFO     Rank: 0 - Epoch:36/40, Batch:75,    progress_callback.py:218
                    loss:0.593424, finished 92.26%.                             
[15:07:06] INFO     Rank: 0 - Epoch:36/40, Batch:76,    progress_callback.py:218
                    loss:0.744142, finished 92.29%.                             
[15:07:12] INFO     Rank: 0 - Epoch:36/40, Batch:77,    progress_callback.py:218
                    loss:0.924514, finished 92.32%.                             
[15:07:17] INFO     Rank: 0 - Epoch:36/40, Batch:78,    progress_callback.py:218
                    loss:0.678522, finished 92.35%.                             
[15:07:21] INFO     Rank: 0 - Epoch:36/40, Batch:79,    progress_callback.py:218
                    loss:1.087662, finished 92.38%.                             
[15:07:27] INFO     Rank: 0 - Epoch:36/40, Batch:80,    progress_callback.py:218
                    loss:0.872342, finished 92.41%.                             
[15:07:34] INFO     Rank: 0 - Epoch:36/40, Batch:81,    progress_callback.py:218
                    loss:1.125251, finished 92.44%.                             
[15:07:38] INFO     Rank: 0 - Epoch:36/40, Batch:82,    progress_callback.py:218
                    loss:0.803238, finished 92.47%.                             
[15:07:41] INFO     Rank: 0 - Contrastive loss is                 callback.py:66
                    0.4721318155527115, nll_loss is                             
                    0.38536448776721954                                         
[15:07:42] INFO     Rank: 0 - Epoch:36/40, Batch:83,    progress_callback.py:218
                    loss:0.912343, finished 92.5%.                              
           INFO     Rank: 0 -                           progress_callback.py:204
                    **********Epoch:37 starts**********                         
[15:07:46] INFO     Rank: 0 - Epoch:37/40, Batch:1,     progress_callback.py:218
                    loss:0.996671, finished 92.53%.                             
[15:07:51] INFO     Rank: 0 - Epoch:37/40, Batch:2,     progress_callback.py:218
                    loss:0.784518, finished 92.56%.                             
[15:07:55] INFO     Rank: 0 - Epoch:37/40, Batch:3,     progress_callback.py:218
                    loss:1.062736, finished 92.59%.                             
[15:08:00] INFO     Rank: 0 - Epoch:37/40, Batch:4,     progress_callback.py:218
                    loss:0.924264, finished 92.62%.                             
[15:08:04] INFO     Rank: 0 - Epoch:37/40, Batch:5,     progress_callback.py:218
                    loss:0.994911, finished 92.65%.                             
[15:08:09] INFO     Rank: 0 - Epoch:37/40, Batch:6,     progress_callback.py:218
                    loss:0.795869, finished 92.68%.                             
[15:08:14] INFO     Rank: 0 - Epoch:37/40, Batch:7,     progress_callback.py:218
                    loss:1.117285, finished 92.71%.                             
[15:08:19] INFO     Rank: 0 - Epoch:37/40, Batch:8,     progress_callback.py:218
                    loss:0.616485, finished 92.74%.                             
[15:08:25] INFO     Rank: 0 - Epoch:37/40, Batch:9,     progress_callback.py:218
                    loss:0.768873, finished 92.77%.                             
           INFO     Rank: 0 -                                   evaluator.py:317
                    **********Evaluation starts**********                       
[15:08:38] INFO     Rank: 0 - **********Evaluation              evaluator.py:349
                    ends**********                                              
                                                                                
           INFO     Rank: 0 - ----------Eval. results   progress_callback.py:233
                    on Epoch:37, Batch:9----------                              
           INFO     Rank: 0 -                           progress_callback.py:238
                    {"torch_ngram#ngram-overlap":                               
                    0.44104188680648804}                                        
[15:08:41] INFO     Rank: 0 - Contrastive loss is                 callback.py:66
                    0.4784479528665543, nll_loss is                             
                    0.43864984810352325                                         
[15:08:46] INFO     Rank: 0 - Epoch:37/40, Batch:10,    progress_callback.py:218
                    loss:1.109366, finished 92.8%.                              
[15:08:51] INFO     Rank: 0 - Epoch:37/40, Batch:11,    progress_callback.py:218
                    loss:1.093569, finished 92.83%.                             
[15:08:55] INFO     Rank: 0 - Epoch:37/40, Batch:12,    progress_callback.py:218
                    loss:0.534001, finished 92.86%.                             
[15:09:00] INFO     Rank: 0 - Epoch:37/40, Batch:13,    progress_callback.py:218
                    loss:1.128807, finished 92.89%.                             
[15:09:06] INFO     Rank: 0 - Epoch:37/40, Batch:14,    progress_callback.py:218
                    loss:0.845085, finished 92.92%.                             
[15:09:12] INFO     Rank: 0 - Epoch:37/40, Batch:15,    progress_callback.py:218
                    loss:0.751261, finished 92.95%.                             
[15:09:17] INFO     Rank: 0 - Epoch:37/40, Batch:16,    progress_callback.py:218
                    loss:0.837836, finished 92.98%.                             
[15:09:22] INFO     Rank: 0 - Epoch:37/40, Batch:17,    progress_callback.py:218
                    loss:0.809271, finished 93.01%.                             
[15:09:27] INFO     Rank: 0 - Epoch:37/40, Batch:18,    progress_callback.py:218
                    loss:0.505773, finished 93.04%.                             
[15:09:32] INFO     Rank: 0 - Epoch:37/40, Batch:19,    progress_callback.py:218
                    loss:0.7316, finished 93.07%.                               
[15:09:38] INFO     Rank: 0 - Contrastive loss is                 callback.py:66
                    0.3716978907585144, nll_loss is                             
                    0.4341410219669342                                          
           INFO     Rank: 0 - Epoch:37/40, Batch:20,    progress_callback.py:218
                    loss:0.821186, finished 93.1%.                              
[15:09:44] INFO     Rank: 0 - Epoch:37/40, Batch:21,    progress_callback.py:218
                    loss:0.770054, finished 93.13%.                             
[15:09:50] INFO     Rank: 0 - Epoch:37/40, Batch:22,    progress_callback.py:218
                    loss:0.874258, finished 93.16%.                             
[15:09:55] INFO     Rank: 0 - Epoch:37/40, Batch:23,    progress_callback.py:218
                    loss:0.903452, finished 93.19%.                             
[15:10:01] INFO     Rank: 0 - Epoch:37/40, Batch:24,    progress_callback.py:218
                    loss:0.897869, finished 93.22%.                             
[15:10:06] INFO     Rank: 0 - Epoch:37/40, Batch:25,    progress_callback.py:218
                    loss:0.996093, finished 93.25%.                             
[15:10:11] INFO     Rank: 0 - Epoch:37/40, Batch:26,    progress_callback.py:218
                    loss:0.72667, finished 93.28%.                              
[15:10:16] INFO     Rank: 0 - Epoch:37/40, Batch:27,    progress_callback.py:218
                    loss:0.892869, finished 93.31%.                             
[15:10:21] INFO     Rank: 0 - Epoch:37/40, Batch:28,    progress_callback.py:218
                    loss:0.761247, finished 93.34%.                             
[15:10:26] INFO     Rank: 0 - Epoch:37/40, Batch:29,    progress_callback.py:218
                    loss:0.778074, finished 93.37%.                             
[15:10:31] INFO     Rank: 0 - Contrastive loss is                 callback.py:66
                    0.4505667954683304, nll_loss is                             
                    0.39123991429805755                                         
           INFO     Rank: 0 - Epoch:37/40, Batch:30,    progress_callback.py:218
                    loss:0.817481, finished 93.4%.                              
[15:10:37] INFO     Rank: 0 - Epoch:37/40, Batch:31,    progress_callback.py:218
                    loss:0.659841, finished 93.43%.                             
[15:10:42] INFO     Rank: 0 - Epoch:37/40, Batch:32,    progress_callback.py:218
                    loss:0.901009, finished 93.46%.                             
[15:10:47] INFO     Rank: 0 - Epoch:37/40, Batch:33,    progress_callback.py:218
                    loss:0.952021, finished 93.49%.                             
[15:10:51] INFO     Rank: 0 - Epoch:37/40, Batch:34,    progress_callback.py:218
                    loss:1.030885, finished 93.52%.                             
[15:10:58] INFO     Rank: 0 - Epoch:37/40, Batch:35,    progress_callback.py:218
                    loss:0.76037, finished 93.55%.                              
[15:11:03] INFO     Rank: 0 - Epoch:37/40, Batch:36,    progress_callback.py:218
                    loss:0.845285, finished 93.58%.                             
[15:11:08] INFO     Rank: 0 - Epoch:37/40, Batch:37,    progress_callback.py:218
                    loss:1.080866, finished 93.61%.                             
[15:11:14] INFO     Rank: 0 - Epoch:37/40, Batch:38,    progress_callback.py:218
                    loss:0.726396, finished 93.64%.                             
[15:11:19] INFO     Rank: 0 - Epoch:37/40, Batch:39,    progress_callback.py:218
                    loss:0.61748, finished 93.67%.                              
[15:11:22] INFO     Rank: 0 - Contrastive loss is                 callback.py:66
                    0.4259132742881775, nll_loss is                             
                    0.4124744176864624                                          
[15:11:24] INFO     Rank: 0 - Epoch:37/40, Batch:40,    progress_callback.py:218
                    loss:0.809722, finished 93.7%.                              
[15:11:30] INFO     Rank: 0 - Epoch:37/40, Batch:41,    progress_callback.py:218
                    loss:0.749945, finished 93.73%.                             
[15:11:35] INFO     Rank: 0 - Epoch:37/40, Batch:42,    progress_callback.py:218
                    loss:0.728955, finished 93.77%.                             
[15:11:39] INFO     Rank: 0 - Epoch:37/40, Batch:43,    progress_callback.py:218
                    loss:0.758994, finished 93.8%.                              
[15:11:44] INFO     Rank: 0 - Epoch:37/40, Batch:44,    progress_callback.py:218
                    loss:0.673849, finished 93.83%.                             
[15:11:48] INFO     Rank: 0 - Epoch:37/40, Batch:45,    progress_callback.py:218
                    loss:0.867054, finished 93.86%.                             
[15:11:52] INFO     Rank: 0 - Epoch:37/40, Batch:46,    progress_callback.py:218
                    loss:0.917525, finished 93.89%.                             
[15:11:59] INFO     Rank: 0 - Epoch:37/40, Batch:47,    progress_callback.py:218
                    loss:0.846749, finished 93.92%.                             
[15:12:04] INFO     Rank: 0 - Epoch:37/40, Batch:48,    progress_callback.py:218
                    loss:0.832284, finished 93.95%.                             
[15:12:11] INFO     Rank: 0 - Epoch:37/40, Batch:49,    progress_callback.py:218
                    loss:1.119171, finished 93.98%.                             
           INFO     Rank: 0 -                                   evaluator.py:317
                    **********Evaluation starts**********                       
[15:12:25] INFO     Rank: 0 - **********Evaluation              evaluator.py:349
                    ends**********                                              
                                                                                
           INFO     Rank: 0 - ----------Eval. results   progress_callback.py:233
                    on Epoch:37, Batch:49----------                             
           INFO     Rank: 0 -                           progress_callback.py:238
                    {"torch_ngram#ngram-overlap":                               
                    0.44494208693504333}                                        
[15:12:30] INFO     Rank: 0 - Contrastive loss is                 callback.py:66
                    0.41109558939933777, nll_loss is                            
                    0.4218794107437134                                          
[15:12:31] INFO     Rank: 0 - Epoch:37/40, Batch:50,    progress_callback.py:218
                    loss:0.835224, finished 94.01%.                             
[15:12:37] INFO     Rank: 0 - Epoch:37/40, Batch:51,    progress_callback.py:218
                    loss:0.948332, finished 94.04%.                             
[15:12:43] INFO     Rank: 0 - Epoch:37/40, Batch:52,    progress_callback.py:218
                    loss:0.983634, finished 94.07%.                             
[15:12:51] INFO     Rank: 0 - Epoch:37/40, Batch:53,    progress_callback.py:218
                    loss:0.885258, finished 94.1%.                              
[15:12:56] INFO     Rank: 0 - Epoch:37/40, Batch:54,    progress_callback.py:218
                    loss:0.871921, finished 94.13%.                             
[15:13:00] INFO     Rank: 0 - Epoch:37/40, Batch:55,    progress_callback.py:218
                    loss:1.096696, finished 94.16%.                             
[15:13:05] INFO     Rank: 0 - Epoch:37/40, Batch:56,    progress_callback.py:218
                    loss:0.969869, finished 94.19%.                             
[15:13:12] INFO     Rank: 0 - Epoch:37/40, Batch:57,    progress_callback.py:218
                    loss:0.738312, finished 94.22%.                             
