==========  Warmup with MLE ... ==========
初始化加载pretrained_weights/xsum/t5
[20:30:13] WARNING  Rank: 0 -                                         ddp.py:530
                                                                                
                    fucking hei                                                 
                                                                                
                                                                                
CoNTGenerator(
  (generator): T5ForConditionalGeneration(
    (shared): Embedding(32128, 768)
    (encoder): T5Stack(
      (embed_tokens): Embedding(32128, 768)
      (block): ModuleList(
        (0): T5Block(
          (layer): ModuleList(
            (0): T5LayerSelfAttention(
              (SelfAttention): T5Attention(
                (q): Linear(in_features=768, out_features=768, bias=False)
                (k): Linear(in_features=768, out_features=768, bias=False)
                (v): Linear(in_features=768, out_features=768, bias=False)
                (o): Linear(in_features=768, out_features=768, bias=False)
                (relative_attention_bias): Embedding(32, 12)
              )
              (layer_norm): T5LayerNorm()
              (dropout): Dropout(p=0.1, inplace=False)
            )
            (1): T5LayerFF(
              (DenseReluDense): T5DenseGatedActDense(
                (wi_0): Linear(in_features=768, out_features=2048, bias=False)
                (wi_1): Linear(in_features=768, out_features=2048, bias=False)
                (wo): Linear(in_features=2048, out_features=768, bias=False)
                (dropout): Dropout(p=0.1, inplace=False)
                (act): NewGELUActivation()
              )
              (layer_norm): T5LayerNorm()
              (dropout): Dropout(p=0.1, inplace=False)
            )
          )
        )
        (1): T5Block(
          (layer): ModuleList(
            (0): T5LayerSelfAttention(
              (SelfAttention): T5Attention(
                (q): Linear(in_features=768, out_features=768, bias=False)
                (k): Linear(in_features=768, out_features=768, bias=False)
                (v): Linear(in_features=768, out_features=768, bias=False)
                (o): Linear(in_features=768, out_features=768, bias=False)
              )
              (layer_norm): T5LayerNorm()
              (dropout): Dropout(p=0.1, inplace=False)
            )
            (1): T5LayerFF(
              (DenseReluDense): T5DenseGatedActDense(
                (wi_0): Linear(in_features=768, out_features=2048, bias=False)
                (wi_1): Linear(in_features=768, out_features=2048, bias=False)
                (wo): Linear(in_features=2048, out_features=768, bias=False)
                (dropout): Dropout(p=0.1, inplace=False)
                (act): NewGELUActivation()
              )
              (layer_norm): T5LayerNorm()
              (dropout): Dropout(p=0.1, inplace=False)
            )
          )
        )
        (2): T5Block(
          (layer): ModuleList(
            (0): T5LayerSelfAttention(
              (SelfAttention): T5Attention(
                (q): Linear(in_features=768, out_features=768, bias=False)
                (k): Linear(in_features=768, out_features=768, bias=False)
                (v): Linear(in_features=768, out_features=768, bias=False)
                (o): Linear(in_features=768, out_features=768, bias=False)
              )
              (layer_norm): T5LayerNorm()
              (dropout): Dropout(p=0.1, inplace=False)
            )
            (1): T5LayerFF(
              (DenseReluDense): T5DenseGatedActDense(
                (wi_0): Linear(in_features=768, out_features=2048, bias=False)
                (wi_1): Linear(in_features=768, out_features=2048, bias=False)
                (wo): Linear(in_features=2048, out_features=768, bias=False)
                (dropout): Dropout(p=0.1, inplace=False)
                (act): NewGELUActivation()
              )
              (layer_norm): T5LayerNorm()
              (dropout): Dropout(p=0.1, inplace=False)
            )
          )
        )
        (3): T5Block(
          (layer): ModuleList(
            (0): T5LayerSelfAttention(
              (SelfAttention): T5Attention(
                (q): Linear(in_features=768, out_features=768, bias=False)
                (k): Linear(in_features=768, out_features=768, bias=False)
                (v): Linear(in_features=768, out_features=768, bias=False)
                (o): Linear(in_features=768, out_features=768, bias=False)
              )
              (layer_norm): T5LayerNorm()
              (dropout): Dropout(p=0.1, inplace=False)
            )
            (1): T5LayerFF(
              (DenseReluDense): T5DenseGatedActDense(
                (wi_0): Linear(in_features=768, out_features=2048, bias=False)
                (wi_1): Linear(in_features=768, out_features=2048, bias=False)
                (wo): Linear(in_features=2048, out_features=768, bias=False)
                (dropout): Dropout(p=0.1, inplace=False)
                (act): NewGELUActivation()
              )
              (layer_norm): T5LayerNorm()
              (dropout): Dropout(p=0.1, inplace=False)
            )
          )
        )
        (4): T5Block(
          (layer): ModuleList(
            (0): T5LayerSelfAttention(
              (SelfAttention): T5Attention(
                (q): Linear(in_features=768, out_features=768, bias=False)
                (k): Linear(in_features=768, out_features=768, bias=False)
                (v): Linear(in_features=768, out_features=768, bias=False)
                (o): Linear(in_features=768, out_features=768, bias=False)
              )
              (layer_norm): T5LayerNorm()
              (dropout): Dropout(p=0.1, inplace=False)
            )
            (1): T5LayerFF(
              (DenseReluDense): T5DenseGatedActDense(
                (wi_0): Linear(in_features=768, out_features=2048, bias=False)
                (wi_1): Linear(in_features=768, out_features=2048, bias=False)
                (wo): Linear(in_features=2048, out_features=768, bias=False)
                (dropout): Dropout(p=0.1, inplace=False)
                (act): NewGELUActivation()
              )
              (layer_norm): T5LayerNorm()
              (dropout): Dropout(p=0.1, inplace=False)
            )
          )
        )
        (5): T5Block(
          (layer): ModuleList(
            (0): T5LayerSelfAttention(
              (SelfAttention): T5Attention(
                (q): Linear(in_features=768, out_features=768, bias=False)
                (k): Linear(in_features=768, out_features=768, bias=False)
                (v): Linear(in_features=768, out_features=768, bias=False)
                (o): Linear(in_features=768, out_features=768, bias=False)
              )
              (layer_norm): T5LayerNorm()
              (dropout): Dropout(p=0.1, inplace=False)
            )
            (1): T5LayerFF(
              (DenseReluDense): T5DenseGatedActDense(
                (wi_0): Linear(in_features=768, out_features=2048, bias=False)
                (wi_1): Linear(in_features=768, out_features=2048, bias=False)
                (wo): Linear(in_features=2048, out_features=768, bias=False)
                (dropout): Dropout(p=0.1, inplace=False)
                (act): NewGELUActivation()
              )
              (layer_norm): T5LayerNorm()
              (dropout): Dropout(p=0.1, inplace=False)
            )
          )
        )
        (6): T5Block(
          (layer): ModuleList(
            (0): T5LayerSelfAttention(
              (SelfAttention): T5Attention(
                (q): Linear(in_features=768, out_features=768, bias=False)
                (k): Linear(in_features=768, out_features=768, bias=False)
                (v): Linear(in_features=768, out_features=768, bias=False)
                (o): Linear(in_features=768, out_features=768, bias=False)
              )
              (layer_norm): T5LayerNorm()
              (dropout): Dropout(p=0.1, inplace=False)
            )
            (1): T5LayerFF(
              (DenseReluDense): T5DenseGatedActDense(
                (wi_0): Linear(in_features=768, out_features=2048, bias=False)
                (wi_1): Linear(in_features=768, out_features=2048, bias=False)
                (wo): Linear(in_features=2048, out_features=768, bias=False)
                (dropout): Dropout(p=0.1, inplace=False)
                (act): NewGELUActivation()
              )
              (layer_norm): T5LayerNorm()
              (dropout): Dropout(p=0.1, inplace=False)
            )
          )
        )
        (7): T5Block(
          (layer): ModuleList(
            (0): T5LayerSelfAttention(
              (SelfAttention): T5Attention(
                (q): Linear(in_features=768, out_features=768, bias=False)
                (k): Linear(in_features=768, out_features=768, bias=False)
                (v): Linear(in_features=768, out_features=768, bias=False)
                (o): Linear(in_features=768, out_features=768, bias=False)
              )
              (layer_norm): T5LayerNorm()
              (dropout): Dropout(p=0.1, inplace=False)
            )
            (1): T5LayerFF(
              (DenseReluDense): T5DenseGatedActDense(
                (wi_0): Linear(in_features=768, out_features=2048, bias=False)
                (wi_1): Linear(in_features=768, out_features=2048, bias=False)
                (wo): Linear(in_features=2048, out_features=768, bias=False)
                (dropout): Dropout(p=0.1, inplace=False)
                (act): NewGELUActivation()
              )
              (layer_norm): T5LayerNorm()
              (dropout): Dropout(p=0.1, inplace=False)
            )
          )
        )
        (8): T5Block(
          (layer): ModuleList(
            (0): T5LayerSelfAttention(
              (SelfAttention): T5Attention(
                (q): Linear(in_features=768, out_features=768, bias=False)
                (k): Linear(in_features=768, out_features=768, bias=False)
                (v): Linear(in_features=768, out_features=768, bias=False)
                (o): Linear(in_features=768, out_features=768, bias=False)
              )
              (layer_norm): T5LayerNorm()
              (dropout): Dropout(p=0.1, inplace=False)
            )
            (1): T5LayerFF(
              (DenseReluDense): T5DenseGatedActDense(
                (wi_0): Linear(in_features=768, out_features=2048, bias=False)
                (wi_1): Linear(in_features=768, out_features=2048, bias=False)
                (wo): Linear(in_features=2048, out_features=768, bias=False)
                (dropout): Dropout(p=0.1, inplace=False)
                (act): NewGELUActivation()
              )
              (layer_norm): T5LayerNorm()
              (dropout): Dropout(p=0.1, inplace=False)
            )
          )
        )
        (9): T5Block(
          (layer): ModuleList(
            (0): T5LayerSelfAttention(
              (SelfAttention): T5Attention(
                (q): Linear(in_features=768, out_features=768, bias=False)
                (k): Linear(in_features=768, out_features=768, bias=False)
                (v): Linear(in_features=768, out_features=768, bias=False)
                (o): Linear(in_features=768, out_features=768, bias=False)
              )
              (layer_norm): T5LayerNorm()
              (dropout): Dropout(p=0.1, inplace=False)
            )
            (1): T5LayerFF(
              (DenseReluDense): T5DenseGatedActDense(
                (wi_0): Linear(in_features=768, out_features=2048, bias=False)
                (wi_1): Linear(in_features=768, out_features=2048, bias=False)
                (wo): Linear(in_features=2048, out_features=768, bias=False)
                (dropout): Dropout(p=0.1, inplace=False)
                (act): NewGELUActivation()
              )
              (layer_norm): T5LayerNorm()
              (dropout): Dropout(p=0.1, inplace=False)
            )
          )
        )
        (10): T5Block(
          (layer): ModuleList(
            (0): T5LayerSelfAttention(
              (SelfAttention): T5Attention(
                (q): Linear(in_features=768, out_features=768, bias=False)
                (k): Linear(in_features=768, out_features=768, bias=False)
                (v): Linear(in_features=768, out_features=768, bias=False)
                (o): Linear(in_features=768, out_features=768, bias=False)
              )
              (layer_norm): T5LayerNorm()
              (dropout): Dropout(p=0.1, inplace=False)
            )
            (1): T5LayerFF(
              (DenseReluDense): T5DenseGatedActDense(
                (wi_0): Linear(in_features=768, out_features=2048, bias=False)
                (wi_1): Linear(in_features=768, out_features=2048, bias=False)
                (wo): Linear(in_features=2048, out_features=768, bias=False)
                (dropout): Dropout(p=0.1, inplace=False)
                (act): NewGELUActivation()
              )
              (layer_norm): T5LayerNorm()
              (dropout): Dropout(p=0.1, inplace=False)
            )
          )
        )
        (11): T5Block(
          (layer): ModuleList(
            (0): T5LayerSelfAttention(
              (SelfAttention): T5Attention(
                (q): Linear(in_features=768, out_features=768, bias=False)
                (k): Linear(in_features=768, out_features=768, bias=False)
                (v): Linear(in_features=768, out_features=768, bias=False)
                (o): Linear(in_features=768, out_features=768, bias=False)
              )
              (layer_norm): T5LayerNorm()
              (dropout): Dropout(p=0.1, inplace=False)
            )
            (1): T5LayerFF(
              (DenseReluDense): T5DenseGatedActDense(
                (wi_0): Linear(in_features=768, out_features=2048, bias=False)
                (wi_1): Linear(in_features=768, out_features=2048, bias=False)
                (wo): Linear(in_features=2048, out_features=768, bias=False)
                (dropout): Dropout(p=0.1, inplace=False)
                (act): NewGELUActivation()
              )
              (layer_norm): T5LayerNorm()
              (dropout): Dropout(p=0.1, inplace=False)
            )
          )
        )
      )
      (final_layer_norm): T5LayerNorm()
      (dropout): Dropout(p=0.1, inplace=False)
    )
    (decoder): T5Stack(
      (embed_tokens): Embedding(32128, 768)
      (block): ModuleList(
        (0): T5Block(
          (layer): ModuleList(
            (0): T5LayerSelfAttention(
              (SelfAttention): T5Attention(
                (q): Linear(in_features=768, out_features=768, bias=False)
                (k): Linear(in_features=768, out_features=768, bias=False)
                (v): Linear(in_features=768, out_features=768, bias=False)
                (o): Linear(in_features=768, out_features=768, bias=False)
                (relative_attention_bias): Embedding(32, 12)
              )
              (layer_norm): T5LayerNorm()
              (dropout): Dropout(p=0.1, inplace=False)
            )
            (1): T5LayerCrossAttention(
              (EncDecAttention): T5Attention(
                (q): Linear(in_features=768, out_features=768, bias=False)
                (k): Linear(in_features=768, out_features=768, bias=False)
                (v): Linear(in_features=768, out_features=768, bias=False)
                (o): Linear(in_features=768, out_features=768, bias=False)
              )
              (layer_norm): T5LayerNorm()
              (dropout): Dropout(p=0.1, inplace=False)
            )
            (2): T5LayerFF(
              (DenseReluDense): T5DenseGatedActDense(
                (wi_0): Linear(in_features=768, out_features=2048, bias=False)
                (wi_1): Linear(in_features=768, out_features=2048, bias=False)
                (wo): Linear(in_features=2048, out_features=768, bias=False)
                (dropout): Dropout(p=0.1, inplace=False)
                (act): NewGELUActivation()
              )
              (layer_norm): T5LayerNorm()
              (dropout): Dropout(p=0.1, inplace=False)
            )
          )
        )
        (1): T5Block(
          (layer): ModuleList(
            (0): T5LayerSelfAttention(
              (SelfAttention): T5Attention(
                (q): Linear(in_features=768, out_features=768, bias=False)
                (k): Linear(in_features=768, out_features=768, bias=False)
                (v): Linear(in_features=768, out_features=768, bias=False)
                (o): Linear(in_features=768, out_features=768, bias=False)
              )
              (layer_norm): T5LayerNorm()
              (dropout): Dropout(p=0.1, inplace=False)
            )
            (1): T5LayerCrossAttention(
              (EncDecAttention): T5Attention(
                (q): Linear(in_features=768, out_features=768, bias=False)
                (k): Linear(in_features=768, out_features=768, bias=False)
                (v): Linear(in_features=768, out_features=768, bias=False)
                (o): Linear(in_features=768, out_features=768, bias=False)
              )
              (layer_norm): T5LayerNorm()
              (dropout): Dropout(p=0.1, inplace=False)
            )
            (2): T5LayerFF(
              (DenseReluDense): T5DenseGatedActDense(
                (wi_0): Linear(in_features=768, out_features=2048, bias=False)
                (wi_1): Linear(in_features=768, out_features=2048, bias=False)
                (wo): Linear(in_features=2048, out_features=768, bias=False)
                (dropout): Dropout(p=0.1, inplace=False)
                (act): NewGELUActivation()
              )
              (layer_norm): T5LayerNorm()
              (dropout): Dropout(p=0.1, inplace=False)
            )
          )
        )
        (2): T5Block(
          (layer): ModuleList(
            (0): T5LayerSelfAttention(
              (SelfAttention): T5Attention(
                (q): Linear(in_features=768, out_features=768, bias=False)
                (k): Linear(in_features=768, out_features=768, bias=False)
                (v): Linear(in_features=768, out_features=768, bias=False)
                (o): Linear(in_features=768, out_features=768, bias=False)
              )
              (layer_norm): T5LayerNorm()
              (dropout): Dropout(p=0.1, inplace=False)
            )
            (1): T5LayerCrossAttention(
              (EncDecAttention): T5Attention(
                (q): Linear(in_features=768, out_features=768, bias=False)
                (k): Linear(in_features=768, out_features=768, bias=False)
                (v): Linear(in_features=768, out_features=768, bias=False)
                (o): Linear(in_features=768, out_features=768, bias=False)
              )
              (layer_norm): T5LayerNorm()
              (dropout): Dropout(p=0.1, inplace=False)
            )
            (2): T5LayerFF(
              (DenseReluDense): T5DenseGatedActDense(
                (wi_0): Linear(in_features=768, out_features=2048, bias=False)
                (wi_1): Linear(in_features=768, out_features=2048, bias=False)
                (wo): Linear(in_features=2048, out_features=768, bias=False)
                (dropout): Dropout(p=0.1, inplace=False)
                (act): NewGELUActivation()
              )
              (layer_norm): T5LayerNorm()
              (dropout): Dropout(p=0.1, inplace=False)
            )
          )
        )
        (3): T5Block(
          (layer): ModuleList(
            (0): T5LayerSelfAttention(
              (SelfAttention): T5Attention(
                (q): Linear(in_features=768, out_features=768, bias=False)
                (k): Linear(in_features=768, out_features=768, bias=False)
                (v): Linear(in_features=768, out_features=768, bias=False)
                (o): Linear(in_features=768, out_features=768, bias=False)
              )
              (layer_norm): T5LayerNorm()
              (dropout): Dropout(p=0.1, inplace=False)
            )
            (1): T5LayerCrossAttention(
              (EncDecAttention): T5Attention(
                (q): Linear(in_features=768, out_features=768, bias=False)
                (k): Linear(in_features=768, out_features=768, bias=False)
                (v): Linear(in_features=768, out_features=768, bias=False)
                (o): Linear(in_features=768, out_features=768, bias=False)
              )
              (layer_norm): T5LayerNorm()
              (dropout): Dropout(p=0.1, inplace=False)
            )
            (2): T5LayerFF(
              (DenseReluDense): T5DenseGatedActDense(
                (wi_0): Linear(in_features=768, out_features=2048, bias=False)
                (wi_1): Linear(in_features=768, out_features=2048, bias=False)
                (wo): Linear(in_features=2048, out_features=768, bias=False)
                (dropout): Dropout(p=0.1, inplace=False)
                (act): NewGELUActivation()
              )
              (layer_norm): T5LayerNorm()
              (dropout): Dropout(p=0.1, inplace=False)
            )
          )
        )
        (4): T5Block(
          (layer): ModuleList(
            (0): T5LayerSelfAttention(
              (SelfAttention): T5Attention(
                (q): Linear(in_features=768, out_features=768, bias=False)
                (k): Linear(in_features=768, out_features=768, bias=False)
                (v): Linear(in_features=768, out_features=768, bias=False)
                (o): Linear(in_features=768, out_features=768, bias=False)
              )
              (layer_norm): T5LayerNorm()
              (dropout): Dropout(p=0.1, inplace=False)
            )
            (1): T5LayerCrossAttention(
              (EncDecAttention): T5Attention(
                (q): Linear(in_features=768, out_features=768, bias=False)
                (k): Linear(in_features=768, out_features=768, bias=False)
                (v): Linear(in_features=768, out_features=768, bias=False)
                (o): Linear(in_features=768, out_features=768, bias=False)
              )
              (layer_norm): T5LayerNorm()
              (dropout): Dropout(p=0.1, inplace=False)
            )
            (2): T5LayerFF(
              (DenseReluDense): T5DenseGatedActDense(
                (wi_0): Linear(in_features=768, out_features=2048, bias=False)
                (wi_1): Linear(in_features=768, out_features=2048, bias=False)
                (wo): Linear(in_features=2048, out_features=768, bias=False)
                (dropout): Dropout(p=0.1, inplace=False)
                (act): NewGELUActivation()
              )
              (layer_norm): T5LayerNorm()
              (dropout): Dropout(p=0.1, inplace=False)
            )
          )
        )
        (5): T5Block(
          (layer): ModuleList(
            (0): T5LayerSelfAttention(
              (SelfAttention): T5Attention(
                (q): Linear(in_features=768, out_features=768, bias=False)
                (k): Linear(in_features=768, out_features=768, bias=False)
                (v): Linear(in_features=768, out_features=768, bias=False)
                (o): Linear(in_features=768, out_features=768, bias=False)
              )
              (layer_norm): T5LayerNorm()
              (dropout): Dropout(p=0.1, inplace=False)
            )
            (1): T5LayerCrossAttention(
              (EncDecAttention): T5Attention(
                (q): Linear(in_features=768, out_features=768, bias=False)
                (k): Linear(in_features=768, out_features=768, bias=False)
                (v): Linear(in_features=768, out_features=768, bias=False)
                (o): Linear(in_features=768, out_features=768, bias=False)
              )
              (layer_norm): T5LayerNorm()
              (dropout): Dropout(p=0.1, inplace=False)
            )
            (2): T5LayerFF(
              (DenseReluDense): T5DenseGatedActDense(
                (wi_0): Linear(in_features=768, out_features=2048, bias=False)
                (wi_1): Linear(in_features=768, out_features=2048, bias=False)
                (wo): Linear(in_features=2048, out_features=768, bias=False)
                (dropout): Dropout(p=0.1, inplace=False)
                (act): NewGELUActivation()
              )
              (layer_norm): T5LayerNorm()
              (dropout): Dropout(p=0.1, inplace=False)
            )
          )
        )
        (6): T5Block(
          (layer): ModuleList(
            (0): T5LayerSelfAttention(
              (SelfAttention): T5Attention(
                (q): Linear(in_features=768, out_features=768, bias=False)
                (k): Linear(in_features=768, out_features=768, bias=False)
                (v): Linear(in_features=768, out_features=768, bias=False)
                (o): Linear(in_features=768, out_features=768, bias=False)
              )
              (layer_norm): T5LayerNorm()
              (dropout): Dropout(p=0.1, inplace=False)
            )
            (1): T5LayerCrossAttention(
              (EncDecAttention): T5Attention(
                (q): Linear(in_features=768, out_features=768, bias=False)
                (k): Linear(in_features=768, out_features=768, bias=False)
                (v): Linear(in_features=768, out_features=768, bias=False)
                (o): Linear(in_features=768, out_features=768, bias=False)
              )
              (layer_norm): T5LayerNorm()
              (dropout): Dropout(p=0.1, inplace=False)
            )
            (2): T5LayerFF(
              (DenseReluDense): T5DenseGatedActDense(
                (wi_0): Linear(in_features=768, out_features=2048, bias=False)
                (wi_1): Linear(in_features=768, out_features=2048, bias=False)
                (wo): Linear(in_features=2048, out_features=768, bias=False)
                (dropout): Dropout(p=0.1, inplace=False)
                (act): NewGELUActivation()
              )
              (layer_norm): T5LayerNorm()
              (dropout): Dropout(p=0.1, inplace=False)
            )
          )
        )
        (7): T5Block(
          (layer): ModuleList(
            (0): T5LayerSelfAttention(
              (SelfAttention): T5Attention(
                (q): Linear(in_features=768, out_features=768, bias=False)
                (k): Linear(in_features=768, out_features=768, bias=False)
                (v): Linear(in_features=768, out_features=768, bias=False)
                (o): Linear(in_features=768, out_features=768, bias=False)
              )
              (layer_norm): T5LayerNorm()
              (dropout): Dropout(p=0.1, inplace=False)
            )
            (1): T5LayerCrossAttention(
              (EncDecAttention): T5Attention(
                (q): Linear(in_features=768, out_features=768, bias=False)
                (k): Linear(in_features=768, out_features=768, bias=False)
                (v): Linear(in_features=768, out_features=768, bias=False)
                (o): Linear(in_features=768, out_features=768, bias=False)
              )
              (layer_norm): T5LayerNorm()
              (dropout): Dropout(p=0.1, inplace=False)
            )
            (2): T5LayerFF(
              (DenseReluDense): T5DenseGatedActDense(
                (wi_0): Linear(in_features=768, out_features=2048, bias=False)
                (wi_1): Linear(in_features=768, out_features=2048, bias=False)
                (wo): Linear(in_features=2048, out_features=768, bias=False)
                (dropout): Dropout(p=0.1, inplace=False)
                (act): NewGELUActivation()
              )
              (layer_norm): T5LayerNorm()
              (dropout): Dropout(p=0.1, inplace=False)
            )
          )
        )
        (8): T5Block(
          (layer): ModuleList(
            (0): T5LayerSelfAttention(
              (SelfAttention): T5Attention(
                (q): Linear(in_features=768, out_features=768, bias=False)
                (k): Linear(in_features=768, out_features=768, bias=False)
                (v): Linear(in_features=768, out_features=768, bias=False)
                (o): Linear(in_features=768, out_features=768, bias=False)
              )
              (layer_norm): T5LayerNorm()
              (dropout): Dropout(p=0.1, inplace=False)
            )
            (1): T5LayerCrossAttention(
              (EncDecAttention): T5Attention(
                (q): Linear(in_features=768, out_features=768, bias=False)
                (k): Linear(in_features=768, out_features=768, bias=False)
                (v): Linear(in_features=768, out_features=768, bias=False)
                (o): Linear(in_features=768, out_features=768, bias=False)
              )
              (layer_norm): T5LayerNorm()
              (dropout): Dropout(p=0.1, inplace=False)
            )
            (2): T5LayerFF(
              (DenseReluDense): T5DenseGatedActDense(
                (wi_0): Linear(in_features=768, out_features=2048, bias=False)
                (wi_1): Linear(in_features=768, out_features=2048, bias=False)
                (wo): Linear(in_features=2048, out_features=768, bias=False)
                (dropout): Dropout(p=0.1, inplace=False)
                (act): NewGELUActivation()
              )
              (layer_norm): T5LayerNorm()
              (dropout): Dropout(p=0.1, inplace=False)
            )
          )
        )
        (9): T5Block(
          (layer): ModuleList(
            (0): T5LayerSelfAttention(
              (SelfAttention): T5Attention(
                (q): Linear(in_features=768, out_features=768, bias=False)
                (k): Linear(in_features=768, out_features=768, bias=False)
                (v): Linear(in_features=768, out_features=768, bias=False)
                (o): Linear(in_features=768, out_features=768, bias=False)
              )
              (layer_norm): T5LayerNorm()
              (dropout): Dropout(p=0.1, inplace=False)
            )
            (1): T5LayerCrossAttention(
              (EncDecAttention): T5Attention(
                (q): Linear(in_features=768, out_features=768, bias=False)
                (k): Linear(in_features=768, out_features=768, bias=False)
                (v): Linear(in_features=768, out_features=768, bias=False)
                (o): Linear(in_features=768, out_features=768, bias=False)
              )
              (layer_norm): T5LayerNorm()
              (dropout): Dropout(p=0.1, inplace=False)
            )
            (2): T5LayerFF(
              (DenseReluDense): T5DenseGatedActDense(
                (wi_0): Linear(in_features=768, out_features=2048, bias=False)
                (wi_1): Linear(in_features=768, out_features=2048, bias=False)
                (wo): Linear(in_features=2048, out_features=768, bias=False)
                (dropout): Dropout(p=0.1, inplace=False)
                (act): NewGELUActivation()
              )
              (layer_norm): T5LayerNorm()
              (dropout): Dropout(p=0.1, inplace=False)
            )
          )
        )
        (10): T5Block(
          (layer): ModuleList(
            (0): T5LayerSelfAttention(
              (SelfAttention): T5Attention(
                (q): Linear(in_features=768, out_features=768, bias=False)
                (k): Linear(in_features=768, out_features=768, bias=False)
                (v): Linear(in_features=768, out_features=768, bias=False)
                (o): Linear(in_features=768, out_features=768, bias=False)
              )
              (layer_norm): T5LayerNorm()
              (dropout): Dropout(p=0.1, inplace=False)
            )
            (1): T5LayerCrossAttention(
              (EncDecAttention): T5Attention(
                (q): Linear(in_features=768, out_features=768, bias=False)
                (k): Linear(in_features=768, out_features=768, bias=False)
                (v): Linear(in_features=768, out_features=768, bias=False)
                (o): Linear(in_features=768, out_features=768, bias=False)
              )
              (layer_norm): T5LayerNorm()
              (dropout): Dropout(p=0.1, inplace=False)
            )
            (2): T5LayerFF(
              (DenseReluDense): T5DenseGatedActDense(
                (wi_0): Linear(in_features=768, out_features=2048, bias=False)
                (wi_1): Linear(in_features=768, out_features=2048, bias=False)
                (wo): Linear(in_features=2048, out_features=768, bias=False)
                (dropout): Dropout(p=0.1, inplace=False)
                (act): NewGELUActivation()
              )
              (layer_norm): T5LayerNorm()
              (dropout): Dropout(p=0.1, inplace=False)
            )
          )
        )
        (11): T5Block(
          (layer): ModuleList(
            (0): T5LayerSelfAttention(
              (SelfAttention): T5Attention(
                (q): Linear(in_features=768, out_features=768, bias=False)
                (k): Linear(in_features=768, out_features=768, bias=False)
                (v): Linear(in_features=768, out_features=768, bias=False)
                (o): Linear(in_features=768, out_features=768, bias=False)
              )
              (layer_norm): T5LayerNorm()
              (dropout): Dropout(p=0.1, inplace=False)
            )
            (1): T5LayerCrossAttention(
              (EncDecAttention): T5Attention(
                (q): Linear(in_features=768, out_features=768, bias=False)
                (k): Linear(in_features=768, out_features=768, bias=False)
                (v): Linear(in_features=768, out_features=768, bias=False)
                (o): Linear(in_features=768, out_features=768, bias=False)
              )
              (layer_norm): T5LayerNorm()
              (dropout): Dropout(p=0.1, inplace=False)
            )
            (2): T5LayerFF(
              (DenseReluDense): T5DenseGatedActDense(
                (wi_0): Linear(in_features=768, out_features=2048, bias=False)
                (wi_1): Linear(in_features=768, out_features=2048, bias=False)
                (wo): Linear(in_features=2048, out_features=768, bias=False)
                (dropout): Dropout(p=0.1, inplace=False)
                (act): NewGELUActivation()
              )
              (layer_norm): T5LayerNorm()
              (dropout): Dropout(p=0.1, inplace=False)
            )
          )
        )
      )
      (final_layer_norm): T5LayerNorm()
      (dropout): Dropout(p=0.1, inplace=False)
    )
    (lm_head): Linear(in_features=768, out_features=32128, bias=False)
  )
  (linear_layer): Linear(in_features=768, out_features=768, bias=True)
  (loss_fct): CrossEntropyLoss()
)



<class 'model.model.CoNTGenerator'>



           INFO     Rank: 0 - Running evaluator sanity check for  trainer.py:661
                    2 batches.                                                  
           INFO     Rank: 0 -                                   evaluator.py:317
                    **********Evaluation starts**********                       
[20:30:19] INFO     Rank: 0 - **********Evaluation              evaluator.py:349
                    ends**********                                              
                                                                                
           INFO     Rank: 0 -                           progress_callback.py:204
                    **********Epoch:0 starts**********                          
[20:30:20] INFO     Rank: 0 - Epoch:0/20, Batch:1,      progress_callback.py:218
                    loss:9.851767, finished 0.03%.                              
           INFO     Rank: 0 - Epoch:0/20, Batch:2,      progress_callback.py:218
                    loss:9.786323, finished 0.06%.                              
[20:30:21] INFO     Rank: 0 - Epoch:0/20, Batch:3,      progress_callback.py:218
                    loss:9.744096, finished 0.09%.                              
           INFO     Rank: 0 - Epoch:0/20, Batch:4,      progress_callback.py:218
                    loss:9.656204, finished 0.12%.                              
[20:30:22] INFO     Rank: 0 - Epoch:0/20, Batch:5,      progress_callback.py:218
                    loss:9.482464, finished 0.15%.                              
           INFO     Rank: 0 - Epoch:0/20, Batch:6,      progress_callback.py:218
                    loss:9.341413, finished 0.18%.                              
           INFO     Rank: 0 - Epoch:0/20, Batch:7,      progress_callback.py:218
                    loss:9.198787, finished 0.21%.                              
[20:30:23] INFO     Rank: 0 - Epoch:0/20, Batch:8,      progress_callback.py:218
                    loss:9.142809, finished 0.24%.                              
           INFO     Rank: 0 - Epoch:0/20, Batch:9,      progress_callback.py:218
                    loss:9.11227, finished 0.27%.                               
[20:30:24] INFO     Rank: 0 - Epoch:0/20, Batch:10,     progress_callback.py:218
                    loss:9.171259, finished 0.3%.                               
           INFO     Rank: 0 - Epoch:0/20, Batch:11,     progress_callback.py:218
                    loss:9.023909, finished 0.33%.                              
[20:30:25] INFO     Rank: 0 - Epoch:0/20, Batch:12,     progress_callback.py:218
                    loss:8.981555, finished 0.36%.                              
           INFO     Rank: 0 - Epoch:0/20, Batch:13,     progress_callback.py:218
                    loss:9.030851, finished 0.39%.                              
           INFO     Rank: 0 - Epoch:0/20, Batch:14,     progress_callback.py:218
                    loss:8.909859, finished 0.42%.                              
[20:30:26] INFO     Rank: 0 - Epoch:0/20, Batch:15,     progress_callback.py:218
                    loss:8.907364, finished 0.45%.                              
           INFO     Rank: 0 - Epoch:0/20, Batch:16,     progress_callback.py:218
                    loss:8.84745, finished 0.48%.                               
[20:30:27] INFO     Rank: 0 - Epoch:0/20, Batch:17,     progress_callback.py:218
                    loss:8.876754, finished 0.52%.                              
           INFO     Rank: 0 - Epoch:0/20, Batch:18,     progress_callback.py:218
                    loss:8.785959, finished 0.55%.                              
[20:30:28] INFO     Rank: 0 - Epoch:0/20, Batch:19,     progress_callback.py:218
                    loss:8.724584, finished 0.58%.                              
           INFO     Rank: 0 - Epoch:0/20, Batch:20,     progress_callback.py:218
                    loss:8.862725, finished 0.61%.                              
           INFO     Rank: 0 - Epoch:0/20, Batch:21,     progress_callback.py:218
                    loss:8.744797, finished 0.64%.                              
[20:30:29] INFO     Rank: 0 - Epoch:0/20, Batch:22,     progress_callback.py:218
                    loss:8.735765, finished 0.67%.                              
           INFO     Rank: 0 - Epoch:0/20, Batch:23,     progress_callback.py:218
                    loss:8.653261, finished 0.7%.                               
[20:30:30] INFO     Rank: 0 - Epoch:0/20, Batch:24,     progress_callback.py:218
                    loss:8.63545, finished 0.73%.                               
           INFO     Rank: 0 - Epoch:0/20, Batch:25,     progress_callback.py:218
                    loss:8.598888, finished 0.76%.                              
[20:30:31] INFO     Rank: 0 - Epoch:0/20, Batch:26,     progress_callback.py:218
                    loss:8.515559, finished 0.79%.                              
           INFO     Rank: 0 - Epoch:0/20, Batch:27,     progress_callback.py:218
                    loss:8.484213, finished 0.82%.                              
           INFO     Rank: 0 - Epoch:0/20, Batch:28,     progress_callback.py:218
                    loss:8.547023, finished 0.85%.                              
[20:30:32] INFO     Rank: 0 - Epoch:0/20, Batch:29,     progress_callback.py:218
                    loss:8.504709, finished 0.88%.                              
           INFO     Rank: 0 - Epoch:0/20, Batch:30,     progress_callback.py:218
                    loss:8.463814, finished 0.91%.                              
[20:30:33] INFO     Rank: 0 - Epoch:0/20, Batch:31,     progress_callback.py:218
                    loss:8.38382, finished 0.94%.                               
           INFO     Rank: 0 - Epoch:0/20, Batch:32,     progress_callback.py:218
                    loss:8.432055, finished 0.97%.                              
[20:30:34] INFO     Rank: 0 - Epoch:0/20, Batch:33,     progress_callback.py:218
                    loss:8.46869, finished 1.0%.                                
           INFO     Rank: 0 - Epoch:0/20, Batch:34,     progress_callback.py:218
                    loss:8.392686, finished 1.03%.                              
           INFO     Rank: 0 - Epoch:0/20, Batch:35,     progress_callback.py:218
                    loss:8.298643, finished 1.06%.                              
[20:30:35] INFO     Rank: 0 - Epoch:0/20, Batch:36,     progress_callback.py:218
                    loss:8.352696, finished 1.09%.                              
           INFO     Rank: 0 - Epoch:0/20, Batch:37,     progress_callback.py:218
                    loss:8.267199, finished 1.12%.                              
[20:30:36] INFO     Rank: 0 - Epoch:0/20, Batch:38,     progress_callback.py:218
                    loss:8.27022, finished 1.15%.                               
           INFO     Rank: 0 - Epoch:0/20, Batch:39,     progress_callback.py:218
                    loss:8.221263, finished 1.18%.                              
[20:30:37] INFO     Rank: 0 - Epoch:0/20, Batch:40,     progress_callback.py:218
                    loss:8.226743, finished 1.21%.                              
           INFO     Rank: 0 -                                   evaluator.py:317
                    **********Evaluation starts**********                       
[20:30:54] INFO     Rank: 0 - **********Evaluation              evaluator.py:349
                    ends**********                                              
                                                                                
           INFO     Rank: 0 - ----------Eval. results   progress_callback.py:233
                    on Epoch:0, Batch:40----------                              
           INFO     Rank: 0 -                           progress_callback.py:238
                    {"torch_ngram#ngram-overlap":                               
                    0.18993937969207764}                                        
 ============= save model at results/ ============= 
 ============= save optimizer at results/.optm ============= 
[20:30:59] INFO     Rank: 0 - Epoch:0/20, Batch:41,     progress_callback.py:218
                    loss:8.158257, finished 1.24%.                              
           INFO     Rank: 0 - Epoch:0/20, Batch:42,     progress_callback.py:218
                    loss:8.177536, finished 1.27%.                              
[20:31:00] INFO     Rank: 0 - Epoch:0/20, Batch:43,     progress_callback.py:218
                    loss:8.218214, finished 1.3%.                               
           INFO     Rank: 0 - Epoch:0/20, Batch:44,     progress_callback.py:218
                    loss:8.052383, finished 1.33%.                              
           INFO     Rank: 0 - Epoch:0/20, Batch:45,     progress_callback.py:218
                    loss:8.093867, finished 1.36%.                              
[20:31:01] INFO     Rank: 0 - Epoch:0/20, Batch:46,     progress_callback.py:218
                    loss:8.125604, finished 1.39%.                              
           INFO     Rank: 0 - Epoch:0/20, Batch:47,     progress_callback.py:218
                    loss:7.986732, finished 1.42%.                              
[20:31:02] INFO     Rank: 0 - Epoch:0/20, Batch:48,     progress_callback.py:218
                    loss:7.962161, finished 1.45%.                              
           INFO     Rank: 0 - Epoch:0/20, Batch:49,     progress_callback.py:218
                    loss:7.923628, finished 1.48%.                              
[20:31:03] INFO     Rank: 0 - Epoch:0/20, Batch:50,     progress_callback.py:218
                    loss:8.035091, finished 1.52%.                              
           INFO     Rank: 0 - Epoch:0/20, Batch:51,     progress_callback.py:218
                    loss:8.021848, finished 1.55%.                              
           INFO     Rank: 0 - Epoch:0/20, Batch:52,     progress_callback.py:218
                    loss:7.929055, finished 1.58%.                              
[20:31:04] INFO     Rank: 0 - Epoch:0/20, Batch:53,     progress_callback.py:218
                    loss:7.780814, finished 1.61%.                              
           INFO     Rank: 0 - Epoch:0/20, Batch:54,     progress_callback.py:218
                    loss:7.8852, finished 1.64%.                                
[20:31:05] INFO     Rank: 0 - Epoch:0/20, Batch:55,     progress_callback.py:218
                    loss:8.111261, finished 1.67%.                              
           INFO     Rank: 0 - Epoch:0/20, Batch:56,     progress_callback.py:218
                    loss:7.96919, finished 1.7%.                                
           INFO     Rank: 0 - Epoch:0/20, Batch:57,     progress_callback.py:218
                    loss:8.00562, finished 1.73%.                               
[20:31:06] INFO     Rank: 0 - Epoch:0/20, Batch:58,     progress_callback.py:218
                    loss:7.883461, finished 1.76%.                              
           INFO     Rank: 0 - Epoch:0/20, Batch:59,     progress_callback.py:218
                    loss:7.827119, finished 1.79%.                              
[20:31:07] INFO     Rank: 0 - Epoch:0/20, Batch:60,     progress_callback.py:218
                    loss:7.819913, finished 1.82%.                              
           INFO     Rank: 0 - Epoch:0/20, Batch:61,     progress_callback.py:218
                    loss:7.707171, finished 1.85%.                              
[20:31:08] INFO     Rank: 0 - Epoch:0/20, Batch:62,     progress_callback.py:218
                    loss:7.731289, finished 1.88%.                              
           INFO     Rank: 0 - Epoch:0/20, Batch:63,     progress_callback.py:218
                    loss:7.961361, finished 1.91%.                              
           INFO     Rank: 0 - Epoch:0/20, Batch:64,     progress_callback.py:218
                    loss:7.958549, finished 1.94%.                              
[20:31:09] INFO     Rank: 0 - Epoch:0/20, Batch:65,     progress_callback.py:218
                    loss:7.653184, finished 1.97%.                              
           INFO     Rank: 0 - Epoch:0/20, Batch:66,     progress_callback.py:218
                    loss:7.792287, finished 2.0%.                               
[20:31:10] INFO     Rank: 0 - Epoch:0/20, Batch:67,     progress_callback.py:218
                    loss:7.727285, finished 2.03%.                              
           INFO     Rank: 0 - Epoch:0/20, Batch:68,     progress_callback.py:218
                    loss:7.723059, finished 2.06%.                              
[20:31:11] INFO     Rank: 0 - Epoch:0/20, Batch:69,     progress_callback.py:218
                    loss:7.574859, finished 2.09%.                              
           INFO     Rank: 0 - Epoch:0/20, Batch:70,     progress_callback.py:218
                    loss:7.613815, finished 2.12%.                              
           INFO     Rank: 0 - Epoch:0/20, Batch:71,     progress_callback.py:218
                    loss:7.541802, finished 2.15%.                              
[20:31:12] INFO     Rank: 0 - Epoch:0/20, Batch:72,     progress_callback.py:218
                    loss:7.598199, finished 2.18%.                              
           INFO     Rank: 0 - Epoch:0/20, Batch:73,     progress_callback.py:218
                    loss:7.74731, finished 2.21%.                               
[20:31:13] INFO     Rank: 0 - Epoch:0/20, Batch:74,     progress_callback.py:218
                    loss:7.578338, finished 2.24%.                              
           INFO     Rank: 0 - Epoch:0/20, Batch:75,     progress_callback.py:218
                    loss:7.676053, finished 2.27%.                              
[20:31:14] INFO     Rank: 0 - Epoch:0/20, Batch:76,     progress_callback.py:218
                    loss:7.685181, finished 2.3%.                               
           INFO     Rank: 0 - Epoch:0/20, Batch:77,     progress_callback.py:218
                    loss:7.460776, finished 2.33%.                              
           INFO     Rank: 0 - Epoch:0/20, Batch:78,     progress_callback.py:218
                    loss:7.651199, finished 2.36%.                              
[20:31:15] INFO     Rank: 0 - Epoch:0/20, Batch:79,     progress_callback.py:218
                    loss:7.650138, finished 2.39%.                              
           INFO     Rank: 0 - Epoch:0/20, Batch:80,     progress_callback.py:218
                    loss:7.504585, finished 2.42%.                              
           INFO     Rank: 0 -                                   evaluator.py:317
                    **********Evaluation starts**********                       
[20:31:30] INFO     Rank: 0 - **********Evaluation              evaluator.py:349
                    ends**********                                              
                                                                                
           INFO     Rank: 0 - ----------Eval. results   progress_callback.py:233
                    on Epoch:0, Batch:80----------                              
           INFO     Rank: 0 -                           progress_callback.py:238
                    {"torch_ngram#ngram-overlap":                               
                    0.2304113656282425}                                         
 ============= save model at results/ ============= 
 ============= save optimizer at results/.optm ============= 
[20:31:35] INFO     Rank: 0 - Epoch:0/20, Batch:81,     progress_callback.py:218
                    loss:7.447929, finished 2.45%.                              
           INFO     Rank: 0 - Epoch:0/20, Batch:82,     progress_callback.py:218
                    loss:7.547136, finished 2.48%.                              
[20:31:36] INFO     Rank: 0 - Epoch:0/20, Batch:83,     progress_callback.py:218
                    loss:7.342029, finished 2.52%.                              
           INFO     Rank: 0 - Epoch:0/20, Batch:84,     progress_callback.py:218
                    loss:7.222044, finished 2.55%.                              
           INFO     Rank: 0 - Epoch:0/20, Batch:85,     progress_callback.py:218
                    loss:7.570561, finished 2.58%.                              
[20:31:37] INFO     Rank: 0 - Epoch:0/20, Batch:86,     progress_callback.py:218
                    loss:7.400723, finished 2.61%.                              
           INFO     Rank: 0 - Epoch:0/20, Batch:87,     progress_callback.py:218
                    loss:7.494485, finished 2.64%.                              
[20:31:38] INFO     Rank: 0 - Epoch:0/20, Batch:88,     progress_callback.py:218
                    loss:7.363855, finished 2.67%.                              
           INFO     Rank: 0 - Epoch:0/20, Batch:89,     progress_callback.py:218
                    loss:7.443222, finished 2.7%.                               
[20:31:39] INFO     Rank: 0 - Epoch:0/20, Batch:90,     progress_callback.py:218
                    loss:7.475713, finished 2.73%.                              
           INFO     Rank: 0 - Epoch:0/20, Batch:91,     progress_callback.py:218
                    loss:7.350506, finished 2.76%.                              
           INFO     Rank: 0 - Epoch:0/20, Batch:92,     progress_callback.py:218
                    loss:7.351023, finished 2.79%.                              
[20:31:40] INFO     Rank: 0 - Epoch:0/20, Batch:93,     progress_callback.py:218
                    loss:7.519341, finished 2.82%.                              
           INFO     Rank: 0 - Epoch:0/20, Batch:94,     progress_callback.py:218
                    loss:7.436304, finished 2.85%.                              
[20:31:41] INFO     Rank: 0 - Epoch:0/20, Batch:95,     progress_callback.py:218
                    loss:7.364814, finished 2.88%.                              
           INFO     Rank: 0 - Epoch:0/20, Batch:96,     progress_callback.py:218
                    loss:7.204566, finished 2.91%.                              
[20:31:42] INFO     Rank: 0 - Epoch:0/20, Batch:97,     progress_callback.py:218
                    loss:7.110429, finished 2.94%.                              
           INFO     Rank: 0 - Epoch:0/20, Batch:98,     progress_callback.py:218
                    loss:7.269604, finished 2.97%.                              
           INFO     Rank: 0 - Epoch:0/20, Batch:99,     progress_callback.py:218
                    loss:7.18687, finished 3.0%.                                
[20:31:43] INFO     Rank: 0 - Epoch:0/20, Batch:100,    progress_callback.py:218
                    loss:7.189214, finished 3.03%.                              
           INFO     Rank: 0 - Epoch:0/20, Batch:101,    progress_callback.py:218
                    loss:7.298425, finished 3.06%.                              
[20:31:44] INFO     Rank: 0 - Epoch:0/20, Batch:102,    progress_callback.py:218
                    loss:7.098508, finished 3.09%.                              
           INFO     Rank: 0 - Epoch:0/20, Batch:103,    progress_callback.py:218
                    loss:7.226676, finished 3.12%.                              
           INFO     Rank: 0 - Epoch:0/20, Batch:104,    progress_callback.py:218
                    loss:7.154118, finished 3.15%.                              
[20:31:45] INFO     Rank: 0 - Epoch:0/20, Batch:105,    progress_callback.py:218
                    loss:7.236264, finished 3.18%.                              
           INFO     Rank: 0 - Epoch:0/20, Batch:106,    progress_callback.py:218
                    loss:7.210755, finished 3.21%.                              
[20:31:46] INFO     Rank: 0 - Epoch:0/20, Batch:107,    progress_callback.py:218
                    loss:7.248215, finished 3.24%.                              
           INFO     Rank: 0 - Epoch:0/20, Batch:108,    progress_callback.py:218
                    loss:7.210549, finished 3.27%.                              
[20:31:47] INFO     Rank: 0 - Epoch:0/20, Batch:109,    progress_callback.py:218
                    loss:7.090176, finished 3.3%.                               
           INFO     Rank: 0 - Epoch:0/20, Batch:110,    progress_callback.py:218
                    loss:7.123147, finished 3.33%.                              
           INFO     Rank: 0 - Epoch:0/20, Batch:111,    progress_callback.py:218
                    loss:6.993688, finished 3.36%.                              
[20:31:48] INFO     Rank: 0 - Epoch:0/20, Batch:112,    progress_callback.py:218
                    loss:7.350615, finished 3.39%.                              
           INFO     Rank: 0 - Epoch:0/20, Batch:113,    progress_callback.py:218
                    loss:6.908748, finished 3.42%.                              
[20:31:49] INFO     Rank: 0 - Epoch:0/20, Batch:114,    progress_callback.py:218
                    loss:7.124482, finished 3.45%.                              
           INFO     Rank: 0 - Epoch:0/20, Batch:115,    progress_callback.py:218
                    loss:7.049888, finished 3.48%.                              
[20:31:50] INFO     Rank: 0 - Epoch:0/20, Batch:116,    progress_callback.py:218
                    loss:7.252803, finished 3.52%.                              
           INFO     Rank: 0 - Epoch:0/20, Batch:117,    progress_callback.py:218
                    loss:7.119064, finished 3.55%.                              
[20:31:51] INFO     Rank: 0 - Epoch:0/20, Batch:118,    progress_callback.py:218
                    loss:7.174371, finished 3.58%.                              
           INFO     Rank: 0 - Epoch:0/20, Batch:119,    progress_callback.py:218
                    loss:7.182851, finished 3.61%.                              
           INFO     Rank: 0 - Epoch:0/20, Batch:120,    progress_callback.py:218
                    loss:6.979653, finished 3.64%.                              
           INFO     Rank: 0 -                                   evaluator.py:317
                    **********Evaluation starts**********                       
[20:32:06] INFO     Rank: 0 - **********Evaluation              evaluator.py:349
                    ends**********                                              
                                                                                
           INFO     Rank: 0 - ----------Eval. results   progress_callback.py:233
                    on Epoch:0, Batch:120----------                             
           INFO     Rank: 0 -                           progress_callback.py:238
                    {"torch_ngram#ngram-overlap":                               
                    0.2873361110687256}                                         
 ============= save model at results/ ============= 
 ============= save optimizer at results/.optm ============= 
[20:32:10] INFO     Rank: 0 - Epoch:0/20, Batch:121,    progress_callback.py:218
                    loss:6.879134, finished 3.67%.                              
[20:32:11] INFO     Rank: 0 - Epoch:0/20, Batch:122,    progress_callback.py:218
                    loss:6.992308, finished 3.7%.                               
           INFO     Rank: 0 - Epoch:0/20, Batch:123,    progress_callback.py:218
                    loss:7.063643, finished 3.73%.                              
[20:32:12] INFO     Rank: 0 - Epoch:0/20, Batch:124,    progress_callback.py:218
                    loss:7.052161, finished 3.76%.                              
           INFO     Rank: 0 - Epoch:0/20, Batch:125,    progress_callback.py:218
                    loss:7.139531, finished 3.79%.                              
[20:32:13] INFO     Rank: 0 - Epoch:0/20, Batch:126,    progress_callback.py:218
                    loss:6.888588, finished 3.82%.                              
           INFO     Rank: 0 - Epoch:0/20, Batch:127,    progress_callback.py:218
                    loss:6.940832, finished 3.85%.                              
           INFO     Rank: 0 - Epoch:0/20, Batch:128,    progress_callback.py:218
                    loss:6.723467, finished 3.88%.                              
[20:32:14] INFO     Rank: 0 - Epoch:0/20, Batch:129,    progress_callback.py:218
                    loss:6.908055, finished 3.91%.                              
           INFO     Rank: 0 - Epoch:0/20, Batch:130,    progress_callback.py:218
                    loss:7.006932, finished 3.94%.                              
[20:32:15] INFO     Rank: 0 - Epoch:0/20, Batch:131,    progress_callback.py:218
                    loss:6.97824, finished 3.97%.                               
           INFO     Rank: 0 - Epoch:0/20, Batch:132,    progress_callback.py:218
                    loss:6.887051, finished 4.0%.                               
[20:32:16] INFO     Rank: 0 - Epoch:0/20, Batch:133,    progress_callback.py:218
                    loss:7.006351, finished 4.03%.                              
           INFO     Rank: 0 - Epoch:0/20, Batch:134,    progress_callback.py:218
                    loss:6.916902, finished 4.06%.                              
           INFO     Rank: 0 - Epoch:0/20, Batch:135,    progress_callback.py:218
                    loss:7.005712, finished 4.09%.                              
[20:32:17] INFO     Rank: 0 - Epoch:0/20, Batch:136,    progress_callback.py:218
                    loss:7.091023, finished 4.12%.                              
           INFO     Rank: 0 - Epoch:0/20, Batch:137,    progress_callback.py:218
                    loss:6.805528, finished 4.15%.                              
[20:32:18] INFO     Rank: 0 - Epoch:0/20, Batch:138,    progress_callback.py:218
                    loss:6.706684, finished 4.18%.                              
           INFO     Rank: 0 - Epoch:0/20, Batch:139,    progress_callback.py:218
                    loss:6.79982, finished 4.21%.                               
[20:32:19] INFO     Rank: 0 - Epoch:0/20, Batch:140,    progress_callback.py:218
                    loss:6.763122, finished 4.24%.                              
           INFO     Rank: 0 - Epoch:0/20, Batch:141,    progress_callback.py:218
                    loss:6.686137, finished 4.27%.                              
           INFO     Rank: 0 - Epoch:0/20, Batch:142,    progress_callback.py:218
                    loss:6.925855, finished 4.3%.                               
[20:32:20] INFO     Rank: 0 - Epoch:0/20, Batch:143,    progress_callback.py:218
                    loss:6.891477, finished 4.33%.                              
           INFO     Rank: 0 - Epoch:0/20, Batch:144,    progress_callback.py:218
                    loss:6.690827, finished 4.36%.                              
[20:32:21] INFO     Rank: 0 - Epoch:0/20, Batch:145,    progress_callback.py:218
                    loss:6.628078, finished 4.39%.                              
           INFO     Rank: 0 - Epoch:0/20, Batch:146,    progress_callback.py:218
                    loss:6.867835, finished 4.42%.                              
[20:32:22] INFO     Rank: 0 - Epoch:0/20, Batch:147,    progress_callback.py:218
                    loss:6.958347, finished 4.45%.                              
           INFO     Rank: 0 - Epoch:0/20, Batch:148,    progress_callback.py:218
                    loss:6.708883, finished 4.48%.                              
           INFO     Rank: 0 - Epoch:0/20, Batch:149,    progress_callback.py:218
                    loss:6.390334, finished 4.52%.                              
[20:32:23] INFO     Rank: 0 - Epoch:0/20, Batch:150,    progress_callback.py:218
                    loss:6.807148, finished 4.55%.                              
           INFO     Rank: 0 - Epoch:0/20, Batch:151,    progress_callback.py:218
                    loss:6.326021, finished 4.58%.                              
[20:32:24] INFO     Rank: 0 - Epoch:0/20, Batch:152,    progress_callback.py:218
                    loss:6.67839, finished 4.61%.                               
           INFO     Rank: 0 - Epoch:0/20, Batch:153,    progress_callback.py:218
                    loss:6.609263, finished 4.64%.                              
[20:32:25] INFO     Rank: 0 - Epoch:0/20, Batch:154,    progress_callback.py:218
                    loss:6.928801, finished 4.67%.                              
           INFO     Rank: 0 - Epoch:0/20, Batch:155,    progress_callback.py:218
                    loss:6.458334, finished 4.7%.                               
           INFO     Rank: 0 - Epoch:0/20, Batch:156,    progress_callback.py:218
                    loss:6.729054, finished 4.73%.                              
[20:32:26] INFO     Rank: 0 - Epoch:0/20, Batch:157,    progress_callback.py:218
                    loss:6.418998, finished 4.76%.                              
           INFO     Rank: 0 - Epoch:0/20, Batch:158,    progress_callback.py:218
                    loss:6.705616, finished 4.79%.                              
[20:32:27] INFO     Rank: 0 - Epoch:0/20, Batch:159,    progress_callback.py:218
                    loss:6.506035, finished 4.82%.                              
           INFO     Rank: 0 - Epoch:0/20, Batch:160,    progress_callback.py:218
                    loss:6.498794, finished 4.85%.                              
           INFO     Rank: 0 -                                   evaluator.py:317
                    **********Evaluation starts**********                       
[20:32:42] INFO     Rank: 0 - **********Evaluation              evaluator.py:349
                    ends**********                                              
                                                                                
           INFO     Rank: 0 - ----------Eval. results   progress_callback.py:233
                    on Epoch:0, Batch:160----------                             
           INFO     Rank: 0 -                           progress_callback.py:238
                    {"torch_ngram#ngram-overlap":                               
                    0.2915313243865967}                                         
 ============= save model at results/ ============= 
 ============= save optimizer at results/.optm ============= 
[20:32:47] INFO     Rank: 0 - Epoch:0/20, Batch:161,    progress_callback.py:218
                    loss:6.654572, finished 4.88%.                              
           INFO     Rank: 0 - Epoch:0/20, Batch:162,    progress_callback.py:218
                    loss:6.576482, finished 4.91%.                              
[20:32:48] INFO     Rank: 0 - Epoch:0/20, Batch:163,    progress_callback.py:218
                    loss:6.814172, finished 4.94%.                              
           INFO     Rank: 0 - Epoch:0/20, Batch:164,    progress_callback.py:218
                    loss:6.526027, finished 4.97%.                              
           INFO     Rank: 0 - Epoch:0/20, Batch:165,    progress_callback.py:218
                    loss:6.595503, finished 5.0%.                               
           INFO     Rank: 0 -                           progress_callback.py:204
                    **********Epoch:1 starts**********                          
[20:32:49] INFO     Rank: 0 - Epoch:1/20, Batch:1,      progress_callback.py:218
                    loss:6.489334, finished 5.03%.                              
           INFO     Rank: 0 - Epoch:1/20, Batch:2,      progress_callback.py:218
                    loss:6.734623, finished 5.06%.                              
[20:32:50] INFO     Rank: 0 - Epoch:1/20, Batch:3,      progress_callback.py:218
                    loss:6.605167, finished 5.09%.                              
           INFO     Rank: 0 - Epoch:1/20, Batch:4,      progress_callback.py:218
                    loss:6.39525, finished 5.12%.                               
[20:32:51] INFO     Rank: 0 - Epoch:1/20, Batch:5,      progress_callback.py:218
                    loss:6.647936, finished 5.15%.                              
           INFO     Rank: 0 - Epoch:1/20, Batch:6,      progress_callback.py:218
                    loss:6.222692, finished 5.18%.                              
           INFO     Rank: 0 - Epoch:1/20, Batch:7,      progress_callback.py:218
                    loss:6.499132, finished 5.21%.                              
[20:32:52] INFO     Rank: 0 - Epoch:1/20, Batch:8,      progress_callback.py:218
                    loss:6.49038, finished 5.24%.                               
           INFO     Rank: 0 - Epoch:1/20, Batch:9,      progress_callback.py:218
                    loss:6.548625, finished 5.27%.                              
[20:32:53] INFO     Rank: 0 - Epoch:1/20, Batch:10,     progress_callback.py:218
                    loss:6.565028, finished 5.3%.                               
           INFO     Rank: 0 - Epoch:1/20, Batch:11,     progress_callback.py:218
                    loss:6.471399, finished 5.33%.                              
[20:32:54] INFO     Rank: 0 - Epoch:1/20, Batch:12,     progress_callback.py:218
                    loss:6.494368, finished 5.36%.                              
           INFO     Rank: 0 - Epoch:1/20, Batch:13,     progress_callback.py:218
                    loss:6.730511, finished 5.39%.                              
           INFO     Rank: 0 - Epoch:1/20, Batch:14,     progress_callback.py:218
                    loss:6.445553, finished 5.42%.                              
[20:32:55] INFO     Rank: 0 - Epoch:1/20, Batch:15,     progress_callback.py:218
                    loss:6.642034, finished 5.45%.                              
           INFO     Rank: 0 - Epoch:1/20, Batch:16,     progress_callback.py:218
                    loss:6.345933, finished 5.48%.                              
[20:32:56] INFO     Rank: 0 - Epoch:1/20, Batch:17,     progress_callback.py:218
                    loss:6.379913, finished 5.52%.                              
           INFO     Rank: 0 - Epoch:1/20, Batch:18,     progress_callback.py:218
                    loss:6.612125, finished 5.55%.                              
[20:32:57] INFO     Rank: 0 - Epoch:1/20, Batch:19,     progress_callback.py:218
                    loss:6.645431, finished 5.58%.                              
           INFO     Rank: 0 - Epoch:1/20, Batch:20,     progress_callback.py:218
                    loss:6.53548, finished 5.61%.                               
           INFO     Rank: 0 - Epoch:1/20, Batch:21,     progress_callback.py:218
                    loss:6.427644, finished 5.64%.                              
[20:32:58] INFO     Rank: 0 - Epoch:1/20, Batch:22,     progress_callback.py:218
                    loss:6.157616, finished 5.67%.                              
           INFO     Rank: 0 - Epoch:1/20, Batch:23,     progress_callback.py:218
                    loss:6.349106, finished 5.7%.                               
[20:32:59] INFO     Rank: 0 - Epoch:1/20, Batch:24,     progress_callback.py:218
                    loss:6.40038, finished 5.73%.                               
           INFO     Rank: 0 - Epoch:1/20, Batch:25,     progress_callback.py:218
                    loss:6.418722, finished 5.76%.                              
[20:33:00] INFO     Rank: 0 - Epoch:1/20, Batch:26,     progress_callback.py:218
                    loss:6.280477, finished 5.79%.                              
           INFO     Rank: 0 - Epoch:1/20, Batch:27,     progress_callback.py:218
                    loss:6.456979, finished 5.82%.                              
           INFO     Rank: 0 - Epoch:1/20, Batch:28,     progress_callback.py:218
                    loss:6.313702, finished 5.85%.                              
[20:33:01] INFO     Rank: 0 - Epoch:1/20, Batch:29,     progress_callback.py:218
                    loss:6.432798, finished 5.88%.                              
           INFO     Rank: 0 - Epoch:1/20, Batch:30,     progress_callback.py:218
                    loss:6.344767, finished 5.91%.                              
[20:33:02] INFO     Rank: 0 - Epoch:1/20, Batch:31,     progress_callback.py:218
                    loss:6.559748, finished 5.94%.                              
           INFO     Rank: 0 - Epoch:1/20, Batch:32,     progress_callback.py:218
                    loss:6.249284, finished 5.97%.                              
           INFO     Rank: 0 - Epoch:1/20, Batch:33,     progress_callback.py:218
                    loss:6.05617, finished 6.0%.                                
[20:33:03] INFO     Rank: 0 - Epoch:1/20, Batch:34,     progress_callback.py:218
                    loss:5.811595, finished 6.03%.                              
           INFO     Rank: 0 - Epoch:1/20, Batch:35,     progress_callback.py:218
                    loss:6.329342, finished 6.06%.                              
           INFO     Rank: 0 -                                   evaluator.py:317
                    **********Evaluation starts**********                       
[20:33:19] INFO     Rank: 0 - **********Evaluation              evaluator.py:349
                    ends**********                                              
                                                                                
           INFO     Rank: 0 - ----------Eval. results   progress_callback.py:233
                    on Epoch:1, Batch:35----------                              
           INFO     Rank: 0 -                           progress_callback.py:238
                    {"torch_ngram#ngram-overlap":                               
                    0.27370697259902954}                                        
           INFO     Rank: 0 - Epoch:1/20, Batch:36,     progress_callback.py:218
                    loss:6.516841, finished 6.09%.                              
[20:33:20] INFO     Rank: 0 - Epoch:1/20, Batch:37,     progress_callback.py:218
                    loss:6.255924, finished 6.12%.                              
           INFO     Rank: 0 - Epoch:1/20, Batch:38,     progress_callback.py:218
                    loss:6.239677, finished 6.15%.                              
           INFO     Rank: 0 - Epoch:1/20, Batch:39,     progress_callback.py:218
                    loss:6.282783, finished 6.18%.                              
[20:33:21] INFO     Rank: 0 - Epoch:1/20, Batch:40,     progress_callback.py:218
                    loss:6.227272, finished 6.21%.                              
           INFO     Rank: 0 - Epoch:1/20, Batch:41,     progress_callback.py:218
                    loss:6.198953, finished 6.24%.                              
[20:33:22] INFO     Rank: 0 - Epoch:1/20, Batch:42,     progress_callback.py:218
                    loss:6.218892, finished 6.27%.                              
           INFO     Rank: 0 - Epoch:1/20, Batch:43,     progress_callback.py:218
                    loss:6.103179, finished 6.3%.                               
[20:33:23] INFO     Rank: 0 - Epoch:1/20, Batch:44,     progress_callback.py:218
                    loss:6.389529, finished 6.33%.                              
           INFO     Rank: 0 - Epoch:1/20, Batch:45,     progress_callback.py:218
                    loss:6.183018, finished 6.36%.                              
[20:33:24] INFO     Rank: 0 - Epoch:1/20, Batch:46,     progress_callback.py:218
                    loss:6.371909, finished 6.39%.                              
           INFO     Rank: 0 - Epoch:1/20, Batch:47,     progress_callback.py:218
                    loss:5.938381, finished 6.42%.                              
           INFO     Rank: 0 - Epoch:1/20, Batch:48,     progress_callback.py:218
                    loss:6.323789, finished 6.45%.                              
[20:33:25] INFO     Rank: 0 - Epoch:1/20, Batch:49,     progress_callback.py:218
                    loss:6.018806, finished 6.48%.                              
           INFO     Rank: 0 - Epoch:1/20, Batch:50,     progress_callback.py:218
                    loss:5.933044, finished 6.52%.                              
[20:33:26] INFO     Rank: 0 - Epoch:1/20, Batch:51,     progress_callback.py:218
                    loss:5.982332, finished 6.55%.                              
           INFO     Rank: 0 - Epoch:1/20, Batch:52,     progress_callback.py:218
                    loss:6.257361, finished 6.58%.                              
[20:33:27] INFO     Rank: 0 - Epoch:1/20, Batch:53,     progress_callback.py:218
                    loss:6.311491, finished 6.61%.                              
           INFO     Rank: 0 - Epoch:1/20, Batch:54,     progress_callback.py:218
                    loss:5.960298, finished 6.64%.                              
           INFO     Rank: 0 - Epoch:1/20, Batch:55,     progress_callback.py:218
                    loss:5.968947, finished 6.67%.                              
[20:33:28] INFO     Rank: 0 - Epoch:1/20, Batch:56,     progress_callback.py:218
                    loss:6.298223, finished 6.7%.                               
           INFO     Rank: 0 - Epoch:1/20, Batch:57,     progress_callback.py:218
                    loss:6.003937, finished 6.73%.                              
[20:33:29] INFO     Rank: 0 - Epoch:1/20, Batch:58,     progress_callback.py:218
                    loss:6.064448, finished 6.76%.                              
           INFO     Rank: 0 - Epoch:1/20, Batch:59,     progress_callback.py:218
                    loss:6.040443, finished 6.79%.                              
[20:33:30] INFO     Rank: 0 - Epoch:1/20, Batch:60,     progress_callback.py:218
                    loss:5.890979, finished 6.82%.                              
           INFO     Rank: 0 - Epoch:1/20, Batch:61,     progress_callback.py:218
                    loss:6.260581, finished 6.85%.                              
           INFO     Rank: 0 - Epoch:1/20, Batch:62,     progress_callback.py:218
                    loss:6.205225, finished 6.88%.                              
[20:33:31] INFO     Rank: 0 - Epoch:1/20, Batch:63,     progress_callback.py:218
                    loss:5.909301, finished 6.91%.                              
           INFO     Rank: 0 - Epoch:1/20, Batch:64,     progress_callback.py:218
                    loss:6.031669, finished 6.94%.                              
[20:33:32] INFO     Rank: 0 - Epoch:1/20, Batch:65,     progress_callback.py:218
                    loss:6.036899, finished 6.97%.                              
           INFO     Rank: 0 - Epoch:1/20, Batch:66,     progress_callback.py:218
                    loss:5.853986, finished 7.0%.                               
[20:33:33] INFO     Rank: 0 - Epoch:1/20, Batch:67,     progress_callback.py:218
                    loss:6.039125, finished 7.03%.                              
           INFO     Rank: 0 - Epoch:1/20, Batch:68,     progress_callback.py:218
                    loss:5.957991, finished 7.06%.                              
           INFO     Rank: 0 - Epoch:1/20, Batch:69,     progress_callback.py:218
                    loss:6.2224, finished 7.09%.                                
[20:33:34] INFO     Rank: 0 - Epoch:1/20, Batch:70,     progress_callback.py:218
                    loss:5.885732, finished 7.12%.                              
           INFO     Rank: 0 - Epoch:1/20, Batch:71,     progress_callback.py:218
                    loss:6.258821, finished 7.15%.                              
[20:33:35] INFO     Rank: 0 - Epoch:1/20, Batch:72,     progress_callback.py:218
                    loss:5.447678, finished 7.18%.                              
           INFO     Rank: 0 - Epoch:1/20, Batch:73,     progress_callback.py:218
                    loss:6.038476, finished 7.21%.                              
           INFO     Rank: 0 - Epoch:1/20, Batch:74,     progress_callback.py:218
                    loss:5.642339, finished 7.24%.                              
[20:33:36] INFO     Rank: 0 - Epoch:1/20, Batch:75,     progress_callback.py:218
                    loss:6.073919, finished 7.27%.                              
           INFO     Rank: 0 -                                   evaluator.py:317
                    **********Evaluation starts**********                       
[20:33:51] INFO     Rank: 0 - **********Evaluation              evaluator.py:349
                    ends**********                                              
                                                                                
           INFO     Rank: 0 - ----------Eval. results   progress_callback.py:233
                    on Epoch:1, Batch:75----------                              
           INFO     Rank: 0 -                           progress_callback.py:238
                    {"torch_ngram#ngram-overlap":                               
                    0.27370697259902954}                                        
[20:33:52] INFO     Rank: 0 - Epoch:1/20, Batch:76,     progress_callback.py:218
                    loss:6.146015, finished 7.3%.                               
           INFO     Rank: 0 - Epoch:1/20, Batch:77,     progress_callback.py:218
                    loss:5.728076, finished 7.33%.                              
           INFO     Rank: 0 - Epoch:1/20, Batch:78,     progress_callback.py:218
                    loss:5.765213, finished 7.36%.                              
[20:33:53] INFO     Rank: 0 - Epoch:1/20, Batch:79,     progress_callback.py:218
                    loss:5.888951, finished 7.39%.                              
           INFO     Rank: 0 - Epoch:1/20, Batch:80,     progress_callback.py:218
                    loss:5.85558, finished 7.42%.                               
[20:33:54] INFO     Rank: 0 - Epoch:1/20, Batch:81,     progress_callback.py:218
                    loss:5.545021, finished 7.45%.                              
           INFO     Rank: 0 - Epoch:1/20, Batch:82,     progress_callback.py:218
                    loss:6.180937, finished 7.48%.                              
[20:33:55] INFO     Rank: 0 - Epoch:1/20, Batch:83,     progress_callback.py:218
                    loss:6.107476, finished 7.52%.                              
           INFO     Rank: 0 - Epoch:1/20, Batch:84,     progress_callback.py:218
                    loss:6.039846, finished 7.55%.                              
           INFO     Rank: 0 - Epoch:1/20, Batch:85,     progress_callback.py:218
                    loss:5.960061, finished 7.58%.                              
[20:33:56] INFO     Rank: 0 - Epoch:1/20, Batch:86,     progress_callback.py:218
                    loss:5.582073, finished 7.61%.                              
           INFO     Rank: 0 - Epoch:1/20, Batch:87,     progress_callback.py:218
                    loss:6.07243, finished 7.64%.                               
[20:33:57] INFO     Rank: 0 - Epoch:1/20, Batch:88,     progress_callback.py:218
                    loss:5.699531, finished 7.67%.                              
           INFO     Rank: 0 - Epoch:1/20, Batch:89,     progress_callback.py:218
                    loss:5.806379, finished 7.7%.                               
[20:33:58] INFO     Rank: 0 - Epoch:1/20, Batch:90,     progress_callback.py:218
                    loss:6.150784, finished 7.73%.                              
           INFO     Rank: 0 - Epoch:1/20, Batch:91,     progress_callback.py:218
                    loss:5.519984, finished 7.76%.                              
           INFO     Rank: 0 - Epoch:1/20, Batch:92,     progress_callback.py:218
                    loss:5.816937, finished 7.79%.                              
[20:33:59] INFO     Rank: 0 - Epoch:1/20, Batch:93,     progress_callback.py:218
                    loss:5.872039, finished 7.82%.                              
           INFO     Rank: 0 - Epoch:1/20, Batch:94,     progress_callback.py:218
                    loss:5.643983, finished 7.85%.                              
[20:34:00] INFO     Rank: 0 - Epoch:1/20, Batch:95,     progress_callback.py:218
                    loss:5.676933, finished 7.88%.                              
           INFO     Rank: 0 - Epoch:1/20, Batch:96,     progress_callback.py:218
                    loss:5.815945, finished 7.91%.                              
[20:34:01] INFO     Rank: 0 - Epoch:1/20, Batch:97,     progress_callback.py:218
                    loss:5.663434, finished 7.94%.                              
           INFO     Rank: 0 - Epoch:1/20, Batch:98,     progress_callback.py:218
                    loss:5.419583, finished 7.97%.                              
           INFO     Rank: 0 - Epoch:1/20, Batch:99,     progress_callback.py:218
                    loss:6.012825, finished 8.0%.                               
[20:34:02] INFO     Rank: 0 - Epoch:1/20, Batch:100,    progress_callback.py:218
                    loss:5.962049, finished 8.03%.                              
           INFO     Rank: 0 - Epoch:1/20, Batch:101,    progress_callback.py:218
                    loss:5.709446, finished 8.06%.                              
[20:34:03] INFO     Rank: 0 - Epoch:1/20, Batch:102,    progress_callback.py:218
                    loss:5.848622, finished 8.09%.                              
           INFO     Rank: 0 - Epoch:1/20, Batch:103,    progress_callback.py:218
                    loss:5.464105, finished 8.12%.                              
           INFO     Rank: 0 - Epoch:1/20, Batch:104,    progress_callback.py:218
                    loss:5.722756, finished 8.15%.                              
[20:34:04] INFO     Rank: 0 - Epoch:1/20, Batch:105,    progress_callback.py:218
                    loss:5.909239, finished 8.18%.                              
           INFO     Rank: 0 - Epoch:1/20, Batch:106,    progress_callback.py:218
                    loss:5.909152, finished 8.21%.                              
[20:34:05] INFO     Rank: 0 - Epoch:1/20, Batch:107,    progress_callback.py:218
                    loss:5.434833, finished 8.24%.                              
           INFO     Rank: 0 - Epoch:1/20, Batch:108,    progress_callback.py:218
                    loss:5.799042, finished 8.27%.                              
[20:34:06] INFO     Rank: 0 - Epoch:1/20, Batch:109,    progress_callback.py:218
                    loss:6.0604, finished 8.3%.                                 
           INFO     Rank: 0 - Epoch:1/20, Batch:110,    progress_callback.py:218
                    loss:5.864183, finished 8.33%.                              
           INFO     Rank: 0 - Epoch:1/20, Batch:111,    progress_callback.py:218
                    loss:5.5602, finished 8.36%.                                
[20:34:07] INFO     Rank: 0 - Epoch:1/20, Batch:112,    progress_callback.py:218
                    loss:5.670199, finished 8.39%.                              
           INFO     Rank: 0 - Epoch:1/20, Batch:113,    progress_callback.py:218
                    loss:5.411041, finished 8.42%.                              
[20:34:08] INFO     Rank: 0 - Epoch:1/20, Batch:114,    progress_callback.py:218
                    loss:5.193619, finished 8.45%.                              
           INFO     Rank: 0 - Epoch:1/20, Batch:115,    progress_callback.py:218
                    loss:5.838632, finished 8.48%.                              
           INFO     Rank: 0 -                                   evaluator.py:317
                    **********Evaluation starts**********                       
[20:34:25] INFO     Rank: 0 - **********Evaluation              evaluator.py:349
                    ends**********                                              
                                                                                
           INFO     Rank: 0 - ----------Eval. results   progress_callback.py:233
                    on Epoch:1, Batch:115----------                             
           INFO     Rank: 0 -                           progress_callback.py:238
                    {"torch_ngram#ngram-overlap":                               
                    0.27370697259902954}                                        
           INFO     Rank: 0 - Epoch:1/20, Batch:116,    progress_callback.py:218
                    loss:5.551576, finished 8.52%.                              
[20:34:26] INFO     Rank: 0 - Epoch:1/20, Batch:117,    progress_callback.py:218
                    loss:5.690045, finished 8.55%.                              
           INFO     Rank: 0 - Epoch:1/20, Batch:118,    progress_callback.py:218
                    loss:5.903887, finished 8.58%.                              
[20:34:27] INFO     Rank: 0 - Epoch:1/20, Batch:119,    progress_callback.py:218
                    loss:5.375589, finished 8.61%.                              
           INFO     Rank: 0 - Epoch:1/20, Batch:120,    progress_callback.py:218
                    loss:5.964931, finished 8.64%.                              
[20:34:28] INFO     Rank: 0 - Epoch:1/20, Batch:121,    progress_callback.py:218
                    loss:5.478371, finished 8.67%.                              
           INFO     Rank: 0 - Epoch:1/20, Batch:122,    progress_callback.py:218
                    loss:5.778426, finished 8.7%.                               
[20:34:29] INFO     Rank: 0 - Epoch:1/20, Batch:123,    progress_callback.py:218
                    loss:5.892895, finished 8.73%.                              
           INFO     Rank: 0 - Epoch:1/20, Batch:124,    progress_callback.py:218
                    loss:5.72288, finished 8.76%.                               
[20:34:30] INFO     Rank: 0 - Epoch:1/20, Batch:125,    progress_callback.py:218
                    loss:5.710079, finished 8.79%.                              
           INFO     Rank: 0 - Epoch:1/20, Batch:126,    progress_callback.py:218
                    loss:5.434091, finished 8.82%.                              
           INFO     Rank: 0 - Epoch:1/20, Batch:127,    progress_callback.py:218
                    loss:5.457941, finished 8.85%.                              
[20:34:31] INFO     Rank: 0 - Epoch:1/20, Batch:128,    progress_callback.py:218
                    loss:5.713777, finished 8.88%.                              
           INFO     Rank: 0 - Epoch:1/20, Batch:129,    progress_callback.py:218
                    loss:5.667267, finished 8.91%.                              
[20:34:32] INFO     Rank: 0 - Epoch:1/20, Batch:130,    progress_callback.py:218
                    loss:5.374141, finished 8.94%.                              
           INFO     Rank: 0 - Epoch:1/20, Batch:131,    progress_callback.py:218
                    loss:5.699699, finished 8.97%.                              
[20:34:33] INFO     Rank: 0 - Epoch:1/20, Batch:132,    progress_callback.py:218
                    loss:5.511227, finished 9.0%.                               
           INFO     Rank: 0 - Epoch:1/20, Batch:133,    progress_callback.py:218
                    loss:5.965989, finished 9.03%.                              
[20:34:34] INFO     Rank: 0 - Epoch:1/20, Batch:134,    progress_callback.py:218
                    loss:5.453063, finished 9.06%.                              
           INFO     Rank: 0 - Epoch:1/20, Batch:135,    progress_callback.py:218
                    loss:5.811439, finished 9.09%.                              
[20:34:35] INFO     Rank: 0 - Epoch:1/20, Batch:136,    progress_callback.py:218
                    loss:5.588173, finished 9.12%.                              
           INFO     Rank: 0 - Epoch:1/20, Batch:137,    progress_callback.py:218
                    loss:5.433221, finished 9.15%.                              
[20:34:36] INFO     Rank: 0 - Epoch:1/20, Batch:138,    progress_callback.py:218
                    loss:5.578174, finished 9.18%.                              
           INFO     Rank: 0 - Epoch:1/20, Batch:139,    progress_callback.py:218
                    loss:5.74552, finished 9.21%.                               
[20:34:37] INFO     Rank: 0 - Epoch:1/20, Batch:140,    progress_callback.py:218
                    loss:5.533178, finished 9.24%.                              
           INFO     Rank: 0 - Epoch:1/20, Batch:141,    progress_callback.py:218
                    loss:5.029868, finished 9.27%.                              
[20:34:38] INFO     Rank: 0 - Epoch:1/20, Batch:142,    progress_callback.py:218
                    loss:5.377988, finished 9.3%.                               
           INFO     Rank: 0 - Epoch:1/20, Batch:143,    progress_callback.py:218
                    loss:5.535516, finished 9.33%.                              
[20:34:39] INFO     Rank: 0 - Epoch:1/20, Batch:144,    progress_callback.py:218
                    loss:5.436753, finished 9.36%.                              
           INFO     Rank: 0 - Epoch:1/20, Batch:145,    progress_callback.py:218
                    loss:5.749473, finished 9.39%.                              
           INFO     Rank: 0 - Epoch:1/20, Batch:146,    progress_callback.py:218
                    loss:5.626379, finished 9.42%.                              
[20:34:40] INFO     Rank: 0 - Epoch:1/20, Batch:147,    progress_callback.py:218
                    loss:5.44134, finished 9.45%.                               
           INFO     Rank: 0 - Epoch:1/20, Batch:148,    progress_callback.py:218
                    loss:4.929649, finished 9.48%.                              
[20:34:41] INFO     Rank: 0 - Epoch:1/20, Batch:149,    progress_callback.py:218
                    loss:5.259836, finished 9.52%.                              
           INFO     Rank: 0 - Epoch:1/20, Batch:150,    progress_callback.py:218
                    loss:5.868426, finished 9.55%.                              
[20:34:42] INFO     Rank: 0 - Epoch:1/20, Batch:151,    progress_callback.py:218
                    loss:5.720709, finished 9.58%.                              
           INFO     Rank: 0 - Epoch:1/20, Batch:152,    progress_callback.py:218
                    loss:5.313027, finished 9.61%.                              
[20:34:43] INFO     Rank: 0 - Epoch:1/20, Batch:153,    progress_callback.py:218
                    loss:5.220849, finished 9.64%.                              
           INFO     Rank: 0 - Epoch:1/20, Batch:154,    progress_callback.py:218
                    loss:5.299247, finished 9.67%.                              
[20:34:44] INFO     Rank: 0 - Epoch:1/20, Batch:155,    progress_callback.py:218
                    loss:5.422272, finished 9.7%.                               
           INFO     Rank: 0 -                                   evaluator.py:317
                    **********Evaluation starts**********                       
[20:35:02] INFO     Rank: 0 - **********Evaluation              evaluator.py:349
                    ends**********                                              
                                                                                
           INFO     Rank: 0 - ----------Eval. results   progress_callback.py:233
                    on Epoch:1, Batch:155----------                             
           INFO     Rank: 0 -                           progress_callback.py:238
                    {"torch_ngram#ngram-overlap":                               
                    0.27370697259902954}                                        
           INFO     Rank: 0 - Epoch:1/20, Batch:156,    progress_callback.py:218
                    loss:5.670766, finished 9.73%.                              
[20:35:03] INFO     Rank: 0 - Epoch:1/20, Batch:157,    progress_callback.py:218
                    loss:5.467636, finished 9.76%.                              
           INFO     Rank: 0 - Epoch:1/20, Batch:158,    progress_callback.py:218
                    loss:5.455333, finished 9.79%.                              
           INFO     Rank: 0 - Epoch:1/20, Batch:159,    progress_callback.py:218
                    loss:5.102594, finished 9.82%.                              
[20:35:04] INFO     Rank: 0 - Epoch:1/20, Batch:160,    progress_callback.py:218
                    loss:5.613828, finished 9.85%.                              
           INFO     Rank: 0 - Epoch:1/20, Batch:161,    progress_callback.py:218
                    loss:5.481747, finished 9.88%.                              
[20:35:05] INFO     Rank: 0 - Epoch:1/20, Batch:162,    progress_callback.py:218
                    loss:5.11924, finished 9.91%.                               
           INFO     Rank: 0 - Epoch:1/20, Batch:163,    progress_callback.py:218
                    loss:5.378807, finished 9.94%.                              
[20:35:06] INFO     Rank: 0 - Epoch:1/20, Batch:164,    progress_callback.py:218
                    loss:5.267633, finished 9.97%.                              
           INFO     Rank: 0 - Epoch:1/20, Batch:165,    progress_callback.py:218
                    loss:5.594831, finished 10.0%.                              
           INFO     Rank: 0 -                           progress_callback.py:204
                    **********Epoch:2 starts**********                          
           INFO     Rank: 0 - Epoch:2/20, Batch:1,      progress_callback.py:218
                    loss:5.178304, finished 10.03%.                             
[20:35:07] INFO     Rank: 0 - Epoch:2/20, Batch:2,      progress_callback.py:218
                    loss:5.237033, finished 10.06%.                             
           INFO     Rank: 0 - Epoch:2/20, Batch:3,      progress_callback.py:218
                    loss:5.454973, finished 10.09%.                             
[20:35:08] INFO     Rank: 0 - Epoch:2/20, Batch:4,      progress_callback.py:218
                    loss:5.16431, finished 10.12%.                              
           INFO     Rank: 0 - Epoch:2/20, Batch:5,      progress_callback.py:218
                    loss:5.351645, finished 10.15%.                             
[20:35:09] INFO     Rank: 0 - Epoch:2/20, Batch:6,      progress_callback.py:218
                    loss:5.39643, finished 10.18%.                              
           INFO     Rank: 0 - Epoch:2/20, Batch:7,      progress_callback.py:218
                    loss:5.422389, finished 10.21%.                             
           INFO     Rank: 0 - Epoch:2/20, Batch:8,      progress_callback.py:218
                    loss:5.568196, finished 10.24%.                             
[20:35:10] INFO     Rank: 0 - Epoch:2/20, Batch:9,      progress_callback.py:218
                    loss:5.499449, finished 10.27%.                             
           INFO     Rank: 0 - Epoch:2/20, Batch:10,     progress_callback.py:218
                    loss:5.100066, finished 10.3%.                              
[20:35:11] INFO     Rank: 0 - Epoch:2/20, Batch:11,     progress_callback.py:218
                    loss:5.34444, finished 10.33%.                              
           INFO     Rank: 0 - Epoch:2/20, Batch:12,     progress_callback.py:218
                    loss:4.83786, finished 10.36%.                              
[20:35:12] INFO     Rank: 0 - Epoch:2/20, Batch:13,     progress_callback.py:218
                    loss:5.416063, finished 10.39%.                             
           INFO     Rank: 0 - Epoch:2/20, Batch:14,     progress_callback.py:218
                    loss:5.398266, finished 10.42%.                             
           INFO     Rank: 0 - Epoch:2/20, Batch:15,     progress_callback.py:218
                    loss:5.118225, finished 10.45%.                             
[20:35:13] INFO     Rank: 0 - Epoch:2/20, Batch:16,     progress_callback.py:218
                    loss:5.427345, finished 10.48%.                             
           INFO     Rank: 0 - Epoch:2/20, Batch:17,     progress_callback.py:218
                    loss:5.315156, finished 10.52%.                             
[20:35:14] INFO     Rank: 0 - Epoch:2/20, Batch:18,     progress_callback.py:218
                    loss:5.070753, finished 10.55%.                             
           INFO     Rank: 0 - Epoch:2/20, Batch:19,     progress_callback.py:218
                    loss:5.197368, finished 10.58%.                             
[20:35:15] INFO     Rank: 0 - Epoch:2/20, Batch:20,     progress_callback.py:218
                    loss:5.551876, finished 10.61%.                             
           INFO     Rank: 0 - Epoch:2/20, Batch:21,     progress_callback.py:218
                    loss:5.084193, finished 10.64%.                             
           INFO     Rank: 0 - Epoch:2/20, Batch:22,     progress_callback.py:218
                    loss:5.231287, finished 10.67%.                             
[20:35:16] INFO     Rank: 0 - Epoch:2/20, Batch:23,     progress_callback.py:218
                    loss:5.218205, finished 10.7%.                              
           INFO     Rank: 0 - Epoch:2/20, Batch:24,     progress_callback.py:218
                    loss:5.318821, finished 10.73%.                             
[20:35:17] INFO     Rank: 0 - Epoch:2/20, Batch:25,     progress_callback.py:218
                    loss:5.156256, finished 10.76%.                             
           INFO     Rank: 0 - Epoch:2/20, Batch:26,     progress_callback.py:218
                    loss:5.262155, finished 10.79%.                             
[20:35:18] INFO     Rank: 0 - Epoch:2/20, Batch:27,     progress_callback.py:218
                    loss:5.43953, finished 10.82%.                              
           INFO     Rank: 0 - Epoch:2/20, Batch:28,     progress_callback.py:218
                    loss:5.086472, finished 10.85%.                             
           INFO     Rank: 0 - Epoch:2/20, Batch:29,     progress_callback.py:218
                    loss:5.285529, finished 10.88%.                             
[20:35:19] INFO     Rank: 0 - Epoch:2/20, Batch:30,     progress_callback.py:218
                    loss:5.270323, finished 10.91%.                             
           INFO     Rank: 0 -                                   evaluator.py:317
                    **********Evaluation starts**********                       
[20:35:40] INFO     Rank: 0 - **********Evaluation              evaluator.py:349
                    ends**********                                              
                                                                                
           INFO     Rank: 0 - ----------Eval. results   progress_callback.py:233
                    on Epoch:2, Batch:30----------                              
           INFO     Rank: 0 -                           progress_callback.py:238
                    {"torch_ngram#ngram-overlap":                               
                    0.27370697259902954}                                        
           INFO     Rank: 0 - Epoch:2/20, Batch:31,     progress_callback.py:218
                    loss:4.879566, finished 10.94%.                             
[20:35:41] INFO     Rank: 0 - Epoch:2/20, Batch:32,     progress_callback.py:218
                    loss:5.31621, finished 10.97%.                              
           INFO     Rank: 0 - Epoch:2/20, Batch:33,     progress_callback.py:218
                    loss:5.317855, finished 11.0%.                              
[20:35:42] INFO     Rank: 0 - Epoch:2/20, Batch:34,     progress_callback.py:218
                    loss:5.448256, finished 11.03%.                             
           INFO     Rank: 0 - Epoch:2/20, Batch:35,     progress_callback.py:218
                    loss:4.927381, finished 11.06%.                             
[20:35:43] INFO     Rank: 0 - Epoch:2/20, Batch:36,     progress_callback.py:218
                    loss:4.934619, finished 11.09%.                             
           INFO     Rank: 0 - Epoch:2/20, Batch:37,     progress_callback.py:218
                    loss:5.002488, finished 11.12%.                             
[20:35:44] INFO     Rank: 0 - Epoch:2/20, Batch:38,     progress_callback.py:218
                    loss:5.302599, finished 11.15%.                             
           INFO     Rank: 0 - Epoch:2/20, Batch:39,     progress_callback.py:218
                    loss:5.458289, finished 11.18%.                             
[20:35:45] INFO     Rank: 0 - Epoch:2/20, Batch:40,     progress_callback.py:218
                    loss:4.911336, finished 11.21%.                             
           INFO     Rank: 0 - Epoch:2/20, Batch:41,     progress_callback.py:218
                    loss:5.634421, finished 11.24%.                             
[20:35:46] INFO     Rank: 0 - Epoch:2/20, Batch:42,     progress_callback.py:218
                    loss:4.625184, finished 11.27%.                             
           INFO     Rank: 0 - Epoch:2/20, Batch:43,     progress_callback.py:218
                    loss:4.559479, finished 11.3%.                              
[20:35:47] INFO     Rank: 0 - Epoch:2/20, Batch:44,     progress_callback.py:218
                    loss:5.339221, finished 11.33%.                             
           INFO     Rank: 0 - Epoch:2/20, Batch:45,     progress_callback.py:218
                    loss:5.360743, finished 11.36%.                             
[20:35:48] INFO     Rank: 0 - Epoch:2/20, Batch:46,     progress_callback.py:218
                    loss:5.033705, finished 11.39%.                             
           INFO     Rank: 0 - Epoch:2/20, Batch:47,     progress_callback.py:218
                    loss:5.281383, finished 11.42%.                             
[20:35:49] INFO     Rank: 0 - Epoch:2/20, Batch:48,     progress_callback.py:218
                    loss:5.035463, finished 11.45%.                             
           INFO     Rank: 0 - Epoch:2/20, Batch:49,     progress_callback.py:218
                    loss:5.196713, finished 11.48%.                             
           INFO     Rank: 0 - Epoch:2/20, Batch:50,     progress_callback.py:218
                    loss:5.074817, finished 11.52%.                             
[20:35:50] INFO     Rank: 0 - Epoch:2/20, Batch:51,     progress_callback.py:218
                    loss:5.287276, finished 11.55%.                             
           INFO     Rank: 0 - Epoch:2/20, Batch:52,     progress_callback.py:218
                    loss:5.270593, finished 11.58%.                             
[20:35:51] INFO     Rank: 0 - Epoch:2/20, Batch:53,     progress_callback.py:218
                    loss:5.474952, finished 11.61%.                             
           INFO     Rank: 0 - Epoch:2/20, Batch:54,     progress_callback.py:218
                    loss:5.258992, finished 11.64%.                             
[20:35:52] INFO     Rank: 0 - Epoch:2/20, Batch:55,     progress_callback.py:218
                    loss:5.157819, finished 11.67%.                             
           INFO     Rank: 0 - Epoch:2/20, Batch:56,     progress_callback.py:218
                    loss:5.101214, finished 11.7%.                              
[20:35:53] INFO     Rank: 0 - Epoch:2/20, Batch:57,     progress_callback.py:218
                    loss:5.148663, finished 11.73%.                             
           INFO     Rank: 0 - Epoch:2/20, Batch:58,     progress_callback.py:218
                    loss:4.782679, finished 11.76%.                             
[20:35:54] INFO     Rank: 0 - Epoch:2/20, Batch:59,     progress_callback.py:218
                    loss:5.099082, finished 11.79%.                             
           INFO     Rank: 0 - Epoch:2/20, Batch:60,     progress_callback.py:218
                    loss:5.144851, finished 11.82%.                             
[20:35:55] INFO     Rank: 0 - Epoch:2/20, Batch:61,     progress_callback.py:218
                    loss:4.95741, finished 11.85%.                              
           INFO     Rank: 0 - Epoch:2/20, Batch:62,     progress_callback.py:218
                    loss:5.046222, finished 11.88%.                             
[20:35:56] INFO     Rank: 0 - Epoch:2/20, Batch:63,     progress_callback.py:218
                    loss:5.039004, finished 11.91%.                             
           INFO     Rank: 0 - Epoch:2/20, Batch:64,     progress_callback.py:218
                    loss:5.245863, finished 11.94%.                             
[20:35:57] INFO     Rank: 0 - Epoch:2/20, Batch:65,     progress_callback.py:218
                    loss:5.008585, finished 11.97%.                             
           INFO     Rank: 0 - Epoch:2/20, Batch:66,     progress_callback.py:218
                    loss:5.137131, finished 12.0%.                              
[20:35:58] INFO     Rank: 0 - Epoch:2/20, Batch:67,     progress_callback.py:218
                    loss:4.93475, finished 12.03%.                              
           INFO     Rank: 0 - Epoch:2/20, Batch:68,     progress_callback.py:218
                    loss:5.395649, finished 12.06%.                             
[20:35:59] INFO     Rank: 0 - Epoch:2/20, Batch:69,     progress_callback.py:218
                    loss:5.120393, finished 12.09%.                             
           INFO     Rank: 0 - Epoch:2/20, Batch:70,     progress_callback.py:218
                    loss:5.151705, finished 12.12%.                             
           INFO     Rank: 0 -                                   evaluator.py:317
                    **********Evaluation starts**********                       
[20:36:15] INFO     Rank: 0 - **********Evaluation              evaluator.py:349
                    ends**********                                              
                                                                                
           INFO     Rank: 0 - ----------Eval. results   progress_callback.py:233
                    on Epoch:2, Batch:70----------                              
           INFO     Rank: 0 -                           progress_callback.py:238
                    {"torch_ngram#ngram-overlap":                               
                    0.27370697259902954}                                        
           INFO     Rank: 0 - Epoch:2/20, Batch:71,     progress_callback.py:218
                    loss:5.039201, finished 12.15%.                             
[20:36:16] INFO     Rank: 0 - Epoch:2/20, Batch:72,     progress_callback.py:218
                    loss:4.883979, finished 12.18%.                             
           INFO     Rank: 0 - Epoch:2/20, Batch:73,     progress_callback.py:218
                    loss:4.91466, finished 12.21%.                              
[20:36:17] INFO     Rank: 0 - Epoch:2/20, Batch:74,     progress_callback.py:218
                    loss:5.13475, finished 12.24%.                              
           INFO     Rank: 0 - Epoch:2/20, Batch:75,     progress_callback.py:218
                    loss:4.993295, finished 12.27%.                             
           INFO     Rank: 0 - Epoch:2/20, Batch:76,     progress_callback.py:218
                    loss:4.894085, finished 12.3%.                              
[20:36:18] INFO     Rank: 0 - Epoch:2/20, Batch:77,     progress_callback.py:218
                    loss:4.945251, finished 12.33%.                             
           INFO     Rank: 0 - Epoch:2/20, Batch:78,     progress_callback.py:218
                    loss:4.769961, finished 12.36%.                             
[20:36:19] INFO     Rank: 0 - Epoch:2/20, Batch:79,     progress_callback.py:218
                    loss:4.988626, finished 12.39%.                             
           INFO     Rank: 0 - Epoch:2/20, Batch:80,     progress_callback.py:218
                    loss:4.879658, finished 12.42%.                             
[20:36:20] INFO     Rank: 0 - Epoch:2/20, Batch:81,     progress_callback.py:218
                    loss:4.803408, finished 12.45%.                             
           INFO     Rank: 0 - Epoch:2/20, Batch:82,     progress_callback.py:218
                    loss:4.48308, finished 12.48%.                              
           INFO     Rank: 0 - Epoch:2/20, Batch:83,     progress_callback.py:218
                    loss:4.627257, finished 12.52%.                             
[20:36:21] INFO     Rank: 0 - Epoch:2/20, Batch:84,     progress_callback.py:218
                    loss:5.141743, finished 12.55%.                             
           INFO     Rank: 0 - Epoch:2/20, Batch:85,     progress_callback.py:218
                    loss:5.057652, finished 12.58%.                             
[20:36:22] INFO     Rank: 0 - Epoch:2/20, Batch:86,     progress_callback.py:218
                    loss:4.98068, finished 12.61%.                              
           INFO     Rank: 0 - Epoch:2/20, Batch:87,     progress_callback.py:218
                    loss:4.559953, finished 12.64%.                             
[20:36:23] INFO     Rank: 0 - Epoch:2/20, Batch:88,     progress_callback.py:218
                    loss:4.904696, finished 12.67%.                             
           INFO     Rank: 0 - Epoch:2/20, Batch:89,     progress_callback.py:218
                    loss:5.257081, finished 12.7%.                              
           INFO     Rank: 0 - Epoch:2/20, Batch:90,     progress_callback.py:218
                    loss:4.745571, finished 12.73%.                             
[20:36:24] INFO     Rank: 0 - Epoch:2/20, Batch:91,     progress_callback.py:218
                    loss:4.743927, finished 12.76%.                             
           INFO     Rank: 0 - Epoch:2/20, Batch:92,     progress_callback.py:218
                    loss:4.944168, finished 12.79%.                             
[20:36:25] INFO     Rank: 0 - Epoch:2/20, Batch:93,     progress_callback.py:218
                    loss:4.667533, finished 12.82%.                             
           INFO     Rank: 0 - Epoch:2/20, Batch:94,     progress_callback.py:218
                    loss:4.599448, finished 12.85%.                             
[20:36:26] INFO     Rank: 0 - Epoch:2/20, Batch:95,     progress_callback.py:218
                    loss:5.067066, finished 12.88%.                             
           INFO     Rank: 0 - Epoch:2/20, Batch:96,     progress_callback.py:218
                    loss:4.840485, finished 12.91%.                             
           INFO     Rank: 0 - Epoch:2/20, Batch:97,     progress_callback.py:218
                    loss:4.872915, finished 12.94%.                             
[20:36:27] INFO     Rank: 0 - Epoch:2/20, Batch:98,     progress_callback.py:218
                    loss:4.95438, finished 12.97%.                              
           INFO     Rank: 0 - Epoch:2/20, Batch:99,     progress_callback.py:218
                    loss:4.891033, finished 13.0%.                              
[20:36:28] INFO     Rank: 0 - Epoch:2/20, Batch:100,    progress_callback.py:218
                    loss:4.979841, finished 13.03%.                             
           INFO     Rank: 0 - Epoch:2/20, Batch:101,    progress_callback.py:218
                    loss:4.707991, finished 13.06%.                             
[20:36:29] INFO     Rank: 0 - Epoch:2/20, Batch:102,    progress_callback.py:218
                    loss:4.800894, finished 13.09%.                             
           INFO     Rank: 0 - Epoch:2/20, Batch:103,    progress_callback.py:218
                    loss:4.850912, finished 13.12%.                             
           INFO     Rank: 0 - Epoch:2/20, Batch:104,    progress_callback.py:218
                    loss:4.828023, finished 13.15%.                             
[20:36:30] INFO     Rank: 0 - Epoch:2/20, Batch:105,    progress_callback.py:218
                    loss:4.96514, finished 13.18%.                              
           INFO     Rank: 0 - Epoch:2/20, Batch:106,    progress_callback.py:218
                    loss:4.792267, finished 13.21%.                             
[20:36:31] INFO     Rank: 0 - Epoch:2/20, Batch:107,    progress_callback.py:218
                    loss:4.768962, finished 13.24%.                             
           INFO     Rank: 0 - Epoch:2/20, Batch:108,    progress_callback.py:218
                    loss:4.868518, finished 13.27%.                             
[20:36:32] INFO     Rank: 0 - Epoch:2/20, Batch:109,    progress_callback.py:218
                    loss:4.807467, finished 13.3%.                              
           INFO     Rank: 0 - Epoch:2/20, Batch:110,    progress_callback.py:218
                    loss:4.937275, finished 13.33%.                             
           INFO     Rank: 0 -                                   evaluator.py:317
                    **********Evaluation starts**********                       
[20:36:51] INFO     Rank: 0 - **********Evaluation              evaluator.py:349
                    ends**********                                              
                                                                                
           INFO     Rank: 0 - ----------Eval. results   progress_callback.py:233
                    on Epoch:2, Batch:110----------                             
           INFO     Rank: 0 -                           progress_callback.py:238
                    {"torch_ngram#ngram-overlap":                               
                    0.27370697259902954}                                        
           INFO     Rank: 0 - Epoch:2/20, Batch:111,    progress_callback.py:218
                    loss:4.720784, finished 13.36%.                             
[20:36:52] INFO     Rank: 0 - Epoch:2/20, Batch:112,    progress_callback.py:218
                    loss:4.892629, finished 13.39%.                             
           INFO     Rank: 0 - Epoch:2/20, Batch:113,    progress_callback.py:218
                    loss:5.138475, finished 13.42%.                             
[20:36:53] INFO     Rank: 0 - Epoch:2/20, Batch:114,    progress_callback.py:218
                    loss:4.852189, finished 13.45%.                             
           INFO     Rank: 0 - Epoch:2/20, Batch:115,    progress_callback.py:218
                    loss:4.590102, finished 13.48%.                             
           INFO     Rank: 0 - Epoch:2/20, Batch:116,    progress_callback.py:218
                    loss:4.690053, finished 13.52%.                             
[20:36:54] INFO     Rank: 0 - Epoch:2/20, Batch:117,    progress_callback.py:218
                    loss:4.715955, finished 13.55%.                             
[20:36:55] INFO     Rank: 0 - Epoch:2/20, Batch:118,    progress_callback.py:218
                    loss:4.272742, finished 13.58%.                             
           INFO     Rank: 0 - Epoch:2/20, Batch:119,    progress_callback.py:218
                    loss:4.786824, finished 13.61%.                             
           INFO     Rank: 0 - Epoch:2/20, Batch:120,    progress_callback.py:218
                    loss:4.962742, finished 13.64%.                             
[20:36:56] INFO     Rank: 0 - Epoch:2/20, Batch:121,    progress_callback.py:218
                    loss:4.800654, finished 13.67%.                             
           INFO     Rank: 0 - Epoch:2/20, Batch:122,    progress_callback.py:218
                    loss:5.075442, finished 13.7%.                              
[20:36:57] INFO     Rank: 0 - Epoch:2/20, Batch:123,    progress_callback.py:218
                    loss:4.639706, finished 13.73%.                             
           INFO     Rank: 0 - Epoch:2/20, Batch:124,    progress_callback.py:218
                    loss:4.748359, finished 13.76%.                             
[20:36:58] INFO     Rank: 0 - Epoch:2/20, Batch:125,    progress_callback.py:218
                    loss:4.70598, finished 13.79%.                              
           INFO     Rank: 0 - Epoch:2/20, Batch:126,    progress_callback.py:218
                    loss:4.762934, finished 13.82%.                             
           INFO     Rank: 0 - Epoch:2/20, Batch:127,    progress_callback.py:218
                    loss:5.010429, finished 13.85%.                             
[20:36:59] INFO     Rank: 0 - Epoch:2/20, Batch:128,    progress_callback.py:218
                    loss:4.444395, finished 13.88%.                             
           INFO     Rank: 0 - Epoch:2/20, Batch:129,    progress_callback.py:218
                    loss:4.930843, finished 13.91%.                             
[20:37:00] INFO     Rank: 0 - Epoch:2/20, Batch:130,    progress_callback.py:218
                    loss:4.779432, finished 13.94%.                             
           INFO     Rank: 0 - Epoch:2/20, Batch:131,    progress_callback.py:218
                    loss:4.774317, finished 13.97%.                             
[20:37:01] INFO     Rank: 0 - Epoch:2/20, Batch:132,    progress_callback.py:218
                    loss:4.220354, finished 14.0%.                              
           INFO     Rank: 0 - Epoch:2/20, Batch:133,    progress_callback.py:218
                    loss:4.464428, finished 14.03%.                             
           INFO     Rank: 0 - Epoch:2/20, Batch:134,    progress_callback.py:218
                    loss:4.739511, finished 14.06%.                             
[20:37:02] INFO     Rank: 0 - Epoch:2/20, Batch:135,    progress_callback.py:218
                    loss:4.492774, finished 14.09%.                             
           INFO     Rank: 0 - Epoch:2/20, Batch:136,    progress_callback.py:218
                    loss:4.530243, finished 14.12%.                             
[20:37:03] INFO     Rank: 0 - Epoch:2/20, Batch:137,    progress_callback.py:218
                    loss:4.59354, finished 14.15%.                              
           INFO     Rank: 0 - Epoch:2/20, Batch:138,    progress_callback.py:218
                    loss:4.749978, finished 14.18%.                             
           INFO     Rank: 0 - Epoch:2/20, Batch:139,    progress_callback.py:218
                    loss:4.685863, finished 14.21%.                             
[20:37:04] INFO     Rank: 0 - Epoch:2/20, Batch:140,    progress_callback.py:218
                    loss:4.878039, finished 14.24%.                             
           INFO     Rank: 0 - Epoch:2/20, Batch:141,    progress_callback.py:218
                    loss:4.872417, finished 14.27%.                             
[20:37:05] INFO     Rank: 0 - Epoch:2/20, Batch:142,    progress_callback.py:218
                    loss:4.721856, finished 14.3%.                              
           INFO     Rank: 0 - Epoch:2/20, Batch:143,    progress_callback.py:218
                    loss:4.729076, finished 14.33%.                             
[20:37:06] INFO     Rank: 0 - Epoch:2/20, Batch:144,    progress_callback.py:218
                    loss:4.674732, finished 14.36%.                             
           INFO     Rank: 0 - Epoch:2/20, Batch:145,    progress_callback.py:218
                    loss:4.314814, finished 14.39%.                             
           INFO     Rank: 0 - Epoch:2/20, Batch:146,    progress_callback.py:218
                    loss:4.805866, finished 14.42%.                             
[20:37:07] INFO     Rank: 0 - Epoch:2/20, Batch:147,    progress_callback.py:218
                    loss:4.859246, finished 14.45%.                             
           INFO     Rank: 0 - Epoch:2/20, Batch:148,    progress_callback.py:218
                    loss:4.850314, finished 14.48%.                             
[20:37:08] INFO     Rank: 0 - Epoch:2/20, Batch:149,    progress_callback.py:218
                    loss:4.687842, finished 14.52%.                             
           INFO     Rank: 0 - Epoch:2/20, Batch:150,    progress_callback.py:218
                    loss:4.680481, finished 14.55%.                             
           INFO     Rank: 0 -                                   evaluator.py:317
                    **********Evaluation starts**********                       
[20:37:29] INFO     Rank: 0 - **********Evaluation              evaluator.py:349
                    ends**********                                              
                                                                                
           INFO     Rank: 0 - ----------Eval. results   progress_callback.py:233
                    on Epoch:2, Batch:150----------                             
           INFO     Rank: 0 -                           progress_callback.py:238
                    {"torch_ngram#ngram-overlap":                               
                    0.27370697259902954}                                        
[20:37:30] INFO     Rank: 0 - Epoch:2/20, Batch:151,    progress_callback.py:218
                    loss:4.683022, finished 14.58%.                             
           INFO     Rank: 0 - Epoch:2/20, Batch:152,    progress_callback.py:218
                    loss:4.754557, finished 14.61%.                             
           INFO     Rank: 0 - Epoch:2/20, Batch:153,    progress_callback.py:218
                    loss:4.323133, finished 14.64%.                             
[20:37:31] INFO     Rank: 0 - Epoch:2/20, Batch:154,    progress_callback.py:218
                    loss:4.334717, finished 14.67%.                             
           INFO     Rank: 0 - Epoch:2/20, Batch:155,    progress_callback.py:218
                    loss:4.132473, finished 14.7%.                              
[20:37:32] INFO     Rank: 0 - Epoch:2/20, Batch:156,    progress_callback.py:218
                    loss:4.875978, finished 14.73%.                             
           INFO     Rank: 0 - Epoch:2/20, Batch:157,    progress_callback.py:218
                    loss:4.780982, finished 14.76%.                             
[20:37:33] INFO     Rank: 0 - Epoch:2/20, Batch:158,    progress_callback.py:218
                    loss:4.715173, finished 14.79%.                             
           INFO     Rank: 0 - Epoch:2/20, Batch:159,    progress_callback.py:218
                    loss:4.854394, finished 14.82%.                             
           INFO     Rank: 0 - Epoch:2/20, Batch:160,    progress_callback.py:218
                    loss:4.152346, finished 14.85%.                             
[20:37:34] INFO     Rank: 0 - Epoch:2/20, Batch:161,    progress_callback.py:218
                    loss:4.913648, finished 14.88%.                             
           INFO     Rank: 0 - Epoch:2/20, Batch:162,    progress_callback.py:218
                    loss:4.329559, finished 14.91%.                             
[20:37:35] INFO     Rank: 0 - Epoch:2/20, Batch:163,    progress_callback.py:218
                    loss:4.587577, finished 14.94%.                             
           INFO     Rank: 0 - Epoch:2/20, Batch:164,    progress_callback.py:218
                    loss:4.67092, finished 14.97%.                              
[20:37:36] INFO     Rank: 0 - Epoch:2/20, Batch:165,    progress_callback.py:218
                    loss:4.16673, finished 15.0%.                               
           INFO     Rank: 0 -                           progress_callback.py:204
                    **********Epoch:3 starts**********                          
           INFO     Rank: 0 - Epoch:3/20, Batch:1,      progress_callback.py:218
                    loss:4.629692, finished 15.03%.                             
           INFO     Rank: 0 - Epoch:3/20, Batch:2,      progress_callback.py:218
                    loss:4.196939, finished 15.06%.                             
[20:37:37] INFO     Rank: 0 - Epoch:3/20, Batch:3,      progress_callback.py:218
                    loss:4.670982, finished 15.09%.                             
           INFO     Rank: 0 - Epoch:3/20, Batch:4,      progress_callback.py:218
                    loss:4.61012, finished 15.12%.                              
[20:37:38] INFO     Rank: 0 - Epoch:3/20, Batch:5,      progress_callback.py:218
                    loss:4.639913, finished 15.15%.                             
           INFO     Rank: 0 - Epoch:3/20, Batch:6,      progress_callback.py:218
                    loss:4.49326, finished 15.18%.                              
[20:37:39] INFO     Rank: 0 - Epoch:3/20, Batch:7,      progress_callback.py:218
                    loss:4.687513, finished 15.21%.                             
           INFO     Rank: 0 - Epoch:3/20, Batch:8,      progress_callback.py:218
                    loss:4.397689, finished 15.24%.                             
           INFO     Rank: 0 - Epoch:3/20, Batch:9,      progress_callback.py:218
                    loss:4.447871, finished 15.27%.                             
[20:37:40] INFO     Rank: 0 - Epoch:3/20, Batch:10,     progress_callback.py:218
                    loss:4.171402, finished 15.3%.                              
           INFO     Rank: 0 - Epoch:3/20, Batch:11,     progress_callback.py:218
                    loss:4.384827, finished 15.33%.                             
[20:37:41] INFO     Rank: 0 - Epoch:3/20, Batch:12,     progress_callback.py:218
                    loss:4.739186, finished 15.36%.                             
           INFO     Rank: 0 - Epoch:3/20, Batch:13,     progress_callback.py:218
                    loss:4.775456, finished 15.39%.                             
[20:37:42] INFO     Rank: 0 - Epoch:3/20, Batch:14,     progress_callback.py:218
                    loss:4.600506, finished 15.42%.                             
           INFO     Rank: 0 - Epoch:3/20, Batch:15,     progress_callback.py:218
                    loss:4.598351, finished 15.45%.                             
           INFO     Rank: 0 - Epoch:3/20, Batch:16,     progress_callback.py:218
                    loss:4.372525, finished 15.48%.                             
[20:37:43] INFO     Rank: 0 - Epoch:3/20, Batch:17,     progress_callback.py:218
                    loss:4.929187, finished 15.52%.                             
           INFO     Rank: 0 - Epoch:3/20, Batch:18,     progress_callback.py:218
                    loss:4.463672, finished 15.55%.                             
[20:37:44] INFO     Rank: 0 - Epoch:3/20, Batch:19,     progress_callback.py:218
                    loss:4.44059, finished 15.58%.                              
           INFO     Rank: 0 - Epoch:3/20, Batch:20,     progress_callback.py:218
                    loss:4.645847, finished 15.61%.                             
[20:37:45] INFO     Rank: 0 - Epoch:3/20, Batch:21,     progress_callback.py:218
                    loss:4.378811, finished 15.64%.                             
           INFO     Rank: 0 - Epoch:3/20, Batch:22,     progress_callback.py:218
                    loss:4.431334, finished 15.67%.                             
[20:37:46] INFO     Rank: 0 - Epoch:3/20, Batch:23,     progress_callback.py:218
                    loss:4.28683, finished 15.7%.                               
           INFO     Rank: 0 - Epoch:3/20, Batch:24,     progress_callback.py:218
                    loss:4.385902, finished 15.73%.                             
           INFO     Rank: 0 - Epoch:3/20, Batch:25,     progress_callback.py:218
                    loss:4.935396, finished 15.76%.                             
           INFO     Rank: 0 -                                   evaluator.py:317
                    **********Evaluation starts**********                       
[20:38:07] INFO     Rank: 0 - **********Evaluation              evaluator.py:349
                    ends**********                                              
                                                                                
           INFO     Rank: 0 - ----------Eval. results   progress_callback.py:233
                    on Epoch:3, Batch:25----------                              
           INFO     Rank: 0 -                           progress_callback.py:238
                    {"torch_ngram#ngram-overlap":                               
                    0.27370697259902954}                                        
[20:38:08] INFO     Rank: 0 - Epoch:3/20, Batch:26,     progress_callback.py:218
                    loss:4.552314, finished 15.79%.                             
           INFO     Rank: 0 - Epoch:3/20, Batch:27,     progress_callback.py:218
                    loss:4.806367, finished 15.82%.                             
[20:38:09] INFO     Rank: 0 - Epoch:3/20, Batch:28,     progress_callback.py:218
                    loss:4.635792, finished 15.85%.                             
           INFO     Rank: 0 - Epoch:3/20, Batch:29,     progress_callback.py:218
                    loss:4.13998, finished 15.88%.                              
[20:38:10] INFO     Rank: 0 - Epoch:3/20, Batch:30,     progress_callback.py:218
                    loss:4.396995, finished 15.91%.                             
           INFO     Rank: 0 - Epoch:3/20, Batch:31,     progress_callback.py:218
                    loss:4.068401, finished 15.94%.                             
           INFO     Rank: 0 - Epoch:3/20, Batch:32,     progress_callback.py:218
                    loss:4.08396, finished 15.97%.                              
[20:38:11] INFO     Rank: 0 - Epoch:3/20, Batch:33,     progress_callback.py:218
                    loss:4.541388, finished 16.0%.                              
           INFO     Rank: 0 - Epoch:3/20, Batch:34,     progress_callback.py:218
                    loss:4.345682, finished 16.03%.                             
[20:38:12] INFO     Rank: 0 - Epoch:3/20, Batch:35,     progress_callback.py:218
                    loss:4.93505, finished 16.06%.                              
           INFO     Rank: 0 - Epoch:3/20, Batch:36,     progress_callback.py:218
                    loss:4.126024, finished 16.09%.                             
[20:38:13] INFO     Rank: 0 - Epoch:3/20, Batch:37,     progress_callback.py:218
                    loss:4.682626, finished 16.12%.                             
           INFO     Rank: 0 - Epoch:3/20, Batch:38,     progress_callback.py:218
                    loss:4.021889, finished 16.15%.                             
           INFO     Rank: 0 - Epoch:3/20, Batch:39,     progress_callback.py:218
                    loss:4.025726, finished 16.18%.                             
[20:38:14] INFO     Rank: 0 - Epoch:3/20, Batch:40,     progress_callback.py:218
                    loss:4.435567, finished 16.21%.                             
           INFO     Rank: 0 - Epoch:3/20, Batch:41,     progress_callback.py:218
                    loss:4.158593, finished 16.24%.                             
[20:38:15] INFO     Rank: 0 - Epoch:3/20, Batch:42,     progress_callback.py:218
                    loss:4.841879, finished 16.27%.                             
           INFO     Rank: 0 - Epoch:3/20, Batch:43,     progress_callback.py:218
                    loss:4.091237, finished 16.3%.                              
[20:38:16] INFO     Rank: 0 - Epoch:3/20, Batch:44,     progress_callback.py:218
                    loss:3.982409, finished 16.33%.                             
           INFO     Rank: 0 - Epoch:3/20, Batch:45,     progress_callback.py:218
                    loss:3.931719, finished 16.36%.                             
           INFO     Rank: 0 - Epoch:3/20, Batch:46,     progress_callback.py:218
                    loss:4.651886, finished 16.39%.                             
[20:38:17] INFO     Rank: 0 - Epoch:3/20, Batch:47,     progress_callback.py:218
                    loss:4.613027, finished 16.42%.                             
           INFO     Rank: 0 - Epoch:3/20, Batch:48,     progress_callback.py:218
                    loss:4.975948, finished 16.45%.                             
[20:38:18] INFO     Rank: 0 - Epoch:3/20, Batch:49,     progress_callback.py:218
                    loss:4.407329, finished 16.48%.                             
           INFO     Rank: 0 - Epoch:3/20, Batch:50,     progress_callback.py:218
                    loss:4.177691, finished 16.52%.                             
[20:38:19] INFO     Rank: 0 - Epoch:3/20, Batch:51,     progress_callback.py:218
                    loss:4.200672, finished 16.55%.                             
           INFO     Rank: 0 - Epoch:3/20, Batch:52,     progress_callback.py:218
                    loss:3.719097, finished 16.58%.                             
           INFO     Rank: 0 - Epoch:3/20, Batch:53,     progress_callback.py:218
                    loss:4.412103, finished 16.61%.                             
[20:38:20] INFO     Rank: 0 - Epoch:3/20, Batch:54,     progress_callback.py:218
                    loss:4.322157, finished 16.64%.                             
           INFO     Rank: 0 - Epoch:3/20, Batch:55,     progress_callback.py:218
                    loss:4.488007, finished 16.67%.                             
[20:38:21] INFO     Rank: 0 - Epoch:3/20, Batch:56,     progress_callback.py:218
                    loss:4.306558, finished 16.7%.                              
           INFO     Rank: 0 - Epoch:3/20, Batch:57,     progress_callback.py:218
                    loss:3.921569, finished 16.73%.                             
[20:38:22] INFO     Rank: 0 - Epoch:3/20, Batch:58,     progress_callback.py:218
                    loss:4.765224, finished 16.76%.                             
           INFO     Rank: 0 - Epoch:3/20, Batch:59,     progress_callback.py:218
                    loss:4.242014, finished 16.79%.                             
           INFO     Rank: 0 - Epoch:3/20, Batch:60,     progress_callback.py:218
                    loss:4.388281, finished 16.82%.                             
[20:38:23] INFO     Rank: 0 - Epoch:3/20, Batch:61,     progress_callback.py:218
                    loss:4.501328, finished 16.85%.                             
           INFO     Rank: 0 - Epoch:3/20, Batch:62,     progress_callback.py:218
                    loss:4.59316, finished 16.88%.                              
[20:38:24] INFO     Rank: 0 - Epoch:3/20, Batch:63,     progress_callback.py:218
                    loss:4.115394, finished 16.91%.                             
           INFO     Rank: 0 - Epoch:3/20, Batch:64,     progress_callback.py:218
                    loss:4.303838, finished 16.94%.                             
[20:38:25] INFO     Rank: 0 - Epoch:3/20, Batch:65,     progress_callback.py:218
                    loss:3.846763, finished 16.97%.                             
           INFO     Rank: 0 -                                   evaluator.py:317
                    **********Evaluation starts**********                       
[20:38:44] INFO     Rank: 0 - **********Evaluation              evaluator.py:349
                    ends**********                                              
                                                                                
           INFO     Rank: 0 - ----------Eval. results   progress_callback.py:233
                    on Epoch:3, Batch:65----------                              
           INFO     Rank: 0 -                           progress_callback.py:238
                    {"torch_ngram#ngram-overlap":                               
                    0.27370697259902954}                                        
           INFO     Rank: 0 - Epoch:3/20, Batch:66,     progress_callback.py:218
                    loss:3.877017, finished 17.0%.                              
[20:38:45] INFO     Rank: 0 - Epoch:3/20, Batch:67,     progress_callback.py:218
                    loss:4.392568, finished 17.03%.                             
           INFO     Rank: 0 - Epoch:3/20, Batch:68,     progress_callback.py:218
                    loss:4.113624, finished 17.06%.                             
[20:38:46] INFO     Rank: 0 - Epoch:3/20, Batch:69,     progress_callback.py:218
                    loss:4.582515, finished 17.09%.                             
           INFO     Rank: 0 - Epoch:3/20, Batch:70,     progress_callback.py:218
                    loss:4.308369, finished 17.12%.                             
[20:38:47] INFO     Rank: 0 - Epoch:3/20, Batch:71,     progress_callback.py:218
                    loss:4.186971, finished 17.15%.                             
           INFO     Rank: 0 - Epoch:3/20, Batch:72,     progress_callback.py:218
                    loss:3.9197, finished 17.18%.                               
           INFO     Rank: 0 - Epoch:3/20, Batch:73,     progress_callback.py:218
                    loss:4.186676, finished 17.21%.                             
[20:38:48] INFO     Rank: 0 - Epoch:3/20, Batch:74,     progress_callback.py:218
                    loss:4.407955, finished 17.24%.                             
           INFO     Rank: 0 - Epoch:3/20, Batch:75,     progress_callback.py:218
                    loss:4.217647, finished 17.27%.                             
[20:38:49] INFO     Rank: 0 - Epoch:3/20, Batch:76,     progress_callback.py:218
                    loss:4.604125, finished 17.3%.                              
           INFO     Rank: 0 - Epoch:3/20, Batch:77,     progress_callback.py:218
                    loss:4.583341, finished 17.33%.                             
[20:38:50] INFO     Rank: 0 - Epoch:3/20, Batch:78,     progress_callback.py:218
                    loss:4.467432, finished 17.36%.                             
           INFO     Rank: 0 - Epoch:3/20, Batch:79,     progress_callback.py:218
                    loss:4.321695, finished 17.39%.                             
           INFO     Rank: 0 - Epoch:3/20, Batch:80,     progress_callback.py:218
                    loss:4.116406, finished 17.42%.                             
[20:38:51] INFO     Rank: 0 - Epoch:3/20, Batch:81,     progress_callback.py:218
                    loss:4.029473, finished 17.45%.                             
           INFO     Rank: 0 - Epoch:3/20, Batch:82,     progress_callback.py:218
                    loss:4.442736, finished 17.48%.                             
[20:38:52] INFO     Rank: 0 - Epoch:3/20, Batch:83,     progress_callback.py:218
                    loss:4.299506, finished 17.52%.                             
           INFO     Rank: 0 - Epoch:3/20, Batch:84,     progress_callback.py:218
                    loss:3.706928, finished 17.55%.                             
[20:38:53] INFO     Rank: 0 - Epoch:3/20, Batch:85,     progress_callback.py:218
                    loss:4.038651, finished 17.58%.                             
           INFO     Rank: 0 - Epoch:3/20, Batch:86,     progress_callback.py:218
                    loss:4.782468, finished 17.61%.                             
           INFO     Rank: 0 - Epoch:3/20, Batch:87,     progress_callback.py:218
                    loss:4.286131, finished 17.64%.                             
[20:38:54] INFO     Rank: 0 - Epoch:3/20, Batch:88,     progress_callback.py:218
                    loss:4.290062, finished 17.67%.                             
           INFO     Rank: 0 - Epoch:3/20, Batch:89,     progress_callback.py:218
                    loss:4.306186, finished 17.7%.                              
[20:38:55] INFO     Rank: 0 - Epoch:3/20, Batch:90,     progress_callback.py:218
                    loss:3.974205, finished 17.73%.                             
           INFO     Rank: 0 - Epoch:3/20, Batch:91,     progress_callback.py:218
                    loss:4.371212, finished 17.76%.                             
[20:38:56] INFO     Rank: 0 - Epoch:3/20, Batch:92,     progress_callback.py:218
                    loss:4.373436, finished 17.79%.                             
           INFO     Rank: 0 - Epoch:3/20, Batch:93,     progress_callback.py:218
                    loss:3.969793, finished 17.82%.                             
           INFO     Rank: 0 - Epoch:3/20, Batch:94,     progress_callback.py:218
                    loss:4.210678, finished 17.85%.                             
[20:38:57] INFO     Rank: 0 - Epoch:3/20, Batch:95,     progress_callback.py:218
                    loss:4.333631, finished 17.88%.                             
           INFO     Rank: 0 - Epoch:3/20, Batch:96,     progress_callback.py:218
                    loss:4.15861, finished 17.91%.                              
[20:38:58] INFO     Rank: 0 - Epoch:3/20, Batch:97,     progress_callback.py:218
                    loss:4.210944, finished 17.94%.                             
           INFO     Rank: 0 - Epoch:3/20, Batch:98,     progress_callback.py:218
                    loss:4.286799, finished 17.97%.                             
[20:38:59] INFO     Rank: 0 - Epoch:3/20, Batch:99,     progress_callback.py:218
                    loss:4.27764, finished 18.0%.                               
           INFO     Rank: 0 - Epoch:3/20, Batch:100,    progress_callback.py:218
                    loss:4.300928, finished 18.03%.                             
           INFO     Rank: 0 - Epoch:3/20, Batch:101,    progress_callback.py:218
                    loss:4.419622, finished 18.06%.                             
[20:39:00] INFO     Rank: 0 - Epoch:3/20, Batch:102,    progress_callback.py:218
                    loss:4.27577, finished 18.09%.                              
           INFO     Rank: 0 - Epoch:3/20, Batch:103,    progress_callback.py:218
                    loss:4.143974, finished 18.12%.                             
[20:39:01] INFO     Rank: 0 - Epoch:3/20, Batch:104,    progress_callback.py:218
                    loss:4.183693, finished 18.15%.                             
           INFO     Rank: 0 - Epoch:3/20, Batch:105,    progress_callback.py:218
                    loss:3.995764, finished 18.18%.                             
           INFO     Rank: 0 -                                   evaluator.py:317
                    **********Evaluation starts**********                       
[20:39:20] INFO     Rank: 0 - **********Evaluation              evaluator.py:349
                    ends**********                                              
                                                                                
           INFO     Rank: 0 - ----------Eval. results   progress_callback.py:233
                    on Epoch:3, Batch:105----------                             
           INFO     Rank: 0 -                           progress_callback.py:238
                    {"torch_ngram#ngram-overlap":                               
                    0.27370697259902954}                                        
[20:39:21] INFO     Rank: 0 - Epoch:3/20, Batch:106,    progress_callback.py:218
                    loss:3.960649, finished 18.21%.                             
           INFO     Rank: 0 - Epoch:3/20, Batch:107,    progress_callback.py:218
                    loss:3.616951, finished 18.24%.                             
[20:39:22] INFO     Rank: 0 - Epoch:3/20, Batch:108,    progress_callback.py:218
                    loss:4.399611, finished 18.27%.                             
           INFO     Rank: 0 - Epoch:3/20, Batch:109,    progress_callback.py:218
                    loss:4.317637, finished 18.3%.                              
[20:39:23] INFO     Rank: 0 - Epoch:3/20, Batch:110,    progress_callback.py:218
                    loss:4.285705, finished 18.33%.                             
           INFO     Rank: 0 - Epoch:3/20, Batch:111,    progress_callback.py:218
                    loss:4.054027, finished 18.36%.                             
[20:39:24] INFO     Rank: 0 - Epoch:3/20, Batch:112,    progress_callback.py:218
                    loss:4.49438, finished 18.39%.                              
           INFO     Rank: 0 - Epoch:3/20, Batch:113,    progress_callback.py:218
                    loss:4.226619, finished 18.42%.                             
           INFO     Rank: 0 - Epoch:3/20, Batch:114,    progress_callback.py:218
                    loss:4.405763, finished 18.45%.                             
[20:39:25] INFO     Rank: 0 - Epoch:3/20, Batch:115,    progress_callback.py:218
                    loss:4.376988, finished 18.48%.                             
           INFO     Rank: 0 - Epoch:3/20, Batch:116,    progress_callback.py:218
                    loss:3.964933, finished 18.52%.                             
[20:39:26] INFO     Rank: 0 - Epoch:3/20, Batch:117,    progress_callback.py:218
                    loss:3.773265, finished 18.55%.                             
           INFO     Rank: 0 - Epoch:3/20, Batch:118,    progress_callback.py:218
                    loss:4.108122, finished 18.58%.                             
[20:39:27] INFO     Rank: 0 - Epoch:3/20, Batch:119,    progress_callback.py:218
                    loss:4.535706, finished 18.61%.                             
           INFO     Rank: 0 - Epoch:3/20, Batch:120,    progress_callback.py:218
                    loss:4.411864, finished 18.64%.                             
           INFO     Rank: 0 - Epoch:3/20, Batch:121,    progress_callback.py:218
                    loss:4.010463, finished 18.67%.                             
[20:39:28] INFO     Rank: 0 - Epoch:3/20, Batch:122,    progress_callback.py:218
                    loss:4.030747, finished 18.7%.                              
           INFO     Rank: 0 - Epoch:3/20, Batch:123,    progress_callback.py:218
                    loss:4.062447, finished 18.73%.                             
[20:39:29] INFO     Rank: 0 - Epoch:3/20, Batch:124,    progress_callback.py:218
                    loss:3.878216, finished 18.76%.                             
           INFO     Rank: 0 - Epoch:3/20, Batch:125,    progress_callback.py:218
                    loss:4.233599, finished 18.79%.                             
[20:39:30] INFO     Rank: 0 - Epoch:3/20, Batch:126,    progress_callback.py:218
                    loss:4.119207, finished 18.82%.                             
           INFO     Rank: 0 - Epoch:3/20, Batch:127,    progress_callback.py:218
                    loss:3.636812, finished 18.85%.                             
           INFO     Rank: 0 - Epoch:3/20, Batch:128,    progress_callback.py:218
                    loss:3.896032, finished 18.88%.                             
[20:39:31] INFO     Rank: 0 - Epoch:3/20, Batch:129,    progress_callback.py:218
                    loss:4.084263, finished 18.91%.                             
           INFO     Rank: 0 - Epoch:3/20, Batch:130,    progress_callback.py:218
                    loss:4.26478, finished 18.94%.                              
[20:39:32] INFO     Rank: 0 - Epoch:3/20, Batch:131,    progress_callback.py:218
                    loss:3.862425, finished 18.97%.                             
           INFO     Rank: 0 - Epoch:3/20, Batch:132,    progress_callback.py:218
                    loss:4.028554, finished 19.0%.                              
[20:39:33] INFO     Rank: 0 - Epoch:3/20, Batch:133,    progress_callback.py:218
                    loss:3.758497, finished 19.03%.                             
           INFO     Rank: 0 - Epoch:3/20, Batch:134,    progress_callback.py:218
                    loss:4.142863, finished 19.06%.                             
           INFO     Rank: 0 - Epoch:3/20, Batch:135,    progress_callback.py:218
                    loss:4.204479, finished 19.09%.                             
[20:39:34] INFO     Rank: 0 - Epoch:3/20, Batch:136,    progress_callback.py:218
                    loss:3.985267, finished 19.12%.                             
           INFO     Rank: 0 - Epoch:3/20, Batch:137,    progress_callback.py:218
                    loss:3.602042, finished 19.15%.                             
[20:39:35] INFO     Rank: 0 - Epoch:3/20, Batch:138,    progress_callback.py:218
                    loss:3.993596, finished 19.18%.                             
           INFO     Rank: 0 - Epoch:3/20, Batch:139,    progress_callback.py:218
                    loss:3.781979, finished 19.21%.                             
[20:39:36] INFO     Rank: 0 - Epoch:3/20, Batch:140,    progress_callback.py:218
                    loss:3.871642, finished 19.24%.                             
           INFO     Rank: 0 - Epoch:3/20, Batch:141,    progress_callback.py:218
                    loss:3.863016, finished 19.27%.                             
           INFO     Rank: 0 - Epoch:3/20, Batch:142,    progress_callback.py:218
                    loss:3.939138, finished 19.3%.                              
[20:39:37] INFO     Rank: 0 - Epoch:3/20, Batch:143,    progress_callback.py:218
                    loss:3.809901, finished 19.33%.                             
           INFO     Rank: 0 - Epoch:3/20, Batch:144,    progress_callback.py:218
                    loss:3.960129, finished 19.36%.                             
[20:39:38] INFO     Rank: 0 - Epoch:3/20, Batch:145,    progress_callback.py:218
                    loss:4.347558, finished 19.39%.                             
           INFO     Rank: 0 -                                   evaluator.py:317
                    **********Evaluation starts**********                       
[20:39:56] INFO     Rank: 0 - **********Evaluation              evaluator.py:349
                    ends**********                                              
                                                                                
           INFO     Rank: 0 - ----------Eval. results   progress_callback.py:233
                    on Epoch:3, Batch:145----------                             
           INFO     Rank: 0 -                           progress_callback.py:238
                    {"torch_ngram#ngram-overlap":                               
                    0.27370697259902954}                                        
[20:39:57] INFO     Rank: 0 - Epoch:3/20, Batch:146,    progress_callback.py:218
                    loss:4.383649, finished 19.42%.                             
           INFO     Rank: 0 - Epoch:3/20, Batch:147,    progress_callback.py:218
                    loss:4.061937, finished 19.45%.                             
           INFO     Rank: 0 - Epoch:3/20, Batch:148,    progress_callback.py:218
                    loss:4.077229, finished 19.48%.                             
[20:39:58] INFO     Rank: 0 - Epoch:3/20, Batch:149,    progress_callback.py:218
                    loss:4.072058, finished 19.52%.                             
           INFO     Rank: 0 - Epoch:3/20, Batch:150,    progress_callback.py:218
                    loss:4.134169, finished 19.55%.                             
[20:39:59] INFO     Rank: 0 - Epoch:3/20, Batch:151,    progress_callback.py:218
                    loss:4.072626, finished 19.58%.                             
           INFO     Rank: 0 - Epoch:3/20, Batch:152,    progress_callback.py:218
                    loss:3.811768, finished 19.61%.                             
[20:40:00] INFO     Rank: 0 - Epoch:3/20, Batch:153,    progress_callback.py:218
                    loss:3.655896, finished 19.64%.                             
           INFO     Rank: 0 - Epoch:3/20, Batch:154,    progress_callback.py:218
                    loss:3.8593, finished 19.67%.                               
           INFO     Rank: 0 - Epoch:3/20, Batch:155,    progress_callback.py:218
                    loss:4.096333, finished 19.7%.                              
[20:40:01] INFO     Rank: 0 - Epoch:3/20, Batch:156,    progress_callback.py:218
                    loss:4.239516, finished 19.73%.                             
           INFO     Rank: 0 - Epoch:3/20, Batch:157,    progress_callback.py:218
                    loss:4.031155, finished 19.76%.                             
[20:40:02] INFO     Rank: 0 - Epoch:3/20, Batch:158,    progress_callback.py:218
                    loss:4.142016, finished 19.79%.                             
           INFO     Rank: 0 - Epoch:3/20, Batch:159,    progress_callback.py:218
                    loss:3.700321, finished 19.82%.                             
[20:40:03] INFO     Rank: 0 - Epoch:3/20, Batch:160,    progress_callback.py:218
                    loss:3.833893, finished 19.85%.                             
           INFO     Rank: 0 - Epoch:3/20, Batch:161,    progress_callback.py:218
                    loss:4.129369, finished 19.88%.                             
           INFO     Rank: 0 - Epoch:3/20, Batch:162,    progress_callback.py:218
                    loss:3.859544, finished 19.91%.                             
[20:40:04] INFO     Rank: 0 - Epoch:3/20, Batch:163,    progress_callback.py:218
                    loss:4.04714, finished 19.94%.                              
           INFO     Rank: 0 - Epoch:3/20, Batch:164,    progress_callback.py:218
                    loss:3.949062, finished 19.97%.                             
[20:40:05] INFO     Rank: 0 - Epoch:3/20, Batch:165,    progress_callback.py:218
                    loss:4.283696, finished 20.0%.                              
           INFO     Rank: 0 -                           progress_callback.py:204
                    **********Epoch:4 starts**********                          
           INFO     Rank: 0 - Epoch:4/20, Batch:1,      progress_callback.py:218
                    loss:3.77181, finished 20.03%.                              
[20:40:06] INFO     Rank: 0 - Epoch:4/20, Batch:2,      progress_callback.py:218
                    loss:4.536633, finished 20.06%.                             
           INFO     Rank: 0 - Epoch:4/20, Batch:3,      progress_callback.py:218
                    loss:3.95404, finished 20.09%.                              
           INFO     Rank: 0 - Epoch:4/20, Batch:4,      progress_callback.py:218
                    loss:4.387194, finished 20.12%.                             
[20:40:07] INFO     Rank: 0 - Epoch:4/20, Batch:5,      progress_callback.py:218
                    loss:3.392476, finished 20.15%.                             
           INFO     Rank: 0 - Epoch:4/20, Batch:6,      progress_callback.py:218
                    loss:3.992142, finished 20.18%.                             
[20:40:08] INFO     Rank: 0 - Epoch:4/20, Batch:7,      progress_callback.py:218
                    loss:3.420196, finished 20.21%.                             
           INFO     Rank: 0 - Epoch:4/20, Batch:8,      progress_callback.py:218
                    loss:3.819231, finished 20.24%.                             
[20:40:09] INFO     Rank: 0 - Epoch:4/20, Batch:9,      progress_callback.py:218
                    loss:3.541351, finished 20.27%.                             
           INFO     Rank: 0 - Epoch:4/20, Batch:10,     progress_callback.py:218
                    loss:4.082478, finished 20.3%.                              
           INFO     Rank: 0 - Epoch:4/20, Batch:11,     progress_callback.py:218
                    loss:4.250933, finished 20.33%.                             
[20:40:10] INFO     Rank: 0 - Epoch:4/20, Batch:12,     progress_callback.py:218
                    loss:3.391229, finished 20.36%.                             
           INFO     Rank: 0 - Epoch:4/20, Batch:13,     progress_callback.py:218
                    loss:3.676364, finished 20.39%.                             
[20:40:11] INFO     Rank: 0 - Epoch:4/20, Batch:14,     progress_callback.py:218
                    loss:3.864114, finished 20.42%.                             
           INFO     Rank: 0 - Epoch:4/20, Batch:15,     progress_callback.py:218
                    loss:3.907077, finished 20.45%.                             
           INFO     Rank: 0 - Epoch:4/20, Batch:16,     progress_callback.py:218
                    loss:3.39615, finished 20.48%.                              
[20:40:12] INFO     Rank: 0 - Epoch:4/20, Batch:17,     progress_callback.py:218
                    loss:3.78241, finished 20.52%.                              
           INFO     Rank: 0 - Epoch:4/20, Batch:18,     progress_callback.py:218
                    loss:4.18121, finished 20.55%.                              
[20:40:13] INFO     Rank: 0 - Epoch:4/20, Batch:19,     progress_callback.py:218
                    loss:4.31279, finished 20.58%.                              
           INFO     Rank: 0 - Epoch:4/20, Batch:20,     progress_callback.py:218
                    loss:3.78384, finished 20.61%.                              
           INFO     Rank: 0 -                                   evaluator.py:317
                    **********Evaluation starts**********                       
[20:40:32] INFO     Rank: 0 - **********Evaluation              evaluator.py:349
                    ends**********                                              
                                                                                
           INFO     Rank: 0 - ----------Eval. results   progress_callback.py:233
                    on Epoch:4, Batch:20----------                              
           INFO     Rank: 0 -                           progress_callback.py:238
                    {"torch_ngram#ngram-overlap":                               
                    0.27370697259902954}                                        
[20:40:33] INFO     Rank: 0 - Epoch:4/20, Batch:21,     progress_callback.py:218
                    loss:4.011037, finished 20.64%.                             
           INFO     Rank: 0 - Epoch:4/20, Batch:22,     progress_callback.py:218
                    loss:3.921724, finished 20.67%.                             
[20:40:34] INFO     Rank: 0 - Epoch:4/20, Batch:23,     progress_callback.py:218
                    loss:3.798225, finished 20.7%.                              
           INFO     Rank: 0 - Epoch:4/20, Batch:24,     progress_callback.py:218
                    loss:3.746316, finished 20.73%.                             
           INFO     Rank: 0 - Epoch:4/20, Batch:25,     progress_callback.py:218
                    loss:3.793154, finished 20.76%.                             
[20:40:35] INFO     Rank: 0 - Epoch:4/20, Batch:26,     progress_callback.py:218
                    loss:4.102664, finished 20.79%.                             
           INFO     Rank: 0 - Epoch:4/20, Batch:27,     progress_callback.py:218
                    loss:3.94058, finished 20.82%.                              
[20:40:36] INFO     Rank: 0 - Epoch:4/20, Batch:28,     progress_callback.py:218
                    loss:4.076217, finished 20.85%.                             
           INFO     Rank: 0 - Epoch:4/20, Batch:29,     progress_callback.py:218
                    loss:3.624771, finished 20.88%.                             
[20:40:37] INFO     Rank: 0 - Epoch:4/20, Batch:30,     progress_callback.py:218
                    loss:4.285859, finished 20.91%.                             
           INFO     Rank: 0 - Epoch:4/20, Batch:31,     progress_callback.py:218
                    loss:3.489061, finished 20.94%.                             
           INFO     Rank: 0 - Epoch:4/20, Batch:32,     progress_callback.py:218
                    loss:3.442398, finished 20.97%.                             
[20:40:38] INFO     Rank: 0 - Epoch:4/20, Batch:33,     progress_callback.py:218
                    loss:3.366347, finished 21.0%.                              
           INFO     Rank: 0 - Epoch:4/20, Batch:34,     progress_callback.py:218
                    loss:3.721777, finished 21.03%.                             
[20:40:39] INFO     Rank: 0 - Epoch:4/20, Batch:35,     progress_callback.py:218
                    loss:3.817707, finished 21.06%.                             
           INFO     Rank: 0 - Epoch:4/20, Batch:36,     progress_callback.py:218
                    loss:3.933566, finished 21.09%.                             
[20:40:40] INFO     Rank: 0 - Epoch:4/20, Batch:37,     progress_callback.py:218
                    loss:3.959321, finished 21.12%.                             
           INFO     Rank: 0 - Epoch:4/20, Batch:38,     progress_callback.py:218
                    loss:4.310411, finished 21.15%.                             
           INFO     Rank: 0 - Epoch:4/20, Batch:39,     progress_callback.py:218
                    loss:3.865831, finished 21.18%.                             
[20:40:41] INFO     Rank: 0 - Epoch:4/20, Batch:40,     progress_callback.py:218
                    loss:4.122528, finished 21.21%.                             
           INFO     Rank: 0 - Epoch:4/20, Batch:41,     progress_callback.py:218
                    loss:3.871875, finished 21.24%.                             
[20:40:42] INFO     Rank: 0 - Epoch:4/20, Batch:42,     progress_callback.py:218
                    loss:3.321425, finished 21.27%.                             
           INFO     Rank: 0 - Epoch:4/20, Batch:43,     progress_callback.py:218
                    loss:3.743887, finished 21.3%.                              
[20:40:43] INFO     Rank: 0 - Epoch:4/20, Batch:44,     progress_callback.py:218
                    loss:3.955989, finished 21.33%.                             
           INFO     Rank: 0 - Epoch:4/20, Batch:45,     progress_callback.py:218
                    loss:3.965828, finished 21.36%.                             
           INFO     Rank: 0 - Epoch:4/20, Batch:46,     progress_callback.py:218
                    loss:3.783922, finished 21.39%.                             
[20:40:44] INFO     Rank: 0 - Epoch:4/20, Batch:47,     progress_callback.py:218
                    loss:3.462253, finished 21.42%.                             
           INFO     Rank: 0 - Epoch:4/20, Batch:48,     progress_callback.py:218
                    loss:3.780737, finished 21.45%.                             
[20:40:45] INFO     Rank: 0 - Epoch:4/20, Batch:49,     progress_callback.py:218
                    loss:3.806547, finished 21.48%.                             
           INFO     Rank: 0 - Epoch:4/20, Batch:50,     progress_callback.py:218
                    loss:3.703538, finished 21.52%.                             
[20:40:46] INFO     Rank: 0 - Epoch:4/20, Batch:51,     progress_callback.py:218
                    loss:3.601726, finished 21.55%.                             
           INFO     Rank: 0 - Epoch:4/20, Batch:52,     progress_callback.py:218
                    loss:3.956945, finished 21.58%.                             
           INFO     Rank: 0 - Epoch:4/20, Batch:53,     progress_callback.py:218
                    loss:4.077928, finished 21.61%.                             
[20:40:47] INFO     Rank: 0 - Epoch:4/20, Batch:54,     progress_callback.py:218
                    loss:4.054967, finished 21.64%.                             
           INFO     Rank: 0 - Epoch:4/20, Batch:55,     progress_callback.py:218
                    loss:3.99904, finished 21.67%.                              
[20:40:48] INFO     Rank: 0 - Epoch:4/20, Batch:56,     progress_callback.py:218
                    loss:3.921897, finished 21.7%.                              
           INFO     Rank: 0 - Epoch:4/20, Batch:57,     progress_callback.py:218
                    loss:3.750594, finished 21.73%.                             
[20:40:49] INFO     Rank: 0 - Epoch:4/20, Batch:58,     progress_callback.py:218
                    loss:3.734557, finished 21.76%.                             
           INFO     Rank: 0 - Epoch:4/20, Batch:59,     progress_callback.py:218
                    loss:3.749071, finished 21.79%.                             
           INFO     Rank: 0 - Epoch:4/20, Batch:60,     progress_callback.py:218
                    loss:4.0518, finished 21.82%.                               
           INFO     Rank: 0 -                                   evaluator.py:317
                    **********Evaluation starts**********                       
[20:41:06] INFO     Rank: 0 - **********Evaluation              evaluator.py:349
                    ends**********                                              
                                                                                
           INFO     Rank: 0 - ----------Eval. results   progress_callback.py:233
                    on Epoch:4, Batch:60----------                              
           INFO     Rank: 0 -                           progress_callback.py:238
                    {"torch_ngram#ngram-overlap":                               
                    0.27370697259902954}                                        
           INFO     Rank: 0 - Epoch:4/20, Batch:61,     progress_callback.py:218
                    loss:3.902811, finished 21.85%.                             
[20:41:07] INFO     Rank: 0 - Epoch:4/20, Batch:62,     progress_callback.py:218
                    loss:3.390478, finished 21.88%.                             
           INFO     Rank: 0 - Epoch:4/20, Batch:63,     progress_callback.py:218
                    loss:3.8919, finished 21.91%.                               
           INFO     Rank: 0 - Epoch:4/20, Batch:64,     progress_callback.py:218
                    loss:2.986388, finished 21.94%.                             
[20:41:08] INFO     Rank: 0 - Epoch:4/20, Batch:65,     progress_callback.py:218
                    loss:4.204114, finished 21.97%.                             
           INFO     Rank: 0 - Epoch:4/20, Batch:66,     progress_callback.py:218
                    loss:3.704686, finished 22.0%.                              
[20:41:09] INFO     Rank: 0 - Epoch:4/20, Batch:67,     progress_callback.py:218
                    loss:3.730797, finished 22.03%.                             
           INFO     Rank: 0 - Epoch:4/20, Batch:68,     progress_callback.py:218
                    loss:3.836235, finished 22.06%.                             
[20:41:10] INFO     Rank: 0 - Epoch:4/20, Batch:69,     progress_callback.py:218
                    loss:4.123603, finished 22.09%.                             
           INFO     Rank: 0 - Epoch:4/20, Batch:70,     progress_callback.py:218
                    loss:3.844936, finished 22.12%.                             
           INFO     Rank: 0 - Epoch:4/20, Batch:71,     progress_callback.py:218
                    loss:3.532992, finished 22.15%.                             
[20:41:11] INFO     Rank: 0 - Epoch:4/20, Batch:72,     progress_callback.py:218
                    loss:3.870919, finished 22.18%.                             
           INFO     Rank: 0 - Epoch:4/20, Batch:73,     progress_callback.py:218
                    loss:3.702756, finished 22.21%.                             
[20:41:12] INFO     Rank: 0 - Epoch:4/20, Batch:74,     progress_callback.py:218
                    loss:2.880359, finished 22.24%.                             
           INFO     Rank: 0 - Epoch:4/20, Batch:75,     progress_callback.py:218
                    loss:3.664613, finished 22.27%.                             
[20:41:13] INFO     Rank: 0 - Epoch:4/20, Batch:76,     progress_callback.py:218
                    loss:3.850291, finished 22.3%.                              
           INFO     Rank: 0 - Epoch:4/20, Batch:77,     progress_callback.py:218
                    loss:3.675884, finished 22.33%.                             
           INFO     Rank: 0 - Epoch:4/20, Batch:78,     progress_callback.py:218
                    loss:3.42563, finished 22.36%.                              
[20:41:14] INFO     Rank: 0 - Epoch:4/20, Batch:79,     progress_callback.py:218
                    loss:3.687067, finished 22.39%.                             
           INFO     Rank: 0 - Epoch:4/20, Batch:80,     progress_callback.py:218
                    loss:3.325837, finished 22.42%.                             
[20:41:15] INFO     Rank: 0 - Epoch:4/20, Batch:81,     progress_callback.py:218
                    loss:3.717689, finished 22.45%.                             
           INFO     Rank: 0 - Epoch:4/20, Batch:82,     progress_callback.py:218
                    loss:3.539813, finished 22.48%.                             
[20:41:16] INFO     Rank: 0 - Epoch:4/20, Batch:83,     progress_callback.py:218
                    loss:3.974491, finished 22.52%.                             
           INFO     Rank: 0 - Epoch:4/20, Batch:84,     progress_callback.py:218
                    loss:3.765361, finished 22.55%.                             
           INFO     Rank: 0 - Epoch:4/20, Batch:85,     progress_callback.py:218
                    loss:3.93061, finished 22.58%.                              
[20:41:17] INFO     Rank: 0 - Epoch:4/20, Batch:86,     progress_callback.py:218
                    loss:3.601176, finished 22.61%.                             
           INFO     Rank: 0 - Epoch:4/20, Batch:87,     progress_callback.py:218
                    loss:3.608226, finished 22.64%.                             
[20:41:18] INFO     Rank: 0 - Epoch:4/20, Batch:88,     progress_callback.py:218
                    loss:3.533448, finished 22.67%.                             
           INFO     Rank: 0 - Epoch:4/20, Batch:89,     progress_callback.py:218
                    loss:3.716454, finished 22.7%.                              
           INFO     Rank: 0 - Epoch:4/20, Batch:90,     progress_callback.py:218
                    loss:3.957541, finished 22.73%.                             
[20:41:19] INFO     Rank: 0 - Epoch:4/20, Batch:91,     progress_callback.py:218
                    loss:3.25952, finished 22.76%.                              
           INFO     Rank: 0 - Epoch:4/20, Batch:92,     progress_callback.py:218
                    loss:4.289033, finished 22.79%.                             
[20:41:20] INFO     Rank: 0 - Epoch:4/20, Batch:93,     progress_callback.py:218
                    loss:3.31414, finished 22.82%.                              
           INFO     Rank: 0 - Epoch:4/20, Batch:94,     progress_callback.py:218
                    loss:3.74753, finished 22.85%.                              
[20:41:21] INFO     Rank: 0 - Epoch:4/20, Batch:95,     progress_callback.py:218
                    loss:3.794513, finished 22.88%.                             
           INFO     Rank: 0 - Epoch:4/20, Batch:96,     progress_callback.py:218
                    loss:3.554504, finished 22.91%.                             
           INFO     Rank: 0 - Epoch:4/20, Batch:97,     progress_callback.py:218
                    loss:3.905619, finished 22.94%.                             
[20:41:22] INFO     Rank: 0 - Epoch:4/20, Batch:98,     progress_callback.py:218
                    loss:3.795417, finished 22.97%.                             
           INFO     Rank: 0 - Epoch:4/20, Batch:99,     progress_callback.py:218
                    loss:3.744153, finished 23.0%.                              
[20:41:23] INFO     Rank: 0 - Epoch:4/20, Batch:100,    progress_callback.py:218
                    loss:3.275636, finished 23.03%.                             
           INFO     Rank: 0 -                                   evaluator.py:317
                    **********Evaluation starts**********                       
[20:41:36] INFO     Rank: 0 - **********Evaluation              evaluator.py:349
                    ends**********                                              
                                                                                
           INFO     Rank: 0 - ----------Eval. results   progress_callback.py:233
                    on Epoch:4, Batch:100----------                             
           INFO     Rank: 0 -                           progress_callback.py:238
                    {"torch_ngram#ngram-overlap":                               
                    0.27370697259902954}                                        
           INFO     Rank: 0 - Epoch:4/20, Batch:101,    progress_callback.py:218
                    loss:3.584735, finished 23.06%.                             
           INFO     Rank: 0 - Epoch:4/20, Batch:102,    progress_callback.py:218
                    loss:3.846613, finished 23.09%.                             
[20:41:37] INFO     Rank: 0 - Epoch:4/20, Batch:103,    progress_callback.py:218
                    loss:3.711445, finished 23.12%.                             
           INFO     Rank: 0 - Epoch:4/20, Batch:104,    progress_callback.py:218
                    loss:3.253574, finished 23.15%.                             
[20:41:38] INFO     Rank: 0 - Epoch:4/20, Batch:105,    progress_callback.py:218
                    loss:3.469535, finished 23.18%.                             
           INFO     Rank: 0 - Epoch:4/20, Batch:106,    progress_callback.py:218
                    loss:3.912728, finished 23.21%.                             
[20:41:39] INFO     Rank: 0 - Epoch:4/20, Batch:107,    progress_callback.py:218
                    loss:3.746326, finished 23.24%.                             
           INFO     Rank: 0 - Epoch:4/20, Batch:108,    progress_callback.py:218
                    loss:3.561713, finished 23.27%.                             
           INFO     Rank: 0 - Epoch:4/20, Batch:109,    progress_callback.py:218
                    loss:3.430013, finished 23.3%.                              
[20:41:40] INFO     Rank: 0 - Epoch:4/20, Batch:110,    progress_callback.py:218
                    loss:3.444492, finished 23.33%.                             
           INFO     Rank: 0 - Epoch:4/20, Batch:111,    progress_callback.py:218
                    loss:3.38977, finished 23.36%.                              
[20:41:41] INFO     Rank: 0 - Epoch:4/20, Batch:112,    progress_callback.py:218
                    loss:3.21643, finished 23.39%.                              
           INFO     Rank: 0 - Epoch:4/20, Batch:113,    progress_callback.py:218
                    loss:3.267289, finished 23.42%.                             
[20:41:42] INFO     Rank: 0 - Epoch:4/20, Batch:114,    progress_callback.py:218
                    loss:3.625465, finished 23.45%.                             
           INFO     Rank: 0 - Epoch:4/20, Batch:115,    progress_callback.py:218
                    loss:3.695713, finished 23.48%.                             
           INFO     Rank: 0 - Epoch:4/20, Batch:116,    progress_callback.py:218
                    loss:3.855974, finished 23.52%.                             
[20:41:43] INFO     Rank: 0 - Epoch:4/20, Batch:117,    progress_callback.py:218
                    loss:3.418671, finished 23.55%.                             
           INFO     Rank: 0 - Epoch:4/20, Batch:118,    progress_callback.py:218
                    loss:3.867427, finished 23.58%.                             
[20:41:44] INFO     Rank: 0 - Epoch:4/20, Batch:119,    progress_callback.py:218
                    loss:3.33395, finished 23.61%.                              
           INFO     Rank: 0 - Epoch:4/20, Batch:120,    progress_callback.py:218
                    loss:3.398668, finished 23.64%.                             
[20:41:45] INFO     Rank: 0 - Epoch:4/20, Batch:121,    progress_callback.py:218
                    loss:3.458861, finished 23.67%.                             
           INFO     Rank: 0 - Epoch:4/20, Batch:122,    progress_callback.py:218
                    loss:3.644168, finished 23.7%.                              
           INFO     Rank: 0 - Epoch:4/20, Batch:123,    progress_callback.py:218
                    loss:3.696359, finished 23.73%.                             
[20:41:46] INFO     Rank: 0 - Epoch:4/20, Batch:124,    progress_callback.py:218
                    loss:3.569333, finished 23.76%.                             
           INFO     Rank: 0 - Epoch:4/20, Batch:125,    progress_callback.py:218
                    loss:3.525699, finished 23.79%.                             
[20:41:47] INFO     Rank: 0 - Epoch:4/20, Batch:126,    progress_callback.py:218
                    loss:3.148708, finished 23.82%.                             
           INFO     Rank: 0 - Epoch:4/20, Batch:127,    progress_callback.py:218
                    loss:3.424457, finished 23.85%.                             
           INFO     Rank: 0 - Epoch:4/20, Batch:128,    progress_callback.py:218
                    loss:3.699336, finished 23.88%.                             
[20:41:48] INFO     Rank: 0 - Epoch:4/20, Batch:129,    progress_callback.py:218
                    loss:3.747107, finished 23.91%.                             
           INFO     Rank: 0 - Epoch:4/20, Batch:130,    progress_callback.py:218
                    loss:3.154154, finished 23.94%.                             
[20:41:49] INFO     Rank: 0 - Epoch:4/20, Batch:131,    progress_callback.py:218
                    loss:3.424336, finished 23.97%.                             
           INFO     Rank: 0 - Epoch:4/20, Batch:132,    progress_callback.py:218
                    loss:3.576497, finished 24.0%.                              
[20:41:50] INFO     Rank: 0 - Epoch:4/20, Batch:133,    progress_callback.py:218
                    loss:3.782114, finished 24.03%.                             
           INFO     Rank: 0 - Epoch:4/20, Batch:134,    progress_callback.py:218
                    loss:3.68016, finished 24.06%.                              
           INFO     Rank: 0 - Epoch:4/20, Batch:135,    progress_callback.py:218
                    loss:3.877976, finished 24.09%.                             
[20:41:51] INFO     Rank: 0 - Epoch:4/20, Batch:136,    progress_callback.py:218
                    loss:3.692332, finished 24.12%.                             
           INFO     Rank: 0 - Epoch:4/20, Batch:137,    progress_callback.py:218
                    loss:4.028661, finished 24.15%.                             
[20:41:52] INFO     Rank: 0 - Epoch:4/20, Batch:138,    progress_callback.py:218
                    loss:3.703307, finished 24.18%.                             
           INFO     Rank: 0 - Epoch:4/20, Batch:139,    progress_callback.py:218
                    loss:3.374539, finished 24.21%.                             
[20:41:53] INFO     Rank: 0 - Epoch:4/20, Batch:140,    progress_callback.py:218
                    loss:3.726407, finished 24.24%.                             
           INFO     Rank: 0 -                                   evaluator.py:317
                    **********Evaluation starts**********                       
[20:42:09] INFO     Rank: 0 - **********Evaluation              evaluator.py:349
                    ends**********                                              
                                                                                
           INFO     Rank: 0 - ----------Eval. results   progress_callback.py:233
                    on Epoch:4, Batch:140----------                             
           INFO     Rank: 0 -                           progress_callback.py:238
                    {"torch_ngram#ngram-overlap":                               
                    0.27370697259902954}                                        
[20:42:10] INFO     Rank: 0 - Epoch:4/20, Batch:141,    progress_callback.py:218
                    loss:3.737586, finished 24.27%.                             
           INFO     Rank: 0 - Epoch:4/20, Batch:142,    progress_callback.py:218
                    loss:3.491802, finished 24.3%.                              
[20:42:11] INFO     Rank: 0 - Epoch:4/20, Batch:143,    progress_callback.py:218
                    loss:3.390677, finished 24.33%.                             
           INFO     Rank: 0 - Epoch:4/20, Batch:144,    progress_callback.py:218
                    loss:3.285599, finished 24.36%.                             
[20:42:12] INFO     Rank: 0 - Epoch:4/20, Batch:145,    progress_callback.py:218
                    loss:3.818997, finished 24.39%.                             
           INFO     Rank: 0 - Epoch:4/20, Batch:146,    progress_callback.py:218
                    loss:3.215019, finished 24.42%.                             
[20:42:13] INFO     Rank: 0 - Epoch:4/20, Batch:147,    progress_callback.py:218
                    loss:3.5002, finished 24.45%.                               
           INFO     Rank: 0 - Epoch:4/20, Batch:148,    progress_callback.py:218
                    loss:3.654325, finished 24.48%.                             
           INFO     Rank: 0 - Epoch:4/20, Batch:149,    progress_callback.py:218
                    loss:3.319942, finished 24.52%.                             
[20:42:14] INFO     Rank: 0 - Epoch:4/20, Batch:150,    progress_callback.py:218
                    loss:3.449982, finished 24.55%.                             
           INFO     Rank: 0 - Epoch:4/20, Batch:151,    progress_callback.py:218
                    loss:3.737873, finished 24.58%.                             
[20:42:15] INFO     Rank: 0 - Epoch:4/20, Batch:152,    progress_callback.py:218
                    loss:3.382229, finished 24.61%.                             
           INFO     Rank: 0 - Epoch:4/20, Batch:153,    progress_callback.py:218
                    loss:3.388074, finished 24.64%.                             
[20:42:16] INFO     Rank: 0 - Epoch:4/20, Batch:154,    progress_callback.py:218
                    loss:3.38637, finished 24.67%.                              
           INFO     Rank: 0 - Epoch:4/20, Batch:155,    progress_callback.py:218
                    loss:3.72591, finished 24.7%.                               
           INFO     Rank: 0 - Epoch:4/20, Batch:156,    progress_callback.py:218
                    loss:3.297251, finished 24.73%.                             
[20:42:17] INFO     Rank: 0 - Epoch:4/20, Batch:157,    progress_callback.py:218
                    loss:3.569385, finished 24.76%.                             
           INFO     Rank: 0 - Epoch:4/20, Batch:158,    progress_callback.py:218
                    loss:3.418755, finished 24.79%.                             
[20:42:18] INFO     Rank: 0 - Epoch:4/20, Batch:159,    progress_callback.py:218
                    loss:3.49633, finished 24.82%.                              
           INFO     Rank: 0 - Epoch:4/20, Batch:160,    progress_callback.py:218
                    loss:3.415558, finished 24.85%.                             
[20:42:19] INFO     Rank: 0 - Epoch:4/20, Batch:161,    progress_callback.py:218
                    loss:3.610663, finished 24.88%.                             
           INFO     Rank: 0 - Epoch:4/20, Batch:162,    progress_callback.py:218
                    loss:3.382177, finished 24.91%.                             
           INFO     Rank: 0 - Epoch:4/20, Batch:163,    progress_callback.py:218
                    loss:3.550472, finished 24.94%.                             
[20:42:20] INFO     Rank: 0 - Epoch:4/20, Batch:164,    progress_callback.py:218
                    loss:3.585488, finished 24.97%.                             
           INFO     Rank: 0 - Epoch:4/20, Batch:165,    progress_callback.py:218
                    loss:3.40629, finished 25.0%.                               
           INFO     Rank: 0 -                           progress_callback.py:204
                    **********Epoch:5 starts**********                          
[20:42:21] INFO     Rank: 0 - Epoch:5/20, Batch:1,      progress_callback.py:218
                    loss:3.699341, finished 25.03%.                             
           INFO     Rank: 0 - Epoch:5/20, Batch:2,      progress_callback.py:218
                    loss:3.538996, finished 25.06%.                             
           INFO     Rank: 0 - Epoch:5/20, Batch:3,      progress_callback.py:218
                    loss:3.146909, finished 25.09%.                             
[20:42:22] INFO     Rank: 0 - Epoch:5/20, Batch:4,      progress_callback.py:218
                    loss:3.195484, finished 25.12%.                             
           INFO     Rank: 0 - Epoch:5/20, Batch:5,      progress_callback.py:218
                    loss:3.311453, finished 25.15%.                             
[20:42:23] INFO     Rank: 0 - Epoch:5/20, Batch:6,      progress_callback.py:218
                    loss:3.27741, finished 25.18%.                              
           INFO     Rank: 0 - Epoch:5/20, Batch:7,      progress_callback.py:218
                    loss:3.652427, finished 25.21%.                             
[20:42:24] INFO     Rank: 0 - Epoch:5/20, Batch:8,      progress_callback.py:218
                    loss:3.74727, finished 25.24%.                              
           INFO     Rank: 0 - Epoch:5/20, Batch:9,      progress_callback.py:218
                    loss:3.732923, finished 25.27%.                             
           INFO     Rank: 0 - Epoch:5/20, Batch:10,     progress_callback.py:218
                    loss:3.567533, finished 25.3%.                              
[20:42:25] INFO     Rank: 0 - Epoch:5/20, Batch:11,     progress_callback.py:218
                    loss:3.810397, finished 25.33%.                             
           INFO     Rank: 0 - Epoch:5/20, Batch:12,     progress_callback.py:218
                    loss:3.541102, finished 25.36%.                             
[20:42:26] INFO     Rank: 0 - Epoch:5/20, Batch:13,     progress_callback.py:218
                    loss:3.275333, finished 25.39%.                             
           INFO     Rank: 0 - Epoch:5/20, Batch:14,     progress_callback.py:218
                    loss:3.24163, finished 25.42%.                              
[20:42:27] INFO     Rank: 0 - Epoch:5/20, Batch:15,     progress_callback.py:218
                    loss:3.24623, finished 25.45%.                              
           INFO     Rank: 0 -                                   evaluator.py:317
                    **********Evaluation starts**********                       
[20:42:43] INFO     Rank: 0 - **********Evaluation              evaluator.py:349
                    ends**********                                              
                                                                                
           INFO     Rank: 0 - ----------Eval. results   progress_callback.py:233
                    on Epoch:5, Batch:15----------                              
           INFO     Rank: 0 -                           progress_callback.py:238
                    {"torch_ngram#ngram-overlap":                               
                    0.27370697259902954}                                        
           INFO     Rank: 0 - Epoch:5/20, Batch:16,     progress_callback.py:218
                    loss:3.650161, finished 25.48%.                             
[20:42:44] INFO     Rank: 0 - Epoch:5/20, Batch:17,     progress_callback.py:218
                    loss:3.704312, finished 25.52%.                             
           INFO     Rank: 0 - Epoch:5/20, Batch:18,     progress_callback.py:218
                    loss:2.785843, finished 25.55%.                             
           INFO     Rank: 0 - Epoch:5/20, Batch:19,     progress_callback.py:218
                    loss:3.743357, finished 25.58%.                             
[20:42:45] INFO     Rank: 0 - Epoch:5/20, Batch:20,     progress_callback.py:218
                    loss:3.055503, finished 25.61%.                             
           INFO     Rank: 0 - Epoch:5/20, Batch:21,     progress_callback.py:218
                    loss:2.919079, finished 25.64%.                             
[20:42:46] INFO     Rank: 0 - Epoch:5/20, Batch:22,     progress_callback.py:218
                    loss:3.51707, finished 25.67%.                              
           INFO     Rank: 0 - Epoch:5/20, Batch:23,     progress_callback.py:218
                    loss:3.401017, finished 25.7%.                              
[20:42:47] INFO     Rank: 0 - Epoch:5/20, Batch:24,     progress_callback.py:218
                    loss:3.310886, finished 25.73%.                             
           INFO     Rank: 0 - Epoch:5/20, Batch:25,     progress_callback.py:218
                    loss:3.654027, finished 25.76%.                             
           INFO     Rank: 0 - Epoch:5/20, Batch:26,     progress_callback.py:218
                    loss:3.533561, finished 25.79%.                             
[20:42:48] INFO     Rank: 0 - Epoch:5/20, Batch:27,     progress_callback.py:218
                    loss:3.401544, finished 25.82%.                             
           INFO     Rank: 0 - Epoch:5/20, Batch:28,     progress_callback.py:218
                    loss:3.297115, finished 25.85%.                             
[20:42:49] INFO     Rank: 0 - Epoch:5/20, Batch:29,     progress_callback.py:218
                    loss:3.366534, finished 25.88%.                             
           INFO     Rank: 0 - Epoch:5/20, Batch:30,     progress_callback.py:218
                    loss:2.875782, finished 25.91%.                             
[20:42:50] INFO     Rank: 0 - Epoch:5/20, Batch:31,     progress_callback.py:218
                    loss:3.455547, finished 25.94%.                             
           INFO     Rank: 0 - Epoch:5/20, Batch:32,     progress_callback.py:218
                    loss:3.47843, finished 25.97%.                              
           INFO     Rank: 0 - Epoch:5/20, Batch:33,     progress_callback.py:218
                    loss:3.38559, finished 26.0%.                               
[20:42:51] INFO     Rank: 0 - Epoch:5/20, Batch:34,     progress_callback.py:218
                    loss:3.2489, finished 26.03%.                               
           INFO     Rank: 0 - Epoch:5/20, Batch:35,     progress_callback.py:218
                    loss:2.937574, finished 26.06%.                             
[20:42:52] INFO     Rank: 0 - Epoch:5/20, Batch:36,     progress_callback.py:218
                    loss:3.342694, finished 26.09%.                             
           INFO     Rank: 0 - Epoch:5/20, Batch:37,     progress_callback.py:218
                    loss:3.357414, finished 26.12%.                             
[20:42:53] INFO     Rank: 0 - Epoch:5/20, Batch:38,     progress_callback.py:218
                    loss:3.330057, finished 26.15%.                             
           INFO     Rank: 0 - Epoch:5/20, Batch:39,     progress_callback.py:218
                    loss:3.269606, finished 26.18%.                             
           INFO     Rank: 0 - Epoch:5/20, Batch:40,     progress_callback.py:218
                    loss:3.279301, finished 26.21%.                             
[20:42:54] INFO     Rank: 0 - Epoch:5/20, Batch:41,     progress_callback.py:218
                    loss:3.368711, finished 26.24%.                             
           INFO     Rank: 0 - Epoch:5/20, Batch:42,     progress_callback.py:218
                    loss:3.376963, finished 26.27%.                             
[20:42:55] INFO     Rank: 0 - Epoch:5/20, Batch:43,     progress_callback.py:218
                    loss:3.268478, finished 26.3%.                              
           INFO     Rank: 0 - Epoch:5/20, Batch:44,     progress_callback.py:218
                    loss:3.619141, finished 26.33%.                             
[20:42:56] INFO     Rank: 0 - Epoch:5/20, Batch:45,     progress_callback.py:218
                    loss:3.463406, finished 26.36%.                             
           INFO     Rank: 0 - Epoch:5/20, Batch:46,     progress_callback.py:218
                    loss:3.449516, finished 26.39%.                             
           INFO     Rank: 0 - Epoch:5/20, Batch:47,     progress_callback.py:218
                    loss:3.322724, finished 26.42%.                             
[20:42:57] INFO     Rank: 0 - Epoch:5/20, Batch:48,     progress_callback.py:218
                    loss:3.469183, finished 26.45%.                             
           INFO     Rank: 0 - Epoch:5/20, Batch:49,     progress_callback.py:218
                    loss:3.385564, finished 26.48%.                             
[20:42:58] INFO     Rank: 0 - Epoch:5/20, Batch:50,     progress_callback.py:218
                    loss:3.568783, finished 26.52%.                             
           INFO     Rank: 0 - Epoch:5/20, Batch:51,     progress_callback.py:218
                    loss:3.439687, finished 26.55%.                             
[20:42:59] INFO     Rank: 0 - Epoch:5/20, Batch:52,     progress_callback.py:218
                    loss:3.399629, finished 26.58%.                             
           INFO     Rank: 0 - Epoch:5/20, Batch:53,     progress_callback.py:218
                    loss:2.859795, finished 26.61%.                             
           INFO     Rank: 0 - Epoch:5/20, Batch:54,     progress_callback.py:218
                    loss:3.1263, finished 26.64%.                               
[20:43:00] INFO     Rank: 0 - Epoch:5/20, Batch:55,     progress_callback.py:218
                    loss:3.041129, finished 26.67%.                             
           INFO     Rank: 0 -                                   evaluator.py:317
                    **********Evaluation starts**********                       
[20:43:13] INFO     Rank: 0 - **********Evaluation              evaluator.py:349
                    ends**********                                              
                                                                                
           INFO     Rank: 0 - ----------Eval. results   progress_callback.py:233
                    on Epoch:5, Batch:55----------                              
           INFO     Rank: 0 -                           progress_callback.py:238
                    {"torch_ngram#ngram-overlap":                               
                    0.27370697259902954}                                        
[20:43:14] INFO     Rank: 0 - Epoch:5/20, Batch:56,     progress_callback.py:218
                    loss:3.484418, finished 26.7%.                              
           INFO     Rank: 0 - Epoch:5/20, Batch:57,     progress_callback.py:218
                    loss:3.236214, finished 26.73%.                             
[20:43:15] INFO     Rank: 0 - Epoch:5/20, Batch:58,     progress_callback.py:218
                    loss:3.151587, finished 26.76%.                             
           INFO     Rank: 0 - Epoch:5/20, Batch:59,     progress_callback.py:218
                    loss:3.347271, finished 26.79%.                             
           INFO     Rank: 0 - Epoch:5/20, Batch:60,     progress_callback.py:218
                    loss:3.323071, finished 26.82%.                             
[20:43:16] INFO     Rank: 0 - Epoch:5/20, Batch:61,     progress_callback.py:218
                    loss:3.169278, finished 26.85%.                             
           INFO     Rank: 0 - Epoch:5/20, Batch:62,     progress_callback.py:218
                    loss:3.350313, finished 26.88%.                             
[20:43:17] INFO     Rank: 0 - Epoch:5/20, Batch:63,     progress_callback.py:218
                    loss:3.18657, finished 26.91%.                              
           INFO     Rank: 0 - Epoch:5/20, Batch:64,     progress_callback.py:218
                    loss:3.295806, finished 26.94%.                             
[20:43:18] INFO     Rank: 0 - Epoch:5/20, Batch:65,     progress_callback.py:218
                    loss:3.835696, finished 26.97%.                             
           INFO     Rank: 0 - Epoch:5/20, Batch:66,     progress_callback.py:218
                    loss:3.371966, finished 27.0%.                              
           INFO     Rank: 0 - Epoch:5/20, Batch:67,     progress_callback.py:218
                    loss:3.528327, finished 27.03%.                             
[20:43:19] INFO     Rank: 0 - Epoch:5/20, Batch:68,     progress_callback.py:218
                    loss:3.231726, finished 27.06%.                             
           INFO     Rank: 0 - Epoch:5/20, Batch:69,     progress_callback.py:218
                    loss:3.155538, finished 27.09%.                             
[20:43:20] INFO     Rank: 0 - Epoch:5/20, Batch:70,     progress_callback.py:218
                    loss:3.321406, finished 27.12%.                             
           INFO     Rank: 0 - Epoch:5/20, Batch:71,     progress_callback.py:218
                    loss:3.294652, finished 27.15%.                             
[20:43:21] INFO     Rank: 0 - Epoch:5/20, Batch:72,     progress_callback.py:218
                    loss:2.917706, finished 27.18%.                             
           INFO     Rank: 0 - Epoch:5/20, Batch:73,     progress_callback.py:218
                    loss:2.56649, finished 27.21%.                              
           INFO     Rank: 0 - Epoch:5/20, Batch:74,     progress_callback.py:218
                    loss:3.632969, finished 27.24%.                             
[20:43:22] INFO     Rank: 0 - Epoch:5/20, Batch:75,     progress_callback.py:218
                    loss:3.501309, finished 27.27%.                             
           INFO     Rank: 0 - Epoch:5/20, Batch:76,     progress_callback.py:218
                    loss:3.414588, finished 27.3%.                              
[20:43:23] INFO     Rank: 0 - Epoch:5/20, Batch:77,     progress_callback.py:218
                    loss:3.106948, finished 27.33%.                             
           INFO     Rank: 0 - Epoch:5/20, Batch:78,     progress_callback.py:218
                    loss:3.30133, finished 27.36%.                              
[20:43:24] INFO     Rank: 0 - Epoch:5/20, Batch:79,     progress_callback.py:218
                    loss:3.316621, finished 27.39%.                             
           INFO     Rank: 0 - Epoch:5/20, Batch:80,     progress_callback.py:218
                    loss:3.339437, finished 27.42%.                             
           INFO     Rank: 0 - Epoch:5/20, Batch:81,     progress_callback.py:218
                    loss:3.353047, finished 27.45%.                             
[20:43:25] INFO     Rank: 0 - Epoch:5/20, Batch:82,     progress_callback.py:218
                    loss:3.041536, finished 27.48%.                             
           INFO     Rank: 0 - Epoch:5/20, Batch:83,     progress_callback.py:218
                    loss:3.124359, finished 27.52%.                             
[20:43:26] INFO     Rank: 0 - Epoch:5/20, Batch:84,     progress_callback.py:218
                    loss:3.389257, finished 27.55%.                             
           INFO     Rank: 0 - Epoch:5/20, Batch:85,     progress_callback.py:218
                    loss:3.183376, finished 27.58%.                             
[20:43:27] INFO     Rank: 0 - Epoch:5/20, Batch:86,     progress_callback.py:218
                    loss:3.041753, finished 27.61%.                             
           INFO     Rank: 0 - Epoch:5/20, Batch:87,     progress_callback.py:218
                    loss:2.94846, finished 27.64%.                              
           INFO     Rank: 0 - Epoch:5/20, Batch:88,     progress_callback.py:218
                    loss:3.383592, finished 27.67%.                             
[20:43:28] INFO     Rank: 0 - Epoch:5/20, Batch:89,     progress_callback.py:218
                    loss:3.700786, finished 27.7%.                              
           INFO     Rank: 0 - Epoch:5/20, Batch:90,     progress_callback.py:218
                    loss:3.567999, finished 27.73%.                             
[20:43:29] INFO     Rank: 0 - Epoch:5/20, Batch:91,     progress_callback.py:218
                    loss:3.494112, finished 27.76%.                             
           INFO     Rank: 0 - Epoch:5/20, Batch:92,     progress_callback.py:218
                    loss:3.050429, finished 27.79%.                             
           INFO     Rank: 0 - Epoch:5/20, Batch:93,     progress_callback.py:218
                    loss:3.218106, finished 27.82%.                             
[20:43:30] INFO     Rank: 0 - Epoch:5/20, Batch:94,     progress_callback.py:218
                    loss:2.984621, finished 27.85%.                             
           INFO     Rank: 0 - Epoch:5/20, Batch:95,     progress_callback.py:218
                    loss:3.02261, finished 27.88%.                              
           INFO     Rank: 0 -                                   evaluator.py:317
                    **********Evaluation starts**********                       
[20:43:43] INFO     Rank: 0 - **********Evaluation              evaluator.py:349
                    ends**********                                              
                                                                                
           INFO     Rank: 0 - ----------Eval. results   progress_callback.py:233
                    on Epoch:5, Batch:95----------                              
           INFO     Rank: 0 -                           progress_callback.py:238
                    {"torch_ngram#ngram-overlap":                               
                    0.27370697259902954}                                        
           INFO     Rank: 0 - Epoch:5/20, Batch:96,     progress_callback.py:218
                    loss:3.18665, finished 27.91%.                              
[20:43:44] INFO     Rank: 0 - Epoch:5/20, Batch:97,     progress_callback.py:218
                    loss:3.348821, finished 27.94%.                             
           INFO     Rank: 0 - Epoch:5/20, Batch:98,     progress_callback.py:218
                    loss:3.356731, finished 27.97%.                             
           INFO     Rank: 0 - Epoch:5/20, Batch:99,     progress_callback.py:218
                    loss:3.164769, finished 28.0%.                              
[20:43:45] INFO     Rank: 0 - Epoch:5/20, Batch:100,    progress_callback.py:218
                    loss:3.370851, finished 28.03%.                             
           INFO     Rank: 0 - Epoch:5/20, Batch:101,    progress_callback.py:218
                    loss:2.790039, finished 28.06%.                             
[20:43:46] INFO     Rank: 0 - Epoch:5/20, Batch:102,    progress_callback.py:218
                    loss:3.204626, finished 28.09%.                             
           INFO     Rank: 0 - Epoch:5/20, Batch:103,    progress_callback.py:218
                    loss:2.99772, finished 28.12%.                              
[20:43:47] INFO     Rank: 0 - Epoch:5/20, Batch:104,    progress_callback.py:218
                    loss:2.576173, finished 28.15%.                             
           INFO     Rank: 0 - Epoch:5/20, Batch:105,    progress_callback.py:218
                    loss:3.388621, finished 28.18%.                             
           INFO     Rank: 0 - Epoch:5/20, Batch:106,    progress_callback.py:218
                    loss:3.248372, finished 28.21%.                             
[20:43:48] INFO     Rank: 0 - Epoch:5/20, Batch:107,    progress_callback.py:218
                    loss:2.938243, finished 28.24%.                             
           INFO     Rank: 0 - Epoch:5/20, Batch:108,    progress_callback.py:218
                    loss:3.125139, finished 28.27%.                             
[20:43:49] INFO     Rank: 0 - Epoch:5/20, Batch:109,    progress_callback.py:218
                    loss:2.740272, finished 28.3%.                              
           INFO     Rank: 0 - Epoch:5/20, Batch:110,    progress_callback.py:218
                    loss:3.266992, finished 28.33%.                             
[20:43:50] INFO     Rank: 0 - Epoch:5/20, Batch:111,    progress_callback.py:218
                    loss:3.45648, finished 28.36%.                              
           INFO     Rank: 0 - Epoch:5/20, Batch:112,    progress_callback.py:218
                    loss:3.264766, finished 28.39%.                             
           INFO     Rank: 0 - Epoch:5/20, Batch:113,    progress_callback.py:218
                    loss:3.357205, finished 28.42%.                             
[20:43:51] INFO     Rank: 0 - Epoch:5/20, Batch:114,    progress_callback.py:218
                    loss:3.280238, finished 28.45%.                             
           INFO     Rank: 0 - Epoch:5/20, Batch:115,    progress_callback.py:218
                    loss:3.542497, finished 28.48%.                             
[20:43:52] INFO     Rank: 0 - Epoch:5/20, Batch:116,    progress_callback.py:218
                    loss:3.009387, finished 28.52%.                             
           INFO     Rank: 0 - Epoch:5/20, Batch:117,    progress_callback.py:218
                    loss:3.094929, finished 28.55%.                             
[20:43:53] INFO     Rank: 0 - Epoch:5/20, Batch:118,    progress_callback.py:218
                    loss:3.282269, finished 28.58%.                             
           INFO     Rank: 0 - Epoch:5/20, Batch:119,    progress_callback.py:218
                    loss:3.33012, finished 28.61%.                              
           INFO     Rank: 0 - Epoch:5/20, Batch:120,    progress_callback.py:218
                    loss:3.328128, finished 28.64%.                             
[20:43:54] INFO     Rank: 0 - Epoch:5/20, Batch:121,    progress_callback.py:218
                    loss:3.396146, finished 28.67%.                             
           INFO     Rank: 0 - Epoch:5/20, Batch:122,    progress_callback.py:218
                    loss:3.16334, finished 28.7%.                               
[20:43:55] INFO     Rank: 0 - Epoch:5/20, Batch:123,    progress_callback.py:218
                    loss:2.737731, finished 28.73%.                             
           INFO     Rank: 0 - Epoch:5/20, Batch:124,    progress_callback.py:218
                    loss:2.986508, finished 28.76%.                             
           INFO     Rank: 0 - Epoch:5/20, Batch:125,    progress_callback.py:218
                    loss:2.765058, finished 28.79%.                             
[20:43:56] INFO     Rank: 0 - Epoch:5/20, Batch:126,    progress_callback.py:218
                    loss:3.225557, finished 28.82%.                             
           INFO     Rank: 0 - Epoch:5/20, Batch:127,    progress_callback.py:218
                    loss:3.068785, finished 28.85%.                             
[20:43:57] INFO     Rank: 0 - Epoch:5/20, Batch:128,    progress_callback.py:218
                    loss:3.423712, finished 28.88%.                             
           INFO     Rank: 0 - Epoch:5/20, Batch:129,    progress_callback.py:218
                    loss:3.125612, finished 28.91%.                             
[20:43:58] INFO     Rank: 0 - Epoch:5/20, Batch:130,    progress_callback.py:218
                    loss:2.929627, finished 28.94%.                             
           INFO     Rank: 0 - Epoch:5/20, Batch:131,    progress_callback.py:218
                    loss:3.204093, finished 28.97%.                             
           INFO     Rank: 0 - Epoch:5/20, Batch:132,    progress_callback.py:218
                    loss:3.047047, finished 29.0%.                              
[20:43:59] INFO     Rank: 0 - Epoch:5/20, Batch:133,    progress_callback.py:218
                    loss:3.401893, finished 29.03%.                             
           INFO     Rank: 0 - Epoch:5/20, Batch:134,    progress_callback.py:218
                    loss:2.67286, finished 29.06%.                              
[20:44:00] INFO     Rank: 0 - Epoch:5/20, Batch:135,    progress_callback.py:218
                    loss:3.024662, finished 29.09%.                             
           INFO     Rank: 0 -                                   evaluator.py:317
                    **********Evaluation starts**********                       
[20:44:15] INFO     Rank: 0 - **********Evaluation              evaluator.py:349
                    ends**********                                              
                                                                                
           INFO     Rank: 0 - ----------Eval. results   progress_callback.py:233
                    on Epoch:5, Batch:135----------                             
           INFO     Rank: 0 -                           progress_callback.py:238
                    {"torch_ngram#ngram-overlap":                               
                    0.27370697259902954}                                        
           INFO     Rank: 0 - Epoch:5/20, Batch:136,    progress_callback.py:218
                    loss:3.091418, finished 29.12%.                             
           INFO     Rank: 0 - Epoch:5/20, Batch:137,    progress_callback.py:218
                    loss:3.178879, finished 29.15%.                             
[20:44:16] INFO     Rank: 0 - Epoch:5/20, Batch:138,    progress_callback.py:218
                    loss:3.124578, finished 29.18%.                             
           INFO     Rank: 0 - Epoch:5/20, Batch:139,    progress_callback.py:218
                    loss:3.337857, finished 29.21%.                             
[20:44:17] INFO     Rank: 0 - Epoch:5/20, Batch:140,    progress_callback.py:218
                    loss:3.2785, finished 29.24%.                               
           INFO     Rank: 0 - Epoch:5/20, Batch:141,    progress_callback.py:218
                    loss:3.214314, finished 29.27%.                             
[20:44:18] INFO     Rank: 0 - Epoch:5/20, Batch:142,    progress_callback.py:218
                    loss:2.890164, finished 29.3%.                              
           INFO     Rank: 0 - Epoch:5/20, Batch:143,    progress_callback.py:218
                    loss:3.150045, finished 29.33%.                             
           INFO     Rank: 0 - Epoch:5/20, Batch:144,    progress_callback.py:218
                    loss:2.629836, finished 29.36%.                             
[20:44:19] INFO     Rank: 0 - Epoch:5/20, Batch:145,    progress_callback.py:218
                    loss:2.597813, finished 29.39%.                             
           INFO     Rank: 0 - Epoch:5/20, Batch:146,    progress_callback.py:218
                    loss:3.164597, finished 29.42%.                             
[20:44:20] INFO     Rank: 0 - Epoch:5/20, Batch:147,    progress_callback.py:218
                    loss:3.217258, finished 29.45%.                             
           INFO     Rank: 0 - Epoch:5/20, Batch:148,    progress_callback.py:218
                    loss:2.733142, finished 29.48%.                             
[20:44:21] INFO     Rank: 0 - Epoch:5/20, Batch:149,    progress_callback.py:218
                    loss:3.000727, finished 29.52%.                             
           INFO     Rank: 0 - Epoch:5/20, Batch:150,    progress_callback.py:218
                    loss:3.550301, finished 29.55%.                             
           INFO     Rank: 0 - Epoch:5/20, Batch:151,    progress_callback.py:218
                    loss:3.555128, finished 29.58%.                             
[20:44:22] INFO     Rank: 0 - Epoch:5/20, Batch:152,    progress_callback.py:218
                    loss:3.337266, finished 29.61%.                             
           INFO     Rank: 0 - Epoch:5/20, Batch:153,    progress_callback.py:218
                    loss:3.019838, finished 29.64%.                             
[20:44:23] INFO     Rank: 0 - Epoch:5/20, Batch:154,    progress_callback.py:218
                    loss:3.217694, finished 29.67%.                             
           INFO     Rank: 0 - Epoch:5/20, Batch:155,    progress_callback.py:218
                    loss:3.296895, finished 29.7%.                              
           INFO     Rank: 0 - Epoch:5/20, Batch:156,    progress_callback.py:218
                    loss:2.945243, finished 29.73%.                             
[20:44:24] INFO     Rank: 0 - Epoch:5/20, Batch:157,    progress_callback.py:218
                    loss:3.404159, finished 29.76%.                             
           INFO     Rank: 0 - Epoch:5/20, Batch:158,    progress_callback.py:218
                    loss:3.330648, finished 29.79%.                             
[20:44:25] INFO     Rank: 0 - Epoch:5/20, Batch:159,    progress_callback.py:218
                    loss:3.20252, finished 29.82%.                              
           INFO     Rank: 0 - Epoch:5/20, Batch:160,    progress_callback.py:218
                    loss:3.55673, finished 29.85%.                              
[20:44:26] INFO     Rank: 0 - Epoch:5/20, Batch:161,    progress_callback.py:218
                    loss:2.972927, finished 29.88%.                             
           INFO     Rank: 0 - Epoch:5/20, Batch:162,    progress_callback.py:218
                    loss:3.240996, finished 29.91%.                             
[20:44:27] INFO     Rank: 0 - Epoch:5/20, Batch:163,    progress_callback.py:218
                    loss:2.508663, finished 29.94%.                             
           INFO     Rank: 0 - Epoch:5/20, Batch:164,    progress_callback.py:218
                    loss:3.462213, finished 29.97%.                             
           INFO     Rank: 0 - Epoch:5/20, Batch:165,    progress_callback.py:218
                    loss:3.20579, finished 30.0%.                               
           INFO     Rank: 0 -                           progress_callback.py:204
                    **********Epoch:6 starts**********                          
[20:44:28] INFO     Rank: 0 - Epoch:6/20, Batch:1,      progress_callback.py:218
                    loss:3.339839, finished 30.03%.                             
           INFO     Rank: 0 - Epoch:6/20, Batch:2,      progress_callback.py:218
                    loss:2.806461, finished 30.06%.                             
[20:44:29] INFO     Rank: 0 - Epoch:6/20, Batch:3,      progress_callback.py:218
                    loss:3.145876, finished 30.09%.                             
           INFO     Rank: 0 - Epoch:6/20, Batch:4,      progress_callback.py:218
                    loss:2.9993, finished 30.12%.                               
[20:44:30] INFO     Rank: 0 - Epoch:6/20, Batch:5,      progress_callback.py:218
                    loss:3.311507, finished 30.15%.                             
           INFO     Rank: 0 - Epoch:6/20, Batch:6,      progress_callback.py:218
                    loss:2.633488, finished 30.18%.                             
           INFO     Rank: 0 - Epoch:6/20, Batch:7,      progress_callback.py:218
                    loss:3.366751, finished 30.21%.                             
[20:44:31] INFO     Rank: 0 - Epoch:6/20, Batch:8,      progress_callback.py:218
                    loss:3.016178, finished 30.24%.                             
           INFO     Rank: 0 - Epoch:6/20, Batch:9,      progress_callback.py:218
                    loss:3.183579, finished 30.27%.                             
[20:44:32] INFO     Rank: 0 - Epoch:6/20, Batch:10,     progress_callback.py:218
                    loss:2.906522, finished 30.3%.                              
           INFO     Rank: 0 -                                   evaluator.py:317
                    **********Evaluation starts**********                       
[20:44:43] INFO     Rank: 0 - **********Evaluation              evaluator.py:349
                    ends**********                                              
                                                                                
           INFO     Rank: 0 - ----------Eval. results   progress_callback.py:233
                    on Epoch:6, Batch:10----------                              
           INFO     Rank: 0 -                           progress_callback.py:238
                    {"torch_ngram#ngram-overlap":                               
                    0.27370697259902954}                                        
           INFO     Rank: 0 - Epoch:6/20, Batch:11,     progress_callback.py:218
                    loss:2.5058, finished 30.33%.                               
[20:44:44] INFO     Rank: 0 - Epoch:6/20, Batch:12,     progress_callback.py:218
                    loss:2.548411, finished 30.36%.                             
           INFO     Rank: 0 - Epoch:6/20, Batch:13,     progress_callback.py:218
                    loss:3.0716, finished 30.39%.                               
           INFO     Rank: 0 - Epoch:6/20, Batch:14,     progress_callback.py:218
                    loss:3.230385, finished 30.42%.                             
[20:44:45] INFO     Rank: 0 - Epoch:6/20, Batch:15,     progress_callback.py:218
                    loss:2.392416, finished 30.45%.                             
           INFO     Rank: 0 - Epoch:6/20, Batch:16,     progress_callback.py:218
                    loss:3.308623, finished 30.48%.                             
[20:44:46] INFO     Rank: 0 - Epoch:6/20, Batch:17,     progress_callback.py:218
                    loss:3.273707, finished 30.52%.                             
           INFO     Rank: 0 - Epoch:6/20, Batch:18,     progress_callback.py:218
                    loss:3.133829, finished 30.55%.                             
[20:44:47] INFO     Rank: 0 - Epoch:6/20, Batch:19,     progress_callback.py:218
                    loss:2.72056, finished 30.58%.                              
           INFO     Rank: 0 - Epoch:6/20, Batch:20,     progress_callback.py:218
                    loss:3.312382, finished 30.61%.                             
           INFO     Rank: 0 - Epoch:6/20, Batch:21,     progress_callback.py:218
                    loss:3.375639, finished 30.64%.                             
[20:44:48] INFO     Rank: 0 - Epoch:6/20, Batch:22,     progress_callback.py:218
                    loss:2.832219, finished 30.67%.                             
           INFO     Rank: 0 - Epoch:6/20, Batch:23,     progress_callback.py:218
                    loss:3.223879, finished 30.7%.                              
[20:44:49] INFO     Rank: 0 - Epoch:6/20, Batch:24,     progress_callback.py:218
                    loss:3.099113, finished 30.73%.                             
           INFO     Rank: 0 - Epoch:6/20, Batch:25,     progress_callback.py:218
                    loss:3.150197, finished 30.76%.                             
[20:44:50] INFO     Rank: 0 - Epoch:6/20, Batch:26,     progress_callback.py:218
                    loss:2.998141, finished 30.79%.                             
           INFO     Rank: 0 - Epoch:6/20, Batch:27,     progress_callback.py:218
                    loss:3.348486, finished 30.82%.                             
           INFO     Rank: 0 - Epoch:6/20, Batch:28,     progress_callback.py:218
                    loss:2.984548, finished 30.85%.                             
[20:44:51] INFO     Rank: 0 - Epoch:6/20, Batch:29,     progress_callback.py:218
                    loss:2.796904, finished 30.88%.                             
           INFO     Rank: 0 - Epoch:6/20, Batch:30,     progress_callback.py:218
                    loss:2.782874, finished 30.91%.                             
[20:44:52] INFO     Rank: 0 - Epoch:6/20, Batch:31,     progress_callback.py:218
                    loss:3.279141, finished 30.94%.                             
           INFO     Rank: 0 - Epoch:6/20, Batch:32,     progress_callback.py:218
                    loss:3.258816, finished 30.97%.                             
[20:44:53] INFO     Rank: 0 - Epoch:6/20, Batch:33,     progress_callback.py:218
                    loss:3.074185, finished 31.0%.                              
           INFO     Rank: 0 - Epoch:6/20, Batch:34,     progress_callback.py:218
                    loss:2.401823, finished 31.03%.                             
           INFO     Rank: 0 - Epoch:6/20, Batch:35,     progress_callback.py:218
                    loss:3.004156, finished 31.06%.                             
[20:44:54] INFO     Rank: 0 - Epoch:6/20, Batch:36,     progress_callback.py:218
                    loss:3.441223, finished 31.09%.                             
           INFO     Rank: 0 - Epoch:6/20, Batch:37,     progress_callback.py:218
                    loss:2.929668, finished 31.12%.                             
[20:44:55] INFO     Rank: 0 - Epoch:6/20, Batch:38,     progress_callback.py:218
                    loss:2.965566, finished 31.15%.                             
           INFO     Rank: 0 - Epoch:6/20, Batch:39,     progress_callback.py:218
                    loss:2.707351, finished 31.18%.                             
[20:44:56] INFO     Rank: 0 - Epoch:6/20, Batch:40,     progress_callback.py:218
                    loss:2.520407, finished 31.21%.                             
           INFO     Rank: 0 - Epoch:6/20, Batch:41,     progress_callback.py:218
                    loss:2.78409, finished 31.24%.                              
           INFO     Rank: 0 - Epoch:6/20, Batch:42,     progress_callback.py:218
                    loss:3.296172, finished 31.27%.                             
[20:44:57] INFO     Rank: 0 - Epoch:6/20, Batch:43,     progress_callback.py:218
                    loss:2.744244, finished 31.3%.                              
           INFO     Rank: 0 - Epoch:6/20, Batch:44,     progress_callback.py:218
                    loss:3.165625, finished 31.33%.                             
[20:44:58] INFO     Rank: 0 - Epoch:6/20, Batch:45,     progress_callback.py:218
                    loss:3.454889, finished 31.36%.                             
           INFO     Rank: 0 - Epoch:6/20, Batch:46,     progress_callback.py:218
                    loss:2.909355, finished 31.39%.                             
[20:44:59] INFO     Rank: 0 - Epoch:6/20, Batch:47,     progress_callback.py:218
                    loss:3.102015, finished 31.42%.                             
           INFO     Rank: 0 - Epoch:6/20, Batch:48,     progress_callback.py:218
                    loss:3.426722, finished 31.45%.                             
           INFO     Rank: 0 - Epoch:6/20, Batch:49,     progress_callback.py:218
                    loss:2.967036, finished 31.48%.                             
[20:45:00] INFO     Rank: 0 - Epoch:6/20, Batch:50,     progress_callback.py:218
                    loss:3.234564, finished 31.52%.                             
           INFO     Rank: 0 -                                   evaluator.py:317
                    **********Evaluation starts**********                       
[20:45:12] INFO     Rank: 0 - **********Evaluation              evaluator.py:349
                    ends**********                                              
                                                                                
           INFO     Rank: 0 - ----------Eval. results   progress_callback.py:233
                    on Epoch:6, Batch:50----------                              
           INFO     Rank: 0 -                           progress_callback.py:238
                    {"torch_ngram#ngram-overlap":                               
                    0.27370697259902954}                                        
           INFO     Rank: 0 - Epoch:6/20, Batch:51,     progress_callback.py:218
                    loss:3.189857, finished 31.55%.                             
[20:45:13] INFO     Rank: 0 - Epoch:6/20, Batch:52,     progress_callback.py:218
                    loss:3.027302, finished 31.58%.                             
           INFO     Rank: 0 - Epoch:6/20, Batch:53,     progress_callback.py:218
                    loss:2.893878, finished 31.61%.                             
           INFO     Rank: 0 - Epoch:6/20, Batch:54,     progress_callback.py:218
                    loss:2.988791, finished 31.64%.                             
[20:45:14] INFO     Rank: 0 - Epoch:6/20, Batch:55,     progress_callback.py:218
                    loss:3.262191, finished 31.67%.                             
           INFO     Rank: 0 - Epoch:6/20, Batch:56,     progress_callback.py:218
                    loss:3.053148, finished 31.7%.                              
[20:45:15] INFO     Rank: 0 - Epoch:6/20, Batch:57,     progress_callback.py:218
                    loss:3.038289, finished 31.73%.                             
           INFO     Rank: 0 - Epoch:6/20, Batch:58,     progress_callback.py:218
                    loss:3.011581, finished 31.76%.                             
[20:45:16] INFO     Rank: 0 - Epoch:6/20, Batch:59,     progress_callback.py:218
                    loss:3.027082, finished 31.79%.                             
           INFO     Rank: 0 - Epoch:6/20, Batch:60,     progress_callback.py:218
                    loss:2.860834, finished 31.82%.                             
           INFO     Rank: 0 - Epoch:6/20, Batch:61,     progress_callback.py:218
                    loss:3.099374, finished 31.85%.                             
[20:45:17] INFO     Rank: 0 - Epoch:6/20, Batch:62,     progress_callback.py:218
                    loss:2.95177, finished 31.88%.                              
           INFO     Rank: 0 - Epoch:6/20, Batch:63,     progress_callback.py:218
                    loss:2.692527, finished 31.91%.                             
[20:45:18] INFO     Rank: 0 - Epoch:6/20, Batch:64,     progress_callback.py:218
                    loss:2.952433, finished 31.94%.                             
           INFO     Rank: 0 - Epoch:6/20, Batch:65,     progress_callback.py:218
                    loss:3.223826, finished 31.97%.                             
[20:45:19] INFO     Rank: 0 - Epoch:6/20, Batch:66,     progress_callback.py:218
                    loss:2.562818, finished 32.0%.                              
           INFO     Rank: 0 - Epoch:6/20, Batch:67,     progress_callback.py:218
                    loss:2.914498, finished 32.03%.                             
           INFO     Rank: 0 - Epoch:6/20, Batch:68,     progress_callback.py:218
                    loss:3.311076, finished 32.06%.                             
[20:45:20] INFO     Rank: 0 - Epoch:6/20, Batch:69,     progress_callback.py:218
                    loss:3.326973, finished 32.09%.                             
           INFO     Rank: 0 - Epoch:6/20, Batch:70,     progress_callback.py:218
                    loss:2.84102, finished 32.12%.                              
[20:45:21] INFO     Rank: 0 - Epoch:6/20, Batch:71,     progress_callback.py:218
                    loss:2.850414, finished 32.15%.                             
           INFO     Rank: 0 - Epoch:6/20, Batch:72,     progress_callback.py:218
                    loss:3.007463, finished 32.18%.                             
[20:45:22] INFO     Rank: 0 - Epoch:6/20, Batch:73,     progress_callback.py:218
                    loss:2.884055, finished 32.21%.                             
           INFO     Rank: 0 - Epoch:6/20, Batch:74,     progress_callback.py:218
                    loss:2.773646, finished 32.24%.                             
           INFO     Rank: 0 - Epoch:6/20, Batch:75,     progress_callback.py:218
                    loss:3.129399, finished 32.27%.                             
[20:45:23] INFO     Rank: 0 - Epoch:6/20, Batch:76,     progress_callback.py:218
                    loss:3.076019, finished 32.3%.                              
           INFO     Rank: 0 - Epoch:6/20, Batch:77,     progress_callback.py:218
                    loss:2.966494, finished 32.33%.                             
[20:45:24] INFO     Rank: 0 - Epoch:6/20, Batch:78,     progress_callback.py:218
                    loss:2.883995, finished 32.36%.                             
           INFO     Rank: 0 - Epoch:6/20, Batch:79,     progress_callback.py:218
                    loss:2.569224, finished 32.39%.                             
           INFO     Rank: 0 - Epoch:6/20, Batch:80,     progress_callback.py:218
                    loss:3.095893, finished 32.42%.                             
[20:45:25] INFO     Rank: 0 - Epoch:6/20, Batch:81,     progress_callback.py:218
                    loss:2.540128, finished 32.45%.                             
           INFO     Rank: 0 - Epoch:6/20, Batch:82,     progress_callback.py:218
                    loss:2.868307, finished 32.48%.                             
[20:45:26] INFO     Rank: 0 - Epoch:6/20, Batch:83,     progress_callback.py:218
                    loss:3.340971, finished 32.52%.                             
           INFO     Rank: 0 - Epoch:6/20, Batch:84,     progress_callback.py:218
                    loss:2.902745, finished 32.55%.                             
[20:45:27] INFO     Rank: 0 - Epoch:6/20, Batch:85,     progress_callback.py:218
                    loss:3.11259, finished 32.58%.                              
           INFO     Rank: 0 - Epoch:6/20, Batch:86,     progress_callback.py:218
                    loss:2.855648, finished 32.61%.                             
           INFO     Rank: 0 - Epoch:6/20, Batch:87,     progress_callback.py:218
                    loss:3.350114, finished 32.64%.                             
[20:45:28] INFO     Rank: 0 - Epoch:6/20, Batch:88,     progress_callback.py:218
                    loss:3.296172, finished 32.67%.                             
           INFO     Rank: 0 - Epoch:6/20, Batch:89,     progress_callback.py:218
                    loss:2.984166, finished 32.7%.                              
[20:45:29] INFO     Rank: 0 - Epoch:6/20, Batch:90,     progress_callback.py:218
                    loss:3.067766, finished 32.73%.                             
           INFO     Rank: 0 -                                   evaluator.py:317
                    **********Evaluation starts**********                       
[20:45:41] INFO     Rank: 0 - **********Evaluation              evaluator.py:349
                    ends**********                                              
                                                                                
           INFO     Rank: 0 - ----------Eval. results   progress_callback.py:233
                    on Epoch:6, Batch:90----------                              
           INFO     Rank: 0 -                           progress_callback.py:238
                    {"torch_ngram#ngram-overlap":                               
                    0.27370697259902954}                                        
           INFO     Rank: 0 - Epoch:6/20, Batch:91,     progress_callback.py:218
                    loss:2.667835, finished 32.76%.                             
[20:45:42] INFO     Rank: 0 - Epoch:6/20, Batch:92,     progress_callback.py:218
                    loss:2.971039, finished 32.79%.                             
           INFO     Rank: 0 - Epoch:6/20, Batch:93,     progress_callback.py:218
                    loss:2.372942, finished 32.82%.                             
[20:45:43] INFO     Rank: 0 - Epoch:6/20, Batch:94,     progress_callback.py:218
                    loss:2.825238, finished 32.85%.                             
           INFO     Rank: 0 - Epoch:6/20, Batch:95,     progress_callback.py:218
                    loss:2.720075, finished 32.88%.                             
           INFO     Rank: 0 - Epoch:6/20, Batch:96,     progress_callback.py:218
                    loss:3.115383, finished 32.91%.                             
[20:45:44] INFO     Rank: 0 - Epoch:6/20, Batch:97,     progress_callback.py:218
                    loss:3.092752, finished 32.94%.                             
           INFO     Rank: 0 - Epoch:6/20, Batch:98,     progress_callback.py:218
                    loss:3.0001, finished 32.97%.                               
[20:45:45] INFO     Rank: 0 - Epoch:6/20, Batch:99,     progress_callback.py:218
                    loss:3.410388, finished 33.0%.                              
           INFO     Rank: 0 - Epoch:6/20, Batch:100,    progress_callback.py:218
                    loss:2.505746, finished 33.03%.                             
[20:45:46] INFO     Rank: 0 - Epoch:6/20, Batch:101,    progress_callback.py:218
                    loss:2.583692, finished 33.06%.                             
           INFO     Rank: 0 - Epoch:6/20, Batch:102,    progress_callback.py:218
                    loss:2.763565, finished 33.09%.                             
           INFO     Rank: 0 - Epoch:6/20, Batch:103,    progress_callback.py:218
                    loss:2.934695, finished 33.12%.                             
[20:45:47] INFO     Rank: 0 - Epoch:6/20, Batch:104,    progress_callback.py:218
                    loss:2.922308, finished 33.15%.                             
           INFO     Rank: 0 - Epoch:6/20, Batch:105,    progress_callback.py:218
                    loss:2.714669, finished 33.18%.                             
[20:45:48] INFO     Rank: 0 - Epoch:6/20, Batch:106,    progress_callback.py:218
                    loss:2.258994, finished 33.21%.                             
           INFO     Rank: 0 - Epoch:6/20, Batch:107,    progress_callback.py:218
                    loss:2.617678, finished 33.24%.                             
[20:45:49] INFO     Rank: 0 - Epoch:6/20, Batch:108,    progress_callback.py:218
                    loss:2.960698, finished 33.27%.                             
           INFO     Rank: 0 - Epoch:6/20, Batch:109,    progress_callback.py:218
                    loss:2.617719, finished 33.3%.                              
           INFO     Rank: 0 - Epoch:6/20, Batch:110,    progress_callback.py:218
                    loss:2.85633, finished 33.33%.                              
[20:45:50] INFO     Rank: 0 - Epoch:6/20, Batch:111,    progress_callback.py:218
                    loss:2.494421, finished 33.36%.                             
           INFO     Rank: 0 - Epoch:6/20, Batch:112,    progress_callback.py:218
                    loss:2.977381, finished 33.39%.                             
[20:45:51] INFO     Rank: 0 - Epoch:6/20, Batch:113,    progress_callback.py:218
                    loss:2.49202, finished 33.42%.                              
           INFO     Rank: 0 - Epoch:6/20, Batch:114,    progress_callback.py:218
                    loss:2.906138, finished 33.45%.                             
[20:45:52] INFO     Rank: 0 - Epoch:6/20, Batch:115,    progress_callback.py:218
                    loss:2.630827, finished 33.48%.                             
           INFO     Rank: 0 - Epoch:6/20, Batch:116,    progress_callback.py:218
                    loss:2.639328, finished 33.52%.                             
           INFO     Rank: 0 - Epoch:6/20, Batch:117,    progress_callback.py:218
                    loss:3.170812, finished 33.55%.                             
[20:45:53] INFO     Rank: 0 - Epoch:6/20, Batch:118,    progress_callback.py:218
                    loss:2.872312, finished 33.58%.                             
           INFO     Rank: 0 - Epoch:6/20, Batch:119,    progress_callback.py:218
                    loss:2.891763, finished 33.61%.                             
[20:45:54] INFO     Rank: 0 - Epoch:6/20, Batch:120,    progress_callback.py:218
                    loss:2.775959, finished 33.64%.                             
           INFO     Rank: 0 - Epoch:6/20, Batch:121,    progress_callback.py:218
                    loss:3.20736, finished 33.67%.                              
[20:45:55] INFO     Rank: 0 - Epoch:6/20, Batch:122,    progress_callback.py:218
                    loss:2.511997, finished 33.7%.                              
           INFO     Rank: 0 - Epoch:6/20, Batch:123,    progress_callback.py:218
                    loss:2.820271, finished 33.73%.                             
           INFO     Rank: 0 - Epoch:6/20, Batch:124,    progress_callback.py:218
                    loss:3.116291, finished 33.76%.                             
[20:45:56] INFO     Rank: 0 - Epoch:6/20, Batch:125,    progress_callback.py:218
                    loss:3.0889, finished 33.79%.                               
           INFO     Rank: 0 - Epoch:6/20, Batch:126,    progress_callback.py:218
                    loss:2.868941, finished 33.82%.                             
[20:45:57] INFO     Rank: 0 - Epoch:6/20, Batch:127,    progress_callback.py:218
                    loss:2.7696, finished 33.85%.                               
           INFO     Rank: 0 - Epoch:6/20, Batch:128,    progress_callback.py:218
                    loss:3.033745, finished 33.88%.                             
[20:45:58] INFO     Rank: 0 - Epoch:6/20, Batch:129,    progress_callback.py:218
                    loss:2.477455, finished 33.91%.                             
           INFO     Rank: 0 - Epoch:6/20, Batch:130,    progress_callback.py:218
                    loss:2.795128, finished 33.94%.                             
           INFO     Rank: 0 -                                   evaluator.py:317
                    **********Evaluation starts**********                       
[20:46:11] INFO     Rank: 0 - **********Evaluation              evaluator.py:349
                    ends**********                                              
                                                                                
           INFO     Rank: 0 - ----------Eval. results   progress_callback.py:233
                    on Epoch:6, Batch:130----------                             
           INFO     Rank: 0 -                           progress_callback.py:238
                    {"torch_ngram#ngram-overlap":                               
                    0.27370697259902954}                                        
           INFO     Rank: 0 - Epoch:6/20, Batch:131,    progress_callback.py:218
                    loss:3.058679, finished 33.97%.                             
[20:46:12] INFO     Rank: 0 - Epoch:6/20, Batch:132,    progress_callback.py:218
                    loss:2.805407, finished 34.0%.                              
           INFO     Rank: 0 - Epoch:6/20, Batch:133,    progress_callback.py:218
                    loss:3.278275, finished 34.03%.                             
[20:46:13] INFO     Rank: 0 - Epoch:6/20, Batch:134,    progress_callback.py:218
                    loss:2.672414, finished 34.06%.                             
           INFO     Rank: 0 - Epoch:6/20, Batch:135,    progress_callback.py:218
                    loss:3.036591, finished 34.09%.                             
[20:46:14] INFO     Rank: 0 - Epoch:6/20, Batch:136,    progress_callback.py:218
                    loss:3.045541, finished 34.12%.                             
           INFO     Rank: 0 - Epoch:6/20, Batch:137,    progress_callback.py:218
                    loss:2.802493, finished 34.15%.                             
           INFO     Rank: 0 - Epoch:6/20, Batch:138,    progress_callback.py:218
                    loss:3.023731, finished 34.18%.                             
[20:46:15] INFO     Rank: 0 - Epoch:6/20, Batch:139,    progress_callback.py:218
                    loss:2.241032, finished 34.21%.                             
           INFO     Rank: 0 - Epoch:6/20, Batch:140,    progress_callback.py:218
                    loss:2.785761, finished 34.24%.                             
[20:46:16] INFO     Rank: 0 - Epoch:6/20, Batch:141,    progress_callback.py:218
                    loss:2.795201, finished 34.27%.                             
           INFO     Rank: 0 - Epoch:6/20, Batch:142,    progress_callback.py:218
                    loss:2.580363, finished 34.3%.                              
[20:46:17] INFO     Rank: 0 - Epoch:6/20, Batch:143,    progress_callback.py:218
                    loss:2.85435, finished 34.33%.                              
           INFO     Rank: 0 - Epoch:6/20, Batch:144,    progress_callback.py:218
                    loss:2.895107, finished 34.36%.                             
           INFO     Rank: 0 - Epoch:6/20, Batch:145,    progress_callback.py:218
                    loss:2.70143, finished 34.39%.                              
[20:46:18] INFO     Rank: 0 - Epoch:6/20, Batch:146,    progress_callback.py:218
                    loss:3.174135, finished 34.42%.                             
           INFO     Rank: 0 - Epoch:6/20, Batch:147,    progress_callback.py:218
                    loss:2.651382, finished 34.45%.                             
[20:46:19] INFO     Rank: 0 - Epoch:6/20, Batch:148,    progress_callback.py:218
                    loss:2.999141, finished 34.48%.                             
           INFO     Rank: 0 - Epoch:6/20, Batch:149,    progress_callback.py:218
                    loss:3.183631, finished 34.52%.                             
[20:46:20] INFO     Rank: 0 - Epoch:6/20, Batch:150,    progress_callback.py:218
                    loss:3.001304, finished 34.55%.                             
           INFO     Rank: 0 - Epoch:6/20, Batch:151,    progress_callback.py:218
                    loss:2.607891, finished 34.58%.                             
           INFO     Rank: 0 - Epoch:6/20, Batch:152,    progress_callback.py:218
                    loss:3.055098, finished 34.61%.                             
[20:46:21] INFO     Rank: 0 - Epoch:6/20, Batch:153,    progress_callback.py:218
                    loss:3.172353, finished 34.64%.                             
           INFO     Rank: 0 - Epoch:6/20, Batch:154,    progress_callback.py:218
                    loss:2.685388, finished 34.67%.                             
[20:46:22] INFO     Rank: 0 - Epoch:6/20, Batch:155,    progress_callback.py:218
                    loss:2.632771, finished 34.7%.                              
           INFO     Rank: 0 - Epoch:6/20, Batch:156,    progress_callback.py:218
                    loss:3.129975, finished 34.73%.                             
[20:46:23] INFO     Rank: 0 - Epoch:6/20, Batch:157,    progress_callback.py:218
                    loss:2.630497, finished 34.76%.                             
           INFO     Rank: 0 - Epoch:6/20, Batch:158,    progress_callback.py:218
                    loss:2.789661, finished 34.79%.                             
           INFO     Rank: 0 - Epoch:6/20, Batch:159,    progress_callback.py:218
                    loss:2.245699, finished 34.82%.                             
[20:46:24] INFO     Rank: 0 - Epoch:6/20, Batch:160,    progress_callback.py:218
                    loss:2.791066, finished 34.85%.                             
           INFO     Rank: 0 - Epoch:6/20, Batch:161,    progress_callback.py:218
                    loss:2.555174, finished 34.88%.                             
[20:46:25] INFO     Rank: 0 - Epoch:6/20, Batch:162,    progress_callback.py:218
                    loss:2.849117, finished 34.91%.                             
           INFO     Rank: 0 - Epoch:6/20, Batch:163,    progress_callback.py:218
                    loss:2.986751, finished 34.94%.                             
[20:46:26] INFO     Rank: 0 - Epoch:6/20, Batch:164,    progress_callback.py:218
                    loss:2.872141, finished 34.97%.                             
           INFO     Rank: 0 - Epoch:6/20, Batch:165,    progress_callback.py:218
                    loss:2.079348, finished 35.0%.                              
           INFO     Rank: 0 -                           progress_callback.py:204
                    **********Epoch:7 starts**********                          
           INFO     Rank: 0 - Epoch:7/20, Batch:1,      progress_callback.py:218
                    loss:2.998027, finished 35.03%.                             
[20:46:27] INFO     Rank: 0 - Epoch:7/20, Batch:2,      progress_callback.py:218
                    loss:2.928666, finished 35.06%.                             
           INFO     Rank: 0 - Epoch:7/20, Batch:3,      progress_callback.py:218
                    loss:3.139377, finished 35.09%.                             
[20:46:28] INFO     Rank: 0 - Epoch:7/20, Batch:4,      progress_callback.py:218
                    loss:2.672703, finished 35.12%.                             
           INFO     Rank: 0 - Epoch:7/20, Batch:5,      progress_callback.py:218
                    loss:2.655436, finished 35.15%.                             
           INFO     Rank: 0 -                                   evaluator.py:317
                    **********Evaluation starts**********                       
[20:46:40] INFO     Rank: 0 - **********Evaluation              evaluator.py:349
                    ends**********                                              
                                                                                
           INFO     Rank: 0 - ----------Eval. results   progress_callback.py:233
                    on Epoch:7, Batch:5----------                               
           INFO     Rank: 0 -                           progress_callback.py:238
                    {"torch_ngram#ngram-overlap":                               
                    0.27370697259902954}                                        
           INFO     Rank: 0 - Epoch:7/20, Batch:6,      progress_callback.py:218
                    loss:2.59308, finished 35.18%.                              
[20:46:41] INFO     Rank: 0 - Epoch:7/20, Batch:7,      progress_callback.py:218
                    loss:2.660656, finished 35.21%.                             
           INFO     Rank: 0 - Epoch:7/20, Batch:8,      progress_callback.py:218
                    loss:2.609963, finished 35.24%.                             
[20:46:42] INFO     Rank: 0 - Epoch:7/20, Batch:9,      progress_callback.py:218
                    loss:2.823514, finished 35.27%.                             
           INFO     Rank: 0 - Epoch:7/20, Batch:10,     progress_callback.py:218
                    loss:2.718986, finished 35.3%.                              
[20:46:43] INFO     Rank: 0 - Epoch:7/20, Batch:11,     progress_callback.py:218
                    loss:2.793361, finished 35.33%.                             
           INFO     Rank: 0 - Epoch:7/20, Batch:12,     progress_callback.py:218
                    loss:2.598577, finished 35.36%.                             
[20:46:44] INFO     Rank: 0 - Epoch:7/20, Batch:13,     progress_callback.py:218
                    loss:2.699728, finished 35.39%.                             
           INFO     Rank: 0 - Epoch:7/20, Batch:14,     progress_callback.py:218
                    loss:2.722862, finished 35.42%.                             
[20:46:45] INFO     Rank: 0 - Epoch:7/20, Batch:15,     progress_callback.py:218
                    loss:2.986497, finished 35.45%.                             
           INFO     Rank: 0 - Epoch:7/20, Batch:16,     progress_callback.py:218
                    loss:2.09823, finished 35.48%.                              
           INFO     Rank: 0 - Epoch:7/20, Batch:17,     progress_callback.py:218
                    loss:2.73833, finished 35.52%.                              
[20:46:46] INFO     Rank: 0 - Epoch:7/20, Batch:18,     progress_callback.py:218
                    loss:3.132982, finished 35.55%.                             
           INFO     Rank: 0 - Epoch:7/20, Batch:19,     progress_callback.py:218
                    loss:2.839689, finished 35.58%.                             
[20:46:47] INFO     Rank: 0 - Epoch:7/20, Batch:20,     progress_callback.py:218
                    loss:2.947783, finished 35.61%.                             
           INFO     Rank: 0 - Epoch:7/20, Batch:21,     progress_callback.py:218
                    loss:2.391288, finished 35.64%.                             
[20:46:48] INFO     Rank: 0 - Epoch:7/20, Batch:22,     progress_callback.py:218
                    loss:2.844522, finished 35.67%.                             
           INFO     Rank: 0 - Epoch:7/20, Batch:23,     progress_callback.py:218
                    loss:2.893815, finished 35.7%.                              
           INFO     Rank: 0 - Epoch:7/20, Batch:24,     progress_callback.py:218
                    loss:2.702655, finished 35.73%.                             
[20:46:49] INFO     Rank: 0 - Epoch:7/20, Batch:25,     progress_callback.py:218
                    loss:2.714804, finished 35.76%.                             
           INFO     Rank: 0 - Epoch:7/20, Batch:26,     progress_callback.py:218
                    loss:2.629078, finished 35.79%.                             
[20:46:50] INFO     Rank: 0 - Epoch:7/20, Batch:27,     progress_callback.py:218
                    loss:2.977944, finished 35.82%.                             
           INFO     Rank: 0 - Epoch:7/20, Batch:28,     progress_callback.py:218
                    loss:2.912594, finished 35.85%.                             
[20:46:51] INFO     Rank: 0 - Epoch:7/20, Batch:29,     progress_callback.py:218
                    loss:3.11575, finished 35.88%.                              
           INFO     Rank: 0 - Epoch:7/20, Batch:30,     progress_callback.py:218
                    loss:2.755067, finished 35.91%.                             
           INFO     Rank: 0 - Epoch:7/20, Batch:31,     progress_callback.py:218
                    loss:2.645883, finished 35.94%.                             
[20:46:52] INFO     Rank: 0 - Epoch:7/20, Batch:32,     progress_callback.py:218
                    loss:3.080865, finished 35.97%.                             
           INFO     Rank: 0 - Epoch:7/20, Batch:33,     progress_callback.py:218
                    loss:2.745872, finished 36.0%.                              
[20:46:53] INFO     Rank: 0 - Epoch:7/20, Batch:34,     progress_callback.py:218
                    loss:2.61357, finished 36.03%.                              
           INFO     Rank: 0 - Epoch:7/20, Batch:35,     progress_callback.py:218
                    loss:2.858593, finished 36.06%.                             
[20:46:54] INFO     Rank: 0 - Epoch:7/20, Batch:36,     progress_callback.py:218
                    loss:2.755806, finished 36.09%.                             
           INFO     Rank: 0 - Epoch:7/20, Batch:37,     progress_callback.py:218
                    loss:2.427444, finished 36.12%.                             
           INFO     Rank: 0 - Epoch:7/20, Batch:38,     progress_callback.py:218
                    loss:2.841265, finished 36.15%.                             
[20:46:55] INFO     Rank: 0 - Epoch:7/20, Batch:39,     progress_callback.py:218
                    loss:2.478831, finished 36.18%.                             
           INFO     Rank: 0 - Epoch:7/20, Batch:40,     progress_callback.py:218
                    loss:3.113389, finished 36.21%.                             
[20:46:56] INFO     Rank: 0 - Epoch:7/20, Batch:41,     progress_callback.py:218
                    loss:1.980739, finished 36.24%.                             
           INFO     Rank: 0 - Epoch:7/20, Batch:42,     progress_callback.py:218
                    loss:2.798331, finished 36.27%.                             
[20:46:57] INFO     Rank: 0 - Epoch:7/20, Batch:43,     progress_callback.py:218
                    loss:3.263667, finished 36.3%.                              
           INFO     Rank: 0 - Epoch:7/20, Batch:44,     progress_callback.py:218
                    loss:2.603411, finished 36.33%.                             
           INFO     Rank: 0 - Epoch:7/20, Batch:45,     progress_callback.py:218
                    loss:2.821766, finished 36.36%.                             
           INFO     Rank: 0 -                                   evaluator.py:317
                    **********Evaluation starts**********                       
[20:47:10] INFO     Rank: 0 - **********Evaluation              evaluator.py:349
                    ends**********                                              
                                                                                
           INFO     Rank: 0 - ----------Eval. results   progress_callback.py:233
                    on Epoch:7, Batch:45----------                              
           INFO     Rank: 0 -                           progress_callback.py:238
                    {"torch_ngram#ngram-overlap":                               
                    0.27370697259902954}                                        
           INFO     Rank: 0 - Epoch:7/20, Batch:46,     progress_callback.py:218
                    loss:2.951194, finished 36.39%.                             
[20:47:11] INFO     Rank: 0 - Epoch:7/20, Batch:47,     progress_callback.py:218
                    loss:2.709809, finished 36.42%.                             
           INFO     Rank: 0 - Epoch:7/20, Batch:48,     progress_callback.py:218
                    loss:2.756311, finished 36.45%.                             
[20:47:12] INFO     Rank: 0 - Epoch:7/20, Batch:49,     progress_callback.py:218
                    loss:2.801608, finished 36.48%.                             
           INFO     Rank: 0 - Epoch:7/20, Batch:50,     progress_callback.py:218
                    loss:2.727066, finished 36.52%.                             
           INFO     Rank: 0 - Epoch:7/20, Batch:51,     progress_callback.py:218
                    loss:2.881623, finished 36.55%.                             
[20:47:13] INFO     Rank: 0 - Epoch:7/20, Batch:52,     progress_callback.py:218
                    loss:2.732682, finished 36.58%.                             
           INFO     Rank: 0 - Epoch:7/20, Batch:53,     progress_callback.py:218
                    loss:2.881732, finished 36.61%.                             
[20:47:14] INFO     Rank: 0 - Epoch:7/20, Batch:54,     progress_callback.py:218
                    loss:2.512155, finished 36.64%.                             
           INFO     Rank: 0 - Epoch:7/20, Batch:55,     progress_callback.py:218
                    loss:2.774812, finished 36.67%.                             
[20:47:15] INFO     Rank: 0 - Epoch:7/20, Batch:56,     progress_callback.py:218
                    loss:2.482151, finished 36.7%.                              
           INFO     Rank: 0 - Epoch:7/20, Batch:57,     progress_callback.py:218
                    loss:1.922523, finished 36.73%.                             
           INFO     Rank: 0 - Epoch:7/20, Batch:58,     progress_callback.py:218
                    loss:2.793777, finished 36.76%.                             
[20:47:16] INFO     Rank: 0 - Epoch:7/20, Batch:59,     progress_callback.py:218
                    loss:2.864173, finished 36.79%.                             
           INFO     Rank: 0 - Epoch:7/20, Batch:60,     progress_callback.py:218
                    loss:2.423071, finished 36.82%.                             
[20:47:17] INFO     Rank: 0 - Epoch:7/20, Batch:61,     progress_callback.py:218
                    loss:2.876647, finished 36.85%.                             
           INFO     Rank: 0 - Epoch:7/20, Batch:62,     progress_callback.py:218
                    loss:2.87234, finished 36.88%.                              
[20:47:18] INFO     Rank: 0 - Epoch:7/20, Batch:63,     progress_callback.py:218
                    loss:2.816993, finished 36.91%.                             
           INFO     Rank: 0 - Epoch:7/20, Batch:64,     progress_callback.py:218
                    loss:2.786506, finished 36.94%.                             
           INFO     Rank: 0 - Epoch:7/20, Batch:65,     progress_callback.py:218
                    loss:3.021614, finished 36.97%.                             
[20:47:19] INFO     Rank: 0 - Epoch:7/20, Batch:66,     progress_callback.py:218
                    loss:2.50801, finished 37.0%.                               
           INFO     Rank: 0 - Epoch:7/20, Batch:67,     progress_callback.py:218
                    loss:2.620081, finished 37.03%.                             
[20:47:20] INFO     Rank: 0 - Epoch:7/20, Batch:68,     progress_callback.py:218
                    loss:2.659117, finished 37.06%.                             
           INFO     Rank: 0 - Epoch:7/20, Batch:69,     progress_callback.py:218
                    loss:2.521021, finished 37.09%.                             
[20:47:21] INFO     Rank: 0 - Epoch:7/20, Batch:70,     progress_callback.py:218
                    loss:2.81927, finished 37.12%.                              
           INFO     Rank: 0 - Epoch:7/20, Batch:71,     progress_callback.py:218
                    loss:2.373507, finished 37.15%.                             
           INFO     Rank: 0 - Epoch:7/20, Batch:72,     progress_callback.py:218
                    loss:2.385706, finished 37.18%.                             
[20:47:22] INFO     Rank: 0 - Epoch:7/20, Batch:73,     progress_callback.py:218
                    loss:2.608744, finished 37.21%.                             
           INFO     Rank: 0 - Epoch:7/20, Batch:74,     progress_callback.py:218
                    loss:2.160778, finished 37.24%.                             
[20:47:23] INFO     Rank: 0 - Epoch:7/20, Batch:75,     progress_callback.py:218
                    loss:3.134882, finished 37.27%.                             
           INFO     Rank: 0 - Epoch:7/20, Batch:76,     progress_callback.py:218
                    loss:2.560136, finished 37.3%.                              
[20:47:24] INFO     Rank: 0 - Epoch:7/20, Batch:77,     progress_callback.py:218
                    loss:2.456725, finished 37.33%.                             
           INFO     Rank: 0 - Epoch:7/20, Batch:78,     progress_callback.py:218
                    loss:2.677145, finished 37.36%.                             
           INFO     Rank: 0 - Epoch:7/20, Batch:79,     progress_callback.py:218
                    loss:2.409452, finished 37.39%.                             
[20:47:25] INFO     Rank: 0 - Epoch:7/20, Batch:80,     progress_callback.py:218
                    loss:2.796078, finished 37.42%.                             
           INFO     Rank: 0 - Epoch:7/20, Batch:81,     progress_callback.py:218
                    loss:2.692895, finished 37.45%.                             
[20:47:26] INFO     Rank: 0 - Epoch:7/20, Batch:82,     progress_callback.py:218
                    loss:2.650805, finished 37.48%.                             
           INFO     Rank: 0 - Epoch:7/20, Batch:83,     progress_callback.py:218
                    loss:2.379545, finished 37.52%.                             
[20:47:27] INFO     Rank: 0 - Epoch:7/20, Batch:84,     progress_callback.py:218
                    loss:3.065578, finished 37.55%.                             
           INFO     Rank: 0 - Epoch:7/20, Batch:85,     progress_callback.py:218
                    loss:2.477495, finished 37.58%.                             
           INFO     Rank: 0 -                                   evaluator.py:317
                    **********Evaluation starts**********                       
[20:47:39] INFO     Rank: 0 - **********Evaluation              evaluator.py:349
                    ends**********                                              
                                                                                
           INFO     Rank: 0 - ----------Eval. results   progress_callback.py:233
                    on Epoch:7, Batch:85----------                              
           INFO     Rank: 0 -                           progress_callback.py:238
                    {"torch_ngram#ngram-overlap":                               
                    0.27370697259902954}                                        
[20:47:40] INFO     Rank: 0 - Epoch:7/20, Batch:86,     progress_callback.py:218
                    loss:3.035158, finished 37.61%.                             
           INFO     Rank: 0 - Epoch:7/20, Batch:87,     progress_callback.py:218
                    loss:2.236533, finished 37.64%.                             
[20:47:41] INFO     Rank: 0 - Epoch:7/20, Batch:88,     progress_callback.py:218
                    loss:2.418642, finished 37.67%.                             
           INFO     Rank: 0 - Epoch:7/20, Batch:89,     progress_callback.py:218
                    loss:3.064405, finished 37.7%.                              
[20:47:42] INFO     Rank: 0 - Epoch:7/20, Batch:90,     progress_callback.py:218
                    loss:2.394231, finished 37.73%.                             
           INFO     Rank: 0 - Epoch:7/20, Batch:91,     progress_callback.py:218
                    loss:2.314946, finished 37.76%.                             
           INFO     Rank: 0 - Epoch:7/20, Batch:92,     progress_callback.py:218
                    loss:2.671195, finished 37.79%.                             
[20:47:43] INFO     Rank: 0 - Epoch:7/20, Batch:93,     progress_callback.py:218
                    loss:2.615408, finished 37.82%.                             
           INFO     Rank: 0 - Epoch:7/20, Batch:94,     progress_callback.py:218
                    loss:2.734298, finished 37.85%.                             
[20:47:44] INFO     Rank: 0 - Epoch:7/20, Batch:95,     progress_callback.py:218
                    loss:2.785104, finished 37.88%.                             
           INFO     Rank: 0 - Epoch:7/20, Batch:96,     progress_callback.py:218
                    loss:2.401213, finished 37.91%.                             
[20:47:45] INFO     Rank: 0 - Epoch:7/20, Batch:97,     progress_callback.py:218
                    loss:2.983499, finished 37.94%.                             
           INFO     Rank: 0 - Epoch:7/20, Batch:98,     progress_callback.py:218
                    loss:2.406039, finished 37.97%.                             
           INFO     Rank: 0 - Epoch:7/20, Batch:99,     progress_callback.py:218
                    loss:2.504616, finished 38.0%.                              
[20:47:46] INFO     Rank: 0 - Epoch:7/20, Batch:100,    progress_callback.py:218
                    loss:2.438756, finished 38.03%.                             
           INFO     Rank: 0 - Epoch:7/20, Batch:101,    progress_callback.py:218
                    loss:2.968582, finished 38.06%.                             
[20:47:47] INFO     Rank: 0 - Epoch:7/20, Batch:102,    progress_callback.py:218
                    loss:2.503285, finished 38.09%.                             
           INFO     Rank: 0 - Epoch:7/20, Batch:103,    progress_callback.py:218
                    loss:3.007798, finished 38.12%.                             
           INFO     Rank: 0 - Epoch:7/20, Batch:104,    progress_callback.py:218
                    loss:2.161753, finished 38.15%.                             
[20:47:48] INFO     Rank: 0 - Epoch:7/20, Batch:105,    progress_callback.py:218
                    loss:2.613511, finished 38.18%.                             
           INFO     Rank: 0 - Epoch:7/20, Batch:106,    progress_callback.py:218
                    loss:2.782415, finished 38.21%.                             
[20:47:49] INFO     Rank: 0 - Epoch:7/20, Batch:107,    progress_callback.py:218
                    loss:2.197727, finished 38.24%.                             
           INFO     Rank: 0 - Epoch:7/20, Batch:108,    progress_callback.py:218
                    loss:2.800473, finished 38.27%.                             
[20:47:50] INFO     Rank: 0 - Epoch:7/20, Batch:109,    progress_callback.py:218
                    loss:2.346907, finished 38.3%.                              
           INFO     Rank: 0 - Epoch:7/20, Batch:110,    progress_callback.py:218
                    loss:2.714011, finished 38.33%.                             
           INFO     Rank: 0 - Epoch:7/20, Batch:111,    progress_callback.py:218
                    loss:2.685665, finished 38.36%.                             
[20:47:51] INFO     Rank: 0 - Epoch:7/20, Batch:112,    progress_callback.py:218
                    loss:2.639817, finished 38.39%.                             
           INFO     Rank: 0 - Epoch:7/20, Batch:113,    progress_callback.py:218
                    loss:2.669978, finished 38.42%.                             
[20:47:52] INFO     Rank: 0 - Epoch:7/20, Batch:114,    progress_callback.py:218
                    loss:2.762725, finished 38.45%.                             
           INFO     Rank: 0 - Epoch:7/20, Batch:115,    progress_callback.py:218
                    loss:2.574625, finished 38.48%.                             
[20:47:53] INFO     Rank: 0 - Epoch:7/20, Batch:116,    progress_callback.py:218
                    loss:2.76838, finished 38.52%.                              
           INFO     Rank: 0 - Epoch:7/20, Batch:117,    progress_callback.py:218
                    loss:2.343414, finished 38.55%.                             
           INFO     Rank: 0 - Epoch:7/20, Batch:118,    progress_callback.py:218
                    loss:2.448089, finished 38.58%.                             
[20:47:54] INFO     Rank: 0 - Epoch:7/20, Batch:119,    progress_callback.py:218
                    loss:3.010876, finished 38.61%.                             
           INFO     Rank: 0 - Epoch:7/20, Batch:120,    progress_callback.py:218
                    loss:2.756261, finished 38.64%.                             
[20:47:55] INFO     Rank: 0 - Epoch:7/20, Batch:121,    progress_callback.py:218
                    loss:2.246964, finished 38.67%.                             
           INFO     Rank: 0 - Epoch:7/20, Batch:122,    progress_callback.py:218
                    loss:2.186913, finished 38.7%.                              
[20:47:56] INFO     Rank: 0 - Epoch:7/20, Batch:123,    progress_callback.py:218
                    loss:2.498307, finished 38.73%.                             
           INFO     Rank: 0 - Epoch:7/20, Batch:124,    progress_callback.py:218
                    loss:2.628915, finished 38.76%.                             
           INFO     Rank: 0 - Epoch:7/20, Batch:125,    progress_callback.py:218
                    loss:2.453418, finished 38.79%.                             
           INFO     Rank: 0 -                                   evaluator.py:317
                    **********Evaluation starts**********                       
[20:48:09] INFO     Rank: 0 - **********Evaluation              evaluator.py:349
                    ends**********                                              
                                                                                
           INFO     Rank: 0 - ----------Eval. results   progress_callback.py:233
                    on Epoch:7, Batch:125----------                             
           INFO     Rank: 0 -                           progress_callback.py:238
                    {"torch_ngram#ngram-overlap":                               
                    0.28151270747184753}                                        
           INFO     Rank: 0 - Epoch:7/20, Batch:126,    progress_callback.py:218
                    loss:2.255064, finished 38.82%.                             
[20:48:10] INFO     Rank: 0 - Epoch:7/20, Batch:127,    progress_callback.py:218
                    loss:2.289317, finished 38.85%.                             
           INFO     Rank: 0 - Epoch:7/20, Batch:128,    progress_callback.py:218
                    loss:2.326534, finished 38.88%.                             
           INFO     Rank: 0 - Epoch:7/20, Batch:129,    progress_callback.py:218
                    loss:2.40274, finished 38.91%.                              
[20:48:11] INFO     Rank: 0 - Epoch:7/20, Batch:130,    progress_callback.py:218
                    loss:2.791417, finished 38.94%.                             
           INFO     Rank: 0 - Epoch:7/20, Batch:131,    progress_callback.py:218
                    loss:2.770979, finished 38.97%.                             
[20:48:12] INFO     Rank: 0 - Epoch:7/20, Batch:132,    progress_callback.py:218
                    loss:1.999096, finished 39.0%.                              
           INFO     Rank: 0 - Epoch:7/20, Batch:133,    progress_callback.py:218
                    loss:2.595662, finished 39.03%.                             
[20:48:13] INFO     Rank: 0 - Epoch:7/20, Batch:134,    progress_callback.py:218
                    loss:2.435837, finished 39.06%.                             
           INFO     Rank: 0 - Epoch:7/20, Batch:135,    progress_callback.py:218
                    loss:2.833797, finished 39.09%.                             
[20:48:14] INFO     Rank: 0 - Epoch:7/20, Batch:136,    progress_callback.py:218
                    loss:2.91772, finished 39.12%.                              
           INFO     Rank: 0 - Epoch:7/20, Batch:137,    progress_callback.py:218
                    loss:2.454236, finished 39.15%.                             
[20:48:15] INFO     Rank: 0 - Epoch:7/20, Batch:138,    progress_callback.py:218
                    loss:2.984135, finished 39.18%.                             
           INFO     Rank: 0 - Epoch:7/20, Batch:139,    progress_callback.py:218
                    loss:2.648641, finished 39.21%.                             
[20:48:16] INFO     Rank: 0 - Epoch:7/20, Batch:140,    progress_callback.py:218
                    loss:2.316903, finished 39.24%.                             
           INFO     Rank: 0 - Epoch:7/20, Batch:141,    progress_callback.py:218
                    loss:3.069349, finished 39.27%.                             
[20:48:17] INFO     Rank: 0 - Epoch:7/20, Batch:142,    progress_callback.py:218
                    loss:2.453159, finished 39.3%.                              
           INFO     Rank: 0 - Epoch:7/20, Batch:143,    progress_callback.py:218
                    loss:2.387887, finished 39.33%.                             
[20:48:18] INFO     Rank: 0 - Epoch:7/20, Batch:144,    progress_callback.py:218
                    loss:2.461953, finished 39.36%.                             
           INFO     Rank: 0 - Epoch:7/20, Batch:145,    progress_callback.py:218
                    loss:3.166156, finished 39.39%.                             
[20:48:19] INFO     Rank: 0 - Epoch:7/20, Batch:146,    progress_callback.py:218
                    loss:2.881938, finished 39.42%.                             
           INFO     Rank: 0 - Epoch:7/20, Batch:147,    progress_callback.py:218
                    loss:2.761765, finished 39.45%.                             
           INFO     Rank: 0 - Epoch:7/20, Batch:148,    progress_callback.py:218
                    loss:2.465605, finished 39.48%.                             
[20:48:20] INFO     Rank: 0 - Epoch:7/20, Batch:149,    progress_callback.py:218
                    loss:2.431247, finished 39.52%.                             
           INFO     Rank: 0 - Epoch:7/20, Batch:150,    progress_callback.py:218
                    loss:2.737367, finished 39.55%.                             
[20:48:21] INFO     Rank: 0 - Epoch:7/20, Batch:151,    progress_callback.py:218
                    loss:2.961904, finished 39.58%.                             
           INFO     Rank: 0 - Epoch:7/20, Batch:152,    progress_callback.py:218
                    loss:2.660115, finished 39.61%.                             
[20:48:22] INFO     Rank: 0 - Epoch:7/20, Batch:153,    progress_callback.py:218
                    loss:2.45697, finished 39.64%.                              
           INFO     Rank: 0 - Epoch:7/20, Batch:154,    progress_callback.py:218
                    loss:2.748253, finished 39.67%.                             
[20:48:23] INFO     Rank: 0 - Epoch:7/20, Batch:155,    progress_callback.py:218
                    loss:2.329496, finished 39.7%.                              
           INFO     Rank: 0 - Epoch:7/20, Batch:156,    progress_callback.py:218
                    loss:1.94363, finished 39.73%.                              
[20:48:24] INFO     Rank: 0 - Epoch:7/20, Batch:157,    progress_callback.py:218
                    loss:2.553532, finished 39.76%.                             
           INFO     Rank: 0 - Epoch:7/20, Batch:158,    progress_callback.py:218
                    loss:2.505776, finished 39.79%.                             
[20:48:25] INFO     Rank: 0 - Epoch:7/20, Batch:159,    progress_callback.py:218
                    loss:2.434884, finished 39.82%.                             
           INFO     Rank: 0 - Epoch:7/20, Batch:160,    progress_callback.py:218
                    loss:2.882976, finished 39.85%.                             
[20:48:26] INFO     Rank: 0 - Epoch:7/20, Batch:161,    progress_callback.py:218
                    loss:2.320545, finished 39.88%.                             
           INFO     Rank: 0 - Epoch:7/20, Batch:162,    progress_callback.py:218
                    loss:2.479918, finished 39.91%.                             
[20:48:27] INFO     Rank: 0 - Epoch:7/20, Batch:163,    progress_callback.py:218
                    loss:2.660784, finished 39.94%.                             
           INFO     Rank: 0 - Epoch:7/20, Batch:164,    progress_callback.py:218
                    loss:2.913371, finished 39.97%.                             
[20:48:28] INFO     Rank: 0 - Epoch:7/20, Batch:165,    progress_callback.py:218
                    loss:2.523172, finished 40.0%.                              
           INFO     Rank: 0 -                                   evaluator.py:317
                    **********Evaluation starts**********                       
[20:48:39] INFO     Rank: 0 - **********Evaluation              evaluator.py:349
                    ends**********                                              
                                                                                
           INFO     Rank: 0 - ----------Eval. results   progress_callback.py:233
                    on Epoch:7, Batch:165----------                             
           INFO     Rank: 0 -                           progress_callback.py:238
                    {"torch_ngram#ngram-overlap":                               
                    0.27370697259902954}                                        
           INFO     Rank: 0 -                           progress_callback.py:204
                    **********Epoch:8 starts**********                          
[20:48:40] INFO     Rank: 0 - Epoch:8/20, Batch:1,      progress_callback.py:218
                    loss:3.011727, finished 40.03%.                             
           INFO     Rank: 0 - Epoch:8/20, Batch:2,      progress_callback.py:218
                    loss:2.912593, finished 40.06%.                             
           INFO     Rank: 0 - Epoch:8/20, Batch:3,      progress_callback.py:218
                    loss:2.536259, finished 40.09%.                             
[20:48:41] INFO     Rank: 0 - Epoch:8/20, Batch:4,      progress_callback.py:218
                    loss:2.327353, finished 40.12%.                             
           INFO     Rank: 0 - Epoch:8/20, Batch:5,      progress_callback.py:218
                    loss:2.483348, finished 40.15%.                             
[20:48:42] INFO     Rank: 0 - Epoch:8/20, Batch:6,      progress_callback.py:218
                    loss:2.266347, finished 40.18%.                             
           INFO     Rank: 0 - Epoch:8/20, Batch:7,      progress_callback.py:218
                    loss:2.764606, finished 40.21%.                             
[20:48:43] INFO     Rank: 0 - Epoch:8/20, Batch:8,      progress_callback.py:218
                    loss:2.458952, finished 40.24%.                             
           INFO     Rank: 0 - Epoch:8/20, Batch:9,      progress_callback.py:218
                    loss:2.44268, finished 40.27%.                              
           INFO     Rank: 0 - Epoch:8/20, Batch:10,     progress_callback.py:218
                    loss:2.61762, finished 40.3%.                               
[20:48:44] INFO     Rank: 0 - Epoch:8/20, Batch:11,     progress_callback.py:218
                    loss:2.5388, finished 40.33%.                               
           INFO     Rank: 0 - Epoch:8/20, Batch:12,     progress_callback.py:218
                    loss:2.311524, finished 40.36%.                             
[20:48:45] INFO     Rank: 0 - Epoch:8/20, Batch:13,     progress_callback.py:218
                    loss:2.50666, finished 40.39%.                              
           INFO     Rank: 0 - Epoch:8/20, Batch:14,     progress_callback.py:218
                    loss:2.914278, finished 40.42%.                             
[20:48:46] INFO     Rank: 0 - Epoch:8/20, Batch:15,     progress_callback.py:218
                    loss:2.336729, finished 40.45%.                             
           INFO     Rank: 0 - Epoch:8/20, Batch:16,     progress_callback.py:218
                    loss:2.855062, finished 40.48%.                             
           INFO     Rank: 0 - Epoch:8/20, Batch:17,     progress_callback.py:218
                    loss:2.004867, finished 40.52%.                             
[20:48:47] INFO     Rank: 0 - Epoch:8/20, Batch:18,     progress_callback.py:218
                    loss:2.956455, finished 40.55%.                             
           INFO     Rank: 0 - Epoch:8/20, Batch:19,     progress_callback.py:218
                    loss:2.848677, finished 40.58%.                             
[20:48:48] INFO     Rank: 0 - Epoch:8/20, Batch:20,     progress_callback.py:218
                    loss:2.670081, finished 40.61%.                             
           INFO     Rank: 0 - Epoch:8/20, Batch:21,     progress_callback.py:218
                    loss:2.83596, finished 40.64%.                              
[20:48:49] INFO     Rank: 0 - Epoch:8/20, Batch:22,     progress_callback.py:218
                    loss:2.854243, finished 40.67%.                             
           INFO     Rank: 0 - Epoch:8/20, Batch:23,     progress_callback.py:218
                    loss:2.534055, finished 40.7%.                              
           INFO     Rank: 0 - Epoch:8/20, Batch:24,     progress_callback.py:218
                    loss:2.334549, finished 40.73%.                             
[20:48:50] INFO     Rank: 0 - Epoch:8/20, Batch:25,     progress_callback.py:218
                    loss:2.565204, finished 40.76%.                             
           INFO     Rank: 0 - Epoch:8/20, Batch:26,     progress_callback.py:218
                    loss:2.736569, finished 40.79%.                             
[20:48:51] INFO     Rank: 0 - Epoch:8/20, Batch:27,     progress_callback.py:218
                    loss:2.379744, finished 40.82%.                             
           INFO     Rank: 0 - Epoch:8/20, Batch:28,     progress_callback.py:218
                    loss:2.841871, finished 40.85%.                             
           INFO     Rank: 0 - Epoch:8/20, Batch:29,     progress_callback.py:218
                    loss:1.976251, finished 40.88%.                             
[20:48:52] INFO     Rank: 0 - Epoch:8/20, Batch:30,     progress_callback.py:218
                    loss:2.308406, finished 40.91%.                             
           INFO     Rank: 0 - Epoch:8/20, Batch:31,     progress_callback.py:218
                    loss:2.31583, finished 40.94%.                              
[20:48:53] INFO     Rank: 0 - Epoch:8/20, Batch:32,     progress_callback.py:218
                    loss:2.624109, finished 40.97%.                             
           INFO     Rank: 0 - Epoch:8/20, Batch:33,     progress_callback.py:218
                    loss:2.777338, finished 41.0%.                              
[20:48:54] INFO     Rank: 0 - Epoch:8/20, Batch:34,     progress_callback.py:218
                    loss:2.335021, finished 41.03%.                             
           INFO     Rank: 0 - Epoch:8/20, Batch:35,     progress_callback.py:218
                    loss:2.430198, finished 41.06%.                             
           INFO     Rank: 0 - Epoch:8/20, Batch:36,     progress_callback.py:218
                    loss:2.886996, finished 41.09%.                             
[20:48:55] INFO     Rank: 0 - Epoch:8/20, Batch:37,     progress_callback.py:218
                    loss:2.495846, finished 41.12%.                             
           INFO     Rank: 0 - Epoch:8/20, Batch:38,     progress_callback.py:218
                    loss:2.308585, finished 41.15%.                             
[20:48:56] INFO     Rank: 0 - Epoch:8/20, Batch:39,     progress_callback.py:218
                    loss:2.723287, finished 41.18%.                             
           INFO     Rank: 0 - Epoch:8/20, Batch:40,     progress_callback.py:218
                    loss:2.949647, finished 41.21%.                             
           INFO     Rank: 0 -                                   evaluator.py:317
                    **********Evaluation starts**********                       
[20:49:09] INFO     Rank: 0 - **********Evaluation              evaluator.py:349
                    ends**********                                              
                                                                                
           INFO     Rank: 0 - ----------Eval. results   progress_callback.py:233
                    on Epoch:8, Batch:40----------                              
           INFO     Rank: 0 -                           progress_callback.py:238
                    {"torch_ngram#ngram-overlap":                               
                    0.27370697259902954}                                        
           INFO     Rank: 0 - Epoch:8/20, Batch:41,     progress_callback.py:218
                    loss:2.599383, finished 41.24%.                             
           INFO     Rank: 0 - Epoch:8/20, Batch:42,     progress_callback.py:218
                    loss:2.493304, finished 41.27%.                             
[20:49:10] INFO     Rank: 0 - Epoch:8/20, Batch:43,     progress_callback.py:218
                    loss:2.598646, finished 41.3%.                              
           INFO     Rank: 0 - Epoch:8/20, Batch:44,     progress_callback.py:218
                    loss:2.283768, finished 41.33%.                             
[20:49:11] INFO     Rank: 0 - Epoch:8/20, Batch:45,     progress_callback.py:218
                    loss:2.007446, finished 41.36%.                             
           INFO     Rank: 0 - Epoch:8/20, Batch:46,     progress_callback.py:218
                    loss:2.174384, finished 41.39%.                             
[20:49:12] INFO     Rank: 0 - Epoch:8/20, Batch:47,     progress_callback.py:218
                    loss:2.536745, finished 41.42%.                             
           INFO     Rank: 0 - Epoch:8/20, Batch:48,     progress_callback.py:218
                    loss:2.885039, finished 41.45%.                             
           INFO     Rank: 0 - Epoch:8/20, Batch:49,     progress_callback.py:218
                    loss:2.43762, finished 41.48%.                              
[20:49:13] INFO     Rank: 0 - Epoch:8/20, Batch:50,     progress_callback.py:218
                    loss:2.33111, finished 41.52%.                              
           INFO     Rank: 0 - Epoch:8/20, Batch:51,     progress_callback.py:218
                    loss:1.874572, finished 41.55%.                             
[20:49:14] INFO     Rank: 0 - Epoch:8/20, Batch:52,     progress_callback.py:218
                    loss:2.591146, finished 41.58%.                             
           INFO     Rank: 0 - Epoch:8/20, Batch:53,     progress_callback.py:218
                    loss:2.489317, finished 41.61%.                             
           INFO     Rank: 0 - Epoch:8/20, Batch:54,     progress_callback.py:218
                    loss:2.214282, finished 41.64%.                             
[20:49:15] INFO     Rank: 0 - Epoch:8/20, Batch:55,     progress_callback.py:218
                    loss:2.482198, finished 41.67%.                             
           INFO     Rank: 0 - Epoch:8/20, Batch:56,     progress_callback.py:218
                    loss:2.848492, finished 41.7%.                              
[20:49:16] INFO     Rank: 0 - Epoch:8/20, Batch:57,     progress_callback.py:218
                    loss:2.428637, finished 41.73%.                             
           INFO     Rank: 0 - Epoch:8/20, Batch:58,     progress_callback.py:218
                    loss:2.628789, finished 41.76%.                             
[20:49:17] INFO     Rank: 0 - Epoch:8/20, Batch:59,     progress_callback.py:218
                    loss:2.657652, finished 41.79%.                             
           INFO     Rank: 0 - Epoch:8/20, Batch:60,     progress_callback.py:218
                    loss:2.551753, finished 41.82%.                             
           INFO     Rank: 0 - Epoch:8/20, Batch:61,     progress_callback.py:218
                    loss:2.241016, finished 41.85%.                             
[20:49:18] INFO     Rank: 0 - Epoch:8/20, Batch:62,     progress_callback.py:218
                    loss:2.921076, finished 41.88%.                             
           INFO     Rank: 0 - Epoch:8/20, Batch:63,     progress_callback.py:218
                    loss:2.241578, finished 41.91%.                             
[20:49:19] INFO     Rank: 0 - Epoch:8/20, Batch:64,     progress_callback.py:218
                    loss:1.899478, finished 41.94%.                             
           INFO     Rank: 0 - Epoch:8/20, Batch:65,     progress_callback.py:218
                    loss:1.833677, finished 41.97%.                             
[20:49:20] INFO     Rank: 0 - Epoch:8/20, Batch:66,     progress_callback.py:218
                    loss:2.458658, finished 42.0%.                              
           INFO     Rank: 0 - Epoch:8/20, Batch:67,     progress_callback.py:218
                    loss:2.665112, finished 42.03%.                             
           INFO     Rank: 0 - Epoch:8/20, Batch:68,     progress_callback.py:218
                    loss:2.491784, finished 42.06%.                             
[20:49:21] INFO     Rank: 0 - Epoch:8/20, Batch:69,     progress_callback.py:218
                    loss:2.684346, finished 42.09%.                             
           INFO     Rank: 0 - Epoch:8/20, Batch:70,     progress_callback.py:218
                    loss:2.18988, finished 42.12%.                              
[20:49:22] INFO     Rank: 0 - Epoch:8/20, Batch:71,     progress_callback.py:218
                    loss:2.553024, finished 42.15%.                             
           INFO     Rank: 0 - Epoch:8/20, Batch:72,     progress_callback.py:218
                    loss:2.648936, finished 42.18%.                             
[20:49:23] INFO     Rank: 0 - Epoch:8/20, Batch:73,     progress_callback.py:218
                    loss:2.616914, finished 42.21%.                             
           INFO     Rank: 0 - Epoch:8/20, Batch:74,     progress_callback.py:218
                    loss:2.154238, finished 42.24%.                             
           INFO     Rank: 0 - Epoch:8/20, Batch:75,     progress_callback.py:218
                    loss:2.461176, finished 42.27%.                             
[20:49:24] INFO     Rank: 0 - Epoch:8/20, Batch:76,     progress_callback.py:218
                    loss:2.253027, finished 42.3%.                              
           INFO     Rank: 0 - Epoch:8/20, Batch:77,     progress_callback.py:218
                    loss:2.320413, finished 42.33%.                             
[20:49:25] INFO     Rank: 0 - Epoch:8/20, Batch:78,     progress_callback.py:218
                    loss:2.473731, finished 42.36%.                             
           INFO     Rank: 0 - Epoch:8/20, Batch:79,     progress_callback.py:218
                    loss:2.828475, finished 42.39%.                             
[20:49:26] INFO     Rank: 0 - Epoch:8/20, Batch:80,     progress_callback.py:218
                    loss:2.446213, finished 42.42%.                             
           INFO     Rank: 0 -                                   evaluator.py:317
                    **********Evaluation starts**********                       
[20:49:38] INFO     Rank: 0 - **********Evaluation              evaluator.py:349
                    ends**********                                              
                                                                                
           INFO     Rank: 0 - ----------Eval. results   progress_callback.py:233
                    on Epoch:8, Batch:80----------                              
           INFO     Rank: 0 -                           progress_callback.py:238
                    {"torch_ngram#ngram-overlap":                               
                    0.2932516932487488}                                         
 ============= save model at results/ ============= 
 ============= save optimizer at results/.optm ============= 
[20:49:42] INFO     Rank: 0 - Epoch:8/20, Batch:81,     progress_callback.py:218
                    loss:2.847978, finished 42.45%.                             
           INFO     Rank: 0 - Epoch:8/20, Batch:82,     progress_callback.py:218
                    loss:2.424857, finished 42.48%.                             
[20:49:43] INFO     Rank: 0 - Epoch:8/20, Batch:83,     progress_callback.py:218
                    loss:2.42491, finished 42.52%.                              
           INFO     Rank: 0 - Epoch:8/20, Batch:84,     progress_callback.py:218
                    loss:2.777097, finished 42.55%.                             
[20:49:44] INFO     Rank: 0 - Epoch:8/20, Batch:85,     progress_callback.py:218
                    loss:2.531093, finished 42.58%.                             
           INFO     Rank: 0 - Epoch:8/20, Batch:86,     progress_callback.py:218
                    loss:2.961535, finished 42.61%.                             
[20:49:45] INFO     Rank: 0 - Epoch:8/20, Batch:87,     progress_callback.py:218
                    loss:2.616379, finished 42.64%.                             
           INFO     Rank: 0 - Epoch:8/20, Batch:88,     progress_callback.py:218
                    loss:2.311371, finished 42.67%.                             
           INFO     Rank: 0 - Epoch:8/20, Batch:89,     progress_callback.py:218
                    loss:2.282493, finished 42.7%.                              
[20:49:46] INFO     Rank: 0 - Epoch:8/20, Batch:90,     progress_callback.py:218
                    loss:2.177823, finished 42.73%.                             
           INFO     Rank: 0 - Epoch:8/20, Batch:91,     progress_callback.py:218
                    loss:2.171574, finished 42.76%.                             
[20:49:47] INFO     Rank: 0 - Epoch:8/20, Batch:92,     progress_callback.py:218
                    loss:2.53746, finished 42.79%.                              
           INFO     Rank: 0 - Epoch:8/20, Batch:93,     progress_callback.py:218
                    loss:2.540097, finished 42.82%.                             
[20:49:48] INFO     Rank: 0 - Epoch:8/20, Batch:94,     progress_callback.py:218
                    loss:2.5206, finished 42.85%.                               
           INFO     Rank: 0 - Epoch:8/20, Batch:95,     progress_callback.py:218
                    loss:2.057026, finished 42.88%.                             
           INFO     Rank: 0 - Epoch:8/20, Batch:96,     progress_callback.py:218
                    loss:2.741722, finished 42.91%.                             
[20:49:49] INFO     Rank: 0 - Epoch:8/20, Batch:97,     progress_callback.py:218
                    loss:2.697984, finished 42.94%.                             
           INFO     Rank: 0 - Epoch:8/20, Batch:98,     progress_callback.py:218
                    loss:2.013212, finished 42.97%.                             
[20:49:50] INFO     Rank: 0 - Epoch:8/20, Batch:99,     progress_callback.py:218
                    loss:2.425858, finished 43.0%.                              
           INFO     Rank: 0 - Epoch:8/20, Batch:100,    progress_callback.py:218
                    loss:2.219008, finished 43.03%.                             
[20:49:51] INFO     Rank: 0 - Epoch:8/20, Batch:101,    progress_callback.py:218
                    loss:2.610648, finished 43.06%.                             
           INFO     Rank: 0 - Epoch:8/20, Batch:102,    progress_callback.py:218
                    loss:2.051754, finished 43.09%.                             
           INFO     Rank: 0 - Epoch:8/20, Batch:103,    progress_callback.py:218
                    loss:2.290793, finished 43.12%.                             
[20:49:52] INFO     Rank: 0 - Epoch:8/20, Batch:104,    progress_callback.py:218
                    loss:3.01562, finished 43.15%.                              
           INFO     Rank: 0 - Epoch:8/20, Batch:105,    progress_callback.py:218
                    loss:2.415669, finished 43.18%.                             
[20:49:53] INFO     Rank: 0 - Epoch:8/20, Batch:106,    progress_callback.py:218
                    loss:2.343477, finished 43.21%.                             
           INFO     Rank: 0 - Epoch:8/20, Batch:107,    progress_callback.py:218
                    loss:2.72198, finished 43.24%.                              
[20:49:54] INFO     Rank: 0 - Epoch:8/20, Batch:108,    progress_callback.py:218
                    loss:2.195915, finished 43.27%.                             
           INFO     Rank: 0 - Epoch:8/20, Batch:109,    progress_callback.py:218
                    loss:2.413615, finished 43.3%.                              
           INFO     Rank: 0 - Epoch:8/20, Batch:110,    progress_callback.py:218
                    loss:2.54528, finished 43.33%.                              
[20:49:55] INFO     Rank: 0 - Epoch:8/20, Batch:111,    progress_callback.py:218
                    loss:2.288368, finished 43.36%.                             
           INFO     Rank: 0 - Epoch:8/20, Batch:112,    progress_callback.py:218
                    loss:2.289661, finished 43.39%.                             
[20:49:56] INFO     Rank: 0 - Epoch:8/20, Batch:113,    progress_callback.py:218
                    loss:2.454431, finished 43.42%.                             
           INFO     Rank: 0 - Epoch:8/20, Batch:114,    progress_callback.py:218
                    loss:2.128824, finished 43.45%.                             
[20:49:57] INFO     Rank: 0 - Epoch:8/20, Batch:115,    progress_callback.py:218
                    loss:2.341885, finished 43.48%.                             
           INFO     Rank: 0 - Epoch:8/20, Batch:116,    progress_callback.py:218
                    loss:2.242605, finished 43.52%.                             
           INFO     Rank: 0 - Epoch:8/20, Batch:117,    progress_callback.py:218
                    loss:2.519056, finished 43.55%.                             
[20:49:58] INFO     Rank: 0 - Epoch:8/20, Batch:118,    progress_callback.py:218
                    loss:2.435288, finished 43.58%.                             
           INFO     Rank: 0 - Epoch:8/20, Batch:119,    progress_callback.py:218
                    loss:2.095443, finished 43.61%.                             
[20:49:59] INFO     Rank: 0 - Epoch:8/20, Batch:120,    progress_callback.py:218
                    loss:2.278439, finished 43.64%.                             
           INFO     Rank: 0 -                                   evaluator.py:317
                    **********Evaluation starts**********                       
[20:50:11] INFO     Rank: 0 - **********Evaluation              evaluator.py:349
                    ends**********                                              
                                                                                
           INFO     Rank: 0 - ----------Eval. results   progress_callback.py:233
                    on Epoch:8, Batch:120----------                             
           INFO     Rank: 0 -                           progress_callback.py:238
                    {"torch_ngram#ngram-overlap":                               
                    0.28711676597595215}                                        
           INFO     Rank: 0 - Epoch:8/20, Batch:121,    progress_callback.py:218
                    loss:2.81946, finished 43.67%.                              
[20:50:12] INFO     Rank: 0 - Epoch:8/20, Batch:122,    progress_callback.py:218
                    loss:2.277235, finished 43.7%.                              
           INFO     Rank: 0 - Epoch:8/20, Batch:123,    progress_callback.py:218
                    loss:2.707122, finished 43.73%.                             
[20:50:13] INFO     Rank: 0 - Epoch:8/20, Batch:124,    progress_callback.py:218
                    loss:2.544511, finished 43.76%.                             
           INFO     Rank: 0 - Epoch:8/20, Batch:125,    progress_callback.py:218
                    loss:2.287061, finished 43.79%.                             
           INFO     Rank: 0 - Epoch:8/20, Batch:126,    progress_callback.py:218
                    loss:2.89326, finished 43.82%.                              
[20:50:14] INFO     Rank: 0 - Epoch:8/20, Batch:127,    progress_callback.py:218
                    loss:2.449872, finished 43.85%.                             
           INFO     Rank: 0 - Epoch:8/20, Batch:128,    progress_callback.py:218
                    loss:2.251424, finished 43.88%.                             
[20:50:15] INFO     Rank: 0 - Epoch:8/20, Batch:129,    progress_callback.py:218
                    loss:2.169651, finished 43.91%.                             
           INFO     Rank: 0 - Epoch:8/20, Batch:130,    progress_callback.py:218
                    loss:1.828138, finished 43.94%.                             
[20:50:16] INFO     Rank: 0 - Epoch:8/20, Batch:131,    progress_callback.py:218
                    loss:2.219448, finished 43.97%.                             
           INFO     Rank: 0 - Epoch:8/20, Batch:132,    progress_callback.py:218
                    loss:2.280424, finished 44.0%.                              
           INFO     Rank: 0 - Epoch:8/20, Batch:133,    progress_callback.py:218
                    loss:2.413077, finished 44.03%.                             
[20:50:17] INFO     Rank: 0 - Epoch:8/20, Batch:134,    progress_callback.py:218
                    loss:2.799393, finished 44.06%.                             
           INFO     Rank: 0 - Epoch:8/20, Batch:135,    progress_callback.py:218
                    loss:2.400318, finished 44.09%.                             
[20:50:18] INFO     Rank: 0 - Epoch:8/20, Batch:136,    progress_callback.py:218
                    loss:2.190972, finished 44.12%.                             
           INFO     Rank: 0 - Epoch:8/20, Batch:137,    progress_callback.py:218
                    loss:2.116938, finished 44.15%.                             
[20:50:19] INFO     Rank: 0 - Epoch:8/20, Batch:138,    progress_callback.py:218
                    loss:2.364004, finished 44.18%.                             
           INFO     Rank: 0 - Epoch:8/20, Batch:139,    progress_callback.py:218
                    loss:2.986258, finished 44.21%.                             
           INFO     Rank: 0 - Epoch:8/20, Batch:140,    progress_callback.py:218
                    loss:2.286084, finished 44.24%.                             
[20:50:20] INFO     Rank: 0 - Epoch:8/20, Batch:141,    progress_callback.py:218
                    loss:2.518045, finished 44.27%.                             
           INFO     Rank: 0 - Epoch:8/20, Batch:142,    progress_callback.py:218
                    loss:2.237127, finished 44.3%.                              
[20:50:21] INFO     Rank: 0 - Epoch:8/20, Batch:143,    progress_callback.py:218
                    loss:2.310964, finished 44.33%.                             
           INFO     Rank: 0 - Epoch:8/20, Batch:144,    progress_callback.py:218
                    loss:2.352245, finished 44.36%.                             
           INFO     Rank: 0 - Epoch:8/20, Batch:145,    progress_callback.py:218
                    loss:2.5185, finished 44.39%.                               
[20:50:22] INFO     Rank: 0 - Epoch:8/20, Batch:146,    progress_callback.py:218
                    loss:2.326669, finished 44.42%.                             
           INFO     Rank: 0 - Epoch:8/20, Batch:147,    progress_callback.py:218
                    loss:2.076113, finished 44.45%.                             
[20:50:23] INFO     Rank: 0 - Epoch:8/20, Batch:148,    progress_callback.py:218
                    loss:2.534018, finished 44.48%.                             
           INFO     Rank: 0 - Epoch:8/20, Batch:149,    progress_callback.py:218
                    loss:1.869127, finished 44.52%.                             
[20:50:24] INFO     Rank: 0 - Epoch:8/20, Batch:150,    progress_callback.py:218
                    loss:2.114166, finished 44.55%.                             
           INFO     Rank: 0 - Epoch:8/20, Batch:151,    progress_callback.py:218
                    loss:2.504525, finished 44.58%.                             
           INFO     Rank: 0 - Epoch:8/20, Batch:152,    progress_callback.py:218
                    loss:2.691035, finished 44.61%.                             
[20:50:25] INFO     Rank: 0 - Epoch:8/20, Batch:153,    progress_callback.py:218
                    loss:2.051399, finished 44.64%.                             
           INFO     Rank: 0 - Epoch:8/20, Batch:154,    progress_callback.py:218
                    loss:2.277563, finished 44.67%.                             
[20:50:26] INFO     Rank: 0 - Epoch:8/20, Batch:155,    progress_callback.py:218
                    loss:2.467152, finished 44.7%.                              
           INFO     Rank: 0 - Epoch:8/20, Batch:156,    progress_callback.py:218
                    loss:2.025866, finished 44.73%.                             
[20:50:27] INFO     Rank: 0 - Epoch:8/20, Batch:157,    progress_callback.py:218
                    loss:2.551981, finished 44.76%.                             
           INFO     Rank: 0 - Epoch:8/20, Batch:158,    progress_callback.py:218
                    loss:1.37979, finished 44.79%.                              
           INFO     Rank: 0 - Epoch:8/20, Batch:159,    progress_callback.py:218
                    loss:2.290629, finished 44.82%.                             
[20:50:28] INFO     Rank: 0 - Epoch:8/20, Batch:160,    progress_callback.py:218
                    loss:2.440277, finished 44.85%.                             
           INFO     Rank: 0 -                                   evaluator.py:317
                    **********Evaluation starts**********                       
[20:50:40] INFO     Rank: 0 - **********Evaluation              evaluator.py:349
                    ends**********                                              
                                                                                
           INFO     Rank: 0 - ----------Eval. results   progress_callback.py:233
                    on Epoch:8, Batch:160----------                             
           INFO     Rank: 0 -                           progress_callback.py:238
                    {"torch_ngram#ngram-overlap":                               
                    0.29178446531295776}                                        
[20:50:41] INFO     Rank: 0 - Epoch:8/20, Batch:161,    progress_callback.py:218
                    loss:2.570635, finished 44.88%.                             
           INFO     Rank: 0 - Epoch:8/20, Batch:162,    progress_callback.py:218
                    loss:2.724332, finished 44.91%.                             
[20:50:42] INFO     Rank: 0 - Epoch:8/20, Batch:163,    progress_callback.py:218
                    loss:2.792969, finished 44.94%.                             
           INFO     Rank: 0 - Epoch:8/20, Batch:164,    progress_callback.py:218
                    loss:1.614302, finished 44.97%.                             
[20:50:43] INFO     Rank: 0 - Epoch:8/20, Batch:165,    progress_callback.py:218
                    loss:2.508494, finished 45.0%.                              
           INFO     Rank: 0 -                           progress_callback.py:204
                    **********Epoch:9 starts**********                          
           INFO     Rank: 0 - Epoch:9/20, Batch:1,      progress_callback.py:218
                    loss:1.876012, finished 45.03%.                             
[20:50:44] INFO     Rank: 0 - Epoch:9/20, Batch:2,      progress_callback.py:218
                    loss:2.401963, finished 45.06%.                             
           INFO     Rank: 0 - Epoch:9/20, Batch:3,      progress_callback.py:218
                    loss:2.48866, finished 45.09%.                              
           INFO     Rank: 0 - Epoch:9/20, Batch:4,      progress_callback.py:218
                    loss:2.533055, finished 45.12%.                             
[20:50:45] INFO     Rank: 0 - Epoch:9/20, Batch:5,      progress_callback.py:218
                    loss:1.982576, finished 45.15%.                             
           INFO     Rank: 0 - Epoch:9/20, Batch:6,      progress_callback.py:218
                    loss:2.189673, finished 45.18%.                             
[20:50:46] INFO     Rank: 0 - Epoch:9/20, Batch:7,      progress_callback.py:218
                    loss:2.483637, finished 45.21%.                             
           INFO     Rank: 0 - Epoch:9/20, Batch:8,      progress_callback.py:218
                    loss:2.315876, finished 45.24%.                             
[20:50:47] INFO     Rank: 0 - Epoch:9/20, Batch:9,      progress_callback.py:218
                    loss:2.813303, finished 45.27%.                             
           INFO     Rank: 0 - Epoch:9/20, Batch:10,     progress_callback.py:218
                    loss:2.187435, finished 45.3%.                              
           INFO     Rank: 0 - Epoch:9/20, Batch:11,     progress_callback.py:218
                    loss:2.047279, finished 45.33%.                             
[20:50:48] INFO     Rank: 0 - Epoch:9/20, Batch:12,     progress_callback.py:218
                    loss:2.547377, finished 45.36%.                             
           INFO     Rank: 0 - Epoch:9/20, Batch:13,     progress_callback.py:218
                    loss:2.722056, finished 45.39%.                             
[20:50:49] INFO     Rank: 0 - Epoch:9/20, Batch:14,     progress_callback.py:218
                    loss:2.196813, finished 45.42%.                             
           INFO     Rank: 0 - Epoch:9/20, Batch:15,     progress_callback.py:218
                    loss:1.865076, finished 45.45%.                             
[20:50:50] INFO     Rank: 0 - Epoch:9/20, Batch:16,     progress_callback.py:218
                    loss:1.823176, finished 45.48%.                             
           INFO     Rank: 0 - Epoch:9/20, Batch:17,     progress_callback.py:218
                    loss:2.217897, finished 45.52%.                             
           INFO     Rank: 0 - Epoch:9/20, Batch:18,     progress_callback.py:218
                    loss:2.415785, finished 45.55%.                             
[20:50:51] INFO     Rank: 0 - Epoch:9/20, Batch:19,     progress_callback.py:218
                    loss:2.752801, finished 45.58%.                             
           INFO     Rank: 0 - Epoch:9/20, Batch:20,     progress_callback.py:218
                    loss:2.199116, finished 45.61%.                             
[20:50:52] INFO     Rank: 0 - Epoch:9/20, Batch:21,     progress_callback.py:218
                    loss:2.366879, finished 45.64%.                             
           INFO     Rank: 0 - Epoch:9/20, Batch:22,     progress_callback.py:218
                    loss:1.994581, finished 45.67%.                             
[20:50:53] INFO     Rank: 0 - Epoch:9/20, Batch:23,     progress_callback.py:218
                    loss:2.562268, finished 45.7%.                              
           INFO     Rank: 0 - Epoch:9/20, Batch:24,     progress_callback.py:218
                    loss:2.566995, finished 45.73%.                             
           INFO     Rank: 0 - Epoch:9/20, Batch:25,     progress_callback.py:218
                    loss:2.454278, finished 45.76%.                             
[20:50:54] INFO     Rank: 0 - Epoch:9/20, Batch:26,     progress_callback.py:218
                    loss:2.098303, finished 45.79%.                             
           INFO     Rank: 0 - Epoch:9/20, Batch:27,     progress_callback.py:218
                    loss:2.593936, finished 45.82%.                             
[20:50:55] INFO     Rank: 0 - Epoch:9/20, Batch:28,     progress_callback.py:218
                    loss:2.311571, finished 45.85%.                             
           INFO     Rank: 0 - Epoch:9/20, Batch:29,     progress_callback.py:218
                    loss:2.697951, finished 45.88%.                             
[20:50:56] INFO     Rank: 0 - Epoch:9/20, Batch:30,     progress_callback.py:218
                    loss:1.905684, finished 45.91%.                             
           INFO     Rank: 0 - Epoch:9/20, Batch:31,     progress_callback.py:218
                    loss:2.247861, finished 45.94%.                             
           INFO     Rank: 0 - Epoch:9/20, Batch:32,     progress_callback.py:218
                    loss:2.60481, finished 45.97%.                              
[20:50:57] INFO     Rank: 0 - Epoch:9/20, Batch:33,     progress_callback.py:218
                    loss:2.311698, finished 46.0%.                              
           INFO     Rank: 0 - Epoch:9/20, Batch:34,     progress_callback.py:218
                    loss:2.494729, finished 46.03%.                             
[20:50:58] INFO     Rank: 0 - Epoch:9/20, Batch:35,     progress_callback.py:218
                    loss:2.588135, finished 46.06%.                             
           INFO     Rank: 0 -                                   evaluator.py:317
                    **********Evaluation starts**********                       
[20:51:10] INFO     Rank: 0 - **********Evaluation              evaluator.py:349
                    ends**********                                              
                                                                                
           INFO     Rank: 0 - ----------Eval. results   progress_callback.py:233
                    on Epoch:9, Batch:35----------                              
           INFO     Rank: 0 -                           progress_callback.py:238
                    {"torch_ngram#ngram-overlap":                               
                    0.2904529273509979}                                         
[20:51:11] INFO     Rank: 0 - Epoch:9/20, Batch:36,     progress_callback.py:218
                    loss:2.483079, finished 46.09%.                             
           INFO     Rank: 0 - Epoch:9/20, Batch:37,     progress_callback.py:218
                    loss:1.734857, finished 46.12%.                             
[20:51:12] INFO     Rank: 0 - Epoch:9/20, Batch:38,     progress_callback.py:218
                    loss:2.562805, finished 46.15%.                             
           INFO     Rank: 0 - Epoch:9/20, Batch:39,     progress_callback.py:218
                    loss:2.25925, finished 46.18%.                              
[20:51:13] INFO     Rank: 0 - Epoch:9/20, Batch:40,     progress_callback.py:218
                    loss:2.327868, finished 46.21%.                             
           INFO     Rank: 0 - Epoch:9/20, Batch:41,     progress_callback.py:218
                    loss:2.579455, finished 46.24%.                             
           INFO     Rank: 0 - Epoch:9/20, Batch:42,     progress_callback.py:218
                    loss:1.999313, finished 46.27%.                             
[20:51:14] INFO     Rank: 0 - Epoch:9/20, Batch:43,     progress_callback.py:218
                    loss:2.702073, finished 46.3%.                              
           INFO     Rank: 0 - Epoch:9/20, Batch:44,     progress_callback.py:218
                    loss:2.389192, finished 46.33%.                             
[20:51:15] INFO     Rank: 0 - Epoch:9/20, Batch:45,     progress_callback.py:218
                    loss:2.584824, finished 46.36%.                             
           INFO     Rank: 0 - Epoch:9/20, Batch:46,     progress_callback.py:218
                    loss:2.471422, finished 46.39%.                             
[20:51:16] INFO     Rank: 0 - Epoch:9/20, Batch:47,     progress_callback.py:218
                    loss:2.206428, finished 46.42%.                             
           INFO     Rank: 0 - Epoch:9/20, Batch:48,     progress_callback.py:218
                    loss:2.051802, finished 46.45%.                             
           INFO     Rank: 0 - Epoch:9/20, Batch:49,     progress_callback.py:218
                    loss:2.02177, finished 46.48%.                              
[20:51:17] INFO     Rank: 0 - Epoch:9/20, Batch:50,     progress_callback.py:218
                    loss:2.567712, finished 46.52%.                             
           INFO     Rank: 0 - Epoch:9/20, Batch:51,     progress_callback.py:218
                    loss:1.818501, finished 46.55%.                             
[20:51:18] INFO     Rank: 0 - Epoch:9/20, Batch:52,     progress_callback.py:218
                    loss:2.144222, finished 46.58%.                             
           INFO     Rank: 0 - Epoch:9/20, Batch:53,     progress_callback.py:218
                    loss:2.803766, finished 46.61%.                             
[20:51:19] INFO     Rank: 0 - Epoch:9/20, Batch:54,     progress_callback.py:218
                    loss:2.598413, finished 46.64%.                             
           INFO     Rank: 0 - Epoch:9/20, Batch:55,     progress_callback.py:218
                    loss:2.43468, finished 46.67%.                              
           INFO     Rank: 0 - Epoch:9/20, Batch:56,     progress_callback.py:218
                    loss:2.742931, finished 46.7%.                              
[20:51:20] INFO     Rank: 0 - Epoch:9/20, Batch:57,     progress_callback.py:218
                    loss:2.11417, finished 46.73%.                              
           INFO     Rank: 0 - Epoch:9/20, Batch:58,     progress_callback.py:218
                    loss:2.341481, finished 46.76%.                             
[20:51:21] INFO     Rank: 0 - Epoch:9/20, Batch:59,     progress_callback.py:218
                    loss:2.367984, finished 46.79%.                             
           INFO     Rank: 0 - Epoch:9/20, Batch:60,     progress_callback.py:218
                    loss:2.071134, finished 46.82%.                             
           INFO     Rank: 0 - Epoch:9/20, Batch:61,     progress_callback.py:218
                    loss:2.563742, finished 46.85%.                             
[20:51:22] INFO     Rank: 0 - Epoch:9/20, Batch:62,     progress_callback.py:218
                    loss:2.453539, finished 46.88%.                             
           INFO     Rank: 0 - Epoch:9/20, Batch:63,     progress_callback.py:218
                    loss:2.291511, finished 46.91%.                             
[20:51:23] INFO     Rank: 0 - Epoch:9/20, Batch:64,     progress_callback.py:218
                    loss:2.335203, finished 46.94%.                             
           INFO     Rank: 0 - Epoch:9/20, Batch:65,     progress_callback.py:218
                    loss:2.665101, finished 46.97%.                             
[20:51:24] INFO     Rank: 0 - Epoch:9/20, Batch:66,     progress_callback.py:218
                    loss:2.090569, finished 47.0%.                              
           INFO     Rank: 0 - Epoch:9/20, Batch:67,     progress_callback.py:218
                    loss:2.11362, finished 47.03%.                              
           INFO     Rank: 0 - Epoch:9/20, Batch:68,     progress_callback.py:218
                    loss:2.341352, finished 47.06%.                             
[20:51:25] INFO     Rank: 0 - Epoch:9/20, Batch:69,     progress_callback.py:218
                    loss:2.355763, finished 47.09%.                             
           INFO     Rank: 0 - Epoch:9/20, Batch:70,     progress_callback.py:218
                    loss:2.253768, finished 47.12%.                             
[20:51:26] INFO     Rank: 0 - Epoch:9/20, Batch:71,     progress_callback.py:218
                    loss:2.385756, finished 47.15%.                             
           INFO     Rank: 0 - Epoch:9/20, Batch:72,     progress_callback.py:218
                    loss:2.450582, finished 47.18%.                             
[20:51:27] INFO     Rank: 0 - Epoch:9/20, Batch:73,     progress_callback.py:218
                    loss:2.093996, finished 47.21%.                             
           INFO     Rank: 0 - Epoch:9/20, Batch:74,     progress_callback.py:218
                    loss:1.689318, finished 47.24%.                             
           INFO     Rank: 0 - Epoch:9/20, Batch:75,     progress_callback.py:218
                    loss:2.39888, finished 47.27%.                              
           INFO     Rank: 0 -                                   evaluator.py:317
                    **********Evaluation starts**********                       
[20:51:41] INFO     Rank: 0 - **********Evaluation              evaluator.py:349
                    ends**********                                              
                                                                                
           INFO     Rank: 0 - ----------Eval. results   progress_callback.py:233
                    on Epoch:9, Batch:75----------                              
           INFO     Rank: 0 -                           progress_callback.py:238
                    {"torch_ngram#ngram-overlap":                               
                    0.28809240460395813}                                        
[20:51:42] INFO     Rank: 0 - Epoch:9/20, Batch:76,     progress_callback.py:218
                    loss:2.431118, finished 47.3%.                              
           INFO     Rank: 0 - Epoch:9/20, Batch:77,     progress_callback.py:218
                    loss:2.508698, finished 47.33%.                             
[20:51:43] INFO     Rank: 0 - Epoch:9/20, Batch:78,     progress_callback.py:218
                    loss:2.246585, finished 47.36%.                             
           INFO     Rank: 0 - Epoch:9/20, Batch:79,     progress_callback.py:218
                    loss:2.04031, finished 47.39%.                              
[20:51:44] INFO     Rank: 0 - Epoch:9/20, Batch:80,     progress_callback.py:218
                    loss:2.222887, finished 47.42%.                             
           INFO     Rank: 0 - Epoch:9/20, Batch:81,     progress_callback.py:218
                    loss:2.458704, finished 47.45%.                             
[20:51:45] INFO     Rank: 0 - Epoch:9/20, Batch:82,     progress_callback.py:218
                    loss:1.866469, finished 47.48%.                             
           INFO     Rank: 0 - Epoch:9/20, Batch:83,     progress_callback.py:218
                    loss:2.529597, finished 47.52%.                             
[20:51:46] INFO     Rank: 0 - Epoch:9/20, Batch:84,     progress_callback.py:218
                    loss:2.079623, finished 47.55%.                             
           INFO     Rank: 0 - Epoch:9/20, Batch:85,     progress_callback.py:218
                    loss:1.774152, finished 47.58%.                             
           INFO     Rank: 0 - Epoch:9/20, Batch:86,     progress_callback.py:218
                    loss:2.488523, finished 47.61%.                             
[20:51:47] INFO     Rank: 0 - Epoch:9/20, Batch:87,     progress_callback.py:218
                    loss:2.056647, finished 47.64%.                             
           INFO     Rank: 0 - Epoch:9/20, Batch:88,     progress_callback.py:218
                    loss:2.44087, finished 47.67%.                              
[20:51:48] INFO     Rank: 0 - Epoch:9/20, Batch:89,     progress_callback.py:218
                    loss:2.380625, finished 47.7%.                              
           INFO     Rank: 0 - Epoch:9/20, Batch:90,     progress_callback.py:218
                    loss:2.550632, finished 47.73%.                             
[20:51:49] INFO     Rank: 0 - Epoch:9/20, Batch:91,     progress_callback.py:218
                    loss:2.561492, finished 47.76%.                             
           INFO     Rank: 0 - Epoch:9/20, Batch:92,     progress_callback.py:218
                    loss:1.947366, finished 47.79%.                             
           INFO     Rank: 0 - Epoch:9/20, Batch:93,     progress_callback.py:218
                    loss:2.504648, finished 47.82%.                             
[20:51:50] INFO     Rank: 0 - Epoch:9/20, Batch:94,     progress_callback.py:218
                    loss:2.330995, finished 47.85%.                             
           INFO     Rank: 0 - Epoch:9/20, Batch:95,     progress_callback.py:218
                    loss:2.082168, finished 47.88%.                             
[20:51:51] INFO     Rank: 0 - Epoch:9/20, Batch:96,     progress_callback.py:218
                    loss:2.364547, finished 47.91%.                             
           INFO     Rank: 0 - Epoch:9/20, Batch:97,     progress_callback.py:218
                    loss:2.096028, finished 47.94%.                             
[20:51:52] INFO     Rank: 0 - Epoch:9/20, Batch:98,     progress_callback.py:218
                    loss:2.020893, finished 47.97%.                             
           INFO     Rank: 0 - Epoch:9/20, Batch:99,     progress_callback.py:218
                    loss:1.903949, finished 48.0%.                              
           INFO     Rank: 0 - Epoch:9/20, Batch:100,    progress_callback.py:218
                    loss:1.891081, finished 48.03%.                             
[20:51:53] INFO     Rank: 0 - Epoch:9/20, Batch:101,    progress_callback.py:218
                    loss:1.927511, finished 48.06%.                             
           INFO     Rank: 0 - Epoch:9/20, Batch:102,    progress_callback.py:218
                    loss:1.761417, finished 48.09%.                             
[20:51:54] INFO     Rank: 0 - Epoch:9/20, Batch:103,    progress_callback.py:218
                    loss:1.999505, finished 48.12%.                             
           INFO     Rank: 0 - Epoch:9/20, Batch:104,    progress_callback.py:218
                    loss:2.29214, finished 48.15%.                              
[20:51:55] INFO     Rank: 0 - Epoch:9/20, Batch:105,    progress_callback.py:218
                    loss:2.2425, finished 48.18%.                               
           INFO     Rank: 0 - Epoch:9/20, Batch:106,    progress_callback.py:218
                    loss:2.336169, finished 48.21%.                             
           INFO     Rank: 0 - Epoch:9/20, Batch:107,    progress_callback.py:218
                    loss:2.433083, finished 48.24%.                             
[20:51:56] INFO     Rank: 0 - Epoch:9/20, Batch:108,    progress_callback.py:218
                    loss:2.323385, finished 48.27%.                             
           INFO     Rank: 0 - Epoch:9/20, Batch:109,    progress_callback.py:218
                    loss:2.682234, finished 48.3%.                              
[20:51:57] INFO     Rank: 0 - Epoch:9/20, Batch:110,    progress_callback.py:218
                    loss:2.205771, finished 48.33%.                             
           INFO     Rank: 0 - Epoch:9/20, Batch:111,    progress_callback.py:218
                    loss:1.934045, finished 48.36%.                             
[20:51:58] INFO     Rank: 0 - Epoch:9/20, Batch:112,    progress_callback.py:218
                    loss:1.968316, finished 48.39%.                             
           INFO     Rank: 0 - Epoch:9/20, Batch:113,    progress_callback.py:218
                    loss:1.738718, finished 48.42%.                             
           INFO     Rank: 0 - Epoch:9/20, Batch:114,    progress_callback.py:218
                    loss:1.908691, finished 48.45%.                             
[20:51:59] INFO     Rank: 0 - Epoch:9/20, Batch:115,    progress_callback.py:218
                    loss:2.025805, finished 48.48%.                             
           INFO     Rank: 0 -                                   evaluator.py:317
                    **********Evaluation starts**********                       
[20:52:13] INFO     Rank: 0 - **********Evaluation              evaluator.py:349
                    ends**********                                              
                                                                                
           INFO     Rank: 0 - ----------Eval. results   progress_callback.py:233
                    on Epoch:9, Batch:115----------                             
           INFO     Rank: 0 -                           progress_callback.py:238
                    {"torch_ngram#ngram-overlap":                               
                    0.295963317155838}                                          
 ============= save model at results/ ============= 
 ============= save optimizer at results/.optm ============= 
[20:52:18] INFO     Rank: 0 - Epoch:9/20, Batch:116,    progress_callback.py:218
                    loss:2.231165, finished 48.52%.                             
           INFO     Rank: 0 - Epoch:9/20, Batch:117,    progress_callback.py:218
                    loss:2.317806, finished 48.55%.                             
           INFO     Rank: 0 - Epoch:9/20, Batch:118,    progress_callback.py:218
                    loss:2.049521, finished 48.58%.                             
[20:52:19] INFO     Rank: 0 - Epoch:9/20, Batch:119,    progress_callback.py:218
                    loss:2.527207, finished 48.61%.                             
           INFO     Rank: 0 - Epoch:9/20, Batch:120,    progress_callback.py:218
                    loss:2.358998, finished 48.64%.                             
[20:52:20] INFO     Rank: 0 - Epoch:9/20, Batch:121,    progress_callback.py:218
                    loss:2.133409, finished 48.67%.                             
           INFO     Rank: 0 - Epoch:9/20, Batch:122,    progress_callback.py:218
                    loss:1.980564, finished 48.7%.                              
           INFO     Rank: 0 - Epoch:9/20, Batch:123,    progress_callback.py:218
                    loss:2.211456, finished 48.73%.                             
[20:52:21] INFO     Rank: 0 - Epoch:9/20, Batch:124,    progress_callback.py:218
                    loss:2.231157, finished 48.76%.                             
           INFO     Rank: 0 - Epoch:9/20, Batch:125,    progress_callback.py:218
                    loss:2.201085, finished 48.79%.                             
[20:52:22] INFO     Rank: 0 - Epoch:9/20, Batch:126,    progress_callback.py:218
                    loss:2.415686, finished 48.82%.                             
           INFO     Rank: 0 - Epoch:9/20, Batch:127,    progress_callback.py:218
                    loss:2.55976, finished 48.85%.                              
[20:52:23] INFO     Rank: 0 - Epoch:9/20, Batch:128,    progress_callback.py:218
                    loss:2.409198, finished 48.88%.                             
           INFO     Rank: 0 - Epoch:9/20, Batch:129,    progress_callback.py:218
                    loss:1.570183, finished 48.91%.                             
           INFO     Rank: 0 - Epoch:9/20, Batch:130,    progress_callback.py:218
                    loss:2.45349, finished 48.94%.                              
[20:52:24] INFO     Rank: 0 - Epoch:9/20, Batch:131,    progress_callback.py:218
                    loss:2.002162, finished 48.97%.                             
           INFO     Rank: 0 - Epoch:9/20, Batch:132,    progress_callback.py:218
                    loss:2.194618, finished 49.0%.                              
[20:52:25] INFO     Rank: 0 - Epoch:9/20, Batch:133,    progress_callback.py:218
                    loss:2.550865, finished 49.03%.                             
           INFO     Rank: 0 - Epoch:9/20, Batch:134,    progress_callback.py:218
                    loss:2.224123, finished 49.06%.                             
[20:52:26] INFO     Rank: 0 - Epoch:9/20, Batch:135,    progress_callback.py:218
                    loss:2.639964, finished 49.09%.                             
           INFO     Rank: 0 - Epoch:9/20, Batch:136,    progress_callback.py:218
                    loss:2.187134, finished 49.12%.                             
           INFO     Rank: 0 - Epoch:9/20, Batch:137,    progress_callback.py:218
                    loss:2.260894, finished 49.15%.                             
[20:52:27] INFO     Rank: 0 - Epoch:9/20, Batch:138,    progress_callback.py:218
                    loss:2.632283, finished 49.18%.                             
           INFO     Rank: 0 - Epoch:9/20, Batch:139,    progress_callback.py:218
                    loss:2.354451, finished 49.21%.                             
[20:52:28] INFO     Rank: 0 - Epoch:9/20, Batch:140,    progress_callback.py:218
                    loss:1.939405, finished 49.24%.                             
           INFO     Rank: 0 - Epoch:9/20, Batch:141,    progress_callback.py:218
                    loss:2.036748, finished 49.27%.                             
[20:52:29] INFO     Rank: 0 - Epoch:9/20, Batch:142,    progress_callback.py:218
                    loss:2.170713, finished 49.3%.                              
           INFO     Rank: 0 - Epoch:9/20, Batch:143,    progress_callback.py:218
                    loss:1.374862, finished 49.33%.                             
           INFO     Rank: 0 - Epoch:9/20, Batch:144,    progress_callback.py:218
                    loss:2.441609, finished 49.36%.                             
[20:52:30] INFO     Rank: 0 - Epoch:9/20, Batch:145,    progress_callback.py:218
                    loss:2.082631, finished 49.39%.                             
           INFO     Rank: 0 - Epoch:9/20, Batch:146,    progress_callback.py:218
                    loss:2.28811, finished 49.42%.                              
[20:52:31] INFO     Rank: 0 - Epoch:9/20, Batch:147,    progress_callback.py:218
                    loss:2.615911, finished 49.45%.                             
           INFO     Rank: 0 - Epoch:9/20, Batch:148,    progress_callback.py:218
                    loss:1.911908, finished 49.48%.                             
[20:52:32] INFO     Rank: 0 - Epoch:9/20, Batch:149,    progress_callback.py:218
                    loss:2.556453, finished 49.52%.                             
           INFO     Rank: 0 - Epoch:9/20, Batch:150,    progress_callback.py:218
                    loss:2.09064, finished 49.55%.                              
           INFO     Rank: 0 - Epoch:9/20, Batch:151,    progress_callback.py:218
                    loss:2.349817, finished 49.58%.                             
[20:52:33] INFO     Rank: 0 - Epoch:9/20, Batch:152,    progress_callback.py:218
                    loss:2.107281, finished 49.61%.                             
           INFO     Rank: 0 - Epoch:9/20, Batch:153,    progress_callback.py:218
                    loss:1.787476, finished 49.64%.                             
[20:52:34] INFO     Rank: 0 - Epoch:9/20, Batch:154,    progress_callback.py:218
                    loss:2.409687, finished 49.67%.                             
           INFO     Rank: 0 - Epoch:9/20, Batch:155,    progress_callback.py:218
                    loss:2.527635, finished 49.7%.                              
           INFO     Rank: 0 -                                   evaluator.py:317
                    **********Evaluation starts**********                       
[20:52:47] INFO     Rank: 0 - **********Evaluation              evaluator.py:349
                    ends**********                                              
                                                                                
           INFO     Rank: 0 - ----------Eval. results   progress_callback.py:233
                    on Epoch:9, Batch:155----------                             
           INFO     Rank: 0 -                           progress_callback.py:238
                    {"torch_ngram#ngram-overlap":                               
                    0.29661092162132263}                                        
 ============= save model at results/ ============= 
 ============= save optimizer at results/.optm ============= 
[20:52:52] INFO     Rank: 0 - Epoch:9/20, Batch:156,    progress_callback.py:218
                    loss:2.222809, finished 49.73%.                             
           INFO     Rank: 0 - Epoch:9/20, Batch:157,    progress_callback.py:218
                    loss:2.549817, finished 49.76%.                             
           INFO     Rank: 0 - Epoch:9/20, Batch:158,    progress_callback.py:218
                    loss:2.370513, finished 49.79%.                             
[20:52:53] INFO     Rank: 0 - Epoch:9/20, Batch:159,    progress_callback.py:218
                    loss:2.072203, finished 49.82%.                             
           INFO     Rank: 0 - Epoch:9/20, Batch:160,    progress_callback.py:218
                    loss:2.423436, finished 49.85%.                             
[20:52:54] INFO     Rank: 0 - Epoch:9/20, Batch:161,    progress_callback.py:218
                    loss:1.805152, finished 49.88%.                             
           INFO     Rank: 0 - Epoch:9/20, Batch:162,    progress_callback.py:218
                    loss:1.850199, finished 49.91%.                             
[20:52:55] INFO     Rank: 0 - Epoch:9/20, Batch:163,    progress_callback.py:218
                    loss:2.592572, finished 49.94%.                             
           INFO     Rank: 0 - Epoch:9/20, Batch:164,    progress_callback.py:218
                    loss:1.794194, finished 49.97%.                             
           INFO     Rank: 0 - Epoch:9/20, Batch:165,    progress_callback.py:218
                    loss:2.140687, finished 50.0%.                              
           INFO     Rank: 0 -                           progress_callback.py:204
                    **********Epoch:10 starts**********                         
[20:52:56] INFO     Rank: 0 - Epoch:10/20, Batch:1,     progress_callback.py:218
                    loss:2.098796, finished 50.03%.                             
           INFO     Rank: 0 - Epoch:10/20, Batch:2,     progress_callback.py:218
                    loss:1.869814, finished 50.06%.                             
[20:52:57] INFO     Rank: 0 - Epoch:10/20, Batch:3,     progress_callback.py:218
                    loss:2.286083, finished 50.09%.                             
           INFO     Rank: 0 - Epoch:10/20, Batch:4,     progress_callback.py:218
                    loss:2.153033, finished 50.12%.                             
[20:52:58] INFO     Rank: 0 - Epoch:10/20, Batch:5,     progress_callback.py:218
                    loss:2.051451, finished 50.15%.                             
           INFO     Rank: 0 - Epoch:10/20, Batch:6,     progress_callback.py:218
                    loss:2.275248, finished 50.18%.                             
           INFO     Rank: 0 - Epoch:10/20, Batch:7,     progress_callback.py:218
                    loss:2.145765, finished 50.21%.                             
[20:52:59] INFO     Rank: 0 - Epoch:10/20, Batch:8,     progress_callback.py:218
                    loss:2.447678, finished 50.24%.                             
           INFO     Rank: 0 - Epoch:10/20, Batch:9,     progress_callback.py:218
                    loss:2.00845, finished 50.27%.                              
[20:53:00] INFO     Rank: 0 - Epoch:10/20, Batch:10,    progress_callback.py:218
                    loss:1.900703, finished 50.3%.                              
           INFO     Rank: 0 - Epoch:10/20, Batch:11,    progress_callback.py:218
                    loss:2.201264, finished 50.33%.                             
[20:53:01] INFO     Rank: 0 - Epoch:10/20, Batch:12,    progress_callback.py:218
                    loss:2.356198, finished 50.36%.                             
           INFO     Rank: 0 - Epoch:10/20, Batch:13,    progress_callback.py:218
                    loss:2.177159, finished 50.39%.                             
           INFO     Rank: 0 - Epoch:10/20, Batch:14,    progress_callback.py:218
                    loss:2.407217, finished 50.42%.                             
[20:53:02] INFO     Rank: 0 - Epoch:10/20, Batch:15,    progress_callback.py:218
                    loss:1.950406, finished 50.45%.                             
           INFO     Rank: 0 - Epoch:10/20, Batch:16,    progress_callback.py:218
                    loss:2.318494, finished 50.48%.                             
[20:53:03] INFO     Rank: 0 - Epoch:10/20, Batch:17,    progress_callback.py:218
                    loss:1.986978, finished 50.52%.                             
           INFO     Rank: 0 - Epoch:10/20, Batch:18,    progress_callback.py:218
                    loss:2.192948, finished 50.55%.                             
[20:53:04] INFO     Rank: 0 - Epoch:10/20, Batch:19,    progress_callback.py:218
                    loss:1.692632, finished 50.58%.                             
           INFO     Rank: 0 - Epoch:10/20, Batch:20,    progress_callback.py:218
                    loss:1.939675, finished 50.61%.                             
           INFO     Rank: 0 - Epoch:10/20, Batch:21,    progress_callback.py:218
                    loss:2.202488, finished 50.64%.                             
[20:53:05] INFO     Rank: 0 - Epoch:10/20, Batch:22,    progress_callback.py:218
                    loss:2.39061, finished 50.67%.                              
           INFO     Rank: 0 - Epoch:10/20, Batch:23,    progress_callback.py:218
                    loss:2.355153, finished 50.7%.                              
[20:53:06] INFO     Rank: 0 - Epoch:10/20, Batch:24,    progress_callback.py:218
                    loss:1.772934, finished 50.73%.                             
           INFO     Rank: 0 - Epoch:10/20, Batch:25,    progress_callback.py:218
                    loss:2.220845, finished 50.76%.                             
[20:53:07] INFO     Rank: 0 - Epoch:10/20, Batch:26,    progress_callback.py:218
                    loss:2.218458, finished 50.79%.                             
           INFO     Rank: 0 - Epoch:10/20, Batch:27,    progress_callback.py:218
                    loss:2.039471, finished 50.82%.                             
           INFO     Rank: 0 - Epoch:10/20, Batch:28,    progress_callback.py:218
                    loss:2.293917, finished 50.85%.                             
[20:53:08] INFO     Rank: 0 - Epoch:10/20, Batch:29,    progress_callback.py:218
                    loss:2.072534, finished 50.88%.                             
           INFO     Rank: 0 - Epoch:10/20, Batch:30,    progress_callback.py:218
                    loss:2.179138, finished 50.91%.                             
           INFO     Rank: 0 -                                   evaluator.py:317
                    **********Evaluation starts**********                       
[20:53:22] INFO     Rank: 0 - **********Evaluation              evaluator.py:349
                    ends**********                                              
                                                                                
           INFO     Rank: 0 - ----------Eval. results   progress_callback.py:233
                    on Epoch:10, Batch:30----------                             
           INFO     Rank: 0 -                           progress_callback.py:238
                    {"torch_ngram#ngram-overlap":                               
                    0.2942998707294464}                                         
           INFO     Rank: 0 - Epoch:10/20, Batch:31,    progress_callback.py:218
                    loss:2.426183, finished 50.94%.                             
[20:53:23] INFO     Rank: 0 - Epoch:10/20, Batch:32,    progress_callback.py:218
                    loss:2.47133, finished 50.97%.                              
[20:53:24] INFO     Rank: 0 - Epoch:10/20, Batch:33,    progress_callback.py:218
                    loss:2.377105, finished 51.0%.                              
           INFO     Rank: 0 - Epoch:10/20, Batch:34,    progress_callback.py:218
                    loss:2.41355, finished 51.03%.                              
           INFO     Rank: 0 - Epoch:10/20, Batch:35,    progress_callback.py:218
                    loss:1.978214, finished 51.06%.                             
[20:53:25] INFO     Rank: 0 - Epoch:10/20, Batch:36,    progress_callback.py:218
                    loss:2.314231, finished 51.09%.                             
           INFO     Rank: 0 - Epoch:10/20, Batch:37,    progress_callback.py:218
                    loss:2.084773, finished 51.12%.                             
[20:53:26] INFO     Rank: 0 - Epoch:10/20, Batch:38,    progress_callback.py:218
                    loss:2.321478, finished 51.15%.                             
           INFO     Rank: 0 - Epoch:10/20, Batch:39,    progress_callback.py:218
                    loss:2.337618, finished 51.18%.                             
[20:53:27] INFO     Rank: 0 - Epoch:10/20, Batch:40,    progress_callback.py:218
                    loss:2.132956, finished 51.21%.                             
           INFO     Rank: 0 - Epoch:10/20, Batch:41,    progress_callback.py:218
                    loss:1.973886, finished 51.24%.                             
           INFO     Rank: 0 - Epoch:10/20, Batch:42,    progress_callback.py:218
                    loss:2.05856, finished 51.27%.                              
[20:53:28] INFO     Rank: 0 - Epoch:10/20, Batch:43,    progress_callback.py:218
                    loss:2.283757, finished 51.3%.                              
           INFO     Rank: 0 - Epoch:10/20, Batch:44,    progress_callback.py:218
                    loss:2.286162, finished 51.33%.                             
[20:53:29] INFO     Rank: 0 - Epoch:10/20, Batch:45,    progress_callback.py:218
                    loss:1.872755, finished 51.36%.                             
           INFO     Rank: 0 - Epoch:10/20, Batch:46,    progress_callback.py:218
                    loss:2.0093, finished 51.39%.                               
[20:53:30] INFO     Rank: 0 - Epoch:10/20, Batch:47,    progress_callback.py:218
                    loss:2.241501, finished 51.42%.                             
           INFO     Rank: 0 - Epoch:10/20, Batch:48,    progress_callback.py:218
                    loss:2.31421, finished 51.45%.                              
           INFO     Rank: 0 - Epoch:10/20, Batch:49,    progress_callback.py:218
                    loss:1.587651, finished 51.48%.                             
[20:53:31] INFO     Rank: 0 - Epoch:10/20, Batch:50,    progress_callback.py:218
                    loss:1.727114, finished 51.52%.                             
           INFO     Rank: 0 - Epoch:10/20, Batch:51,    progress_callback.py:218
                    loss:1.765135, finished 51.55%.                             
[20:53:32] INFO     Rank: 0 - Epoch:10/20, Batch:52,    progress_callback.py:218
                    loss:2.231275, finished 51.58%.                             
           INFO     Rank: 0 - Epoch:10/20, Batch:53,    progress_callback.py:218
                    loss:2.191012, finished 51.61%.                             
[20:53:33] INFO     Rank: 0 - Epoch:10/20, Batch:54,    progress_callback.py:218
                    loss:1.903818, finished 51.64%.                             
           INFO     Rank: 0 - Epoch:10/20, Batch:55,    progress_callback.py:218
                    loss:2.532755, finished 51.67%.                             
           INFO     Rank: 0 - Epoch:10/20, Batch:56,    progress_callback.py:218
                    loss:2.34885, finished 51.7%.                               
[20:53:34] INFO     Rank: 0 - Epoch:10/20, Batch:57,    progress_callback.py:218
                    loss:2.152838, finished 51.73%.                             
           INFO     Rank: 0 - Epoch:10/20, Batch:58,    progress_callback.py:218
                    loss:1.891929, finished 51.76%.                             
[20:53:35] INFO     Rank: 0 - Epoch:10/20, Batch:59,    progress_callback.py:218
                    loss:1.81278, finished 51.79%.                              
           INFO     Rank: 0 - Epoch:10/20, Batch:60,    progress_callback.py:218
                    loss:2.258397, finished 51.82%.                             
[20:53:36] INFO     Rank: 0 - Epoch:10/20, Batch:61,    progress_callback.py:218
                    loss:2.218877, finished 51.85%.                             
           INFO     Rank: 0 - Epoch:10/20, Batch:62,    progress_callback.py:218
                    loss:1.760179, finished 51.88%.                             
           INFO     Rank: 0 - Epoch:10/20, Batch:63,    progress_callback.py:218
                    loss:1.753886, finished 51.91%.                             
[20:53:37] INFO     Rank: 0 - Epoch:10/20, Batch:64,    progress_callback.py:218
                    loss:1.836432, finished 51.94%.                             
           INFO     Rank: 0 - Epoch:10/20, Batch:65,    progress_callback.py:218
                    loss:1.692602, finished 51.97%.                             
[20:53:38] INFO     Rank: 0 - Epoch:10/20, Batch:66,    progress_callback.py:218
                    loss:2.377388, finished 52.0%.                              
           INFO     Rank: 0 - Epoch:10/20, Batch:67,    progress_callback.py:218
                    loss:2.000972, finished 52.03%.                             
[20:53:39] INFO     Rank: 0 - Epoch:10/20, Batch:68,    progress_callback.py:218
                    loss:2.164926, finished 52.06%.                             
           INFO     Rank: 0 - Epoch:10/20, Batch:69,    progress_callback.py:218
                    loss:2.125656, finished 52.09%.                             
           INFO     Rank: 0 - Epoch:10/20, Batch:70,    progress_callback.py:218
                    loss:2.261385, finished 52.12%.                             
           INFO     Rank: 0 -                                   evaluator.py:317
                    **********Evaluation starts**********                       
[20:53:53] INFO     Rank: 0 - **********Evaluation              evaluator.py:349
                    ends**********                                              
                                                                                
           INFO     Rank: 0 - ----------Eval. results   progress_callback.py:233
                    on Epoch:10, Batch:70----------                             
           INFO     Rank: 0 -                           progress_callback.py:238
                    {"torch_ngram#ngram-overlap":                               
                    0.2929752767086029}                                         
           INFO     Rank: 0 - Epoch:10/20, Batch:71,    progress_callback.py:218
                    loss:2.221362, finished 52.15%.                             
[20:53:54] INFO     Rank: 0 - Epoch:10/20, Batch:72,    progress_callback.py:218
                    loss:2.045746, finished 52.18%.                             
           INFO     Rank: 0 - Epoch:10/20, Batch:73,    progress_callback.py:218
                    loss:2.103776, finished 52.21%.                             
[20:53:55] INFO     Rank: 0 - Epoch:10/20, Batch:74,    progress_callback.py:218
                    loss:2.204558, finished 52.24%.                             
           INFO     Rank: 0 - Epoch:10/20, Batch:75,    progress_callback.py:218
                    loss:1.822049, finished 52.27%.                             
           INFO     Rank: 0 - Epoch:10/20, Batch:76,    progress_callback.py:218
                    loss:2.43217, finished 52.3%.                               
[20:53:56] INFO     Rank: 0 - Epoch:10/20, Batch:77,    progress_callback.py:218
                    loss:2.397005, finished 52.33%.                             
           INFO     Rank: 0 - Epoch:10/20, Batch:78,    progress_callback.py:218
                    loss:2.125577, finished 52.36%.                             
[20:53:57] INFO     Rank: 0 - Epoch:10/20, Batch:79,    progress_callback.py:218
                    loss:2.320362, finished 52.39%.                             
           INFO     Rank: 0 - Epoch:10/20, Batch:80,    progress_callback.py:218
                    loss:2.068723, finished 52.42%.                             
[20:53:58] INFO     Rank: 0 - Epoch:10/20, Batch:81,    progress_callback.py:218
                    loss:1.822564, finished 52.45%.                             
           INFO     Rank: 0 - Epoch:10/20, Batch:82,    progress_callback.py:218
                    loss:2.172992, finished 52.48%.                             
           INFO     Rank: 0 - Epoch:10/20, Batch:83,    progress_callback.py:218
                    loss:2.169436, finished 52.52%.                             
[20:53:59] INFO     Rank: 0 - Epoch:10/20, Batch:84,    progress_callback.py:218
                    loss:1.74961, finished 52.55%.                              
           INFO     Rank: 0 - Epoch:10/20, Batch:85,    progress_callback.py:218
                    loss:2.211648, finished 52.58%.                             
[20:54:00] INFO     Rank: 0 - Epoch:10/20, Batch:86,    progress_callback.py:218
                    loss:2.147619, finished 52.61%.                             
           INFO     Rank: 0 - Epoch:10/20, Batch:87,    progress_callback.py:218
                    loss:1.821884, finished 52.64%.                             
[20:54:01] INFO     Rank: 0 - Epoch:10/20, Batch:88,    progress_callback.py:218
                    loss:2.449495, finished 52.67%.                             
           INFO     Rank: 0 - Epoch:10/20, Batch:89,    progress_callback.py:218
                    loss:2.216707, finished 52.7%.                              
           INFO     Rank: 0 - Epoch:10/20, Batch:90,    progress_callback.py:218
                    loss:2.157008, finished 52.73%.                             
[20:54:02] INFO     Rank: 0 - Epoch:10/20, Batch:91,    progress_callback.py:218
                    loss:2.039555, finished 52.76%.                             
           INFO     Rank: 0 - Epoch:10/20, Batch:92,    progress_callback.py:218
                    loss:1.908032, finished 52.79%.                             
[20:54:03] INFO     Rank: 0 - Epoch:10/20, Batch:93,    progress_callback.py:218
                    loss:1.884978, finished 52.82%.                             
           INFO     Rank: 0 - Epoch:10/20, Batch:94,    progress_callback.py:218
                    loss:2.332569, finished 52.85%.                             
[20:54:04] INFO     Rank: 0 - Epoch:10/20, Batch:95,    progress_callback.py:218
                    loss:2.45848, finished 52.88%.                              
           INFO     Rank: 0 - Epoch:10/20, Batch:96,    progress_callback.py:218
                    loss:1.67421, finished 52.91%.                              
           INFO     Rank: 0 - Epoch:10/20, Batch:97,    progress_callback.py:218
                    loss:2.431723, finished 52.94%.                             
[20:54:05] INFO     Rank: 0 - Epoch:10/20, Batch:98,    progress_callback.py:218
                    loss:2.121946, finished 52.97%.                             
           INFO     Rank: 0 - Epoch:10/20, Batch:99,    progress_callback.py:218
                    loss:1.943698, finished 53.0%.                              
[20:54:06] INFO     Rank: 0 - Epoch:10/20, Batch:100,   progress_callback.py:218
                    loss:1.859992, finished 53.03%.                             
           INFO     Rank: 0 - Epoch:10/20, Batch:101,   progress_callback.py:218
                    loss:1.708336, finished 53.06%.                             
[20:54:07] INFO     Rank: 0 - Epoch:10/20, Batch:102,   progress_callback.py:218
                    loss:2.450096, finished 53.09%.                             
           INFO     Rank: 0 - Epoch:10/20, Batch:103,   progress_callback.py:218
                    loss:2.315185, finished 53.12%.                             
           INFO     Rank: 0 - Epoch:10/20, Batch:104,   progress_callback.py:218
                    loss:2.224668, finished 53.15%.                             
[20:54:08] INFO     Rank: 0 - Epoch:10/20, Batch:105,   progress_callback.py:218
                    loss:1.954435, finished 53.18%.                             
           INFO     Rank: 0 - Epoch:10/20, Batch:106,   progress_callback.py:218
                    loss:2.41494, finished 53.21%.                              
[20:54:09] INFO     Rank: 0 - Epoch:10/20, Batch:107,   progress_callback.py:218
                    loss:1.959241, finished 53.24%.                             
           INFO     Rank: 0 - Epoch:10/20, Batch:108,   progress_callback.py:218
                    loss:1.959184, finished 53.27%.                             
[20:54:10] INFO     Rank: 0 - Epoch:10/20, Batch:109,   progress_callback.py:218
                    loss:1.916603, finished 53.3%.                              
           INFO     Rank: 0 - Epoch:10/20, Batch:110,   progress_callback.py:218
                    loss:2.157586, finished 53.33%.                             
           INFO     Rank: 0 -                                   evaluator.py:317
                    **********Evaluation starts**********                       
[20:54:25] INFO     Rank: 0 - **********Evaluation              evaluator.py:349
                    ends**********                                              
                                                                                
           INFO     Rank: 0 - ----------Eval. results   progress_callback.py:233
                    on Epoch:10, Batch:110----------                            
           INFO     Rank: 0 -                           progress_callback.py:238
                    {"torch_ngram#ngram-overlap":                               
                    0.3016175925731659}                                         
 ============= save model at results/ ============= 
 ============= save optimizer at results/.optm ============= 
[20:54:29] INFO     Rank: 0 - Epoch:10/20, Batch:111,   progress_callback.py:218
                    loss:2.429648, finished 53.36%.                             
[20:54:30] INFO     Rank: 0 - Epoch:10/20, Batch:112,   progress_callback.py:218
                    loss:1.878789, finished 53.39%.                             
           INFO     Rank: 0 - Epoch:10/20, Batch:113,   progress_callback.py:218
                    loss:2.266965, finished 53.42%.                             
           INFO     Rank: 0 - Epoch:10/20, Batch:114,   progress_callback.py:218
                    loss:2.042327, finished 53.45%.                             
[20:54:31] INFO     Rank: 0 - Epoch:10/20, Batch:115,   progress_callback.py:218
                    loss:1.668318, finished 53.48%.                             
           INFO     Rank: 0 - Epoch:10/20, Batch:116,   progress_callback.py:218
                    loss:2.130403, finished 53.52%.                             
[20:54:32] INFO     Rank: 0 - Epoch:10/20, Batch:117,   progress_callback.py:218
                    loss:2.187951, finished 53.55%.                             
           INFO     Rank: 0 - Epoch:10/20, Batch:118,   progress_callback.py:218
                    loss:1.61866, finished 53.58%.                              
[20:54:33] INFO     Rank: 0 - Epoch:10/20, Batch:119,   progress_callback.py:218
                    loss:1.98652, finished 53.61%.                              
           INFO     Rank: 0 - Epoch:10/20, Batch:120,   progress_callback.py:218
                    loss:2.065781, finished 53.64%.                             
           INFO     Rank: 0 - Epoch:10/20, Batch:121,   progress_callback.py:218
                    loss:1.561896, finished 53.67%.                             
[20:54:34] INFO     Rank: 0 - Epoch:10/20, Batch:122,   progress_callback.py:218
                    loss:2.091554, finished 53.7%.                              
           INFO     Rank: 0 - Epoch:10/20, Batch:123,   progress_callback.py:218
                    loss:2.180178, finished 53.73%.                             
[20:54:35] INFO     Rank: 0 - Epoch:10/20, Batch:124,   progress_callback.py:218
                    loss:2.078973, finished 53.76%.                             
           INFO     Rank: 0 - Epoch:10/20, Batch:125,   progress_callback.py:218
                    loss:2.012021, finished 53.79%.                             
           INFO     Rank: 0 - Epoch:10/20, Batch:126,   progress_callback.py:218
                    loss:2.041742, finished 53.82%.                             
[20:54:36] INFO     Rank: 0 - Epoch:10/20, Batch:127,   progress_callback.py:218
                    loss:1.977578, finished 53.85%.                             
           INFO     Rank: 0 - Epoch:10/20, Batch:128,   progress_callback.py:218
                    loss:2.223859, finished 53.88%.                             
[20:54:37] INFO     Rank: 0 - Epoch:10/20, Batch:129,   progress_callback.py:218
                    loss:1.796092, finished 53.91%.                             
           INFO     Rank: 0 - Epoch:10/20, Batch:130,   progress_callback.py:218
                    loss:2.525851, finished 53.94%.                             
[20:54:38] INFO     Rank: 0 - Epoch:10/20, Batch:131,   progress_callback.py:218
                    loss:2.058077, finished 53.97%.                             
           INFO     Rank: 0 - Epoch:10/20, Batch:132,   progress_callback.py:218
                    loss:2.022543, finished 54.0%.                              
           INFO     Rank: 0 - Epoch:10/20, Batch:133,   progress_callback.py:218
                    loss:2.043503, finished 54.03%.                             
[20:54:39] INFO     Rank: 0 - Epoch:10/20, Batch:134,   progress_callback.py:218
                    loss:1.705203, finished 54.06%.                             
           INFO     Rank: 0 - Epoch:10/20, Batch:135,   progress_callback.py:218
                    loss:1.842528, finished 54.09%.                             
[20:54:40] INFO     Rank: 0 - Epoch:10/20, Batch:136,   progress_callback.py:218
                    loss:2.060091, finished 54.12%.                             
           INFO     Rank: 0 - Epoch:10/20, Batch:137,   progress_callback.py:218
                    loss:2.161375, finished 54.15%.                             
[20:54:41] INFO     Rank: 0 - Epoch:10/20, Batch:138,   progress_callback.py:218
                    loss:2.007867, finished 54.18%.                             
           INFO     Rank: 0 - Epoch:10/20, Batch:139,   progress_callback.py:218
                    loss:2.159845, finished 54.21%.                             
           INFO     Rank: 0 - Epoch:10/20, Batch:140,   progress_callback.py:218
                    loss:1.688543, finished 54.24%.                             
[20:54:42] INFO     Rank: 0 - Epoch:10/20, Batch:141,   progress_callback.py:218
                    loss:2.350184, finished 54.27%.                             
           INFO     Rank: 0 - Epoch:10/20, Batch:142,   progress_callback.py:218
                    loss:2.272928, finished 54.3%.                              
[20:54:43] INFO     Rank: 0 - Epoch:10/20, Batch:143,   progress_callback.py:218
                    loss:1.49453, finished 54.33%.                              
           INFO     Rank: 0 - Epoch:10/20, Batch:144,   progress_callback.py:218
                    loss:1.897444, finished 54.36%.                             
[20:54:44] INFO     Rank: 0 - Epoch:10/20, Batch:145,   progress_callback.py:218
                    loss:1.953157, finished 54.39%.                             
           INFO     Rank: 0 - Epoch:10/20, Batch:146,   progress_callback.py:218
                    loss:1.99227, finished 54.42%.                              
           INFO     Rank: 0 - Epoch:10/20, Batch:147,   progress_callback.py:218
                    loss:2.214028, finished 54.45%.                             
[20:54:45] INFO     Rank: 0 - Epoch:10/20, Batch:148,   progress_callback.py:218
                    loss:1.997444, finished 54.48%.                             
           INFO     Rank: 0 - Epoch:10/20, Batch:149,   progress_callback.py:218
                    loss:2.180877, finished 54.52%.                             
[20:54:46] INFO     Rank: 0 - Epoch:10/20, Batch:150,   progress_callback.py:218
                    loss:2.107155, finished 54.55%.                             
           INFO     Rank: 0 -                                   evaluator.py:317
                    **********Evaluation starts**********                       
[20:55:01] INFO     Rank: 0 - **********Evaluation              evaluator.py:349
                    ends**********                                              
                                                                                
           INFO     Rank: 0 - ----------Eval. results   progress_callback.py:233
                    on Epoch:10, Batch:150----------                            
           INFO     Rank: 0 -                           progress_callback.py:238
                    {"torch_ngram#ngram-overlap":                               
                    0.3020363450050354}                                         
 ============= save model at results/ ============= 
 ============= save optimizer at results/.optm ============= 
[20:55:05] INFO     Rank: 0 - Epoch:10/20, Batch:151,   progress_callback.py:218
                    loss:1.79668, finished 54.58%.                              
[20:55:06] INFO     Rank: 0 - Epoch:10/20, Batch:152,   progress_callback.py:218
                    loss:2.11418, finished 54.61%.                              
           INFO     Rank: 0 - Epoch:10/20, Batch:153,   progress_callback.py:218
                    loss:2.048381, finished 54.64%.                             
[20:55:07] INFO     Rank: 0 - Epoch:10/20, Batch:154,   progress_callback.py:218
                    loss:2.025595, finished 54.67%.                             
           INFO     Rank: 0 - Epoch:10/20, Batch:155,   progress_callback.py:218
                    loss:2.084741, finished 54.7%.                              
[20:55:08] INFO     Rank: 0 - Epoch:10/20, Batch:156,   progress_callback.py:218
                    loss:1.994948, finished 54.73%.                             
           INFO     Rank: 0 - Epoch:10/20, Batch:157,   progress_callback.py:218
                    loss:2.087291, finished 54.76%.                             
           INFO     Rank: 0 - Epoch:10/20, Batch:158,   progress_callback.py:218
                    loss:2.275096, finished 54.79%.                             
[20:55:09] INFO     Rank: 0 - Epoch:10/20, Batch:159,   progress_callback.py:218
                    loss:2.130074, finished 54.82%.                             
           INFO     Rank: 0 - Epoch:10/20, Batch:160,   progress_callback.py:218
                    loss:2.211743, finished 54.85%.                             
[20:55:10] INFO     Rank: 0 - Epoch:10/20, Batch:161,   progress_callback.py:218
                    loss:2.385501, finished 54.88%.                             
           INFO     Rank: 0 - Epoch:10/20, Batch:162,   progress_callback.py:218
                    loss:1.760128, finished 54.91%.                             
[20:55:11] INFO     Rank: 0 - Epoch:10/20, Batch:163,   progress_callback.py:218
                    loss:1.947474, finished 54.94%.                             
           INFO     Rank: 0 - Epoch:10/20, Batch:164,   progress_callback.py:218
                    loss:2.246156, finished 54.97%.                             
           INFO     Rank: 0 - Epoch:10/20, Batch:165,   progress_callback.py:218
                    loss:1.468982, finished 55.0%.                              
           INFO     Rank: 0 -                           progress_callback.py:204
                    **********Epoch:11 starts**********                         
[20:55:12] INFO     Rank: 0 - Epoch:11/20, Batch:1,     progress_callback.py:218
                    loss:2.272359, finished 55.03%.                             
           INFO     Rank: 0 - Epoch:11/20, Batch:2,     progress_callback.py:218
                    loss:2.149922, finished 55.06%.                             
[20:55:13] INFO     Rank: 0 - Epoch:11/20, Batch:3,     progress_callback.py:218
                    loss:1.863657, finished 55.09%.                             
           INFO     Rank: 0 - Epoch:11/20, Batch:4,     progress_callback.py:218
                    loss:2.053352, finished 55.12%.                             
[20:55:14] INFO     Rank: 0 - Epoch:11/20, Batch:5,     progress_callback.py:218
                    loss:2.199801, finished 55.15%.                             
           INFO     Rank: 0 - Epoch:11/20, Batch:6,     progress_callback.py:218
                    loss:2.013585, finished 55.18%.                             
           INFO     Rank: 0 - Epoch:11/20, Batch:7,     progress_callback.py:218
                    loss:1.873953, finished 55.21%.                             
[20:55:15] INFO     Rank: 0 - Epoch:11/20, Batch:8,     progress_callback.py:218
                    loss:2.023774, finished 55.24%.                             
           INFO     Rank: 0 - Epoch:11/20, Batch:9,     progress_callback.py:218
                    loss:2.284888, finished 55.27%.                             
[20:55:16] INFO     Rank: 0 - Epoch:11/20, Batch:10,    progress_callback.py:218
                    loss:2.119199, finished 55.3%.                              
           INFO     Rank: 0 - Epoch:11/20, Batch:11,    progress_callback.py:218
                    loss:1.63996, finished 55.33%.                              
[20:55:17] INFO     Rank: 0 - Epoch:11/20, Batch:12,    progress_callback.py:218
                    loss:1.767782, finished 55.36%.                             
           INFO     Rank: 0 - Epoch:11/20, Batch:13,    progress_callback.py:218
                    loss:1.839055, finished 55.39%.                             
           INFO     Rank: 0 - Epoch:11/20, Batch:14,    progress_callback.py:218
                    loss:2.163261, finished 55.42%.                             
[20:55:18] INFO     Rank: 0 - Epoch:11/20, Batch:15,    progress_callback.py:218
                    loss:1.853429, finished 55.45%.                             
           INFO     Rank: 0 - Epoch:11/20, Batch:16,    progress_callback.py:218
                    loss:2.393855, finished 55.48%.                             
[20:55:19] INFO     Rank: 0 - Epoch:11/20, Batch:17,    progress_callback.py:218
                    loss:1.988001, finished 55.52%.                             
           INFO     Rank: 0 - Epoch:11/20, Batch:18,    progress_callback.py:218
                    loss:2.427736, finished 55.55%.                             
[20:55:20] INFO     Rank: 0 - Epoch:11/20, Batch:19,    progress_callback.py:218
                    loss:2.261889, finished 55.58%.                             
           INFO     Rank: 0 - Epoch:11/20, Batch:20,    progress_callback.py:218
                    loss:1.993308, finished 55.61%.                             
           INFO     Rank: 0 - Epoch:11/20, Batch:21,    progress_callback.py:218
                    loss:1.783388, finished 55.64%.                             
[20:55:21] INFO     Rank: 0 - Epoch:11/20, Batch:22,    progress_callback.py:218
                    loss:2.045328, finished 55.67%.                             
           INFO     Rank: 0 - Epoch:11/20, Batch:23,    progress_callback.py:218
                    loss:1.86987, finished 55.7%.                               
[20:55:22] INFO     Rank: 0 - Epoch:11/20, Batch:24,    progress_callback.py:218
                    loss:1.860316, finished 55.73%.                             
           INFO     Rank: 0 - Epoch:11/20, Batch:25,    progress_callback.py:218
                    loss:1.677205, finished 55.76%.                             
           INFO     Rank: 0 -                                   evaluator.py:317
                    **********Evaluation starts**********                       
[20:55:37] INFO     Rank: 0 - **********Evaluation              evaluator.py:349
                    ends**********                                              
                                                                                
           INFO     Rank: 0 - ----------Eval. results   progress_callback.py:233
                    on Epoch:11, Batch:25----------                             
           INFO     Rank: 0 -                           progress_callback.py:238
                    {"torch_ngram#ngram-overlap":                               
                    0.2991925776004791}                                         
[20:55:38] INFO     Rank: 0 - Epoch:11/20, Batch:26,    progress_callback.py:218
                    loss:2.144289, finished 55.79%.                             
           INFO     Rank: 0 - Epoch:11/20, Batch:27,    progress_callback.py:218
                    loss:2.336812, finished 55.82%.                             
[20:55:39] INFO     Rank: 0 - Epoch:11/20, Batch:28,    progress_callback.py:218
                    loss:1.359345, finished 55.85%.                             
           INFO     Rank: 0 - Epoch:11/20, Batch:29,    progress_callback.py:218
                    loss:1.956353, finished 55.88%.                             
           INFO     Rank: 0 - Epoch:11/20, Batch:30,    progress_callback.py:218
                    loss:1.83729, finished 55.91%.                              
[20:55:40] INFO     Rank: 0 - Epoch:11/20, Batch:31,    progress_callback.py:218
                    loss:1.97189, finished 55.94%.                              
           INFO     Rank: 0 - Epoch:11/20, Batch:32,    progress_callback.py:218
                    loss:2.377199, finished 55.97%.                             
[20:55:41] INFO     Rank: 0 - Epoch:11/20, Batch:33,    progress_callback.py:218
                    loss:2.271774, finished 56.0%.                              
           INFO     Rank: 0 - Epoch:11/20, Batch:34,    progress_callback.py:218
                    loss:2.144915, finished 56.03%.                             
[20:55:42] INFO     Rank: 0 - Epoch:11/20, Batch:35,    progress_callback.py:218
                    loss:1.734132, finished 56.06%.                             
           INFO     Rank: 0 - Epoch:11/20, Batch:36,    progress_callback.py:218
                    loss:2.354606, finished 56.09%.                             
           INFO     Rank: 0 - Epoch:11/20, Batch:37,    progress_callback.py:218
                    loss:2.212436, finished 56.12%.                             
[20:55:43] INFO     Rank: 0 - Epoch:11/20, Batch:38,    progress_callback.py:218
                    loss:2.267268, finished 56.15%.                             
           INFO     Rank: 0 - Epoch:11/20, Batch:39,    progress_callback.py:218
                    loss:2.132365, finished 56.18%.                             
[20:55:44] INFO     Rank: 0 - Epoch:11/20, Batch:40,    progress_callback.py:218
                    loss:1.925177, finished 56.21%.                             
           INFO     Rank: 0 - Epoch:11/20, Batch:41,    progress_callback.py:218
                    loss:1.896399, finished 56.24%.                             
[20:55:45] INFO     Rank: 0 - Epoch:11/20, Batch:42,    progress_callback.py:218
                    loss:2.11349, finished 56.27%.                              
           INFO     Rank: 0 - Epoch:11/20, Batch:43,    progress_callback.py:218
                    loss:1.823827, finished 56.3%.                              
           INFO     Rank: 0 - Epoch:11/20, Batch:44,    progress_callback.py:218
                    loss:2.141897, finished 56.33%.                             
[20:55:46] INFO     Rank: 0 - Epoch:11/20, Batch:45,    progress_callback.py:218
                    loss:2.237912, finished 56.36%.                             
           INFO     Rank: 0 - Epoch:11/20, Batch:46,    progress_callback.py:218
                    loss:1.925612, finished 56.39%.                             
[20:55:47] INFO     Rank: 0 - Epoch:11/20, Batch:47,    progress_callback.py:218
                    loss:1.846473, finished 56.42%.                             
           INFO     Rank: 0 - Epoch:11/20, Batch:48,    progress_callback.py:218
                    loss:1.64585, finished 56.45%.                              
[20:55:48] INFO     Rank: 0 - Epoch:11/20, Batch:49,    progress_callback.py:218
                    loss:2.025923, finished 56.48%.                             
           INFO     Rank: 0 - Epoch:11/20, Batch:50,    progress_callback.py:218
                    loss:2.123706, finished 56.52%.                             
           INFO     Rank: 0 - Epoch:11/20, Batch:51,    progress_callback.py:218
                    loss:2.361004, finished 56.55%.                             
[20:55:49] INFO     Rank: 0 - Epoch:11/20, Batch:52,    progress_callback.py:218
                    loss:2.274261, finished 56.58%.                             
           INFO     Rank: 0 - Epoch:11/20, Batch:53,    progress_callback.py:218
                    loss:2.289345, finished 56.61%.                             
[20:55:50] INFO     Rank: 0 - Epoch:11/20, Batch:54,    progress_callback.py:218
                    loss:1.92693, finished 56.64%.                              
           INFO     Rank: 0 - Epoch:11/20, Batch:55,    progress_callback.py:218
                    loss:1.978497, finished 56.67%.                             
[20:55:51] INFO     Rank: 0 - Epoch:11/20, Batch:56,    progress_callback.py:218
                    loss:1.812103, finished 56.7%.                              
           INFO     Rank: 0 - Epoch:11/20, Batch:57,    progress_callback.py:218
                    loss:1.86757, finished 56.73%.                              
           INFO     Rank: 0 - Epoch:11/20, Batch:58,    progress_callback.py:218
                    loss:1.989042, finished 56.76%.                             
[20:55:52] INFO     Rank: 0 - Epoch:11/20, Batch:59,    progress_callback.py:218
                    loss:1.975444, finished 56.79%.                             
           INFO     Rank: 0 - Epoch:11/20, Batch:60,    progress_callback.py:218
                    loss:1.636545, finished 56.82%.                             
[20:55:53] INFO     Rank: 0 - Epoch:11/20, Batch:61,    progress_callback.py:218
                    loss:1.718584, finished 56.85%.                             
           INFO     Rank: 0 - Epoch:11/20, Batch:62,    progress_callback.py:218
                    loss:2.014433, finished 56.88%.                             
[20:55:54] INFO     Rank: 0 - Epoch:11/20, Batch:63,    progress_callback.py:218
                    loss:2.024516, finished 56.91%.                             
           INFO     Rank: 0 - Epoch:11/20, Batch:64,    progress_callback.py:218
                    loss:2.08329, finished 56.94%.                              
           INFO     Rank: 0 - Epoch:11/20, Batch:65,    progress_callback.py:218
                    loss:2.099626, finished 56.97%.                             
           INFO     Rank: 0 -                                   evaluator.py:317
                    **********Evaluation starts**********                       
[20:56:14] INFO     Rank: 0 - **********Evaluation              evaluator.py:349
                    ends**********                                              
                                                                                
           INFO     Rank: 0 - ----------Eval. results   progress_callback.py:233
                    on Epoch:11, Batch:65----------                             
           INFO     Rank: 0 -                           progress_callback.py:238
                    {"torch_ngram#ngram-overlap":                               
                    0.29674237966537476}                                        
           INFO     Rank: 0 - Epoch:11/20, Batch:66,    progress_callback.py:218
                    loss:2.208731, finished 57.0%.                              
[20:56:15] INFO     Rank: 0 - Epoch:11/20, Batch:67,    progress_callback.py:218
                    loss:2.285626, finished 57.03%.                             
           INFO     Rank: 0 - Epoch:11/20, Batch:68,    progress_callback.py:218
                    loss:1.66751, finished 57.06%.                              
           INFO     Rank: 0 - Epoch:11/20, Batch:69,    progress_callback.py:218
                    loss:1.668204, finished 57.09%.                             
[20:56:16] INFO     Rank: 0 - Epoch:11/20, Batch:70,    progress_callback.py:218
                    loss:1.684332, finished 57.12%.                             
           INFO     Rank: 0 - Epoch:11/20, Batch:71,    progress_callback.py:218
                    loss:1.956187, finished 57.15%.                             
[20:56:17] INFO     Rank: 0 - Epoch:11/20, Batch:72,    progress_callback.py:218
                    loss:2.279708, finished 57.18%.                             
           INFO     Rank: 0 - Epoch:11/20, Batch:73,    progress_callback.py:218
                    loss:2.027808, finished 57.21%.                             
           INFO     Rank: 0 - Epoch:11/20, Batch:74,    progress_callback.py:218
                    loss:2.109789, finished 57.24%.                             
[20:56:18] INFO     Rank: 0 - Epoch:11/20, Batch:75,    progress_callback.py:218
                    loss:1.905119, finished 57.27%.                             
           INFO     Rank: 0 - Epoch:11/20, Batch:76,    progress_callback.py:218
                    loss:1.940022, finished 57.3%.                              
[20:56:19] INFO     Rank: 0 - Epoch:11/20, Batch:77,    progress_callback.py:218
                    loss:2.416728, finished 57.33%.                             
           INFO     Rank: 0 - Epoch:11/20, Batch:78,    progress_callback.py:218
                    loss:1.938374, finished 57.36%.                             
[20:56:20] INFO     Rank: 0 - Epoch:11/20, Batch:79,    progress_callback.py:218
                    loss:1.910119, finished 57.39%.                             
           INFO     Rank: 0 - Epoch:11/20, Batch:80,    progress_callback.py:218
                    loss:2.054645, finished 57.42%.                             
           INFO     Rank: 0 - Epoch:11/20, Batch:81,    progress_callback.py:218
                    loss:1.932579, finished 57.45%.                             
[20:56:21] INFO     Rank: 0 - Epoch:11/20, Batch:82,    progress_callback.py:218
                    loss:2.09352, finished 57.48%.                              
           INFO     Rank: 0 - Epoch:11/20, Batch:83,    progress_callback.py:218
                    loss:1.88173, finished 57.52%.                              
[20:56:22] INFO     Rank: 0 - Epoch:11/20, Batch:84,    progress_callback.py:218
                    loss:2.04359, finished 57.55%.                              
           INFO     Rank: 0 - Epoch:11/20, Batch:85,    progress_callback.py:218
                    loss:1.875757, finished 57.58%.                             
[20:56:23] INFO     Rank: 0 - Epoch:11/20, Batch:86,    progress_callback.py:218
                    loss:2.028275, finished 57.61%.                             
           INFO     Rank: 0 - Epoch:11/20, Batch:87,    progress_callback.py:218
                    loss:2.078094, finished 57.64%.                             
           INFO     Rank: 0 - Epoch:11/20, Batch:88,    progress_callback.py:218
                    loss:1.681078, finished 57.67%.                             
[20:56:24] INFO     Rank: 0 - Epoch:11/20, Batch:89,    progress_callback.py:218
                    loss:2.155351, finished 57.7%.                              
           INFO     Rank: 0 - Epoch:11/20, Batch:90,    progress_callback.py:218
                    loss:2.357018, finished 57.73%.                             
[20:56:25] INFO     Rank: 0 - Epoch:11/20, Batch:91,    progress_callback.py:218
                    loss:1.860083, finished 57.76%.                             
           INFO     Rank: 0 - Epoch:11/20, Batch:92,    progress_callback.py:218
                    loss:1.781451, finished 57.79%.                             
[20:56:26] INFO     Rank: 0 - Epoch:11/20, Batch:93,    progress_callback.py:218
                    loss:1.882496, finished 57.82%.                             
           INFO     Rank: 0 - Epoch:11/20, Batch:94,    progress_callback.py:218
                    loss:1.651556, finished 57.85%.                             
           INFO     Rank: 0 - Epoch:11/20, Batch:95,    progress_callback.py:218
                    loss:2.163405, finished 57.88%.                             
[20:56:27] INFO     Rank: 0 - Epoch:11/20, Batch:96,    progress_callback.py:218
                    loss:1.882562, finished 57.91%.                             
           INFO     Rank: 0 - Epoch:11/20, Batch:97,    progress_callback.py:218
                    loss:2.030165, finished 57.94%.                             
[20:56:28] INFO     Rank: 0 - Epoch:11/20, Batch:98,    progress_callback.py:218
                    loss:2.172998, finished 57.97%.                             
           INFO     Rank: 0 - Epoch:11/20, Batch:99,    progress_callback.py:218
                    loss:2.026395, finished 58.0%.                              
[20:56:29] INFO     Rank: 0 - Epoch:11/20, Batch:100,   progress_callback.py:218
                    loss:1.949014, finished 58.03%.                             
           INFO     Rank: 0 - Epoch:11/20, Batch:101,   progress_callback.py:218
                    loss:2.223402, finished 58.06%.                             
           INFO     Rank: 0 - Epoch:11/20, Batch:102,   progress_callback.py:218
                    loss:2.09661, finished 58.09%.                              
[20:56:30] INFO     Rank: 0 - Epoch:11/20, Batch:103,   progress_callback.py:218
                    loss:2.327196, finished 58.12%.                             
           INFO     Rank: 0 - Epoch:11/20, Batch:104,   progress_callback.py:218
                    loss:1.806401, finished 58.15%.                             
[20:56:31] INFO     Rank: 0 - Epoch:11/20, Batch:105,   progress_callback.py:218
                    loss:1.768981, finished 58.18%.                             
           INFO     Rank: 0 -                                   evaluator.py:317
                    **********Evaluation starts**********                       
[20:56:48] INFO     Rank: 0 - **********Evaluation              evaluator.py:349
                    ends**********                                              
                                                                                
           INFO     Rank: 0 - ----------Eval. results   progress_callback.py:233
                    on Epoch:11, Batch:105----------                            
           INFO     Rank: 0 -                           progress_callback.py:238
                    {"torch_ngram#ngram-overlap":                               
                    0.30448195338249207}                                        
 ============= save model at results/ ============= 
 ============= save optimizer at results/.optm ============= 
[20:56:52] INFO     Rank: 0 - Epoch:11/20, Batch:106,   progress_callback.py:218
                    loss:1.63293, finished 58.21%.                              
           INFO     Rank: 0 - Epoch:11/20, Batch:107,   progress_callback.py:218
                    loss:2.051769, finished 58.24%.                             
[20:56:53] INFO     Rank: 0 - Epoch:11/20, Batch:108,   progress_callback.py:218
                    loss:2.1455, finished 58.27%.                               
           INFO     Rank: 0 - Epoch:11/20, Batch:109,   progress_callback.py:218
                    loss:2.052125, finished 58.3%.                              
[20:56:54] INFO     Rank: 0 - Epoch:11/20, Batch:110,   progress_callback.py:218
                    loss:2.023687, finished 58.33%.                             
           INFO     Rank: 0 - Epoch:11/20, Batch:111,   progress_callback.py:218
                    loss:1.766371, finished 58.36%.                             
[20:56:55] INFO     Rank: 0 - Epoch:11/20, Batch:112,   progress_callback.py:218
                    loss:1.720889, finished 58.39%.                             
           INFO     Rank: 0 - Epoch:11/20, Batch:113,   progress_callback.py:218
                    loss:1.736525, finished 58.42%.                             
           INFO     Rank: 0 - Epoch:11/20, Batch:114,   progress_callback.py:218
                    loss:1.605757, finished 58.45%.                             
[20:56:56] INFO     Rank: 0 - Epoch:11/20, Batch:115,   progress_callback.py:218
                    loss:2.232635, finished 58.48%.                             
           INFO     Rank: 0 - Epoch:11/20, Batch:116,   progress_callback.py:218
                    loss:2.002469, finished 58.52%.                             
[20:56:57] INFO     Rank: 0 - Epoch:11/20, Batch:117,   progress_callback.py:218
                    loss:2.060114, finished 58.55%.                             
           INFO     Rank: 0 - Epoch:11/20, Batch:118,   progress_callback.py:218
                    loss:2.297821, finished 58.58%.                             
[20:56:58] INFO     Rank: 0 - Epoch:11/20, Batch:119,   progress_callback.py:218
                    loss:2.070652, finished 58.61%.                             
           INFO     Rank: 0 - Epoch:11/20, Batch:120,   progress_callback.py:218
                    loss:2.148602, finished 58.64%.                             
           INFO     Rank: 0 - Epoch:11/20, Batch:121,   progress_callback.py:218
                    loss:1.746985, finished 58.67%.                             
[20:56:59] INFO     Rank: 0 - Epoch:11/20, Batch:122,   progress_callback.py:218
                    loss:1.951136, finished 58.7%.                              
           INFO     Rank: 0 - Epoch:11/20, Batch:123,   progress_callback.py:218
                    loss:1.631338, finished 58.73%.                             
[20:57:00] INFO     Rank: 0 - Epoch:11/20, Batch:124,   progress_callback.py:218
                    loss:2.008474, finished 58.76%.                             
           INFO     Rank: 0 - Epoch:11/20, Batch:125,   progress_callback.py:218
                    loss:1.939096, finished 58.79%.                             
           INFO     Rank: 0 - Epoch:11/20, Batch:126,   progress_callback.py:218
                    loss:1.910984, finished 58.82%.                             
[20:57:01] INFO     Rank: 0 - Epoch:11/20, Batch:127,   progress_callback.py:218
                    loss:1.85699, finished 58.85%.                              
           INFO     Rank: 0 - Epoch:11/20, Batch:128,   progress_callback.py:218
                    loss:1.646004, finished 58.88%.                             
[20:57:02] INFO     Rank: 0 - Epoch:11/20, Batch:129,   progress_callback.py:218
                    loss:1.930374, finished 58.91%.                             
           INFO     Rank: 0 - Epoch:11/20, Batch:130,   progress_callback.py:218
                    loss:2.309925, finished 58.94%.                             
[20:57:03] INFO     Rank: 0 - Epoch:11/20, Batch:131,   progress_callback.py:218
                    loss:1.825048, finished 58.97%.                             
           INFO     Rank: 0 - Epoch:11/20, Batch:132,   progress_callback.py:218
                    loss:1.871853, finished 59.0%.                              
[20:57:04] INFO     Rank: 0 - Epoch:11/20, Batch:133,   progress_callback.py:218
                    loss:1.86176, finished 59.03%.                              
           INFO     Rank: 0 - Epoch:11/20, Batch:134,   progress_callback.py:218
                    loss:1.846315, finished 59.06%.                             
           INFO     Rank: 0 - Epoch:11/20, Batch:135,   progress_callback.py:218
                    loss:2.081565, finished 59.09%.                             
[20:57:05] INFO     Rank: 0 - Epoch:11/20, Batch:136,   progress_callback.py:218
                    loss:1.561533, finished 59.12%.                             
           INFO     Rank: 0 - Epoch:11/20, Batch:137,   progress_callback.py:218
                    loss:1.928928, finished 59.15%.                             
[20:57:06] INFO     Rank: 0 - Epoch:11/20, Batch:138,   progress_callback.py:218
                    loss:1.674624, finished 59.18%.                             
           INFO     Rank: 0 - Epoch:11/20, Batch:139,   progress_callback.py:218
                    loss:1.974513, finished 59.21%.                             
[20:57:07] INFO     Rank: 0 - Epoch:11/20, Batch:140,   progress_callback.py:218
                    loss:1.959776, finished 59.24%.                             
           INFO     Rank: 0 - Epoch:11/20, Batch:141,   progress_callback.py:218
                    loss:1.707536, finished 59.27%.                             
[20:57:08] INFO     Rank: 0 - Epoch:11/20, Batch:142,   progress_callback.py:218
                    loss:1.492161, finished 59.3%.                              
           INFO     Rank: 0 - Epoch:11/20, Batch:143,   progress_callback.py:218
                    loss:2.169116, finished 59.33%.                             
           INFO     Rank: 0 - Epoch:11/20, Batch:144,   progress_callback.py:218
                    loss:1.780211, finished 59.36%.                             
[20:57:09] INFO     Rank: 0 - Epoch:11/20, Batch:145,   progress_callback.py:218
                    loss:1.932653, finished 59.39%.                             
           INFO     Rank: 0 -                                   evaluator.py:317
                    **********Evaluation starts**********                       
[20:57:27] INFO     Rank: 0 - **********Evaluation              evaluator.py:349
                    ends**********                                              
                                                                                
           INFO     Rank: 0 - ----------Eval. results   progress_callback.py:233
                    on Epoch:11, Batch:145----------                            
           INFO     Rank: 0 -                           progress_callback.py:238
                    {"torch_ngram#ngram-overlap":                               
                    0.31371957063674927}                                        
 ============= save model at results/ ============= 
 ============= save optimizer at results/.optm ============= 
[20:57:31] INFO     Rank: 0 - Epoch:11/20, Batch:146,   progress_callback.py:218
                    loss:1.95211, finished 59.42%.                              
[20:57:32] INFO     Rank: 0 - Epoch:11/20, Batch:147,   progress_callback.py:218
                    loss:1.8777, finished 59.45%.                               
           INFO     Rank: 0 - Epoch:11/20, Batch:148,   progress_callback.py:218
                    loss:1.984885, finished 59.48%.                             
           INFO     Rank: 0 - Epoch:11/20, Batch:149,   progress_callback.py:218
                    loss:1.736758, finished 59.52%.                             
[20:57:33] INFO     Rank: 0 - Epoch:11/20, Batch:150,   progress_callback.py:218
                    loss:1.838347, finished 59.55%.                             
           INFO     Rank: 0 - Epoch:11/20, Batch:151,   progress_callback.py:218
                    loss:1.904045, finished 59.58%.                             
[20:57:34] INFO     Rank: 0 - Epoch:11/20, Batch:152,   progress_callback.py:218
                    loss:2.255078, finished 59.61%.                             
           INFO     Rank: 0 - Epoch:11/20, Batch:153,   progress_callback.py:218
                    loss:1.36442, finished 59.64%.                              
[20:57:35] INFO     Rank: 0 - Epoch:11/20, Batch:154,   progress_callback.py:218
                    loss:2.253227, finished 59.67%.                             
           INFO     Rank: 0 - Epoch:11/20, Batch:155,   progress_callback.py:218
                    loss:2.165138, finished 59.7%.                              
           INFO     Rank: 0 - Epoch:11/20, Batch:156,   progress_callback.py:218
                    loss:2.139749, finished 59.73%.                             
[20:57:36] INFO     Rank: 0 - Epoch:11/20, Batch:157,   progress_callback.py:218
                    loss:2.153955, finished 59.76%.                             
           INFO     Rank: 0 - Epoch:11/20, Batch:158,   progress_callback.py:218
                    loss:1.984697, finished 59.79%.                             
[20:57:37] INFO     Rank: 0 - Epoch:11/20, Batch:159,   progress_callback.py:218
                    loss:2.182306, finished 59.82%.                             
           INFO     Rank: 0 - Epoch:11/20, Batch:160,   progress_callback.py:218
                    loss:1.67139, finished 59.85%.                              
[20:57:38] INFO     Rank: 0 - Epoch:11/20, Batch:161,   progress_callback.py:218
                    loss:1.656613, finished 59.88%.                             
           INFO     Rank: 0 - Epoch:11/20, Batch:162,   progress_callback.py:218
                    loss:2.162315, finished 59.91%.                             
           INFO     Rank: 0 - Epoch:11/20, Batch:163,   progress_callback.py:218
                    loss:1.816383, finished 59.94%.                             
[20:57:39] INFO     Rank: 0 - Epoch:11/20, Batch:164,   progress_callback.py:218
                    loss:1.811398, finished 59.97%.                             
           INFO     Rank: 0 - Epoch:11/20, Batch:165,   progress_callback.py:218
                    loss:2.331681, finished 60.0%.                              
           INFO     Rank: 0 -                           progress_callback.py:204
                    **********Epoch:12 starts**********                         
[20:57:40] INFO     Rank: 0 - Epoch:12/20, Batch:1,     progress_callback.py:218
                    loss:2.051533, finished 60.03%.                             
           INFO     Rank: 0 - Epoch:12/20, Batch:2,     progress_callback.py:218
                    loss:1.695652, finished 60.06%.                             
           INFO     Rank: 0 - Epoch:12/20, Batch:3,     progress_callback.py:218
                    loss:2.228874, finished 60.09%.                             
[20:57:41] INFO     Rank: 0 - Epoch:12/20, Batch:4,     progress_callback.py:218
                    loss:1.725826, finished 60.12%.                             
           INFO     Rank: 0 - Epoch:12/20, Batch:5,     progress_callback.py:218
                    loss:1.834365, finished 60.15%.                             
[20:57:42] INFO     Rank: 0 - Epoch:12/20, Batch:6,     progress_callback.py:218
                    loss:1.954223, finished 60.18%.                             
           INFO     Rank: 0 - Epoch:12/20, Batch:7,     progress_callback.py:218
                    loss:1.698386, finished 60.21%.                             
[20:57:43] INFO     Rank: 0 - Epoch:12/20, Batch:8,     progress_callback.py:218
                    loss:1.809493, finished 60.24%.                             
           INFO     Rank: 0 - Epoch:12/20, Batch:9,     progress_callback.py:218
                    loss:2.026555, finished 60.27%.                             
           INFO     Rank: 0 - Epoch:12/20, Batch:10,    progress_callback.py:218
                    loss:1.984239, finished 60.3%.                              
[20:57:44] INFO     Rank: 0 - Epoch:12/20, Batch:11,    progress_callback.py:218
                    loss:2.121175, finished 60.33%.                             
           INFO     Rank: 0 - Epoch:12/20, Batch:12,    progress_callback.py:218
                    loss:2.043708, finished 60.36%.                             
[20:57:45] INFO     Rank: 0 - Epoch:12/20, Batch:13,    progress_callback.py:218
                    loss:2.297407, finished 60.39%.                             
           INFO     Rank: 0 - Epoch:12/20, Batch:14,    progress_callback.py:218
                    loss:2.144852, finished 60.42%.                             
[20:57:46] INFO     Rank: 0 - Epoch:12/20, Batch:15,    progress_callback.py:218
                    loss:1.997268, finished 60.45%.                             
           INFO     Rank: 0 - Epoch:12/20, Batch:16,    progress_callback.py:218
                    loss:2.226513, finished 60.48%.                             
           INFO     Rank: 0 - Epoch:12/20, Batch:17,    progress_callback.py:218
                    loss:1.819722, finished 60.52%.                             
[20:57:47] INFO     Rank: 0 - Epoch:12/20, Batch:18,    progress_callback.py:218
                    loss:2.034611, finished 60.55%.                             
           INFO     Rank: 0 - Epoch:12/20, Batch:19,    progress_callback.py:218
                    loss:2.041493, finished 60.58%.                             
[20:57:48] INFO     Rank: 0 - Epoch:12/20, Batch:20,    progress_callback.py:218
                    loss:1.746048, finished 60.61%.                             
           INFO     Rank: 0 -                                   evaluator.py:317
                    **********Evaluation starts**********                       
[20:58:05] INFO     Rank: 0 - **********Evaluation              evaluator.py:349
                    ends**********                                              
                                                                                
           INFO     Rank: 0 - ----------Eval. results   progress_callback.py:233
                    on Epoch:12, Batch:20----------                             
           INFO     Rank: 0 -                           progress_callback.py:238
                    {"torch_ngram#ngram-overlap":                               
                    0.3015267252922058}                                         
[20:58:06] INFO     Rank: 0 - Epoch:12/20, Batch:21,    progress_callback.py:218
                    loss:2.118254, finished 60.64%.                             
           INFO     Rank: 0 - Epoch:12/20, Batch:22,    progress_callback.py:218
                    loss:1.793069, finished 60.67%.                             
[20:58:07] INFO     Rank: 0 - Epoch:12/20, Batch:23,    progress_callback.py:218
                    loss:2.069324, finished 60.7%.                              
           INFO     Rank: 0 - Epoch:12/20, Batch:24,    progress_callback.py:218
                    loss:1.671448, finished 60.73%.                             
           INFO     Rank: 0 - Epoch:12/20, Batch:25,    progress_callback.py:218
                    loss:2.081074, finished 60.76%.                             
[20:58:08] INFO     Rank: 0 - Epoch:12/20, Batch:26,    progress_callback.py:218
                    loss:2.130418, finished 60.79%.                             
           INFO     Rank: 0 - Epoch:12/20, Batch:27,    progress_callback.py:218
                    loss:1.865247, finished 60.82%.                             
[20:58:09] INFO     Rank: 0 - Epoch:12/20, Batch:28,    progress_callback.py:218
                    loss:1.908599, finished 60.85%.                             
           INFO     Rank: 0 - Epoch:12/20, Batch:29,    progress_callback.py:218
                    loss:2.143722, finished 60.88%.                             
           INFO     Rank: 0 - Epoch:12/20, Batch:30,    progress_callback.py:218
                    loss:2.023401, finished 60.91%.                             
[20:58:10] INFO     Rank: 0 - Epoch:12/20, Batch:31,    progress_callback.py:218
                    loss:1.287322, finished 60.94%.                             
           INFO     Rank: 0 - Epoch:12/20, Batch:32,    progress_callback.py:218
                    loss:1.581638, finished 60.97%.                             
[20:58:11] INFO     Rank: 0 - Epoch:12/20, Batch:33,    progress_callback.py:218
                    loss:2.281497, finished 61.0%.                              
           INFO     Rank: 0 - Epoch:12/20, Batch:34,    progress_callback.py:218
                    loss:2.245399, finished 61.03%.                             
[20:58:12] INFO     Rank: 0 - Epoch:12/20, Batch:35,    progress_callback.py:218
                    loss:2.168503, finished 61.06%.                             
           INFO     Rank: 0 - Epoch:12/20, Batch:36,    progress_callback.py:218
                    loss:2.047507, finished 61.09%.                             
[20:58:13] INFO     Rank: 0 - Epoch:12/20, Batch:37,    progress_callback.py:218
                    loss:2.200787, finished 61.12%.                             
           INFO     Rank: 0 - Epoch:12/20, Batch:38,    progress_callback.py:218
                    loss:1.935688, finished 61.15%.                             
           INFO     Rank: 0 - Epoch:12/20, Batch:39,    progress_callback.py:218
                    loss:1.778078, finished 61.18%.                             
[20:58:14] INFO     Rank: 0 - Epoch:12/20, Batch:40,    progress_callback.py:218
                    loss:1.678439, finished 61.21%.                             
           INFO     Rank: 0 - Epoch:12/20, Batch:41,    progress_callback.py:218
                    loss:1.906012, finished 61.24%.                             
[20:58:15] INFO     Rank: 0 - Epoch:12/20, Batch:42,    progress_callback.py:218
                    loss:1.749036, finished 61.27%.                             
           INFO     Rank: 0 - Epoch:12/20, Batch:43,    progress_callback.py:218
                    loss:1.930317, finished 61.3%.                              
[20:58:16] INFO     Rank: 0 - Epoch:12/20, Batch:44,    progress_callback.py:218
                    loss:2.211292, finished 61.33%.                             
           INFO     Rank: 0 - Epoch:12/20, Batch:45,    progress_callback.py:218
                    loss:2.398327, finished 61.36%.                             
           INFO     Rank: 0 - Epoch:12/20, Batch:46,    progress_callback.py:218
                    loss:1.653475, finished 61.39%.                             
[20:58:17] INFO     Rank: 0 - Epoch:12/20, Batch:47,    progress_callback.py:218
                    loss:1.614802, finished 61.42%.                             
           INFO     Rank: 0 - Epoch:12/20, Batch:48,    progress_callback.py:218
                    loss:2.073037, finished 61.45%.                             
[20:58:18] INFO     Rank: 0 - Epoch:12/20, Batch:49,    progress_callback.py:218
                    loss:1.902004, finished 61.48%.                             
           INFO     Rank: 0 - Epoch:12/20, Batch:50,    progress_callback.py:218
                    loss:1.99793, finished 61.52%.                              
[20:58:19] INFO     Rank: 0 - Epoch:12/20, Batch:51,    progress_callback.py:218
                    loss:1.860082, finished 61.55%.                             
           INFO     Rank: 0 - Epoch:12/20, Batch:52,    progress_callback.py:218
                    loss:2.113399, finished 61.58%.                             
           INFO     Rank: 0 - Epoch:12/20, Batch:53,    progress_callback.py:218
                    loss:1.568681, finished 61.61%.                             
[20:58:20] INFO     Rank: 0 - Epoch:12/20, Batch:54,    progress_callback.py:218
                    loss:1.785106, finished 61.64%.                             
           INFO     Rank: 0 - Epoch:12/20, Batch:55,    progress_callback.py:218
                    loss:1.627103, finished 61.67%.                             
[20:58:21] INFO     Rank: 0 - Epoch:12/20, Batch:56,    progress_callback.py:218
                    loss:1.946919, finished 61.7%.                              
           INFO     Rank: 0 - Epoch:12/20, Batch:57,    progress_callback.py:218
                    loss:1.201895, finished 61.73%.                             
[20:58:22] INFO     Rank: 0 - Epoch:12/20, Batch:58,    progress_callback.py:218
                    loss:2.013742, finished 61.76%.                             
           INFO     Rank: 0 - Epoch:12/20, Batch:59,    progress_callback.py:218
                    loss:1.588701, finished 61.79%.                             
           INFO     Rank: 0 - Epoch:12/20, Batch:60,    progress_callback.py:218
                    loss:1.636999, finished 61.82%.                             
           INFO     Rank: 0 -                                   evaluator.py:317
                    **********Evaluation starts**********                       
[20:58:38] INFO     Rank: 0 - **********Evaluation              evaluator.py:349
                    ends**********                                              
                                                                                
           INFO     Rank: 0 - ----------Eval. results   progress_callback.py:233
                    on Epoch:12, Batch:60----------                             
           INFO     Rank: 0 -                           progress_callback.py:238
                    {"torch_ngram#ngram-overlap":                               
                    0.30637142062187195}                                        
[20:58:39] INFO     Rank: 0 - Epoch:12/20, Batch:61,    progress_callback.py:218
                    loss:2.155053, finished 61.85%.                             
           INFO     Rank: 0 - Epoch:12/20, Batch:62,    progress_callback.py:218
                    loss:1.586592, finished 61.88%.                             
[20:58:40] INFO     Rank: 0 - Epoch:12/20, Batch:63,    progress_callback.py:218
                    loss:1.857541, finished 61.91%.                             
           INFO     Rank: 0 - Epoch:12/20, Batch:64,    progress_callback.py:218
                    loss:1.957951, finished 61.94%.                             
[20:58:41] INFO     Rank: 0 - Epoch:12/20, Batch:65,    progress_callback.py:218
                    loss:1.76512, finished 61.97%.                              
           INFO     Rank: 0 - Epoch:12/20, Batch:66,    progress_callback.py:218
                    loss:1.55636, finished 62.0%.                               
           INFO     Rank: 0 - Epoch:12/20, Batch:67,    progress_callback.py:218
                    loss:2.304208, finished 62.03%.                             
[20:58:42] INFO     Rank: 0 - Epoch:12/20, Batch:68,    progress_callback.py:218
                    loss:2.047532, finished 62.06%.                             
           INFO     Rank: 0 - Epoch:12/20, Batch:69,    progress_callback.py:218
                    loss:1.702343, finished 62.09%.                             
[20:58:43] INFO     Rank: 0 - Epoch:12/20, Batch:70,    progress_callback.py:218
                    loss:1.689252, finished 62.12%.                             
           INFO     Rank: 0 - Epoch:12/20, Batch:71,    progress_callback.py:218
                    loss:2.007907, finished 62.15%.                             
[20:58:44] INFO     Rank: 0 - Epoch:12/20, Batch:72,    progress_callback.py:218
                    loss:2.125108, finished 62.18%.                             
           INFO     Rank: 0 - Epoch:12/20, Batch:73,    progress_callback.py:218
                    loss:2.198941, finished 62.21%.                             
           INFO     Rank: 0 - Epoch:12/20, Batch:74,    progress_callback.py:218
                    loss:1.677177, finished 62.24%.                             
[20:58:45] INFO     Rank: 0 - Epoch:12/20, Batch:75,    progress_callback.py:218
                    loss:1.292395, finished 62.27%.                             
           INFO     Rank: 0 - Epoch:12/20, Batch:76,    progress_callback.py:218
                    loss:2.03583, finished 62.3%.                               
[20:58:46] INFO     Rank: 0 - Epoch:12/20, Batch:77,    progress_callback.py:218
                    loss:1.806816, finished 62.33%.                             
           INFO     Rank: 0 - Epoch:12/20, Batch:78,    progress_callback.py:218
                    loss:2.210702, finished 62.36%.                             
[20:58:47] INFO     Rank: 0 - Epoch:12/20, Batch:79,    progress_callback.py:218
                    loss:2.243828, finished 62.39%.                             
           INFO     Rank: 0 - Epoch:12/20, Batch:80,    progress_callback.py:218
                    loss:1.417049, finished 62.42%.                             
           INFO     Rank: 0 - Epoch:12/20, Batch:81,    progress_callback.py:218
                    loss:1.968103, finished 62.45%.                             
[20:58:48] INFO     Rank: 0 - Epoch:12/20, Batch:82,    progress_callback.py:218
                    loss:1.435942, finished 62.48%.                             
           INFO     Rank: 0 - Epoch:12/20, Batch:83,    progress_callback.py:218
                    loss:1.900994, finished 62.52%.                             
[20:58:49] INFO     Rank: 0 - Epoch:12/20, Batch:84,    progress_callback.py:218
                    loss:1.744504, finished 62.55%.                             
           INFO     Rank: 0 - Epoch:12/20, Batch:85,    progress_callback.py:218
                    loss:1.685115, finished 62.58%.                             
[20:58:50] INFO     Rank: 0 - Epoch:12/20, Batch:86,    progress_callback.py:218
                    loss:1.592477, finished 62.61%.                             
           INFO     Rank: 0 - Epoch:12/20, Batch:87,    progress_callback.py:218
                    loss:1.745612, finished 62.64%.                             
           INFO     Rank: 0 - Epoch:12/20, Batch:88,    progress_callback.py:218
                    loss:2.052618, finished 62.67%.                             
[20:58:51] INFO     Rank: 0 - Epoch:12/20, Batch:89,    progress_callback.py:218
                    loss:2.008908, finished 62.7%.                              
           INFO     Rank: 0 - Epoch:12/20, Batch:90,    progress_callback.py:218
                    loss:1.996045, finished 62.73%.                             
[20:58:52] INFO     Rank: 0 - Epoch:12/20, Batch:91,    progress_callback.py:218
                    loss:1.570416, finished 62.76%.                             
           INFO     Rank: 0 - Epoch:12/20, Batch:92,    progress_callback.py:218
                    loss:1.706198, finished 62.79%.                             
[20:58:53] INFO     Rank: 0 - Epoch:12/20, Batch:93,    progress_callback.py:218
                    loss:1.565045, finished 62.82%.                             
           INFO     Rank: 0 - Epoch:12/20, Batch:94,    progress_callback.py:218
                    loss:1.923449, finished 62.85%.                             
           INFO     Rank: 0 - Epoch:12/20, Batch:95,    progress_callback.py:218
                    loss:1.796268, finished 62.88%.                             
[20:58:54] INFO     Rank: 0 - Epoch:12/20, Batch:96,    progress_callback.py:218
                    loss:1.756439, finished 62.91%.                             
           INFO     Rank: 0 - Epoch:12/20, Batch:97,    progress_callback.py:218
                    loss:1.770604, finished 62.94%.                             
[20:58:55] INFO     Rank: 0 - Epoch:12/20, Batch:98,    progress_callback.py:218
                    loss:1.970963, finished 62.97%.                             
           INFO     Rank: 0 - Epoch:12/20, Batch:99,    progress_callback.py:218
                    loss:1.635452, finished 63.0%.                              
           INFO     Rank: 0 - Epoch:12/20, Batch:100,   progress_callback.py:218
                    loss:1.905279, finished 63.03%.                             
           INFO     Rank: 0 -                                   evaluator.py:317
                    **********Evaluation starts**********                       
[20:59:13] INFO     Rank: 0 - **********Evaluation              evaluator.py:349
                    ends**********                                              
                                                                                
           INFO     Rank: 0 - ----------Eval. results   progress_callback.py:233
                    on Epoch:12, Batch:100----------                            
           INFO     Rank: 0 -                           progress_callback.py:238
                    {"torch_ngram#ngram-overlap":                               
                    0.3160272240638733}                                         
 ============= save model at results/ ============= 
 ============= save optimizer at results/.optm ============= 
[20:59:18] INFO     Rank: 0 - Epoch:12/20, Batch:101,   progress_callback.py:218
                    loss:1.917798, finished 63.06%.                             
           INFO     Rank: 0 - Epoch:12/20, Batch:102,   progress_callback.py:218
                    loss:2.127115, finished 63.09%.                             
           INFO     Rank: 0 - Epoch:12/20, Batch:103,   progress_callback.py:218
                    loss:1.843829, finished 63.12%.                             
[20:59:19] INFO     Rank: 0 - Epoch:12/20, Batch:104,   progress_callback.py:218
                    loss:1.988867, finished 63.15%.                             
           INFO     Rank: 0 - Epoch:12/20, Batch:105,   progress_callback.py:218
                    loss:2.061616, finished 63.18%.                             
[20:59:20] INFO     Rank: 0 - Epoch:12/20, Batch:106,   progress_callback.py:218
                    loss:1.540783, finished 63.21%.                             
           INFO     Rank: 0 - Epoch:12/20, Batch:107,   progress_callback.py:218
                    loss:1.546497, finished 63.24%.                             
[20:59:21] INFO     Rank: 0 - Epoch:12/20, Batch:108,   progress_callback.py:218
                    loss:2.113059, finished 63.27%.                             
           INFO     Rank: 0 - Epoch:12/20, Batch:109,   progress_callback.py:218
                    loss:1.522408, finished 63.3%.                              
           INFO     Rank: 0 - Epoch:12/20, Batch:110,   progress_callback.py:218
                    loss:1.812133, finished 63.33%.                             
[20:59:22] INFO     Rank: 0 - Epoch:12/20, Batch:111,   progress_callback.py:218
                    loss:1.708956, finished 63.36%.                             
           INFO     Rank: 0 - Epoch:12/20, Batch:112,   progress_callback.py:218
                    loss:1.727704, finished 63.39%.                             
[20:59:23] INFO     Rank: 0 - Epoch:12/20, Batch:113,   progress_callback.py:218
                    loss:2.202925, finished 63.42%.                             
           INFO     Rank: 0 - Epoch:12/20, Batch:114,   progress_callback.py:218
                    loss:1.746246, finished 63.45%.                             
[20:59:24] INFO     Rank: 0 - Epoch:12/20, Batch:115,   progress_callback.py:218
                    loss:1.907585, finished 63.48%.                             
           INFO     Rank: 0 - Epoch:12/20, Batch:116,   progress_callback.py:218
                    loss:1.806791, finished 63.52%.                             
           INFO     Rank: 0 - Epoch:12/20, Batch:117,   progress_callback.py:218
                    loss:1.348948, finished 63.55%.                             
[20:59:25] INFO     Rank: 0 - Epoch:12/20, Batch:118,   progress_callback.py:218
                    loss:1.538477, finished 63.58%.                             
           INFO     Rank: 0 - Epoch:12/20, Batch:119,   progress_callback.py:218
                    loss:2.016202, finished 63.61%.                             
[20:59:26] INFO     Rank: 0 - Epoch:12/20, Batch:120,   progress_callback.py:218
                    loss:2.01068, finished 63.64%.                              
           INFO     Rank: 0 - Epoch:12/20, Batch:121,   progress_callback.py:218
                    loss:1.532921, finished 63.67%.                             
[20:59:27] INFO     Rank: 0 - Epoch:12/20, Batch:122,   progress_callback.py:218
                    loss:1.663447, finished 63.7%.                              
           INFO     Rank: 0 - Epoch:12/20, Batch:123,   progress_callback.py:218
                    loss:2.032494, finished 63.73%.                             
           INFO     Rank: 0 - Epoch:12/20, Batch:124,   progress_callback.py:218
                    loss:1.457278, finished 63.76%.                             
[20:59:28] INFO     Rank: 0 - Epoch:12/20, Batch:125,   progress_callback.py:218
                    loss:2.02685, finished 63.79%.                              
           INFO     Rank: 0 - Epoch:12/20, Batch:126,   progress_callback.py:218
                    loss:1.983361, finished 63.82%.                             
[20:59:29] INFO     Rank: 0 - Epoch:12/20, Batch:127,   progress_callback.py:218
                    loss:1.898765, finished 63.85%.                             
           INFO     Rank: 0 - Epoch:12/20, Batch:128,   progress_callback.py:218
                    loss:2.051866, finished 63.88%.                             
[20:59:30] INFO     Rank: 0 - Epoch:12/20, Batch:129,   progress_callback.py:218
                    loss:1.647904, finished 63.91%.                             
           INFO     Rank: 0 - Epoch:12/20, Batch:130,   progress_callback.py:218
                    loss:1.9227, finished 63.94%.                               
           INFO     Rank: 0 - Epoch:12/20, Batch:131,   progress_callback.py:218
                    loss:1.858042, finished 63.97%.                             
[20:59:31] INFO     Rank: 0 - Epoch:12/20, Batch:132,   progress_callback.py:218
                    loss:1.619976, finished 64.0%.                              
           INFO     Rank: 0 - Epoch:12/20, Batch:133,   progress_callback.py:218
                    loss:1.645873, finished 64.03%.                             
[20:59:32] INFO     Rank: 0 - Epoch:12/20, Batch:134,   progress_callback.py:218
                    loss:1.795162, finished 64.06%.                             
           INFO     Rank: 0 - Epoch:12/20, Batch:135,   progress_callback.py:218
                    loss:2.057969, finished 64.09%.                             
           INFO     Rank: 0 - Epoch:12/20, Batch:136,   progress_callback.py:218
                    loss:1.865653, finished 64.12%.                             
[20:59:33] INFO     Rank: 0 - Epoch:12/20, Batch:137,   progress_callback.py:218
                    loss:2.029723, finished 64.15%.                             
           INFO     Rank: 0 - Epoch:12/20, Batch:138,   progress_callback.py:218
                    loss:2.14202, finished 64.18%.                              
[20:59:34] INFO     Rank: 0 - Epoch:12/20, Batch:139,   progress_callback.py:218
                    loss:1.394223, finished 64.21%.                             
           INFO     Rank: 0 - Epoch:12/20, Batch:140,   progress_callback.py:218
                    loss:1.501462, finished 64.24%.                             
           INFO     Rank: 0 -                                   evaluator.py:317
                    **********Evaluation starts**********                       
[20:59:54] INFO     Rank: 0 - **********Evaluation              evaluator.py:349
                    ends**********                                              
                                                                                
           INFO     Rank: 0 - ----------Eval. results   progress_callback.py:233
                    on Epoch:12, Batch:140----------                            
           INFO     Rank: 0 -                           progress_callback.py:238
                    {"torch_ngram#ngram-overlap":                               
                    0.32608166337013245}                                        
 ============= save model at results/ ============= 
 ============= save optimizer at results/.optm ============= 
[20:59:58] INFO     Rank: 0 - Epoch:12/20, Batch:141,   progress_callback.py:218
                    loss:2.129817, finished 64.27%.                             
           INFO     Rank: 0 - Epoch:12/20, Batch:142,   progress_callback.py:218
                    loss:2.10242, finished 64.3%.                               
[20:59:59] INFO     Rank: 0 - Epoch:12/20, Batch:143,   progress_callback.py:218
                    loss:1.77199, finished 64.33%.                              
           INFO     Rank: 0 - Epoch:12/20, Batch:144,   progress_callback.py:218
                    loss:1.356809, finished 64.36%.                             
[21:00:00] INFO     Rank: 0 - Epoch:12/20, Batch:145,   progress_callback.py:218
                    loss:1.780856, finished 64.39%.                             
           INFO     Rank: 0 - Epoch:12/20, Batch:146,   progress_callback.py:218
                    loss:2.107534, finished 64.42%.                             
           INFO     Rank: 0 - Epoch:12/20, Batch:147,   progress_callback.py:218
                    loss:1.529248, finished 64.45%.                             
[21:00:01] INFO     Rank: 0 - Epoch:12/20, Batch:148,   progress_callback.py:218
                    loss:1.576314, finished 64.48%.                             
           INFO     Rank: 0 - Epoch:12/20, Batch:149,   progress_callback.py:218
                    loss:1.675263, finished 64.52%.                             
[21:00:02] INFO     Rank: 0 - Epoch:12/20, Batch:150,   progress_callback.py:218
                    loss:1.995541, finished 64.55%.                             
           INFO     Rank: 0 - Epoch:12/20, Batch:151,   progress_callback.py:218
                    loss:1.86524, finished 64.58%.                              
[21:00:03] INFO     Rank: 0 - Epoch:12/20, Batch:152,   progress_callback.py:218
                    loss:1.407991, finished 64.61%.                             
           INFO     Rank: 0 - Epoch:12/20, Batch:153,   progress_callback.py:218
                    loss:1.900152, finished 64.64%.                             
           INFO     Rank: 0 - Epoch:12/20, Batch:154,   progress_callback.py:218
                    loss:1.93205, finished 64.67%.                              
[21:00:04] INFO     Rank: 0 - Epoch:12/20, Batch:155,   progress_callback.py:218
                    loss:1.753306, finished 64.7%.                              
           INFO     Rank: 0 - Epoch:12/20, Batch:156,   progress_callback.py:218
                    loss:1.578585, finished 64.73%.                             
[21:00:05] INFO     Rank: 0 - Epoch:12/20, Batch:157,   progress_callback.py:218
                    loss:1.456232, finished 64.76%.                             
           INFO     Rank: 0 - Epoch:12/20, Batch:158,   progress_callback.py:218
                    loss:2.072599, finished 64.79%.                             
[21:00:06] INFO     Rank: 0 - Epoch:12/20, Batch:159,   progress_callback.py:218
                    loss:1.873111, finished 64.82%.                             
           INFO     Rank: 0 - Epoch:12/20, Batch:160,   progress_callback.py:218
                    loss:1.796898, finished 64.85%.                             
           INFO     Rank: 0 - Epoch:12/20, Batch:161,   progress_callback.py:218
                    loss:1.834345, finished 64.88%.                             
[21:00:07] INFO     Rank: 0 - Epoch:12/20, Batch:162,   progress_callback.py:218
                    loss:1.703136, finished 64.91%.                             
           INFO     Rank: 0 - Epoch:12/20, Batch:163,   progress_callback.py:218
                    loss:1.927086, finished 64.94%.                             
[21:00:08] INFO     Rank: 0 - Epoch:12/20, Batch:164,   progress_callback.py:218
                    loss:1.992907, finished 64.97%.                             
           INFO     Rank: 0 - Epoch:12/20, Batch:165,   progress_callback.py:218
                    loss:2.009801, finished 65.0%.                              
           INFO     Rank: 0 -                           progress_callback.py:204
                    **********Epoch:13 starts**********                         
[21:00:09] INFO     Rank: 0 - Epoch:13/20, Batch:1,     progress_callback.py:218
                    loss:2.005534, finished 65.03%.                             
           INFO     Rank: 0 - Epoch:13/20, Batch:2,     progress_callback.py:218
                    loss:1.902076, finished 65.06%.                             
           INFO     Rank: 0 - Epoch:13/20, Batch:3,     progress_callback.py:218
                    loss:2.076389, finished 65.09%.                             
[21:00:10] INFO     Rank: 0 - Epoch:13/20, Batch:4,     progress_callback.py:218
                    loss:1.531729, finished 65.12%.                             
           INFO     Rank: 0 - Epoch:13/20, Batch:5,     progress_callback.py:218
                    loss:1.603951, finished 65.15%.                             
[21:00:11] INFO     Rank: 0 - Epoch:13/20, Batch:6,     progress_callback.py:218
                    loss:1.893211, finished 65.18%.                             
           INFO     Rank: 0 - Epoch:13/20, Batch:7,     progress_callback.py:218
                    loss:1.985444, finished 65.21%.                             
[21:00:12] INFO     Rank: 0 - Epoch:13/20, Batch:8,     progress_callback.py:218
                    loss:1.414372, finished 65.24%.                             
           INFO     Rank: 0 - Epoch:13/20, Batch:9,     progress_callback.py:218
                    loss:1.52217, finished 65.27%.                              
           INFO     Rank: 0 - Epoch:13/20, Batch:10,    progress_callback.py:218
                    loss:2.222787, finished 65.3%.                              
[21:00:13] INFO     Rank: 0 - Epoch:13/20, Batch:11,    progress_callback.py:218
                    loss:1.79636, finished 65.33%.                              
           INFO     Rank: 0 - Epoch:13/20, Batch:12,    progress_callback.py:218
                    loss:2.007751, finished 65.36%.                             
[21:00:14] INFO     Rank: 0 - Epoch:13/20, Batch:13,    progress_callback.py:218
                    loss:1.878591, finished 65.39%.                             
           INFO     Rank: 0 - Epoch:13/20, Batch:14,    progress_callback.py:218
                    loss:2.131361, finished 65.42%.                             
[21:00:15] INFO     Rank: 0 - Epoch:13/20, Batch:15,    progress_callback.py:218
                    loss:1.62291, finished 65.45%.                              
           INFO     Rank: 0 -                                   evaluator.py:317
                    **********Evaluation starts**********                       
[21:00:35] INFO     Rank: 0 - **********Evaluation              evaluator.py:349
                    ends**********                                              
                                                                                
           INFO     Rank: 0 - ----------Eval. results   progress_callback.py:233
                    on Epoch:13, Batch:15----------                             
           INFO     Rank: 0 -                           progress_callback.py:238
                    {"torch_ngram#ngram-overlap":                               
                    0.3243887424468994}                                         
[21:00:36] INFO     Rank: 0 - Epoch:13/20, Batch:16,    progress_callback.py:218
                    loss:1.988266, finished 65.48%.                             
           INFO     Rank: 0 - Epoch:13/20, Batch:17,    progress_callback.py:218
                    loss:1.837477, finished 65.52%.                             
[21:00:37] INFO     Rank: 0 - Epoch:13/20, Batch:18,    progress_callback.py:218
                    loss:1.715613, finished 65.55%.                             
           INFO     Rank: 0 - Epoch:13/20, Batch:19,    progress_callback.py:218
                    loss:1.829863, finished 65.58%.                             
[21:00:38] INFO     Rank: 0 - Epoch:13/20, Batch:20,    progress_callback.py:218
                    loss:1.777227, finished 65.61%.                             
           INFO     Rank: 0 - Epoch:13/20, Batch:21,    progress_callback.py:218
                    loss:1.498953, finished 65.64%.                             
[21:00:39] INFO     Rank: 0 - Epoch:13/20, Batch:22,    progress_callback.py:218
                    loss:1.8209, finished 65.67%.                               
           INFO     Rank: 0 - Epoch:13/20, Batch:23,    progress_callback.py:218
                    loss:1.706408, finished 65.7%.                              
           INFO     Rank: 0 - Epoch:13/20, Batch:24,    progress_callback.py:218
                    loss:1.941027, finished 65.73%.                             
[21:00:40] INFO     Rank: 0 - Epoch:13/20, Batch:25,    progress_callback.py:218
                    loss:1.698455, finished 65.76%.                             
           INFO     Rank: 0 - Epoch:13/20, Batch:26,    progress_callback.py:218
                    loss:1.797368, finished 65.79%.                             
[21:00:41] INFO     Rank: 0 - Epoch:13/20, Batch:27,    progress_callback.py:218
                    loss:1.646149, finished 65.82%.                             
           INFO     Rank: 0 - Epoch:13/20, Batch:28,    progress_callback.py:218
                    loss:1.583041, finished 65.85%.                             
[21:00:42] INFO     Rank: 0 - Epoch:13/20, Batch:29,    progress_callback.py:218
                    loss:1.801958, finished 65.88%.                             
           INFO     Rank: 0 - Epoch:13/20, Batch:30,    progress_callback.py:218
                    loss:2.06553, finished 65.91%.                              
           INFO     Rank: 0 - Epoch:13/20, Batch:31,    progress_callback.py:218
                    loss:2.206979, finished 65.94%.                             
[21:00:43] INFO     Rank: 0 - Epoch:13/20, Batch:32,    progress_callback.py:218
                    loss:1.402254, finished 65.97%.                             
           INFO     Rank: 0 - Epoch:13/20, Batch:33,    progress_callback.py:218
                    loss:1.695381, finished 66.0%.                              
[21:00:44] INFO     Rank: 0 - Epoch:13/20, Batch:34,    progress_callback.py:218
                    loss:1.694164, finished 66.03%.                             
           INFO     Rank: 0 - Epoch:13/20, Batch:35,    progress_callback.py:218
                    loss:1.507767, finished 66.06%.                             
[21:00:45] INFO     Rank: 0 - Epoch:13/20, Batch:36,    progress_callback.py:218
                    loss:1.575698, finished 66.09%.                             
           INFO     Rank: 0 - Epoch:13/20, Batch:37,    progress_callback.py:218
                    loss:1.844202, finished 66.12%.                             
           INFO     Rank: 0 - Epoch:13/20, Batch:38,    progress_callback.py:218
                    loss:2.139325, finished 66.15%.                             
[21:00:46] INFO     Rank: 0 - Epoch:13/20, Batch:39,    progress_callback.py:218
                    loss:1.633932, finished 66.18%.                             
           INFO     Rank: 0 - Epoch:13/20, Batch:40,    progress_callback.py:218
                    loss:1.955706, finished 66.21%.                             
[21:00:47] INFO     Rank: 0 - Epoch:13/20, Batch:41,    progress_callback.py:218
                    loss:1.781833, finished 66.24%.                             
           INFO     Rank: 0 - Epoch:13/20, Batch:42,    progress_callback.py:218
                    loss:1.75977, finished 66.27%.                              
[21:00:48] INFO     Rank: 0 - Epoch:13/20, Batch:43,    progress_callback.py:218
                    loss:1.534268, finished 66.3%.                              
           INFO     Rank: 0 - Epoch:13/20, Batch:44,    progress_callback.py:218
                    loss:1.585134, finished 66.33%.                             
           INFO     Rank: 0 - Epoch:13/20, Batch:45,    progress_callback.py:218
                    loss:1.756317, finished 66.36%.                             
[21:00:49] INFO     Rank: 0 - Epoch:13/20, Batch:46,    progress_callback.py:218
                    loss:1.793384, finished 66.39%.                             
           INFO     Rank: 0 - Epoch:13/20, Batch:47,    progress_callback.py:218
                    loss:1.62168, finished 66.42%.                              
[21:00:50] INFO     Rank: 0 - Epoch:13/20, Batch:48,    progress_callback.py:218
                    loss:1.862525, finished 66.45%.                             
           INFO     Rank: 0 - Epoch:13/20, Batch:49,    progress_callback.py:218
                    loss:1.830335, finished 66.48%.                             
[21:00:51] INFO     Rank: 0 - Epoch:13/20, Batch:50,    progress_callback.py:218
                    loss:1.764975, finished 66.52%.                             
           INFO     Rank: 0 - Epoch:13/20, Batch:51,    progress_callback.py:218
                    loss:1.899696, finished 66.55%.                             
           INFO     Rank: 0 - Epoch:13/20, Batch:52,    progress_callback.py:218
                    loss:2.128181, finished 66.58%.                             
[21:00:52] INFO     Rank: 0 - Epoch:13/20, Batch:53,    progress_callback.py:218
                    loss:1.814487, finished 66.61%.                             
           INFO     Rank: 0 - Epoch:13/20, Batch:54,    progress_callback.py:218
                    loss:1.849129, finished 66.64%.                             
[21:00:53] INFO     Rank: 0 - Epoch:13/20, Batch:55,    progress_callback.py:218
                    loss:1.602148, finished 66.67%.                             
           INFO     Rank: 0 -                                   evaluator.py:317
                    **********Evaluation starts**********                       
[21:01:11] INFO     Rank: 0 - **********Evaluation              evaluator.py:349
                    ends**********                                              
                                                                                
           INFO     Rank: 0 - ----------Eval. results   progress_callback.py:233
                    on Epoch:13, Batch:55----------                             
           INFO     Rank: 0 -                           progress_callback.py:238
                    {"torch_ngram#ngram-overlap":                               
                    0.3289870619773865}                                         
 ============= save model at results/ ============= 
 ============= save optimizer at results/.optm ============= 
[21:01:15] INFO     Rank: 0 - Epoch:13/20, Batch:56,    progress_callback.py:218
                    loss:1.876254, finished 66.7%.                              
[21:01:16] INFO     Rank: 0 - Epoch:13/20, Batch:57,    progress_callback.py:218
                    loss:1.369306, finished 66.73%.                             
           INFO     Rank: 0 - Epoch:13/20, Batch:58,    progress_callback.py:218
                    loss:2.145555, finished 66.76%.                             
[21:01:17] INFO     Rank: 0 - Epoch:13/20, Batch:59,    progress_callback.py:218
                    loss:1.948225, finished 66.79%.                             
           INFO     Rank: 0 - Epoch:13/20, Batch:60,    progress_callback.py:218
                    loss:1.588007, finished 66.82%.                             
           INFO     Rank: 0 - Epoch:13/20, Batch:61,    progress_callback.py:218
                    loss:1.713024, finished 66.85%.                             
[21:01:18] INFO     Rank: 0 - Epoch:13/20, Batch:62,    progress_callback.py:218
                    loss:1.481396, finished 66.88%.                             
           INFO     Rank: 0 - Epoch:13/20, Batch:63,    progress_callback.py:218
                    loss:1.472747, finished 66.91%.                             
[21:01:19] INFO     Rank: 0 - Epoch:13/20, Batch:64,    progress_callback.py:218
                    loss:1.591426, finished 66.94%.                             
           INFO     Rank: 0 - Epoch:13/20, Batch:65,    progress_callback.py:218
                    loss:1.705869, finished 66.97%.                             
[21:01:20] INFO     Rank: 0 - Epoch:13/20, Batch:66,    progress_callback.py:218
                    loss:1.796378, finished 67.0%.                              
           INFO     Rank: 0 - Epoch:13/20, Batch:67,    progress_callback.py:218
                    loss:1.508572, finished 67.03%.                             
           INFO     Rank: 0 - Epoch:13/20, Batch:68,    progress_callback.py:218
                    loss:2.106652, finished 67.06%.                             
[21:01:21] INFO     Rank: 0 - Epoch:13/20, Batch:69,    progress_callback.py:218
                    loss:1.573141, finished 67.09%.                             
           INFO     Rank: 0 - Epoch:13/20, Batch:70,    progress_callback.py:218
                    loss:1.814446, finished 67.12%.                             
[21:01:22] INFO     Rank: 0 - Epoch:13/20, Batch:71,    progress_callback.py:218
                    loss:1.773734, finished 67.15%.                             
           INFO     Rank: 0 - Epoch:13/20, Batch:72,    progress_callback.py:218
                    loss:1.649392, finished 67.18%.                             
[21:01:23] INFO     Rank: 0 - Epoch:13/20, Batch:73,    progress_callback.py:218
                    loss:1.771666, finished 67.21%.                             
           INFO     Rank: 0 - Epoch:13/20, Batch:74,    progress_callback.py:218
                    loss:1.910258, finished 67.24%.                             
           INFO     Rank: 0 - Epoch:13/20, Batch:75,    progress_callback.py:218
                    loss:1.734462, finished 67.27%.                             
[21:01:24] INFO     Rank: 0 - Epoch:13/20, Batch:76,    progress_callback.py:218
                    loss:2.091895, finished 67.3%.                              
           INFO     Rank: 0 - Epoch:13/20, Batch:77,    progress_callback.py:218
                    loss:2.118031, finished 67.33%.                             
[21:01:25] INFO     Rank: 0 - Epoch:13/20, Batch:78,    progress_callback.py:218
                    loss:1.727625, finished 67.36%.                             
           INFO     Rank: 0 - Epoch:13/20, Batch:79,    progress_callback.py:218
                    loss:2.013222, finished 67.39%.                             
[21:01:26] INFO     Rank: 0 - Epoch:13/20, Batch:80,    progress_callback.py:218
                    loss:1.852161, finished 67.42%.                             
           INFO     Rank: 0 - Epoch:13/20, Batch:81,    progress_callback.py:218
                    loss:1.969809, finished 67.45%.                             
           INFO     Rank: 0 - Epoch:13/20, Batch:82,    progress_callback.py:218
                    loss:1.704177, finished 67.48%.                             
[21:01:27] INFO     Rank: 0 - Epoch:13/20, Batch:83,    progress_callback.py:218
                    loss:1.735933, finished 67.52%.                             
           INFO     Rank: 0 - Epoch:13/20, Batch:84,    progress_callback.py:218
                    loss:2.122989, finished 67.55%.                             
[21:01:28] INFO     Rank: 0 - Epoch:13/20, Batch:85,    progress_callback.py:218
                    loss:1.786652, finished 67.58%.                             
           INFO     Rank: 0 - Epoch:13/20, Batch:86,    progress_callback.py:218
                    loss:1.738214, finished 67.61%.                             
[21:01:29] INFO     Rank: 0 - Epoch:13/20, Batch:87,    progress_callback.py:218
                    loss:1.812964, finished 67.64%.                             
           INFO     Rank: 0 - Epoch:13/20, Batch:88,    progress_callback.py:218
                    loss:1.586841, finished 67.67%.                             
           INFO     Rank: 0 - Epoch:13/20, Batch:89,    progress_callback.py:218
                    loss:1.765306, finished 67.7%.                              
[21:01:30] INFO     Rank: 0 - Epoch:13/20, Batch:90,    progress_callback.py:218
                    loss:1.862803, finished 67.73%.                             
           INFO     Rank: 0 - Epoch:13/20, Batch:91,    progress_callback.py:218
                    loss:1.559317, finished 67.76%.                             
[21:01:31] INFO     Rank: 0 - Epoch:13/20, Batch:92,    progress_callback.py:218
                    loss:1.999283, finished 67.79%.                             
           INFO     Rank: 0 - Epoch:13/20, Batch:93,    progress_callback.py:218
                    loss:1.993903, finished 67.82%.                             
[21:01:32] INFO     Rank: 0 - Epoch:13/20, Batch:94,    progress_callback.py:218
                    loss:1.946912, finished 67.85%.                             
           INFO     Rank: 0 - Epoch:13/20, Batch:95,    progress_callback.py:218
                    loss:2.091124, finished 67.88%.                             
           INFO     Rank: 0 -                                   evaluator.py:317
                    **********Evaluation starts**********                       
[21:01:56] INFO     Rank: 0 - **********Evaluation              evaluator.py:349
                    ends**********                                              
                                                                                
           INFO     Rank: 0 - ----------Eval. results   progress_callback.py:233
                    on Epoch:13, Batch:95----------                             
           INFO     Rank: 0 -                           progress_callback.py:238
                    {"torch_ngram#ngram-overlap":                               
                    0.34390753507614136}                                        
 ============= save model at results/ ============= 
 ============= save optimizer at results/.optm ============= 
[21:02:01] INFO     Rank: 0 - Epoch:13/20, Batch:96,    progress_callback.py:218
                    loss:1.78424, finished 67.91%.                              
           INFO     Rank: 0 - Epoch:13/20, Batch:97,    progress_callback.py:218
                    loss:1.599245, finished 67.94%.                             
[21:02:02] INFO     Rank: 0 - Epoch:13/20, Batch:98,    progress_callback.py:218
                    loss:2.113225, finished 67.97%.                             
           INFO     Rank: 0 - Epoch:13/20, Batch:99,    progress_callback.py:218
                    loss:1.483885, finished 68.0%.                              
           INFO     Rank: 0 - Epoch:13/20, Batch:100,   progress_callback.py:218
                    loss:1.797805, finished 68.03%.                             
[21:02:03] INFO     Rank: 0 - Epoch:13/20, Batch:101,   progress_callback.py:218
                    loss:1.865257, finished 68.06%.                             
           INFO     Rank: 0 - Epoch:13/20, Batch:102,   progress_callback.py:218
                    loss:1.644866, finished 68.09%.                             
[21:02:04] INFO     Rank: 0 - Epoch:13/20, Batch:103,   progress_callback.py:218
                    loss:1.771692, finished 68.12%.                             
           INFO     Rank: 0 - Epoch:13/20, Batch:104,   progress_callback.py:218
                    loss:1.754644, finished 68.15%.                             
[21:02:05] INFO     Rank: 0 - Epoch:13/20, Batch:105,   progress_callback.py:218
                    loss:1.764979, finished 68.18%.                             
           INFO     Rank: 0 - Epoch:13/20, Batch:106,   progress_callback.py:218
                    loss:1.888123, finished 68.21%.                             
           INFO     Rank: 0 - Epoch:13/20, Batch:107,   progress_callback.py:218
                    loss:1.654232, finished 68.24%.                             
[21:02:06] INFO     Rank: 0 - Epoch:13/20, Batch:108,   progress_callback.py:218
                    loss:1.427339, finished 68.27%.                             
           INFO     Rank: 0 - Epoch:13/20, Batch:109,   progress_callback.py:218
                    loss:1.790001, finished 68.3%.                              
[21:02:07] INFO     Rank: 0 - Epoch:13/20, Batch:110,   progress_callback.py:218
                    loss:1.692921, finished 68.33%.                             
           INFO     Rank: 0 - Epoch:13/20, Batch:111,   progress_callback.py:218
                    loss:1.989304, finished 68.36%.                             
[21:02:08] INFO     Rank: 0 - Epoch:13/20, Batch:112,   progress_callback.py:218
                    loss:2.039784, finished 68.39%.                             
           INFO     Rank: 0 - Epoch:13/20, Batch:113,   progress_callback.py:218
                    loss:1.434528, finished 68.42%.                             
           INFO     Rank: 0 - Epoch:13/20, Batch:114,   progress_callback.py:218
                    loss:1.934162, finished 68.45%.                             
[21:02:09] INFO     Rank: 0 - Epoch:13/20, Batch:115,   progress_callback.py:218
                    loss:1.538249, finished 68.48%.                             
           INFO     Rank: 0 - Epoch:13/20, Batch:116,   progress_callback.py:218
                    loss:1.743558, finished 68.52%.                             
[21:02:10] INFO     Rank: 0 - Epoch:13/20, Batch:117,   progress_callback.py:218
                    loss:1.634891, finished 68.55%.                             
           INFO     Rank: 0 - Epoch:13/20, Batch:118,   progress_callback.py:218
                    loss:1.430961, finished 68.58%.                             
[21:02:11] INFO     Rank: 0 - Epoch:13/20, Batch:119,   progress_callback.py:218
                    loss:1.841121, finished 68.61%.                             
           INFO     Rank: 0 - Epoch:13/20, Batch:120,   progress_callback.py:218
                    loss:1.842199, finished 68.64%.                             
           INFO     Rank: 0 - Epoch:13/20, Batch:121,   progress_callback.py:218
                    loss:1.630361, finished 68.67%.                             
[21:02:12] INFO     Rank: 0 - Epoch:13/20, Batch:122,   progress_callback.py:218
                    loss:1.879693, finished 68.7%.                              
           INFO     Rank: 0 - Epoch:13/20, Batch:123,   progress_callback.py:218
                    loss:2.013071, finished 68.73%.                             
[21:02:13] INFO     Rank: 0 - Epoch:13/20, Batch:124,   progress_callback.py:218
                    loss:1.978771, finished 68.76%.                             
           INFO     Rank: 0 - Epoch:13/20, Batch:125,   progress_callback.py:218
                    loss:1.707314, finished 68.79%.                             
[21:02:14] INFO     Rank: 0 - Epoch:13/20, Batch:126,   progress_callback.py:218
                    loss:1.573243, finished 68.82%.                             
           INFO     Rank: 0 - Epoch:13/20, Batch:127,   progress_callback.py:218
                    loss:1.734273, finished 68.85%.                             
           INFO     Rank: 0 - Epoch:13/20, Batch:128,   progress_callback.py:218
                    loss:1.654933, finished 68.88%.                             
[21:02:15] INFO     Rank: 0 - Epoch:13/20, Batch:129,   progress_callback.py:218
                    loss:1.616372, finished 68.91%.                             
           INFO     Rank: 0 - Epoch:13/20, Batch:130,   progress_callback.py:218
                    loss:1.479115, finished 68.94%.                             
[21:02:16] INFO     Rank: 0 - Epoch:13/20, Batch:131,   progress_callback.py:218
                    loss:1.861688, finished 68.97%.                             
           INFO     Rank: 0 - Epoch:13/20, Batch:132,   progress_callback.py:218
                    loss:1.633462, finished 69.0%.                              
[21:02:17] INFO     Rank: 0 - Epoch:13/20, Batch:133,   progress_callback.py:218
                    loss:1.466775, finished 69.03%.                             
           INFO     Rank: 0 - Epoch:13/20, Batch:134,   progress_callback.py:218
                    loss:1.864028, finished 69.06%.                             
           INFO     Rank: 0 - Epoch:13/20, Batch:135,   progress_callback.py:218
                    loss:1.506488, finished 69.09%.                             
           INFO     Rank: 0 -                                   evaluator.py:317
                    **********Evaluation starts**********                       
[21:02:39] INFO     Rank: 0 - **********Evaluation              evaluator.py:349
                    ends**********                                              
                                                                                
           INFO     Rank: 0 - ----------Eval. results   progress_callback.py:233
                    on Epoch:13, Batch:135----------                            
           INFO     Rank: 0 -                           progress_callback.py:238
                    {"torch_ngram#ngram-overlap":                               
                    0.34617355465888977}                                        
 ============= save model at results/ ============= 
 ============= save optimizer at results/.optm ============= 
[21:02:44] INFO     Rank: 0 - Epoch:13/20, Batch:136,   progress_callback.py:218
                    loss:1.807622, finished 69.12%.                             
           INFO     Rank: 0 - Epoch:13/20, Batch:137,   progress_callback.py:218
                    loss:1.897706, finished 69.15%.                             
[21:02:45] INFO     Rank: 0 - Epoch:13/20, Batch:138,   progress_callback.py:218
                    loss:1.79244, finished 69.18%.                              
           INFO     Rank: 0 - Epoch:13/20, Batch:139,   progress_callback.py:218
                    loss:2.02838, finished 69.21%.                              
[21:02:46] INFO     Rank: 0 - Epoch:13/20, Batch:140,   progress_callback.py:218
                    loss:1.992003, finished 69.24%.                             
           INFO     Rank: 0 - Epoch:13/20, Batch:141,   progress_callback.py:218
                    loss:1.88404, finished 69.27%.                              
           INFO     Rank: 0 - Epoch:13/20, Batch:142,   progress_callback.py:218
                    loss:1.683328, finished 69.3%.                              
[21:02:47] INFO     Rank: 0 - Epoch:13/20, Batch:143,   progress_callback.py:218
                    loss:1.761232, finished 69.33%.                             
           INFO     Rank: 0 - Epoch:13/20, Batch:144,   progress_callback.py:218
                    loss:1.531882, finished 69.36%.                             
[21:02:48] INFO     Rank: 0 - Epoch:13/20, Batch:145,   progress_callback.py:218
                    loss:1.710957, finished 69.39%.                             
           INFO     Rank: 0 - Epoch:13/20, Batch:146,   progress_callback.py:218
                    loss:1.809344, finished 69.42%.                             
           INFO     Rank: 0 - Epoch:13/20, Batch:147,   progress_callback.py:218
                    loss:1.724097, finished 69.45%.                             
[21:02:49] INFO     Rank: 0 - Epoch:13/20, Batch:148,   progress_callback.py:218
                    loss:1.8427, finished 69.48%.                               
           INFO     Rank: 0 - Epoch:13/20, Batch:149,   progress_callback.py:218
                    loss:1.552128, finished 69.52%.                             
[21:02:50] INFO     Rank: 0 - Epoch:13/20, Batch:150,   progress_callback.py:218
                    loss:1.837433, finished 69.55%.                             
           INFO     Rank: 0 - Epoch:13/20, Batch:151,   progress_callback.py:218
                    loss:1.813288, finished 69.58%.                             
[21:02:51] INFO     Rank: 0 - Epoch:13/20, Batch:152,   progress_callback.py:218
                    loss:1.597573, finished 69.61%.                             
           INFO     Rank: 0 - Epoch:13/20, Batch:153,   progress_callback.py:218
                    loss:1.627628, finished 69.64%.                             
           INFO     Rank: 0 - Epoch:13/20, Batch:154,   progress_callback.py:218
                    loss:1.673208, finished 69.67%.                             
[21:02:52] INFO     Rank: 0 - Epoch:13/20, Batch:155,   progress_callback.py:218
                    loss:2.048033, finished 69.7%.                              
           INFO     Rank: 0 - Epoch:13/20, Batch:156,   progress_callback.py:218
                    loss:1.609054, finished 69.73%.                             
[21:02:53] INFO     Rank: 0 - Epoch:13/20, Batch:157,   progress_callback.py:218
                    loss:1.554676, finished 69.76%.                             
           INFO     Rank: 0 - Epoch:13/20, Batch:158,   progress_callback.py:218
                    loss:1.961941, finished 69.79%.                             
[21:02:54] INFO     Rank: 0 - Epoch:13/20, Batch:159,   progress_callback.py:218
                    loss:1.77316, finished 69.82%.                              
           INFO     Rank: 0 - Epoch:13/20, Batch:160,   progress_callback.py:218
                    loss:1.692559, finished 69.85%.                             
[21:02:55] INFO     Rank: 0 - Epoch:13/20, Batch:161,   progress_callback.py:218
                    loss:1.597945, finished 69.88%.                             
           INFO     Rank: 0 - Epoch:13/20, Batch:162,   progress_callback.py:218
                    loss:1.887156, finished 69.91%.                             
           INFO     Rank: 0 - Epoch:13/20, Batch:163,   progress_callback.py:218
                    loss:1.980972, finished 69.94%.                             
[21:02:56] INFO     Rank: 0 - Epoch:13/20, Batch:164,   progress_callback.py:218
                    loss:1.724716, finished 69.97%.                             
           INFO     Rank: 0 - Epoch:13/20, Batch:165,   progress_callback.py:218
                    loss:1.845664, finished 70.0%.                              
           INFO     Rank: 0 -                           progress_callback.py:204
                    **********Epoch:14 starts**********                         
[21:02:57] INFO     Rank: 0 - Epoch:14/20, Batch:1,     progress_callback.py:218
                    loss:1.376868, finished 70.03%.                             
           INFO     Rank: 0 - Epoch:14/20, Batch:2,     progress_callback.py:218
                    loss:1.847274, finished 70.06%.                             
           INFO     Rank: 0 - Epoch:14/20, Batch:3,     progress_callback.py:218
                    loss:1.451995, finished 70.09%.                             
[21:02:58] INFO     Rank: 0 - Epoch:14/20, Batch:4,     progress_callback.py:218
                    loss:1.643374, finished 70.12%.                             
           INFO     Rank: 0 - Epoch:14/20, Batch:5,     progress_callback.py:218
                    loss:1.822569, finished 70.15%.                             
[21:02:59] INFO     Rank: 0 - Epoch:14/20, Batch:6,     progress_callback.py:218
                    loss:1.645776, finished 70.18%.                             
           INFO     Rank: 0 - Epoch:14/20, Batch:7,     progress_callback.py:218
                    loss:1.764417, finished 70.21%.                             
[21:03:00] INFO     Rank: 0 - Epoch:14/20, Batch:8,     progress_callback.py:218
                    loss:1.45375, finished 70.24%.                              
           INFO     Rank: 0 - Epoch:14/20, Batch:9,     progress_callback.py:218
                    loss:1.842454, finished 70.27%.                             
           INFO     Rank: 0 - Epoch:14/20, Batch:10,    progress_callback.py:218
                    loss:2.035696, finished 70.3%.                              
           INFO     Rank: 0 -                                   evaluator.py:317
                    **********Evaluation starts**********                       
[21:03:22] INFO     Rank: 0 - **********Evaluation              evaluator.py:349
                    ends**********                                              
                                                                                
           INFO     Rank: 0 - ----------Eval. results   progress_callback.py:233
                    on Epoch:14, Batch:10----------                             
           INFO     Rank: 0 -                           progress_callback.py:238
                    {"torch_ngram#ngram-overlap":                               
                    0.3411847949028015}                                         
[21:03:23] INFO     Rank: 0 - Epoch:14/20, Batch:11,    progress_callback.py:218
                    loss:1.759862, finished 70.33%.                             
           INFO     Rank: 0 - Epoch:14/20, Batch:12,    progress_callback.py:218
                    loss:1.776586, finished 70.36%.                             
           INFO     Rank: 0 - Epoch:14/20, Batch:13,    progress_callback.py:218
                    loss:1.573818, finished 70.39%.                             
[21:03:24] INFO     Rank: 0 - Epoch:14/20, Batch:14,    progress_callback.py:218
                    loss:1.66394, finished 70.42%.                              
           INFO     Rank: 0 - Epoch:14/20, Batch:15,    progress_callback.py:218
                    loss:1.320319, finished 70.45%.                             
[21:03:25] INFO     Rank: 0 - Epoch:14/20, Batch:16,    progress_callback.py:218
                    loss:1.753699, finished 70.48%.                             
           INFO     Rank: 0 - Epoch:14/20, Batch:17,    progress_callback.py:218
                    loss:1.715392, finished 70.52%.                             
           INFO     Rank: 0 - Epoch:14/20, Batch:18,    progress_callback.py:218
                    loss:1.576267, finished 70.55%.                             
[21:03:26] INFO     Rank: 0 - Epoch:14/20, Batch:19,    progress_callback.py:218
                    loss:1.548445, finished 70.58%.                             
           INFO     Rank: 0 - Epoch:14/20, Batch:20,    progress_callback.py:218
                    loss:1.884759, finished 70.61%.                             
[21:03:27] INFO     Rank: 0 - Epoch:14/20, Batch:21,    progress_callback.py:218
                    loss:1.303786, finished 70.64%.                             
           INFO     Rank: 0 - Epoch:14/20, Batch:22,    progress_callback.py:218
                    loss:1.856801, finished 70.67%.                             
[21:03:28] INFO     Rank: 0 - Epoch:14/20, Batch:23,    progress_callback.py:218
                    loss:1.813277, finished 70.7%.                              
           INFO     Rank: 0 - Epoch:14/20, Batch:24,    progress_callback.py:218
                    loss:1.529146, finished 70.73%.                             
           INFO     Rank: 0 - Epoch:14/20, Batch:25,    progress_callback.py:218
                    loss:1.594499, finished 70.76%.                             
[21:03:29] INFO     Rank: 0 - Epoch:14/20, Batch:26,    progress_callback.py:218
                    loss:1.852223, finished 70.79%.                             
           INFO     Rank: 0 - Epoch:14/20, Batch:27,    progress_callback.py:218
                    loss:1.473761, finished 70.82%.                             
[21:03:30] INFO     Rank: 0 - Epoch:14/20, Batch:28,    progress_callback.py:218
                    loss:1.602691, finished 70.85%.                             
           INFO     Rank: 0 - Epoch:14/20, Batch:29,    progress_callback.py:218
                    loss:1.674658, finished 70.88%.                             
[21:03:31] INFO     Rank: 0 - Epoch:14/20, Batch:30,    progress_callback.py:218
                    loss:1.647548, finished 70.91%.                             
           INFO     Rank: 0 - Epoch:14/20, Batch:31,    progress_callback.py:218
                    loss:1.643657, finished 70.94%.                             
           INFO     Rank: 0 - Epoch:14/20, Batch:32,    progress_callback.py:218
                    loss:1.69408, finished 70.97%.                              
[21:03:32] INFO     Rank: 0 - Epoch:14/20, Batch:33,    progress_callback.py:218
                    loss:1.604024, finished 71.0%.                              
           INFO     Rank: 0 - Epoch:14/20, Batch:34,    progress_callback.py:218
                    loss:1.962837, finished 71.03%.                             
[21:03:33] INFO     Rank: 0 - Epoch:14/20, Batch:35,    progress_callback.py:218
                    loss:1.577174, finished 71.06%.                             
           INFO     Rank: 0 - Epoch:14/20, Batch:36,    progress_callback.py:218
                    loss:1.669134, finished 71.09%.                             
[21:03:34] INFO     Rank: 0 - Epoch:14/20, Batch:37,    progress_callback.py:218
                    loss:1.637838, finished 71.12%.                             
           INFO     Rank: 0 - Epoch:14/20, Batch:38,    progress_callback.py:218
                    loss:1.481258, finished 71.15%.                             
           INFO     Rank: 0 - Epoch:14/20, Batch:39,    progress_callback.py:218
                    loss:1.577708, finished 71.18%.                             
[21:03:35] INFO     Rank: 0 - Epoch:14/20, Batch:40,    progress_callback.py:218
                    loss:1.577314, finished 71.21%.                             
           INFO     Rank: 0 - Epoch:14/20, Batch:41,    progress_callback.py:218
                    loss:1.815585, finished 71.24%.                             
[21:03:36] INFO     Rank: 0 - Epoch:14/20, Batch:42,    progress_callback.py:218
                    loss:1.6854, finished 71.27%.                               
           INFO     Rank: 0 - Epoch:14/20, Batch:43,    progress_callback.py:218
                    loss:2.069811, finished 71.3%.                              
[21:03:37] INFO     Rank: 0 - Epoch:14/20, Batch:44,    progress_callback.py:218
                    loss:1.420736, finished 71.33%.                             
           INFO     Rank: 0 - Epoch:14/20, Batch:45,    progress_callback.py:218
                    loss:1.963674, finished 71.36%.                             
           INFO     Rank: 0 - Epoch:14/20, Batch:46,    progress_callback.py:218
                    loss:1.491365, finished 71.39%.                             
[21:03:38] INFO     Rank: 0 - Epoch:14/20, Batch:47,    progress_callback.py:218
                    loss:1.222503, finished 71.42%.                             
           INFO     Rank: 0 - Epoch:14/20, Batch:48,    progress_callback.py:218
                    loss:1.627061, finished 71.45%.                             
[21:03:39] INFO     Rank: 0 - Epoch:14/20, Batch:49,    progress_callback.py:218
                    loss:1.582587, finished 71.48%.                             
           INFO     Rank: 0 - Epoch:14/20, Batch:50,    progress_callback.py:218
                    loss:1.279191, finished 71.52%.                             
           INFO     Rank: 0 -                                   evaluator.py:317
                    **********Evaluation starts**********                       
[21:04:00] INFO     Rank: 0 - **********Evaluation              evaluator.py:349
                    ends**********                                              
                                                                                
           INFO     Rank: 0 - ----------Eval. results   progress_callback.py:233
                    on Epoch:14, Batch:50----------                             
           INFO     Rank: 0 -                           progress_callback.py:238
                    {"torch_ngram#ngram-overlap":                               
                    0.341748982667923}                                          
[21:04:01] INFO     Rank: 0 - Epoch:14/20, Batch:51,    progress_callback.py:218
                    loss:1.813478, finished 71.55%.                             
           INFO     Rank: 0 - Epoch:14/20, Batch:52,    progress_callback.py:218
                    loss:1.770114, finished 71.58%.                             
           INFO     Rank: 0 - Epoch:14/20, Batch:53,    progress_callback.py:218
                    loss:1.798801, finished 71.61%.                             
[21:04:02] INFO     Rank: 0 - Epoch:14/20, Batch:54,    progress_callback.py:218
                    loss:1.598935, finished 71.64%.                             
           INFO     Rank: 0 - Epoch:14/20, Batch:55,    progress_callback.py:218
                    loss:1.91481, finished 71.67%.                              
[21:04:03] INFO     Rank: 0 - Epoch:14/20, Batch:56,    progress_callback.py:218
                    loss:1.707393, finished 71.7%.                              
           INFO     Rank: 0 - Epoch:14/20, Batch:57,    progress_callback.py:218
                    loss:1.821483, finished 71.73%.                             
[21:04:04] INFO     Rank: 0 - Epoch:14/20, Batch:58,    progress_callback.py:218
                    loss:1.839714, finished 71.76%.                             
           INFO     Rank: 0 - Epoch:14/20, Batch:59,    progress_callback.py:218
                    loss:1.717753, finished 71.79%.                             
           INFO     Rank: 0 - Epoch:14/20, Batch:60,    progress_callback.py:218
                    loss:1.361774, finished 71.82%.                             
[21:04:05] INFO     Rank: 0 - Epoch:14/20, Batch:61,    progress_callback.py:218
                    loss:1.86996, finished 71.85%.                              
           INFO     Rank: 0 - Epoch:14/20, Batch:62,    progress_callback.py:218
                    loss:1.985666, finished 71.88%.                             
[21:04:06] INFO     Rank: 0 - Epoch:14/20, Batch:63,    progress_callback.py:218
                    loss:1.695438, finished 71.91%.                             
           INFO     Rank: 0 - Epoch:14/20, Batch:64,    progress_callback.py:218
                    loss:1.434915, finished 71.94%.                             
[21:04:07] INFO     Rank: 0 - Epoch:14/20, Batch:65,    progress_callback.py:218
                    loss:1.563219, finished 71.97%.                             
           INFO     Rank: 0 - Epoch:14/20, Batch:66,    progress_callback.py:218
                    loss:1.551156, finished 72.0%.                              
           INFO     Rank: 0 - Epoch:14/20, Batch:67,    progress_callback.py:218
                    loss:2.217, finished 72.03%.                                
[21:04:08] INFO     Rank: 0 - Epoch:14/20, Batch:68,    progress_callback.py:218
                    loss:1.983958, finished 72.06%.                             
           INFO     Rank: 0 - Epoch:14/20, Batch:69,    progress_callback.py:218
                    loss:1.068927, finished 72.09%.                             
[21:04:09] INFO     Rank: 0 - Epoch:14/20, Batch:70,    progress_callback.py:218
                    loss:1.512777, finished 72.12%.                             
           INFO     Rank: 0 - Epoch:14/20, Batch:71,    progress_callback.py:218
                    loss:1.398234, finished 72.15%.                             
[21:04:10] INFO     Rank: 0 - Epoch:14/20, Batch:72,    progress_callback.py:218
                    loss:1.413138, finished 72.18%.                             
           INFO     Rank: 0 - Epoch:14/20, Batch:73,    progress_callback.py:218
                    loss:1.989754, finished 72.21%.                             
           INFO     Rank: 0 - Epoch:14/20, Batch:74,    progress_callback.py:218
                    loss:1.80105, finished 72.24%.                              
[21:04:11] INFO     Rank: 0 - Epoch:14/20, Batch:75,    progress_callback.py:218
                    loss:2.005716, finished 72.27%.                             
           INFO     Rank: 0 - Epoch:14/20, Batch:76,    progress_callback.py:218
                    loss:1.650137, finished 72.3%.                              
[21:04:12] INFO     Rank: 0 - Epoch:14/20, Batch:77,    progress_callback.py:218
                    loss:1.803123, finished 72.33%.                             
           INFO     Rank: 0 - Epoch:14/20, Batch:78,    progress_callback.py:218
                    loss:1.566146, finished 72.36%.                             
[21:04:13] INFO     Rank: 0 - Epoch:14/20, Batch:79,    progress_callback.py:218
                    loss:1.557913, finished 72.39%.                             
           INFO     Rank: 0 - Epoch:14/20, Batch:80,    progress_callback.py:218
                    loss:1.947352, finished 72.42%.                             
           INFO     Rank: 0 - Epoch:14/20, Batch:81,    progress_callback.py:218
                    loss:1.677962, finished 72.45%.                             
[21:04:14] INFO     Rank: 0 - Epoch:14/20, Batch:82,    progress_callback.py:218
                    loss:1.606655, finished 72.48%.                             
           INFO     Rank: 0 - Epoch:14/20, Batch:83,    progress_callback.py:218
                    loss:1.679969, finished 72.52%.                             
[21:04:15] INFO     Rank: 0 - Epoch:14/20, Batch:84,    progress_callback.py:218
                    loss:1.575087, finished 72.55%.                             
           INFO     Rank: 0 - Epoch:14/20, Batch:85,    progress_callback.py:218
                    loss:1.63029, finished 72.58%.                              
[21:04:16] INFO     Rank: 0 - Epoch:14/20, Batch:86,    progress_callback.py:218
                    loss:1.722767, finished 72.61%.                             
           INFO     Rank: 0 - Epoch:14/20, Batch:87,    progress_callback.py:218
                    loss:1.914213, finished 72.64%.                             
           INFO     Rank: 0 - Epoch:14/20, Batch:88,    progress_callback.py:218
                    loss:1.768933, finished 72.67%.                             
[21:04:17] INFO     Rank: 0 - Epoch:14/20, Batch:89,    progress_callback.py:218
                    loss:1.27736, finished 72.7%.                               
           INFO     Rank: 0 - Epoch:14/20, Batch:90,    progress_callback.py:218
                    loss:1.545959, finished 72.73%.                             
           INFO     Rank: 0 -                                   evaluator.py:317
                    **********Evaluation starts**********                       
[21:04:39] INFO     Rank: 0 - **********Evaluation              evaluator.py:349
                    ends**********                                              
                                                                                
           INFO     Rank: 0 - ----------Eval. results   progress_callback.py:233
                    on Epoch:14, Batch:90----------                             
           INFO     Rank: 0 -                           progress_callback.py:238
                    {"torch_ngram#ngram-overlap":                               
                    0.3456652760505676}                                         
           INFO     Rank: 0 - Epoch:14/20, Batch:91,    progress_callback.py:218
                    loss:1.531641, finished 72.76%.                             
           INFO     Rank: 0 - Epoch:14/20, Batch:92,    progress_callback.py:218
                    loss:1.774313, finished 72.79%.                             
[21:04:40] INFO     Rank: 0 - Epoch:14/20, Batch:93,    progress_callback.py:218
                    loss:1.67264, finished 72.82%.                              
[21:04:41] INFO     Rank: 0 - Epoch:14/20, Batch:94,    progress_callback.py:218
                    loss:1.729519, finished 72.85%.                             
           INFO     Rank: 0 - Epoch:14/20, Batch:95,    progress_callback.py:218
                    loss:1.271883, finished 72.88%.                             
[21:04:42] INFO     Rank: 0 - Epoch:14/20, Batch:96,    progress_callback.py:218
                    loss:1.953945, finished 72.91%.                             
           INFO     Rank: 0 - Epoch:14/20, Batch:97,    progress_callback.py:218
                    loss:2.011865, finished 72.94%.                             
           INFO     Rank: 0 - Epoch:14/20, Batch:98,    progress_callback.py:218
                    loss:1.879395, finished 72.97%.                             
[21:04:43] INFO     Rank: 0 - Epoch:14/20, Batch:99,    progress_callback.py:218
                    loss:1.659164, finished 73.0%.                              
           INFO     Rank: 0 - Epoch:14/20, Batch:100,   progress_callback.py:218
                    loss:1.931498, finished 73.03%.                             
[21:04:44] INFO     Rank: 0 - Epoch:14/20, Batch:101,   progress_callback.py:218
                    loss:1.200548, finished 73.06%.                             
           INFO     Rank: 0 - Epoch:14/20, Batch:102,   progress_callback.py:218
                    loss:1.49593, finished 73.09%.                              
           INFO     Rank: 0 - Epoch:14/20, Batch:103,   progress_callback.py:218
                    loss:1.688832, finished 73.12%.                             
[21:04:45] INFO     Rank: 0 - Epoch:14/20, Batch:104,   progress_callback.py:218
                    loss:1.626673, finished 73.15%.                             
           INFO     Rank: 0 - Epoch:14/20, Batch:105,   progress_callback.py:218
                    loss:1.704923, finished 73.18%.                             
[21:04:46] INFO     Rank: 0 - Epoch:14/20, Batch:106,   progress_callback.py:218
                    loss:2.067744, finished 73.21%.                             
           INFO     Rank: 0 - Epoch:14/20, Batch:107,   progress_callback.py:218
                    loss:1.716644, finished 73.24%.                             
[21:04:47] INFO     Rank: 0 - Epoch:14/20, Batch:108,   progress_callback.py:218
                    loss:1.337956, finished 73.27%.                             
           INFO     Rank: 0 - Epoch:14/20, Batch:109,   progress_callback.py:218
                    loss:1.420675, finished 73.3%.                              
[21:04:48] INFO     Rank: 0 - Epoch:14/20, Batch:110,   progress_callback.py:218
                    loss:1.371751, finished 73.33%.                             
           INFO     Rank: 0 - Epoch:14/20, Batch:111,   progress_callback.py:218
                    loss:1.728902, finished 73.36%.                             
[21:04:49] INFO     Rank: 0 - Epoch:14/20, Batch:112,   progress_callback.py:218
                    loss:1.677667, finished 73.39%.                             
           INFO     Rank: 0 - Epoch:14/20, Batch:113,   progress_callback.py:218
                    loss:1.749069, finished 73.42%.                             
[21:04:50] INFO     Rank: 0 - Epoch:14/20, Batch:114,   progress_callback.py:218
                    loss:1.673039, finished 73.45%.                             
           INFO     Rank: 0 - Epoch:14/20, Batch:115,   progress_callback.py:218
                    loss:1.641842, finished 73.48%.                             
[21:04:51] INFO     Rank: 0 - Epoch:14/20, Batch:116,   progress_callback.py:218
                    loss:1.593011, finished 73.52%.                             
           INFO     Rank: 0 - Epoch:14/20, Batch:117,   progress_callback.py:218
                    loss:1.501327, finished 73.55%.                             
[21:04:52] INFO     Rank: 0 - Epoch:14/20, Batch:118,   progress_callback.py:218
                    loss:1.542806, finished 73.58%.                             
           INFO     Rank: 0 - Epoch:14/20, Batch:119,   progress_callback.py:218
                    loss:1.731033, finished 73.61%.                             
[21:04:53] INFO     Rank: 0 - Epoch:14/20, Batch:120,   progress_callback.py:218
                    loss:1.889137, finished 73.64%.                             
           INFO     Rank: 0 - Epoch:14/20, Batch:121,   progress_callback.py:218
                    loss:1.706286, finished 73.67%.                             
           INFO     Rank: 0 - Epoch:14/20, Batch:122,   progress_callback.py:218
                    loss:1.77899, finished 73.7%.                               
[21:04:54] INFO     Rank: 0 - Epoch:14/20, Batch:123,   progress_callback.py:218
                    loss:1.810247, finished 73.73%.                             
           INFO     Rank: 0 - Epoch:14/20, Batch:124,   progress_callback.py:218
                    loss:1.701441, finished 73.76%.                             
[21:04:55] INFO     Rank: 0 - Epoch:14/20, Batch:125,   progress_callback.py:218
                    loss:1.307737, finished 73.79%.                             
           INFO     Rank: 0 - Epoch:14/20, Batch:126,   progress_callback.py:218
                    loss:1.867072, finished 73.82%.                             
[21:04:56] INFO     Rank: 0 - Epoch:14/20, Batch:127,   progress_callback.py:218
                    loss:1.77136, finished 73.85%.                              
           INFO     Rank: 0 - Epoch:14/20, Batch:128,   progress_callback.py:218
                    loss:1.493654, finished 73.88%.                             
[21:04:57] INFO     Rank: 0 - Epoch:14/20, Batch:129,   progress_callback.py:218
                    loss:1.590184, finished 73.91%.                             
           INFO     Rank: 0 - Epoch:14/20, Batch:130,   progress_callback.py:218
                    loss:1.663292, finished 73.94%.                             
           INFO     Rank: 0 -                                   evaluator.py:317
                    **********Evaluation starts**********                       
[21:05:19] INFO     Rank: 0 - **********Evaluation              evaluator.py:349
                    ends**********                                              
                                                                                
           INFO     Rank: 0 - ----------Eval. results   progress_callback.py:233
                    on Epoch:14, Batch:130----------                            
           INFO     Rank: 0 -                           progress_callback.py:238
                    {"torch_ngram#ngram-overlap":                               
                    0.35004615783691406}                                        
 ============= save model at results/ ============= 
 ============= save optimizer at results/.optm ============= 
[21:05:24] INFO     Rank: 0 - Epoch:14/20, Batch:131,   progress_callback.py:218
                    loss:1.396604, finished 73.97%.                             
           INFO     Rank: 0 - Epoch:14/20, Batch:132,   progress_callback.py:218
                    loss:1.211845, finished 74.0%.                              
[21:05:25] INFO     Rank: 0 - Epoch:14/20, Batch:133,   progress_callback.py:218
                    loss:1.603817, finished 74.03%.                             
           INFO     Rank: 0 - Epoch:14/20, Batch:134,   progress_callback.py:218
                    loss:1.528267, finished 74.06%.                             
           INFO     Rank: 0 - Epoch:14/20, Batch:135,   progress_callback.py:218
                    loss:1.712677, finished 74.09%.                             
[21:05:26] INFO     Rank: 0 - Epoch:14/20, Batch:136,   progress_callback.py:218
                    loss:1.712481, finished 74.12%.                             
           INFO     Rank: 0 - Epoch:14/20, Batch:137,   progress_callback.py:218
                    loss:1.521398, finished 74.15%.                             
[21:05:27] INFO     Rank: 0 - Epoch:14/20, Batch:138,   progress_callback.py:218
                    loss:1.420171, finished 74.18%.                             
           INFO     Rank: 0 - Epoch:14/20, Batch:139,   progress_callback.py:218
                    loss:1.376427, finished 74.21%.                             
           INFO     Rank: 0 - Epoch:14/20, Batch:140,   progress_callback.py:218
                    loss:1.697652, finished 74.24%.                             
[21:05:28] INFO     Rank: 0 - Epoch:14/20, Batch:141,   progress_callback.py:218
                    loss:1.798055, finished 74.27%.                             
           INFO     Rank: 0 - Epoch:14/20, Batch:142,   progress_callback.py:218
                    loss:1.386517, finished 74.3%.                              
[21:05:29] INFO     Rank: 0 - Epoch:14/20, Batch:143,   progress_callback.py:218
                    loss:1.320826, finished 74.33%.                             
           INFO     Rank: 0 - Epoch:14/20, Batch:144,   progress_callback.py:218
                    loss:1.373389, finished 74.36%.                             
[21:05:30] INFO     Rank: 0 - Epoch:14/20, Batch:145,   progress_callback.py:218
                    loss:1.494544, finished 74.39%.                             
           INFO     Rank: 0 - Epoch:14/20, Batch:146,   progress_callback.py:218
                    loss:1.69078, finished 74.42%.                              
           INFO     Rank: 0 - Epoch:14/20, Batch:147,   progress_callback.py:218
                    loss:1.573088, finished 74.45%.                             
[21:05:31] INFO     Rank: 0 - Epoch:14/20, Batch:148,   progress_callback.py:218
                    loss:1.590273, finished 74.48%.                             
           INFO     Rank: 0 - Epoch:14/20, Batch:149,   progress_callback.py:218
                    loss:1.270551, finished 74.52%.                             
[21:05:32] INFO     Rank: 0 - Epoch:14/20, Batch:150,   progress_callback.py:218
                    loss:1.606832, finished 74.55%.                             
           INFO     Rank: 0 - Epoch:14/20, Batch:151,   progress_callback.py:218
                    loss:1.42798, finished 74.58%.                              
[21:05:33] INFO     Rank: 0 - Epoch:14/20, Batch:152,   progress_callback.py:218
                    loss:1.985439, finished 74.61%.                             
           INFO     Rank: 0 - Epoch:14/20, Batch:153,   progress_callback.py:218
                    loss:1.560904, finished 74.64%.                             
           INFO     Rank: 0 - Epoch:14/20, Batch:154,   progress_callback.py:218
                    loss:1.329718, finished 74.67%.                             
[21:05:34] INFO     Rank: 0 - Epoch:14/20, Batch:155,   progress_callback.py:218
                    loss:1.66238, finished 74.7%.                               
           INFO     Rank: 0 - Epoch:14/20, Batch:156,   progress_callback.py:218
                    loss:1.618426, finished 74.73%.                             
[21:05:35] INFO     Rank: 0 - Epoch:14/20, Batch:157,   progress_callback.py:218
                    loss:1.711973, finished 74.76%.                             
           INFO     Rank: 0 - Epoch:14/20, Batch:158,   progress_callback.py:218
                    loss:1.611039, finished 74.79%.                             
[21:05:36] INFO     Rank: 0 - Epoch:14/20, Batch:159,   progress_callback.py:218
                    loss:1.835036, finished 74.82%.                             
           INFO     Rank: 0 - Epoch:14/20, Batch:160,   progress_callback.py:218
                    loss:1.462688, finished 74.85%.                             
           INFO     Rank: 0 - Epoch:14/20, Batch:161,   progress_callback.py:218
                    loss:1.474044, finished 74.88%.                             
[21:05:37] INFO     Rank: 0 - Epoch:14/20, Batch:162,   progress_callback.py:218
                    loss:1.592996, finished 74.91%.                             
           INFO     Rank: 0 - Epoch:14/20, Batch:163,   progress_callback.py:218
                    loss:1.566279, finished 74.94%.                             
[21:05:38] INFO     Rank: 0 - Epoch:14/20, Batch:164,   progress_callback.py:218
                    loss:1.765682, finished 74.97%.                             
           INFO     Rank: 0 - Epoch:14/20, Batch:165,   progress_callback.py:218
                    loss:1.698376, finished 75.0%.                              
           INFO     Rank: 0 -                           progress_callback.py:204
                    **********Epoch:15 starts**********                         
[21:05:39] INFO     Rank: 0 - Epoch:15/20, Batch:1,     progress_callback.py:218
                    loss:1.817776, finished 75.03%.                             
           INFO     Rank: 0 - Epoch:15/20, Batch:2,     progress_callback.py:218
                    loss:1.626211, finished 75.06%.                             
           INFO     Rank: 0 - Epoch:15/20, Batch:3,     progress_callback.py:218
                    loss:1.602538, finished 75.09%.                             
[21:05:40] INFO     Rank: 0 - Epoch:15/20, Batch:4,     progress_callback.py:218
                    loss:1.471056, finished 75.12%.                             
           INFO     Rank: 0 - Epoch:15/20, Batch:5,     progress_callback.py:218
                    loss:1.692459, finished 75.15%.                             
           INFO     Rank: 0 -                                   evaluator.py:317
                    **********Evaluation starts**********                       
[21:06:06] INFO     Rank: 0 - **********Evaluation              evaluator.py:349
                    ends**********                                              
                                                                                
           INFO     Rank: 0 - ----------Eval. results   progress_callback.py:233
                    on Epoch:15, Batch:5----------                              
           INFO     Rank: 0 -                           progress_callback.py:238
                    {"torch_ngram#ngram-overlap":                               
                    0.35058602690696716}                                        
 ============= save model at results/ ============= 
 ============= save optimizer at results/.optm ============= 
[21:06:10] INFO     Rank: 0 - Epoch:15/20, Batch:6,     progress_callback.py:218
                    loss:1.477282, finished 75.18%.                             
           INFO     Rank: 0 - Epoch:15/20, Batch:7,     progress_callback.py:218
                    loss:1.280436, finished 75.21%.                             
[21:06:11] INFO     Rank: 0 - Epoch:15/20, Batch:8,     progress_callback.py:218
                    loss:1.506064, finished 75.24%.                             
           INFO     Rank: 0 - Epoch:15/20, Batch:9,     progress_callback.py:218
                    loss:1.65279, finished 75.27%.                              
[21:06:12] INFO     Rank: 0 - Epoch:15/20, Batch:10,    progress_callback.py:218
                    loss:1.606018, finished 75.3%.                              
           INFO     Rank: 0 - Epoch:15/20, Batch:11,    progress_callback.py:218
                    loss:1.686915, finished 75.33%.                             
[21:06:13] INFO     Rank: 0 - Epoch:15/20, Batch:12,    progress_callback.py:218
                    loss:1.750331, finished 75.36%.                             
           INFO     Rank: 0 - Epoch:15/20, Batch:13,    progress_callback.py:218
                    loss:1.481049, finished 75.39%.                             
           INFO     Rank: 0 - Epoch:15/20, Batch:14,    progress_callback.py:218
                    loss:1.831305, finished 75.42%.                             
[21:06:14] INFO     Rank: 0 - Epoch:15/20, Batch:15,    progress_callback.py:218
                    loss:1.625112, finished 75.45%.                             
           INFO     Rank: 0 - Epoch:15/20, Batch:16,    progress_callback.py:218
                    loss:1.724431, finished 75.48%.                             
[21:06:15] INFO     Rank: 0 - Epoch:15/20, Batch:17,    progress_callback.py:218
                    loss:1.531233, finished 75.52%.                             
           INFO     Rank: 0 - Epoch:15/20, Batch:18,    progress_callback.py:218
                    loss:1.65103, finished 75.55%.                              
[21:06:16] INFO     Rank: 0 - Epoch:15/20, Batch:19,    progress_callback.py:218
                    loss:2.057628, finished 75.58%.                             
           INFO     Rank: 0 - Epoch:15/20, Batch:20,    progress_callback.py:218
                    loss:1.844372, finished 75.61%.                             
[21:06:17] INFO     Rank: 0 - Epoch:15/20, Batch:21,    progress_callback.py:218
                    loss:1.784333, finished 75.64%.                             
           INFO     Rank: 0 - Epoch:15/20, Batch:22,    progress_callback.py:218
                    loss:1.487299, finished 75.67%.                             
           INFO     Rank: 0 - Epoch:15/20, Batch:23,    progress_callback.py:218
                    loss:1.785403, finished 75.7%.                              
[21:06:18] INFO     Rank: 0 - Epoch:15/20, Batch:24,    progress_callback.py:218
                    loss:1.227151, finished 75.73%.                             
           INFO     Rank: 0 - Epoch:15/20, Batch:25,    progress_callback.py:218
                    loss:1.543693, finished 75.76%.                             
[21:06:19] INFO     Rank: 0 - Epoch:15/20, Batch:26,    progress_callback.py:218
                    loss:1.382452, finished 75.79%.                             
           INFO     Rank: 0 - Epoch:15/20, Batch:27,    progress_callback.py:218
                    loss:1.60045, finished 75.82%.                              
           INFO     Rank: 0 - Epoch:15/20, Batch:28,    progress_callback.py:218
                    loss:1.409303, finished 75.85%.                             
[21:06:20] INFO     Rank: 0 - Epoch:15/20, Batch:29,    progress_callback.py:218
                    loss:1.61598, finished 75.88%.                              
           INFO     Rank: 0 - Epoch:15/20, Batch:30,    progress_callback.py:218
                    loss:1.852316, finished 75.91%.                             
[21:06:21] INFO     Rank: 0 - Epoch:15/20, Batch:31,    progress_callback.py:218
                    loss:1.616146, finished 75.94%.                             
           INFO     Rank: 0 - Epoch:15/20, Batch:32,    progress_callback.py:218
                    loss:1.672055, finished 75.97%.                             
[21:06:22] INFO     Rank: 0 - Epoch:15/20, Batch:33,    progress_callback.py:218
                    loss:1.579178, finished 76.0%.                              
           INFO     Rank: 0 - Epoch:15/20, Batch:34,    progress_callback.py:218
                    loss:1.467891, finished 76.03%.                             
           INFO     Rank: 0 - Epoch:15/20, Batch:35,    progress_callback.py:218
                    loss:1.649005, finished 76.06%.                             
[21:06:23] INFO     Rank: 0 - Epoch:15/20, Batch:36,    progress_callback.py:218
                    loss:1.60451, finished 76.09%.                              
           INFO     Rank: 0 - Epoch:15/20, Batch:37,    progress_callback.py:218
                    loss:1.653323, finished 76.12%.                             
[21:06:24] INFO     Rank: 0 - Epoch:15/20, Batch:38,    progress_callback.py:218
                    loss:1.52834, finished 76.15%.                              
           INFO     Rank: 0 - Epoch:15/20, Batch:39,    progress_callback.py:218
                    loss:1.653866, finished 76.18%.                             
[21:06:25] INFO     Rank: 0 - Epoch:15/20, Batch:40,    progress_callback.py:218
                    loss:1.895416, finished 76.21%.                             
           INFO     Rank: 0 - Epoch:15/20, Batch:41,    progress_callback.py:218
                    loss:1.704484, finished 76.24%.                             
           INFO     Rank: 0 - Epoch:15/20, Batch:42,    progress_callback.py:218
                    loss:1.700225, finished 76.27%.                             
[21:06:26] INFO     Rank: 0 - Epoch:15/20, Batch:43,    progress_callback.py:218
                    loss:1.69752, finished 76.3%.                               
           INFO     Rank: 0 - Epoch:15/20, Batch:44,    progress_callback.py:218
                    loss:1.760332, finished 76.33%.                             
[21:06:27] INFO     Rank: 0 - Epoch:15/20, Batch:45,    progress_callback.py:218
                    loss:1.391692, finished 76.36%.                             
           INFO     Rank: 0 -                                   evaluator.py:317
                    **********Evaluation starts**********                       
[21:06:50] INFO     Rank: 0 - **********Evaluation              evaluator.py:349
                    ends**********                                              
                                                                                
           INFO     Rank: 0 - ----------Eval. results   progress_callback.py:233
                    on Epoch:15, Batch:45----------                             
           INFO     Rank: 0 -                           progress_callback.py:238
                    {"torch_ngram#ngram-overlap":                               
                    0.3551004230976105}                                         
 ============= save model at results/ ============= 
 ============= save optimizer at results/.optm ============= 
[21:06:54] INFO     Rank: 0 - Epoch:15/20, Batch:46,    progress_callback.py:218
                    loss:1.380482, finished 76.39%.                             
[21:06:55] INFO     Rank: 0 - Epoch:15/20, Batch:47,    progress_callback.py:218
                    loss:1.606608, finished 76.42%.                             
           INFO     Rank: 0 - Epoch:15/20, Batch:48,    progress_callback.py:218
                    loss:1.72367, finished 76.45%.                              
           INFO     Rank: 0 - Epoch:15/20, Batch:49,    progress_callback.py:218
                    loss:1.648737, finished 76.48%.                             
[21:06:56] INFO     Rank: 0 - Epoch:15/20, Batch:50,    progress_callback.py:218
                    loss:1.758317, finished 76.52%.                             
           INFO     Rank: 0 - Epoch:15/20, Batch:51,    progress_callback.py:218
                    loss:1.354661, finished 76.55%.                             
[21:06:57] INFO     Rank: 0 - Epoch:15/20, Batch:52,    progress_callback.py:218
                    loss:1.628383, finished 76.58%.                             
           INFO     Rank: 0 - Epoch:15/20, Batch:53,    progress_callback.py:218
                    loss:1.600535, finished 76.61%.                             
[21:06:58] INFO     Rank: 0 - Epoch:15/20, Batch:54,    progress_callback.py:218
                    loss:1.495903, finished 76.64%.                             
           INFO     Rank: 0 - Epoch:15/20, Batch:55,    progress_callback.py:218
                    loss:1.784259, finished 76.67%.                             
           INFO     Rank: 0 - Epoch:15/20, Batch:56,    progress_callback.py:218
                    loss:1.45707, finished 76.7%.                               
[21:06:59] INFO     Rank: 0 - Epoch:15/20, Batch:57,    progress_callback.py:218
                    loss:1.606602, finished 76.73%.                             
           INFO     Rank: 0 - Epoch:15/20, Batch:58,    progress_callback.py:218
                    loss:1.250476, finished 76.76%.                             
[21:07:00] INFO     Rank: 0 - Epoch:15/20, Batch:59,    progress_callback.py:218
                    loss:1.764429, finished 76.79%.                             
           INFO     Rank: 0 - Epoch:15/20, Batch:60,    progress_callback.py:218
                    loss:1.360558, finished 76.82%.                             
[21:07:01] INFO     Rank: 0 - Epoch:15/20, Batch:61,    progress_callback.py:218
                    loss:1.553423, finished 76.85%.                             
           INFO     Rank: 0 - Epoch:15/20, Batch:62,    progress_callback.py:218
                    loss:1.414177, finished 76.88%.                             
           INFO     Rank: 0 - Epoch:15/20, Batch:63,    progress_callback.py:218
                    loss:1.654459, finished 76.91%.                             
[21:07:02] INFO     Rank: 0 - Epoch:15/20, Batch:64,    progress_callback.py:218
                    loss:1.566518, finished 76.94%.                             
           INFO     Rank: 0 - Epoch:15/20, Batch:65,    progress_callback.py:218
                    loss:1.497783, finished 76.97%.                             
[21:07:03] INFO     Rank: 0 - Epoch:15/20, Batch:66,    progress_callback.py:218
                    loss:2.029361, finished 77.0%.                              
           INFO     Rank: 0 - Epoch:15/20, Batch:67,    progress_callback.py:218
                    loss:1.304037, finished 77.03%.                             
[21:07:04] INFO     Rank: 0 - Epoch:15/20, Batch:68,    progress_callback.py:218
                    loss:1.755109, finished 77.06%.                             
           INFO     Rank: 0 - Epoch:15/20, Batch:69,    progress_callback.py:218
                    loss:1.435057, finished 77.09%.                             
           INFO     Rank: 0 - Epoch:15/20, Batch:70,    progress_callback.py:218
                    loss:1.535187, finished 77.12%.                             
[21:07:05] INFO     Rank: 0 - Epoch:15/20, Batch:71,    progress_callback.py:218
                    loss:1.461836, finished 77.15%.                             
           INFO     Rank: 0 - Epoch:15/20, Batch:72,    progress_callback.py:218
                    loss:1.527288, finished 77.18%.                             
[21:07:06] INFO     Rank: 0 - Epoch:15/20, Batch:73,    progress_callback.py:218
                    loss:1.858879, finished 77.21%.                             
           INFO     Rank: 0 - Epoch:15/20, Batch:74,    progress_callback.py:218
                    loss:1.661369, finished 77.24%.                             
[21:07:07] INFO     Rank: 0 - Epoch:15/20, Batch:75,    progress_callback.py:218
                    loss:1.446409, finished 77.27%.                             
           INFO     Rank: 0 - Epoch:15/20, Batch:76,    progress_callback.py:218
                    loss:1.552072, finished 77.3%.                              
           INFO     Rank: 0 - Epoch:15/20, Batch:77,    progress_callback.py:218
                    loss:1.412598, finished 77.33%.                             
[21:07:08] INFO     Rank: 0 - Epoch:15/20, Batch:78,    progress_callback.py:218
                    loss:1.756482, finished 77.36%.                             
           INFO     Rank: 0 - Epoch:15/20, Batch:79,    progress_callback.py:218
                    loss:1.450169, finished 77.39%.                             
[21:07:09] INFO     Rank: 0 - Epoch:15/20, Batch:80,    progress_callback.py:218
                    loss:1.337071, finished 77.42%.                             
           INFO     Rank: 0 - Epoch:15/20, Batch:81,    progress_callback.py:218
                    loss:1.832, finished 77.45%.                                
[21:07:10] INFO     Rank: 0 - Epoch:15/20, Batch:82,    progress_callback.py:218
                    loss:1.432396, finished 77.48%.                             
           INFO     Rank: 0 - Epoch:15/20, Batch:83,    progress_callback.py:218
                    loss:1.72616, finished 77.52%.                              
           INFO     Rank: 0 - Epoch:15/20, Batch:84,    progress_callback.py:218
                    loss:1.684151, finished 77.55%.                             
[21:07:11] INFO     Rank: 0 - Epoch:15/20, Batch:85,    progress_callback.py:218
                    loss:1.602294, finished 77.58%.                             
           INFO     Rank: 0 -                                   evaluator.py:317
                    **********Evaluation starts**********                       
[21:07:36] INFO     Rank: 0 - **********Evaluation              evaluator.py:349
                    ends**********                                              
                                                                                
           INFO     Rank: 0 - ----------Eval. results   progress_callback.py:233
                    on Epoch:15, Batch:85----------                             
           INFO     Rank: 0 -                           progress_callback.py:238
                    {"torch_ngram#ngram-overlap":                               
                    0.35450711846351624}                                        
           INFO     Rank: 0 - Epoch:15/20, Batch:86,    progress_callback.py:218
                    loss:1.688679, finished 77.61%.                             
[21:07:37] INFO     Rank: 0 - Epoch:15/20, Batch:87,    progress_callback.py:218
                    loss:1.541983, finished 77.64%.                             
           INFO     Rank: 0 - Epoch:15/20, Batch:88,    progress_callback.py:218
                    loss:1.528893, finished 77.67%.                             
[21:07:38] INFO     Rank: 0 - Epoch:15/20, Batch:89,    progress_callback.py:218
                    loss:1.828829, finished 77.7%.                              
           INFO     Rank: 0 - Epoch:15/20, Batch:90,    progress_callback.py:218
                    loss:1.949427, finished 77.73%.                             
[21:07:39] INFO     Rank: 0 - Epoch:15/20, Batch:91,    progress_callback.py:218
                    loss:1.531515, finished 77.76%.                             
           INFO     Rank: 0 - Epoch:15/20, Batch:92,    progress_callback.py:218
                    loss:1.432851, finished 77.79%.                             
           INFO     Rank: 0 - Epoch:15/20, Batch:93,    progress_callback.py:218
                    loss:1.234863, finished 77.82%.                             
[21:07:40] INFO     Rank: 0 - Epoch:15/20, Batch:94,    progress_callback.py:218
                    loss:1.804049, finished 77.85%.                             
           INFO     Rank: 0 - Epoch:15/20, Batch:95,    progress_callback.py:218
                    loss:1.558268, finished 77.88%.                             
[21:07:41] INFO     Rank: 0 - Epoch:15/20, Batch:96,    progress_callback.py:218
                    loss:1.829166, finished 77.91%.                             
           INFO     Rank: 0 - Epoch:15/20, Batch:97,    progress_callback.py:218
                    loss:1.631304, finished 77.94%.                             
[21:07:42] INFO     Rank: 0 - Epoch:15/20, Batch:98,    progress_callback.py:218
                    loss:1.373237, finished 77.97%.                             
           INFO     Rank: 0 - Epoch:15/20, Batch:99,    progress_callback.py:218
                    loss:1.568408, finished 78.0%.                              
           INFO     Rank: 0 - Epoch:15/20, Batch:100,   progress_callback.py:218
                    loss:1.586046, finished 78.03%.                             
[21:07:43] INFO     Rank: 0 - Epoch:15/20, Batch:101,   progress_callback.py:218
                    loss:1.471509, finished 78.06%.                             
           INFO     Rank: 0 - Epoch:15/20, Batch:102,   progress_callback.py:218
                    loss:1.353736, finished 78.09%.                             
[21:07:44] INFO     Rank: 0 - Epoch:15/20, Batch:103,   progress_callback.py:218
                    loss:1.572123, finished 78.12%.                             
           INFO     Rank: 0 - Epoch:15/20, Batch:104,   progress_callback.py:218
                    loss:1.499253, finished 78.15%.                             
[21:07:45] INFO     Rank: 0 - Epoch:15/20, Batch:105,   progress_callback.py:218
                    loss:1.48761, finished 78.18%.                              
           INFO     Rank: 0 - Epoch:15/20, Batch:106,   progress_callback.py:218
                    loss:1.634053, finished 78.21%.                             
           INFO     Rank: 0 - Epoch:15/20, Batch:107,   progress_callback.py:218
                    loss:1.609832, finished 78.24%.                             
[21:07:46] INFO     Rank: 0 - Epoch:15/20, Batch:108,   progress_callback.py:218
                    loss:1.704442, finished 78.27%.                             
           INFO     Rank: 0 - Epoch:15/20, Batch:109,   progress_callback.py:218
                    loss:1.511769, finished 78.3%.                              
[21:07:47] INFO     Rank: 0 - Epoch:15/20, Batch:110,   progress_callback.py:218
                    loss:1.550685, finished 78.33%.                             
           INFO     Rank: 0 - Epoch:15/20, Batch:111,   progress_callback.py:218
                    loss:1.769777, finished 78.36%.                             
[21:07:48] INFO     Rank: 0 - Epoch:15/20, Batch:112,   progress_callback.py:218
                    loss:1.610357, finished 78.39%.                             
           INFO     Rank: 0 - Epoch:15/20, Batch:113,   progress_callback.py:218
                    loss:1.412637, finished 78.42%.                             
           INFO     Rank: 0 - Epoch:15/20, Batch:114,   progress_callback.py:218
                    loss:1.308786, finished 78.45%.                             
[21:07:49] INFO     Rank: 0 - Epoch:15/20, Batch:115,   progress_callback.py:218
                    loss:1.461167, finished 78.48%.                             
           INFO     Rank: 0 - Epoch:15/20, Batch:116,   progress_callback.py:218
                    loss:1.70303, finished 78.52%.                              
[21:07:50] INFO     Rank: 0 - Epoch:15/20, Batch:117,   progress_callback.py:218
                    loss:1.565766, finished 78.55%.                             
           INFO     Rank: 0 - Epoch:15/20, Batch:118,   progress_callback.py:218
                    loss:1.781617, finished 78.58%.                             
[21:07:51] INFO     Rank: 0 - Epoch:15/20, Batch:119,   progress_callback.py:218
                    loss:1.698645, finished 78.61%.                             
           INFO     Rank: 0 - Epoch:15/20, Batch:120,   progress_callback.py:218
                    loss:1.715102, finished 78.64%.                             
           INFO     Rank: 0 - Epoch:15/20, Batch:121,   progress_callback.py:218
                    loss:1.602139, finished 78.67%.                             
[21:07:52] INFO     Rank: 0 - Epoch:15/20, Batch:122,   progress_callback.py:218
                    loss:1.264718, finished 78.7%.                              
           INFO     Rank: 0 - Epoch:15/20, Batch:123,   progress_callback.py:218
                    loss:1.81449, finished 78.73%.                              
[21:07:53] INFO     Rank: 0 - Epoch:15/20, Batch:124,   progress_callback.py:218
                    loss:1.345808, finished 78.76%.                             
           INFO     Rank: 0 - Epoch:15/20, Batch:125,   progress_callback.py:218
                    loss:1.609531, finished 78.79%.                             
           INFO     Rank: 0 -                                   evaluator.py:317
                    **********Evaluation starts**********                       
[21:08:18] INFO     Rank: 0 - **********Evaluation              evaluator.py:349
                    ends**********                                              
                                                                                
           INFO     Rank: 0 - ----------Eval. results   progress_callback.py:233
                    on Epoch:15, Batch:125----------                            
           INFO     Rank: 0 -                           progress_callback.py:238
                    {"torch_ngram#ngram-overlap":                               
                    0.3464197814464569}                                         
[21:08:19] INFO     Rank: 0 - Epoch:15/20, Batch:126,   progress_callback.py:218
                    loss:1.57866, finished 78.82%.                              
           INFO     Rank: 0 - Epoch:15/20, Batch:127,   progress_callback.py:218
                    loss:1.214631, finished 78.85%.                             
[21:08:20] INFO     Rank: 0 - Epoch:15/20, Batch:128,   progress_callback.py:218
                    loss:1.542489, finished 78.88%.                             
           INFO     Rank: 0 - Epoch:15/20, Batch:129,   progress_callback.py:218
                    loss:1.656072, finished 78.91%.                             
[21:08:21] INFO     Rank: 0 - Epoch:15/20, Batch:130,   progress_callback.py:218
                    loss:1.202992, finished 78.94%.                             
           INFO     Rank: 0 - Epoch:15/20, Batch:131,   progress_callback.py:218
                    loss:1.884009, finished 78.97%.                             
           INFO     Rank: 0 - Epoch:15/20, Batch:132,   progress_callback.py:218
                    loss:1.668615, finished 79.0%.                              
[21:08:22] INFO     Rank: 0 - Epoch:15/20, Batch:133,   progress_callback.py:218
                    loss:1.887858, finished 79.03%.                             
           INFO     Rank: 0 - Epoch:15/20, Batch:134,   progress_callback.py:218
                    loss:1.447421, finished 79.06%.                             
[21:08:23] INFO     Rank: 0 - Epoch:15/20, Batch:135,   progress_callback.py:218
                    loss:1.488664, finished 79.09%.                             
           INFO     Rank: 0 - Epoch:15/20, Batch:136,   progress_callback.py:218
                    loss:1.750071, finished 79.12%.                             
           INFO     Rank: 0 - Epoch:15/20, Batch:137,   progress_callback.py:218
                    loss:1.442378, finished 79.15%.                             
[21:08:24] INFO     Rank: 0 - Epoch:15/20, Batch:138,   progress_callback.py:218
                    loss:1.648955, finished 79.18%.                             
           INFO     Rank: 0 - Epoch:15/20, Batch:139,   progress_callback.py:218
                    loss:1.413354, finished 79.21%.                             
[21:08:25] INFO     Rank: 0 - Epoch:15/20, Batch:140,   progress_callback.py:218
                    loss:1.363186, finished 79.24%.                             
           INFO     Rank: 0 - Epoch:15/20, Batch:141,   progress_callback.py:218
                    loss:1.366487, finished 79.27%.                             
[21:08:26] INFO     Rank: 0 - Epoch:15/20, Batch:142,   progress_callback.py:218
                    loss:1.420311, finished 79.3%.                              
           INFO     Rank: 0 - Epoch:15/20, Batch:143,   progress_callback.py:218
                    loss:1.530047, finished 79.33%.                             
           INFO     Rank: 0 - Epoch:15/20, Batch:144,   progress_callback.py:218
                    loss:1.805619, finished 79.36%.                             
[21:08:27] INFO     Rank: 0 - Epoch:15/20, Batch:145,   progress_callback.py:218
                    loss:1.554988, finished 79.39%.                             
           INFO     Rank: 0 - Epoch:15/20, Batch:146,   progress_callback.py:218
                    loss:1.387053, finished 79.42%.                             
[21:08:28] INFO     Rank: 0 - Epoch:15/20, Batch:147,   progress_callback.py:218
                    loss:1.582981, finished 79.45%.                             
           INFO     Rank: 0 - Epoch:15/20, Batch:148,   progress_callback.py:218
                    loss:1.38754, finished 79.48%.                              
[21:08:29] INFO     Rank: 0 - Epoch:15/20, Batch:149,   progress_callback.py:218
                    loss:1.039198, finished 79.52%.                             
           INFO     Rank: 0 - Epoch:15/20, Batch:150,   progress_callback.py:218
                    loss:1.916866, finished 79.55%.                             
[21:08:30] INFO     Rank: 0 - Epoch:15/20, Batch:151,   progress_callback.py:218
                    loss:1.58234, finished 79.58%.                              
           INFO     Rank: 0 - Epoch:15/20, Batch:152,   progress_callback.py:218
                    loss:1.399475, finished 79.61%.                             
           INFO     Rank: 0 - Epoch:15/20, Batch:153,   progress_callback.py:218
                    loss:1.209418, finished 79.64%.                             
[21:08:31] INFO     Rank: 0 - Epoch:15/20, Batch:154,   progress_callback.py:218
                    loss:1.480835, finished 79.67%.                             
           INFO     Rank: 0 - Epoch:15/20, Batch:155,   progress_callback.py:218
                    loss:1.524314, finished 79.7%.                              
[21:08:32] INFO     Rank: 0 - Epoch:15/20, Batch:156,   progress_callback.py:218
                    loss:1.459214, finished 79.73%.                             
           INFO     Rank: 0 - Epoch:15/20, Batch:157,   progress_callback.py:218
                    loss:1.435425, finished 79.76%.                             
[21:08:33] INFO     Rank: 0 - Epoch:15/20, Batch:158,   progress_callback.py:218
                    loss:1.511608, finished 79.79%.                             
           INFO     Rank: 0 - Epoch:15/20, Batch:159,   progress_callback.py:218
                    loss:1.738024, finished 79.82%.                             
           INFO     Rank: 0 - Epoch:15/20, Batch:160,   progress_callback.py:218
                    loss:1.580212, finished 79.85%.                             
[21:08:34] INFO     Rank: 0 - Epoch:15/20, Batch:161,   progress_callback.py:218
                    loss:1.36407, finished 79.88%.                              
           INFO     Rank: 0 - Epoch:15/20, Batch:162,   progress_callback.py:218
                    loss:1.285468, finished 79.91%.                             
[21:08:35] INFO     Rank: 0 - Epoch:15/20, Batch:163,   progress_callback.py:218
                    loss:1.58857, finished 79.94%.                              
           INFO     Rank: 0 - Epoch:15/20, Batch:164,   progress_callback.py:218
                    loss:1.324637, finished 79.97%.                             
[21:08:36] INFO     Rank: 0 - Epoch:15/20, Batch:165,   progress_callback.py:218
                    loss:1.140733, finished 80.0%.                              
           INFO     Rank: 0 -                                   evaluator.py:317
                    **********Evaluation starts**********                       
[21:09:05] INFO     Rank: 0 - **********Evaluation              evaluator.py:349
                    ends**********                                              
                                                                                
           INFO     Rank: 0 - ----------Eval. results   progress_callback.py:233
                    on Epoch:15, Batch:165----------                            
           INFO     Rank: 0 -                           progress_callback.py:238
                    {"torch_ngram#ngram-overlap":                               
                    0.35314664244651794}                                        
           INFO     Rank: 0 -                           progress_callback.py:204
                    **********Epoch:16 starts**********                         
           INFO     Rank: 0 - Epoch:16/20, Batch:1,     progress_callback.py:218
                    loss:1.773087, finished 80.03%.                             
[21:09:06] INFO     Rank: 0 - Epoch:16/20, Batch:2,     progress_callback.py:218
                    loss:1.691183, finished 80.06%.                             
           INFO     Rank: 0 - Epoch:16/20, Batch:3,     progress_callback.py:218
                    loss:1.566159, finished 80.09%.                             
[21:09:07] INFO     Rank: 0 - Epoch:16/20, Batch:4,     progress_callback.py:218
                    loss:1.332721, finished 80.12%.                             
           INFO     Rank: 0 - Epoch:16/20, Batch:5,     progress_callback.py:218
                    loss:1.319642, finished 80.15%.                             
[21:09:08] INFO     Rank: 0 - Epoch:16/20, Batch:6,     progress_callback.py:218
                    loss:1.383569, finished 80.18%.                             
           INFO     Rank: 0 - Epoch:16/20, Batch:7,     progress_callback.py:218
                    loss:1.302298, finished 80.21%.                             
           INFO     Rank: 0 - Epoch:16/20, Batch:8,     progress_callback.py:218
                    loss:1.591596, finished 80.24%.                             
[21:09:09] INFO     Rank: 0 - Epoch:16/20, Batch:9,     progress_callback.py:218
                    loss:1.587456, finished 80.27%.                             
           INFO     Rank: 0 - Epoch:16/20, Batch:10,    progress_callback.py:218
                    loss:1.92319, finished 80.3%.                               
[21:09:10] INFO     Rank: 0 - Epoch:16/20, Batch:11,    progress_callback.py:218
                    loss:1.609634, finished 80.33%.                             
           INFO     Rank: 0 - Epoch:16/20, Batch:12,    progress_callback.py:218
                    loss:1.660514, finished 80.36%.                             
[21:09:11] INFO     Rank: 0 - Epoch:16/20, Batch:13,    progress_callback.py:218
                    loss:1.291814, finished 80.39%.                             
           INFO     Rank: 0 - Epoch:16/20, Batch:14,    progress_callback.py:218
                    loss:1.255425, finished 80.42%.                             
           INFO     Rank: 0 - Epoch:16/20, Batch:15,    progress_callback.py:218
                    loss:1.307566, finished 80.45%.                             
[21:09:12] INFO     Rank: 0 - Epoch:16/20, Batch:16,    progress_callback.py:218
                    loss:1.621655, finished 80.48%.                             
           INFO     Rank: 0 - Epoch:16/20, Batch:17,    progress_callback.py:218
                    loss:1.169831, finished 80.52%.                             
[21:09:13] INFO     Rank: 0 - Epoch:16/20, Batch:18,    progress_callback.py:218
                    loss:1.664932, finished 80.55%.                             
           INFO     Rank: 0 - Epoch:16/20, Batch:19,    progress_callback.py:218
                    loss:1.431887, finished 80.58%.                             
[21:09:14] INFO     Rank: 0 - Epoch:16/20, Batch:20,    progress_callback.py:218
                    loss:1.392456, finished 80.61%.                             
           INFO     Rank: 0 - Epoch:16/20, Batch:21,    progress_callback.py:218
                    loss:1.428005, finished 80.64%.                             
           INFO     Rank: 0 - Epoch:16/20, Batch:22,    progress_callback.py:218
                    loss:0.979563, finished 80.67%.                             
[21:09:15] INFO     Rank: 0 - Epoch:16/20, Batch:23,    progress_callback.py:218
                    loss:1.737898, finished 80.7%.                              
           INFO     Rank: 0 - Epoch:16/20, Batch:24,    progress_callback.py:218
                    loss:1.41263, finished 80.73%.                              
[21:09:16] INFO     Rank: 0 - Epoch:16/20, Batch:25,    progress_callback.py:218
                    loss:1.438111, finished 80.76%.                             
           INFO     Rank: 0 - Epoch:16/20, Batch:26,    progress_callback.py:218
                    loss:1.50489, finished 80.79%.                              
[21:09:17] INFO     Rank: 0 - Epoch:16/20, Batch:27,    progress_callback.py:218
                    loss:1.407801, finished 80.82%.                             
           INFO     Rank: 0 - Epoch:16/20, Batch:28,    progress_callback.py:218
                    loss:1.489969, finished 80.85%.                             
           INFO     Rank: 0 - Epoch:16/20, Batch:29,    progress_callback.py:218
                    loss:1.504859, finished 80.88%.                             
[21:09:18] INFO     Rank: 0 - Epoch:16/20, Batch:30,    progress_callback.py:218
                    loss:1.70762, finished 80.91%.                              
           INFO     Rank: 0 - Epoch:16/20, Batch:31,    progress_callback.py:218
                    loss:1.473431, finished 80.94%.                             
[21:09:19] INFO     Rank: 0 - Epoch:16/20, Batch:32,    progress_callback.py:218
                    loss:1.813162, finished 80.97%.                             
           INFO     Rank: 0 - Epoch:16/20, Batch:33,    progress_callback.py:218
                    loss:1.765764, finished 81.0%.                              
[21:09:20] INFO     Rank: 0 - Epoch:16/20, Batch:34,    progress_callback.py:218
                    loss:1.45515, finished 81.03%.                              
           INFO     Rank: 0 - Epoch:16/20, Batch:35,    progress_callback.py:218
                    loss:1.512009, finished 81.06%.                             
           INFO     Rank: 0 - Epoch:16/20, Batch:36,    progress_callback.py:218
                    loss:1.658368, finished 81.09%.                             
[21:09:21] INFO     Rank: 0 - Epoch:16/20, Batch:37,    progress_callback.py:218
                    loss:1.823096, finished 81.12%.                             
           INFO     Rank: 0 - Epoch:16/20, Batch:38,    progress_callback.py:218
                    loss:1.587375, finished 81.15%.                             
[21:09:22] INFO     Rank: 0 - Epoch:16/20, Batch:39,    progress_callback.py:218
                    loss:1.558773, finished 81.18%.                             
           INFO     Rank: 0 - Epoch:16/20, Batch:40,    progress_callback.py:218
                    loss:1.265625, finished 81.21%.                             
           INFO     Rank: 0 -                                   evaluator.py:317
                    **********Evaluation starts**********                       
[21:09:49] INFO     Rank: 0 - **********Evaluation              evaluator.py:349
                    ends**********                                              
                                                                                
           INFO     Rank: 0 - ----------Eval. results   progress_callback.py:233
                    on Epoch:16, Batch:40----------                             
           INFO     Rank: 0 -                           progress_callback.py:238
                    {"torch_ngram#ngram-overlap":                               
                    0.3549622893333435}                                         
[21:09:50] INFO     Rank: 0 - Epoch:16/20, Batch:41,    progress_callback.py:218
                    loss:1.75034, finished 81.24%.                              
           INFO     Rank: 0 - Epoch:16/20, Batch:42,    progress_callback.py:218
                    loss:1.758892, finished 81.27%.                             
           INFO     Rank: 0 - Epoch:16/20, Batch:43,    progress_callback.py:218
                    loss:1.40832, finished 81.3%.                               
[21:09:51] INFO     Rank: 0 - Epoch:16/20, Batch:44,    progress_callback.py:218
                    loss:1.082091, finished 81.33%.                             
           INFO     Rank: 0 - Epoch:16/20, Batch:45,    progress_callback.py:218
                    loss:1.231661, finished 81.36%.                             
[21:09:52] INFO     Rank: 0 - Epoch:16/20, Batch:46,    progress_callback.py:218
                    loss:1.376661, finished 81.39%.                             
           INFO     Rank: 0 - Epoch:16/20, Batch:47,    progress_callback.py:218
                    loss:1.680204, finished 81.42%.                             
[21:09:53] INFO     Rank: 0 - Epoch:16/20, Batch:48,    progress_callback.py:218
                    loss:1.39168, finished 81.45%.                              
           INFO     Rank: 0 - Epoch:16/20, Batch:49,    progress_callback.py:218
                    loss:1.64276, finished 81.48%.                              
           INFO     Rank: 0 - Epoch:16/20, Batch:50,    progress_callback.py:218
                    loss:1.040169, finished 81.52%.                             
[21:09:54] INFO     Rank: 0 - Epoch:16/20, Batch:51,    progress_callback.py:218
                    loss:1.246273, finished 81.55%.                             
           INFO     Rank: 0 - Epoch:16/20, Batch:52,    progress_callback.py:218
                    loss:1.442454, finished 81.58%.                             
[21:09:55] INFO     Rank: 0 - Epoch:16/20, Batch:53,    progress_callback.py:218
                    loss:1.531826, finished 81.61%.                             
           INFO     Rank: 0 - Epoch:16/20, Batch:54,    progress_callback.py:218
                    loss:1.776307, finished 81.64%.                             
[21:09:56] INFO     Rank: 0 - Epoch:16/20, Batch:55,    progress_callback.py:218
                    loss:1.667361, finished 81.67%.                             
           INFO     Rank: 0 - Epoch:16/20, Batch:56,    progress_callback.py:218
                    loss:1.640181, finished 81.7%.                              
           INFO     Rank: 0 - Epoch:16/20, Batch:57,    progress_callback.py:218
                    loss:1.489388, finished 81.73%.                             
[21:09:57] INFO     Rank: 0 - Epoch:16/20, Batch:58,    progress_callback.py:218
                    loss:1.031635, finished 81.76%.                             
           INFO     Rank: 0 - Epoch:16/20, Batch:59,    progress_callback.py:218
                    loss:1.253793, finished 81.79%.                             
[21:09:58] INFO     Rank: 0 - Epoch:16/20, Batch:60,    progress_callback.py:218
                    loss:1.578552, finished 81.82%.                             
           INFO     Rank: 0 - Epoch:16/20, Batch:61,    progress_callback.py:218
                    loss:1.736335, finished 81.85%.                             
[21:09:59] INFO     Rank: 0 - Epoch:16/20, Batch:62,    progress_callback.py:218
                    loss:1.369356, finished 81.88%.                             
           INFO     Rank: 0 - Epoch:16/20, Batch:63,    progress_callback.py:218
                    loss:1.273976, finished 81.91%.                             
           INFO     Rank: 0 - Epoch:16/20, Batch:64,    progress_callback.py:218
                    loss:1.709001, finished 81.94%.                             
[21:10:00] INFO     Rank: 0 - Epoch:16/20, Batch:65,    progress_callback.py:218
                    loss:1.346925, finished 81.97%.                             
           INFO     Rank: 0 - Epoch:16/20, Batch:66,    progress_callback.py:218
                    loss:1.630987, finished 82.0%.                              
[21:10:01] INFO     Rank: 0 - Epoch:16/20, Batch:67,    progress_callback.py:218
                    loss:1.385727, finished 82.03%.                             
           INFO     Rank: 0 - Epoch:16/20, Batch:68,    progress_callback.py:218
                    loss:1.095533, finished 82.06%.                             
[21:10:02] INFO     Rank: 0 - Epoch:16/20, Batch:69,    progress_callback.py:218
                    loss:1.3639, finished 82.09%.                               
           INFO     Rank: 0 - Epoch:16/20, Batch:70,    progress_callback.py:218
                    loss:1.894623, finished 82.12%.                             
           INFO     Rank: 0 - Epoch:16/20, Batch:71,    progress_callback.py:218
                    loss:1.512133, finished 82.15%.                             
[21:10:03] INFO     Rank: 0 - Epoch:16/20, Batch:72,    progress_callback.py:218
                    loss:1.230016, finished 82.18%.                             
           INFO     Rank: 0 - Epoch:16/20, Batch:73,    progress_callback.py:218
                    loss:1.725836, finished 82.21%.                             
[21:10:04] INFO     Rank: 0 - Epoch:16/20, Batch:74,    progress_callback.py:218
                    loss:1.554127, finished 82.24%.                             
           INFO     Rank: 0 - Epoch:16/20, Batch:75,    progress_callback.py:218
                    loss:1.35218, finished 82.27%.                              
           INFO     Rank: 0 - Epoch:16/20, Batch:76,    progress_callback.py:218
                    loss:1.365233, finished 82.3%.                              
[21:10:05] INFO     Rank: 0 - Epoch:16/20, Batch:77,    progress_callback.py:218
                    loss:1.639519, finished 82.33%.                             
           INFO     Rank: 0 - Epoch:16/20, Batch:78,    progress_callback.py:218
                    loss:1.619999, finished 82.36%.                             
[21:10:06] INFO     Rank: 0 - Epoch:16/20, Batch:79,    progress_callback.py:218
                    loss:1.537852, finished 82.39%.                             
           INFO     Rank: 0 - Epoch:16/20, Batch:80,    progress_callback.py:218
                    loss:1.494879, finished 82.42%.                             
           INFO     Rank: 0 -                                   evaluator.py:317
                    **********Evaluation starts**********                       
[21:10:34] INFO     Rank: 0 - **********Evaluation              evaluator.py:349
                    ends**********                                              
                                                                                
           INFO     Rank: 0 - ----------Eval. results   progress_callback.py:233
                    on Epoch:16, Batch:80----------                             
           INFO     Rank: 0 -                           progress_callback.py:238
                    {"torch_ngram#ngram-overlap":                               
                    0.3568924367427826}                                         
 ============= save model at results/ ============= 
 ============= save optimizer at results/.optm ============= 
[21:10:38] INFO     Rank: 0 - Epoch:16/20, Batch:81,    progress_callback.py:218
                    loss:1.652251, finished 82.45%.                             
[21:10:39] INFO     Rank: 0 - Epoch:16/20, Batch:82,    progress_callback.py:218
                    loss:1.706273, finished 82.48%.                             
           INFO     Rank: 0 - Epoch:16/20, Batch:83,    progress_callback.py:218
                    loss:1.48213, finished 82.52%.                              
[21:10:40] INFO     Rank: 0 - Epoch:16/20, Batch:84,    progress_callback.py:218
                    loss:1.863093, finished 82.55%.                             
           INFO     Rank: 0 - Epoch:16/20, Batch:85,    progress_callback.py:218
                    loss:1.706731, finished 82.58%.                             
           INFO     Rank: 0 - Epoch:16/20, Batch:86,    progress_callback.py:218
                    loss:1.39755, finished 82.61%.                              
[21:10:41] INFO     Rank: 0 - Epoch:16/20, Batch:87,    progress_callback.py:218
                    loss:1.29196, finished 82.64%.                              
           INFO     Rank: 0 - Epoch:16/20, Batch:88,    progress_callback.py:218
                    loss:1.539015, finished 82.67%.                             
[21:10:42] INFO     Rank: 0 - Epoch:16/20, Batch:89,    progress_callback.py:218
                    loss:1.637895, finished 82.7%.                              
           INFO     Rank: 0 - Epoch:16/20, Batch:90,    progress_callback.py:218
                    loss:1.496061, finished 82.73%.                             
[21:10:43] INFO     Rank: 0 - Epoch:16/20, Batch:91,    progress_callback.py:218
                    loss:1.455289, finished 82.76%.                             
           INFO     Rank: 0 - Epoch:16/20, Batch:92,    progress_callback.py:218
                    loss:1.574196, finished 82.79%.                             
           INFO     Rank: 0 - Epoch:16/20, Batch:93,    progress_callback.py:218
                    loss:1.549386, finished 82.82%.                             
[21:10:44] INFO     Rank: 0 - Epoch:16/20, Batch:94,    progress_callback.py:218
                    loss:1.426134, finished 82.85%.                             
           INFO     Rank: 0 - Epoch:16/20, Batch:95,    progress_callback.py:218
                    loss:1.613158, finished 82.88%.                             
[21:10:45] INFO     Rank: 0 - Epoch:16/20, Batch:96,    progress_callback.py:218
                    loss:1.214389, finished 82.91%.                             
           INFO     Rank: 0 - Epoch:16/20, Batch:97,    progress_callback.py:218
                    loss:1.417665, finished 82.94%.                             
[21:10:46] INFO     Rank: 0 - Epoch:16/20, Batch:98,    progress_callback.py:218
                    loss:1.43366, finished 82.97%.                              
           INFO     Rank: 0 - Epoch:16/20, Batch:99,    progress_callback.py:218
                    loss:1.428556, finished 83.0%.                              
           INFO     Rank: 0 - Epoch:16/20, Batch:100,   progress_callback.py:218
                    loss:1.440713, finished 83.03%.                             
[21:10:47] INFO     Rank: 0 - Epoch:16/20, Batch:101,   progress_callback.py:218
                    loss:1.524667, finished 83.06%.                             
           INFO     Rank: 0 - Epoch:16/20, Batch:102,   progress_callback.py:218
                    loss:1.65892, finished 83.09%.                              
[21:10:48] INFO     Rank: 0 - Epoch:16/20, Batch:103,   progress_callback.py:218
                    loss:1.492809, finished 83.12%.                             
           INFO     Rank: 0 - Epoch:16/20, Batch:104,   progress_callback.py:218
                    loss:1.57676, finished 83.15%.                              
           INFO     Rank: 0 - Epoch:16/20, Batch:105,   progress_callback.py:218
                    loss:1.642149, finished 83.18%.                             
[21:10:49] INFO     Rank: 0 - Epoch:16/20, Batch:106,   progress_callback.py:218
                    loss:1.413554, finished 83.21%.                             
           INFO     Rank: 0 - Epoch:16/20, Batch:107,   progress_callback.py:218
                    loss:1.391933, finished 83.24%.                             
[21:10:50] INFO     Rank: 0 - Epoch:16/20, Batch:108,   progress_callback.py:218
                    loss:1.430291, finished 83.27%.                             
           INFO     Rank: 0 - Epoch:16/20, Batch:109,   progress_callback.py:218
                    loss:1.424857, finished 83.3%.                              
[21:10:51] INFO     Rank: 0 - Epoch:16/20, Batch:110,   progress_callback.py:218
                    loss:1.587235, finished 83.33%.                             
           INFO     Rank: 0 - Epoch:16/20, Batch:111,   progress_callback.py:218
                    loss:1.338969, finished 83.36%.                             
           INFO     Rank: 0 - Epoch:16/20, Batch:112,   progress_callback.py:218
                    loss:1.435562, finished 83.39%.                             
[21:10:52] INFO     Rank: 0 - Epoch:16/20, Batch:113,   progress_callback.py:218
                    loss:1.493131, finished 83.42%.                             
           INFO     Rank: 0 - Epoch:16/20, Batch:114,   progress_callback.py:218
                    loss:1.099652, finished 83.45%.                             
[21:10:53] INFO     Rank: 0 - Epoch:16/20, Batch:115,   progress_callback.py:218
                    loss:1.430275, finished 83.48%.                             
           INFO     Rank: 0 - Epoch:16/20, Batch:116,   progress_callback.py:218
                    loss:1.274351, finished 83.52%.                             
[21:10:54] INFO     Rank: 0 - Epoch:16/20, Batch:117,   progress_callback.py:218
                    loss:1.673065, finished 83.55%.                             
           INFO     Rank: 0 - Epoch:16/20, Batch:118,   progress_callback.py:218
                    loss:1.180897, finished 83.58%.                             
           INFO     Rank: 0 - Epoch:16/20, Batch:119,   progress_callback.py:218
                    loss:1.397481, finished 83.61%.                             
[21:10:55] INFO     Rank: 0 - Epoch:16/20, Batch:120,   progress_callback.py:218
                    loss:1.495967, finished 83.64%.                             
           INFO     Rank: 0 -                                   evaluator.py:317
                    **********Evaluation starts**********                       
[21:11:20] INFO     Rank: 0 - **********Evaluation              evaluator.py:349
                    ends**********                                              
                                                                                
           INFO     Rank: 0 - ----------Eval. results   progress_callback.py:233
                    on Epoch:16, Batch:120----------                            
           INFO     Rank: 0 -                           progress_callback.py:238
                    {"torch_ngram#ngram-overlap":                               
                    0.3568062484264374}                                         
           INFO     Rank: 0 - Epoch:16/20, Batch:121,   progress_callback.py:218
                    loss:1.525352, finished 83.67%.                             
[21:11:21] INFO     Rank: 0 - Epoch:16/20, Batch:122,   progress_callback.py:218
                    loss:1.434082, finished 83.7%.                              
           INFO     Rank: 0 - Epoch:16/20, Batch:123,   progress_callback.py:218
                    loss:1.603144, finished 83.73%.                             
[21:11:22] INFO     Rank: 0 - Epoch:16/20, Batch:124,   progress_callback.py:218
                    loss:1.698839, finished 83.76%.                             
           INFO     Rank: 0 - Epoch:16/20, Batch:125,   progress_callback.py:218
                    loss:1.545191, finished 83.79%.                             
[21:11:23] INFO     Rank: 0 - Epoch:16/20, Batch:126,   progress_callback.py:218
                    loss:1.709119, finished 83.82%.                             
           INFO     Rank: 0 - Epoch:16/20, Batch:127,   progress_callback.py:218
                    loss:1.55336, finished 83.85%.                              
[21:11:24] INFO     Rank: 0 - Epoch:16/20, Batch:128,   progress_callback.py:218
                    loss:1.431397, finished 83.88%.                             
           INFO     Rank: 0 - Epoch:16/20, Batch:129,   progress_callback.py:218
                    loss:1.549525, finished 83.91%.                             
           INFO     Rank: 0 - Epoch:16/20, Batch:130,   progress_callback.py:218
                    loss:1.485767, finished 83.94%.                             
[21:11:25] INFO     Rank: 0 - Epoch:16/20, Batch:131,   progress_callback.py:218
                    loss:1.647319, finished 83.97%.                             
           INFO     Rank: 0 - Epoch:16/20, Batch:132,   progress_callback.py:218
                    loss:1.280038, finished 84.0%.                              
[21:11:26] INFO     Rank: 0 - Epoch:16/20, Batch:133,   progress_callback.py:218
                    loss:1.706548, finished 84.03%.                             
           INFO     Rank: 0 - Epoch:16/20, Batch:134,   progress_callback.py:218
                    loss:1.585626, finished 84.06%.                             
[21:11:27] INFO     Rank: 0 - Epoch:16/20, Batch:135,   progress_callback.py:218
                    loss:1.672459, finished 84.09%.                             
           INFO     Rank: 0 - Epoch:16/20, Batch:136,   progress_callback.py:218
                    loss:1.309497, finished 84.12%.                             
           INFO     Rank: 0 - Epoch:16/20, Batch:137,   progress_callback.py:218
                    loss:1.537428, finished 84.15%.                             
[21:11:28] INFO     Rank: 0 - Epoch:16/20, Batch:138,   progress_callback.py:218
                    loss:1.373876, finished 84.18%.                             
           INFO     Rank: 0 - Epoch:16/20, Batch:139,   progress_callback.py:218
                    loss:1.687592, finished 84.21%.                             
[21:11:29] INFO     Rank: 0 - Epoch:16/20, Batch:140,   progress_callback.py:218
                    loss:1.546237, finished 84.24%.                             
           INFO     Rank: 0 - Epoch:16/20, Batch:141,   progress_callback.py:218
                    loss:1.269789, finished 84.27%.                             
[21:11:30] INFO     Rank: 0 - Epoch:16/20, Batch:142,   progress_callback.py:218
                    loss:1.501875, finished 84.3%.                              
           INFO     Rank: 0 - Epoch:16/20, Batch:143,   progress_callback.py:218
                    loss:1.522424, finished 84.33%.                             
           INFO     Rank: 0 - Epoch:16/20, Batch:144,   progress_callback.py:218
                    loss:1.540661, finished 84.36%.                             
[21:11:31] INFO     Rank: 0 - Epoch:16/20, Batch:145,   progress_callback.py:218
                    loss:1.771145, finished 84.39%.                             
           INFO     Rank: 0 - Epoch:16/20, Batch:146,   progress_callback.py:218
                    loss:1.497073, finished 84.42%.                             
[21:11:32] INFO     Rank: 0 - Epoch:16/20, Batch:147,   progress_callback.py:218
                    loss:1.751052, finished 84.45%.                             
           INFO     Rank: 0 - Epoch:16/20, Batch:148,   progress_callback.py:218
                    loss:1.273044, finished 84.48%.                             
[21:11:33] INFO     Rank: 0 - Epoch:16/20, Batch:149,   progress_callback.py:218
                    loss:1.455939, finished 84.52%.                             
           INFO     Rank: 0 - Epoch:16/20, Batch:150,   progress_callback.py:218
                    loss:1.022022, finished 84.55%.                             
           INFO     Rank: 0 - Epoch:16/20, Batch:151,   progress_callback.py:218
                    loss:1.422935, finished 84.58%.                             
[21:11:34] INFO     Rank: 0 - Epoch:16/20, Batch:152,   progress_callback.py:218
                    loss:1.318415, finished 84.61%.                             
           INFO     Rank: 0 - Epoch:16/20, Batch:153,   progress_callback.py:218
                    loss:1.092366, finished 84.64%.                             
[21:11:35] INFO     Rank: 0 - Epoch:16/20, Batch:154,   progress_callback.py:218
                    loss:1.274077, finished 84.67%.                             
           INFO     Rank: 0 - Epoch:16/20, Batch:155,   progress_callback.py:218
                    loss:1.462182, finished 84.7%.                              
[21:11:36] INFO     Rank: 0 - Epoch:16/20, Batch:156,   progress_callback.py:218
                    loss:1.272995, finished 84.73%.                             
           INFO     Rank: 0 - Epoch:16/20, Batch:157,   progress_callback.py:218
                    loss:1.463987, finished 84.76%.                             
           INFO     Rank: 0 - Epoch:16/20, Batch:158,   progress_callback.py:218
                    loss:1.242089, finished 84.79%.                             
[21:11:37] INFO     Rank: 0 - Epoch:16/20, Batch:159,   progress_callback.py:218
                    loss:1.393943, finished 84.82%.                             
           INFO     Rank: 0 - Epoch:16/20, Batch:160,   progress_callback.py:218
                    loss:1.606297, finished 84.85%.                             
           INFO     Rank: 0 -                                   evaluator.py:317
                    **********Evaluation starts**********                       
[21:12:04] INFO     Rank: 0 - **********Evaluation              evaluator.py:349
                    ends**********                                              
                                                                                
           INFO     Rank: 0 - ----------Eval. results   progress_callback.py:233
                    on Epoch:16, Batch:160----------                            
           INFO     Rank: 0 -                           progress_callback.py:238
                    {"torch_ngram#ngram-overlap":                               
                    0.3680095672607422}                                         
 ============= save model at results/ ============= 
 ============= save optimizer at results/.optm ============= 
[21:12:09] INFO     Rank: 0 - Epoch:16/20, Batch:161,   progress_callback.py:218
                    loss:1.71616, finished 84.88%.                              
           INFO     Rank: 0 - Epoch:16/20, Batch:162,   progress_callback.py:218
                    loss:1.55493, finished 84.91%.                              
[21:12:10] INFO     Rank: 0 - Epoch:16/20, Batch:163,   progress_callback.py:218
                    loss:1.505867, finished 84.94%.                             
           INFO     Rank: 0 - Epoch:16/20, Batch:164,   progress_callback.py:218
                    loss:1.59093, finished 84.97%.                              
[21:12:11] INFO     Rank: 0 - Epoch:16/20, Batch:165,   progress_callback.py:218
                    loss:1.673949, finished 85.0%.                              
           INFO     Rank: 0 -                           progress_callback.py:204
                    **********Epoch:17 starts**********                         
           INFO     Rank: 0 - Epoch:17/20, Batch:1,     progress_callback.py:218
                    loss:1.045841, finished 85.03%.                             
           INFO     Rank: 0 - Epoch:17/20, Batch:2,     progress_callback.py:218
                    loss:1.266558, finished 85.06%.                             
[21:12:12] INFO     Rank: 0 - Epoch:17/20, Batch:3,     progress_callback.py:218
                    loss:1.526472, finished 85.09%.                             
           INFO     Rank: 0 - Epoch:17/20, Batch:4,     progress_callback.py:218
                    loss:1.068799, finished 85.12%.                             
[21:12:13] INFO     Rank: 0 - Epoch:17/20, Batch:5,     progress_callback.py:218
                    loss:1.492725, finished 85.15%.                             
           INFO     Rank: 0 - Epoch:17/20, Batch:6,     progress_callback.py:218
                    loss:1.388996, finished 85.18%.                             
[21:12:14] INFO     Rank: 0 - Epoch:17/20, Batch:7,     progress_callback.py:218
                    loss:1.419721, finished 85.21%.                             
           INFO     Rank: 0 - Epoch:17/20, Batch:8,     progress_callback.py:218
                    loss:1.771128, finished 85.24%.                             
           INFO     Rank: 0 - Epoch:17/20, Batch:9,     progress_callback.py:218
                    loss:1.563159, finished 85.27%.                             
[21:12:15] INFO     Rank: 0 - Epoch:17/20, Batch:10,    progress_callback.py:218
                    loss:1.587089, finished 85.3%.                              
           INFO     Rank: 0 - Epoch:17/20, Batch:11,    progress_callback.py:218
                    loss:1.502688, finished 85.33%.                             
[21:12:16] INFO     Rank: 0 - Epoch:17/20, Batch:12,    progress_callback.py:218
                    loss:1.393651, finished 85.36%.                             
           INFO     Rank: 0 - Epoch:17/20, Batch:13,    progress_callback.py:218
                    loss:1.605118, finished 85.39%.                             
[21:12:17] INFO     Rank: 0 - Epoch:17/20, Batch:14,    progress_callback.py:218
                    loss:1.564972, finished 85.42%.                             
           INFO     Rank: 0 - Epoch:17/20, Batch:15,    progress_callback.py:218
                    loss:1.580168, finished 85.45%.                             
[21:12:18] INFO     Rank: 0 - Epoch:17/20, Batch:16,    progress_callback.py:218
                    loss:1.222213, finished 85.48%.                             
           INFO     Rank: 0 - Epoch:17/20, Batch:17,    progress_callback.py:218
                    loss:1.648768, finished 85.52%.                             
           INFO     Rank: 0 - Epoch:17/20, Batch:18,    progress_callback.py:218
                    loss:1.559561, finished 85.55%.                             
[21:12:19] INFO     Rank: 0 - Epoch:17/20, Batch:19,    progress_callback.py:218
                    loss:1.187636, finished 85.58%.                             
           INFO     Rank: 0 - Epoch:17/20, Batch:20,    progress_callback.py:218
                    loss:1.132153, finished 85.61%.                             
[21:12:20] INFO     Rank: 0 - Epoch:17/20, Batch:21,    progress_callback.py:218
                    loss:1.556686, finished 85.64%.                             
           INFO     Rank: 0 - Epoch:17/20, Batch:22,    progress_callback.py:218
                    loss:1.426317, finished 85.67%.                             
[21:12:21] INFO     Rank: 0 - Epoch:17/20, Batch:23,    progress_callback.py:218
                    loss:1.418488, finished 85.7%.                              
           INFO     Rank: 0 - Epoch:17/20, Batch:24,    progress_callback.py:218
                    loss:1.029481, finished 85.73%.                             
           INFO     Rank: 0 - Epoch:17/20, Batch:25,    progress_callback.py:218
                    loss:1.286748, finished 85.76%.                             
[21:12:22] INFO     Rank: 0 - Epoch:17/20, Batch:26,    progress_callback.py:218
                    loss:1.121284, finished 85.79%.                             
           INFO     Rank: 0 - Epoch:17/20, Batch:27,    progress_callback.py:218
                    loss:1.559457, finished 85.82%.                             
[21:12:23] INFO     Rank: 0 - Epoch:17/20, Batch:28,    progress_callback.py:218
                    loss:1.633072, finished 85.85%.                             
           INFO     Rank: 0 - Epoch:17/20, Batch:29,    progress_callback.py:218
                    loss:1.205886, finished 85.88%.                             
[21:12:24] INFO     Rank: 0 - Epoch:17/20, Batch:30,    progress_callback.py:218
                    loss:1.480994, finished 85.91%.                             
           INFO     Rank: 0 - Epoch:17/20, Batch:31,    progress_callback.py:218
                    loss:1.662206, finished 85.94%.                             
           INFO     Rank: 0 - Epoch:17/20, Batch:32,    progress_callback.py:218
                    loss:1.062859, finished 85.97%.                             
[21:12:25] INFO     Rank: 0 - Epoch:17/20, Batch:33,    progress_callback.py:218
                    loss:1.373007, finished 86.0%.                              
           INFO     Rank: 0 - Epoch:17/20, Batch:34,    progress_callback.py:218
                    loss:1.371419, finished 86.03%.                             
[21:12:26] INFO     Rank: 0 - Epoch:17/20, Batch:35,    progress_callback.py:218
                    loss:1.404464, finished 86.06%.                             
           INFO     Rank: 0 -                                   evaluator.py:317
                    **********Evaluation starts**********                       
[21:12:59] INFO     Rank: 0 - **********Evaluation              evaluator.py:349
                    ends**********                                              
                                                                                
           INFO     Rank: 0 - ----------Eval. results   progress_callback.py:233
                    on Epoch:17, Batch:35----------                             
           INFO     Rank: 0 -                           progress_callback.py:238
                    {"torch_ngram#ngram-overlap":                               
                    0.3708413541316986}                                         
 ============= save model at results/ ============= 
 ============= save optimizer at results/.optm ============= 
[21:13:03] INFO     Rank: 0 - Epoch:17/20, Batch:36,    progress_callback.py:218
                    loss:1.632896, finished 86.09%.                             
[21:13:04] INFO     Rank: 0 - Epoch:17/20, Batch:37,    progress_callback.py:218
                    loss:1.512773, finished 86.12%.                             
           INFO     Rank: 0 - Epoch:17/20, Batch:38,    progress_callback.py:218
                    loss:1.573682, finished 86.15%.                             
           INFO     Rank: 0 - Epoch:17/20, Batch:39,    progress_callback.py:218
                    loss:1.275755, finished 86.18%.                             
[21:13:05] INFO     Rank: 0 - Epoch:17/20, Batch:40,    progress_callback.py:218
                    loss:1.534887, finished 86.21%.                             
           INFO     Rank: 0 - Epoch:17/20, Batch:41,    progress_callback.py:218
                    loss:1.738603, finished 86.24%.                             
[21:13:06] INFO     Rank: 0 - Epoch:17/20, Batch:42,    progress_callback.py:218
                    loss:1.335914, finished 86.27%.                             
           INFO     Rank: 0 - Epoch:17/20, Batch:43,    progress_callback.py:218
                    loss:1.370639, finished 86.3%.                              
[21:13:07] INFO     Rank: 0 - Epoch:17/20, Batch:44,    progress_callback.py:218
                    loss:1.4412, finished 86.33%.                               
           INFO     Rank: 0 - Epoch:17/20, Batch:45,    progress_callback.py:218
                    loss:1.434047, finished 86.36%.                             
           INFO     Rank: 0 - Epoch:17/20, Batch:46,    progress_callback.py:218
                    loss:1.218346, finished 86.39%.                             
[21:13:08] INFO     Rank: 0 - Epoch:17/20, Batch:47,    progress_callback.py:218
                    loss:1.504783, finished 86.42%.                             
           INFO     Rank: 0 - Epoch:17/20, Batch:48,    progress_callback.py:218
                    loss:1.530772, finished 86.45%.                             
[21:13:09] INFO     Rank: 0 - Epoch:17/20, Batch:49,    progress_callback.py:218
                    loss:1.696893, finished 86.48%.                             
           INFO     Rank: 0 - Epoch:17/20, Batch:50,    progress_callback.py:218
                    loss:1.373908, finished 86.52%.                             
[21:13:10] INFO     Rank: 0 - Epoch:17/20, Batch:51,    progress_callback.py:218
                    loss:1.465806, finished 86.55%.                             
           INFO     Rank: 0 - Epoch:17/20, Batch:52,    progress_callback.py:218
                    loss:1.197759, finished 86.58%.                             
           INFO     Rank: 0 - Epoch:17/20, Batch:53,    progress_callback.py:218
                    loss:1.346331, finished 86.61%.                             
[21:13:11] INFO     Rank: 0 - Epoch:17/20, Batch:54,    progress_callback.py:218
                    loss:1.501791, finished 86.64%.                             
           INFO     Rank: 0 - Epoch:17/20, Batch:55,    progress_callback.py:218
                    loss:1.378815, finished 86.67%.                             
[21:13:12] INFO     Rank: 0 - Epoch:17/20, Batch:56,    progress_callback.py:218
                    loss:1.594982, finished 86.7%.                              
           INFO     Rank: 0 - Epoch:17/20, Batch:57,    progress_callback.py:218
                    loss:1.227084, finished 86.73%.                             
[21:13:13] INFO     Rank: 0 - Epoch:17/20, Batch:58,    progress_callback.py:218
                    loss:1.668727, finished 86.76%.                             
           INFO     Rank: 0 - Epoch:17/20, Batch:59,    progress_callback.py:218
                    loss:1.888867, finished 86.79%.                             
           INFO     Rank: 0 - Epoch:17/20, Batch:60,    progress_callback.py:218
                    loss:1.653268, finished 86.82%.                             
[21:13:14] INFO     Rank: 0 - Epoch:17/20, Batch:61,    progress_callback.py:218
                    loss:1.014505, finished 86.85%.                             
           INFO     Rank: 0 - Epoch:17/20, Batch:62,    progress_callback.py:218
                    loss:1.34756, finished 86.88%.                              
[21:13:15] INFO     Rank: 0 - Epoch:17/20, Batch:63,    progress_callback.py:218
                    loss:1.762839, finished 86.91%.                             
           INFO     Rank: 0 - Epoch:17/20, Batch:64,    progress_callback.py:218
                    loss:1.757128, finished 86.94%.                             
[21:13:16] INFO     Rank: 0 - Epoch:17/20, Batch:65,    progress_callback.py:218
                    loss:1.734111, finished 86.97%.                             
           INFO     Rank: 0 - Epoch:17/20, Batch:66,    progress_callback.py:218
                    loss:1.307014, finished 87.0%.                              
           INFO     Rank: 0 - Epoch:17/20, Batch:67,    progress_callback.py:218
                    loss:1.268031, finished 87.03%.                             
[21:13:17] INFO     Rank: 0 - Epoch:17/20, Batch:68,    progress_callback.py:218
                    loss:1.343705, finished 87.06%.                             
           INFO     Rank: 0 - Epoch:17/20, Batch:69,    progress_callback.py:218
                    loss:1.378328, finished 87.09%.                             
[21:13:18] INFO     Rank: 0 - Epoch:17/20, Batch:70,    progress_callback.py:218
                    loss:1.377858, finished 87.12%.                             
           INFO     Rank: 0 - Epoch:17/20, Batch:71,    progress_callback.py:218
                    loss:1.494325, finished 87.15%.                             
[21:13:19] INFO     Rank: 0 - Epoch:17/20, Batch:72,    progress_callback.py:218
                    loss:1.574493, finished 87.18%.                             
           INFO     Rank: 0 - Epoch:17/20, Batch:73,    progress_callback.py:218
                    loss:1.717264, finished 87.21%.                             
           INFO     Rank: 0 - Epoch:17/20, Batch:74,    progress_callback.py:218
                    loss:1.422706, finished 87.24%.                             
[21:13:20] INFO     Rank: 0 - Epoch:17/20, Batch:75,    progress_callback.py:218
                    loss:1.205046, finished 87.27%.                             
           INFO     Rank: 0 -                                   evaluator.py:317
                    **********Evaluation starts**********                       
[21:13:54] INFO     Rank: 0 - **********Evaluation              evaluator.py:349
                    ends**********                                              
                                                                                
           INFO     Rank: 0 - ----------Eval. results   progress_callback.py:233
                    on Epoch:17, Batch:75----------                             
           INFO     Rank: 0 -                           progress_callback.py:238
                    {"torch_ngram#ngram-overlap":                               
                    0.36582809686660767}                                        
[21:13:55] INFO     Rank: 0 - Epoch:17/20, Batch:76,    progress_callback.py:218
                    loss:1.781262, finished 87.3%.                              
           INFO     Rank: 0 - Epoch:17/20, Batch:77,    progress_callback.py:218
                    loss:1.450253, finished 87.33%.                             
[21:13:56] INFO     Rank: 0 - Epoch:17/20, Batch:78,    progress_callback.py:218
                    loss:1.310938, finished 87.36%.                             
           INFO     Rank: 0 - Epoch:17/20, Batch:79,    progress_callback.py:218
                    loss:1.020004, finished 87.39%.                             
[21:13:57] INFO     Rank: 0 - Epoch:17/20, Batch:80,    progress_callback.py:218
                    loss:1.689123, finished 87.42%.                             
           INFO     Rank: 0 - Epoch:17/20, Batch:81,    progress_callback.py:218
                    loss:1.701882, finished 87.45%.                             
           INFO     Rank: 0 - Epoch:17/20, Batch:82,    progress_callback.py:218
                    loss:1.243921, finished 87.48%.                             
[21:13:58] INFO     Rank: 0 - Epoch:17/20, Batch:83,    progress_callback.py:218
                    loss:1.444407, finished 87.52%.                             
           INFO     Rank: 0 - Epoch:17/20, Batch:84,    progress_callback.py:218
                    loss:1.295488, finished 87.55%.                             
[21:13:59] INFO     Rank: 0 - Epoch:17/20, Batch:85,    progress_callback.py:218
                    loss:1.400997, finished 87.58%.                             
           INFO     Rank: 0 - Epoch:17/20, Batch:86,    progress_callback.py:218
                    loss:1.438642, finished 87.61%.                             
[21:14:00] INFO     Rank: 0 - Epoch:17/20, Batch:87,    progress_callback.py:218
                    loss:1.222595, finished 87.64%.                             
           INFO     Rank: 0 - Epoch:17/20, Batch:88,    progress_callback.py:218
                    loss:1.229524, finished 87.67%.                             
           INFO     Rank: 0 - Epoch:17/20, Batch:89,    progress_callback.py:218
                    loss:1.487546, finished 87.7%.                              
[21:14:01] INFO     Rank: 0 - Epoch:17/20, Batch:90,    progress_callback.py:218
                    loss:1.560831, finished 87.73%.                             
           INFO     Rank: 0 - Epoch:17/20, Batch:91,    progress_callback.py:218
                    loss:1.440708, finished 87.76%.                             
[21:14:02] INFO     Rank: 0 - Epoch:17/20, Batch:92,    progress_callback.py:218
                    loss:1.172084, finished 87.79%.                             
           INFO     Rank: 0 - Epoch:17/20, Batch:93,    progress_callback.py:218
                    loss:1.377799, finished 87.82%.                             
[21:14:03] INFO     Rank: 0 - Epoch:17/20, Batch:94,    progress_callback.py:218
                    loss:1.459983, finished 87.85%.                             
           INFO     Rank: 0 - Epoch:17/20, Batch:95,    progress_callback.py:218
                    loss:1.773487, finished 87.88%.                             
           INFO     Rank: 0 - Epoch:17/20, Batch:96,    progress_callback.py:218
                    loss:1.277747, finished 87.91%.                             
[21:14:04] INFO     Rank: 0 - Epoch:17/20, Batch:97,    progress_callback.py:218
                    loss:1.513105, finished 87.94%.                             
           INFO     Rank: 0 - Epoch:17/20, Batch:98,    progress_callback.py:218
                    loss:1.098872, finished 87.97%.                             
[21:14:05] INFO     Rank: 0 - Epoch:17/20, Batch:99,    progress_callback.py:218
                    loss:1.550994, finished 88.0%.                              
           INFO     Rank: 0 - Epoch:17/20, Batch:100,   progress_callback.py:218
                    loss:1.520575, finished 88.03%.                             
[21:14:06] INFO     Rank: 0 - Epoch:17/20, Batch:101,   progress_callback.py:218
                    loss:1.37957, finished 88.06%.                              
           INFO     Rank: 0 - Epoch:17/20, Batch:102,   progress_callback.py:218
                    loss:1.424564, finished 88.09%.                             
           INFO     Rank: 0 - Epoch:17/20, Batch:103,   progress_callback.py:218
                    loss:1.023559, finished 88.12%.                             
[21:14:07] INFO     Rank: 0 - Epoch:17/20, Batch:104,   progress_callback.py:218
                    loss:0.969772, finished 88.15%.                             
           INFO     Rank: 0 - Epoch:17/20, Batch:105,   progress_callback.py:218
                    loss:1.401799, finished 88.18%.                             
[21:14:08] INFO     Rank: 0 - Epoch:17/20, Batch:106,   progress_callback.py:218
                    loss:1.522325, finished 88.21%.                             
           INFO     Rank: 0 - Epoch:17/20, Batch:107,   progress_callback.py:218
                    loss:1.332592, finished 88.24%.                             
[21:14:09] INFO     Rank: 0 - Epoch:17/20, Batch:108,   progress_callback.py:218
                    loss:1.327858, finished 88.27%.                             
           INFO     Rank: 0 - Epoch:17/20, Batch:109,   progress_callback.py:218
                    loss:1.305419, finished 88.3%.                              
           INFO     Rank: 0 - Epoch:17/20, Batch:110,   progress_callback.py:218
                    loss:1.615487, finished 88.33%.                             
[21:14:10] INFO     Rank: 0 - Epoch:17/20, Batch:111,   progress_callback.py:218
                    loss:1.28221, finished 88.36%.                              
           INFO     Rank: 0 - Epoch:17/20, Batch:112,   progress_callback.py:218
                    loss:1.225944, finished 88.39%.                             
[21:14:11] INFO     Rank: 0 - Epoch:17/20, Batch:113,   progress_callback.py:218
                    loss:1.321376, finished 88.42%.                             
           INFO     Rank: 0 - Epoch:17/20, Batch:114,   progress_callback.py:218
                    loss:1.58666, finished 88.45%.                              
[21:14:12] INFO     Rank: 0 - Epoch:17/20, Batch:115,   progress_callback.py:218
                    loss:1.333565, finished 88.48%.                             
           INFO     Rank: 0 -                                   evaluator.py:317
                    **********Evaluation starts**********                       
[21:14:41] INFO     Rank: 0 - **********Evaluation              evaluator.py:349
                    ends**********                                              
                                                                                
           INFO     Rank: 0 - ----------Eval. results   progress_callback.py:233
                    on Epoch:17, Batch:115----------                            
           INFO     Rank: 0 -                           progress_callback.py:238
                    {"torch_ngram#ngram-overlap":                               
                    0.3703286051750183}                                         
[21:14:42] INFO     Rank: 0 - Epoch:17/20, Batch:116,   progress_callback.py:218
                    loss:1.543475, finished 88.52%.                             
           INFO     Rank: 0 - Epoch:17/20, Batch:117,   progress_callback.py:218
                    loss:1.408431, finished 88.55%.                             
[21:14:43] INFO     Rank: 0 - Epoch:17/20, Batch:118,   progress_callback.py:218
                    loss:1.352591, finished 88.58%.                             
           INFO     Rank: 0 - Epoch:17/20, Batch:119,   progress_callback.py:218
                    loss:1.608378, finished 88.61%.                             
           INFO     Rank: 0 - Epoch:17/20, Batch:120,   progress_callback.py:218
                    loss:1.066386, finished 88.64%.                             
[21:14:44] INFO     Rank: 0 - Epoch:17/20, Batch:121,   progress_callback.py:218
                    loss:1.322235, finished 88.67%.                             
           INFO     Rank: 0 - Epoch:17/20, Batch:122,   progress_callback.py:218
                    loss:1.688613, finished 88.7%.                              
[21:14:45] INFO     Rank: 0 - Epoch:17/20, Batch:123,   progress_callback.py:218
                    loss:1.300953, finished 88.73%.                             
           INFO     Rank: 0 - Epoch:17/20, Batch:124,   progress_callback.py:218
                    loss:1.645736, finished 88.76%.                             
[21:14:46] INFO     Rank: 0 - Epoch:17/20, Batch:125,   progress_callback.py:218
                    loss:1.577239, finished 88.79%.                             
           INFO     Rank: 0 - Epoch:17/20, Batch:126,   progress_callback.py:218
                    loss:1.176551, finished 88.82%.                             
[21:14:47] INFO     Rank: 0 - Epoch:17/20, Batch:127,   progress_callback.py:218
                    loss:1.32207, finished 88.85%.                              
           INFO     Rank: 0 - Epoch:17/20, Batch:128,   progress_callback.py:218
                    loss:1.338123, finished 88.88%.                             
           INFO     Rank: 0 - Epoch:17/20, Batch:129,   progress_callback.py:218
                    loss:1.760825, finished 88.91%.                             
[21:14:48] INFO     Rank: 0 - Epoch:17/20, Batch:130,   progress_callback.py:218
                    loss:1.223792, finished 88.94%.                             
           INFO     Rank: 0 - Epoch:17/20, Batch:131,   progress_callback.py:218
                    loss:1.376878, finished 88.97%.                             
[21:14:49] INFO     Rank: 0 - Epoch:17/20, Batch:132,   progress_callback.py:218
                    loss:1.461274, finished 89.0%.                              
           INFO     Rank: 0 - Epoch:17/20, Batch:133,   progress_callback.py:218
                    loss:1.437089, finished 89.03%.                             
[21:14:50] INFO     Rank: 0 - Epoch:17/20, Batch:134,   progress_callback.py:218
                    loss:1.093076, finished 89.06%.                             
           INFO     Rank: 0 - Epoch:17/20, Batch:135,   progress_callback.py:218
                    loss:1.20296, finished 89.09%.                              
           INFO     Rank: 0 - Epoch:17/20, Batch:136,   progress_callback.py:218
                    loss:1.817829, finished 89.12%.                             
[21:14:51] INFO     Rank: 0 - Epoch:17/20, Batch:137,   progress_callback.py:218
                    loss:1.460356, finished 89.15%.                             
           INFO     Rank: 0 - Epoch:17/20, Batch:138,   progress_callback.py:218
                    loss:1.521425, finished 89.18%.                             
[21:14:52] INFO     Rank: 0 - Epoch:17/20, Batch:139,   progress_callback.py:218
                    loss:1.442491, finished 89.21%.                             
           INFO     Rank: 0 - Epoch:17/20, Batch:140,   progress_callback.py:218
                    loss:1.462503, finished 89.24%.                             
[21:14:53] INFO     Rank: 0 - Epoch:17/20, Batch:141,   progress_callback.py:218
                    loss:1.260773, finished 89.27%.                             
           INFO     Rank: 0 - Epoch:17/20, Batch:142,   progress_callback.py:218
                    loss:1.252688, finished 89.3%.                              
           INFO     Rank: 0 - Epoch:17/20, Batch:143,   progress_callback.py:218
                    loss:1.717112, finished 89.33%.                             
[21:14:54] INFO     Rank: 0 - Epoch:17/20, Batch:144,   progress_callback.py:218
                    loss:1.533894, finished 89.36%.                             
           INFO     Rank: 0 - Epoch:17/20, Batch:145,   progress_callback.py:218
                    loss:1.252561, finished 89.39%.                             
[21:14:55] INFO     Rank: 0 - Epoch:17/20, Batch:146,   progress_callback.py:218
                    loss:1.205905, finished 89.42%.                             
           INFO     Rank: 0 - Epoch:17/20, Batch:147,   progress_callback.py:218
                    loss:1.284092, finished 89.45%.                             
           INFO     Rank: 0 - Epoch:17/20, Batch:148,   progress_callback.py:218
                    loss:1.444114, finished 89.48%.                             
[21:14:56] INFO     Rank: 0 - Epoch:17/20, Batch:149,   progress_callback.py:218
                    loss:1.127463, finished 89.52%.                             
           INFO     Rank: 0 - Epoch:17/20, Batch:150,   progress_callback.py:218
                    loss:1.556328, finished 89.55%.                             
[21:14:57] INFO     Rank: 0 - Epoch:17/20, Batch:151,   progress_callback.py:218
                    loss:1.658265, finished 89.58%.                             
           INFO     Rank: 0 - Epoch:17/20, Batch:152,   progress_callback.py:218
                    loss:1.508362, finished 89.61%.                             
[21:14:58] INFO     Rank: 0 - Epoch:17/20, Batch:153,   progress_callback.py:218
                    loss:1.033169, finished 89.64%.                             
           INFO     Rank: 0 - Epoch:17/20, Batch:154,   progress_callback.py:218
                    loss:1.160897, finished 89.67%.                             
           INFO     Rank: 0 - Epoch:17/20, Batch:155,   progress_callback.py:218
                    loss:1.436715, finished 89.7%.                              
           INFO     Rank: 0 -                                   evaluator.py:317
                    **********Evaluation starts**********                       
[21:15:29] INFO     Rank: 0 - **********Evaluation              evaluator.py:349
                    ends**********                                              
                                                                                
           INFO     Rank: 0 - ----------Eval. results   progress_callback.py:233
                    on Epoch:17, Batch:155----------                            
           INFO     Rank: 0 -                           progress_callback.py:238
                    {"torch_ngram#ngram-overlap":                               
                    0.3693305552005768}                                         
           INFO     Rank: 0 - Epoch:17/20, Batch:156,   progress_callback.py:218
                    loss:1.124931, finished 89.73%.                             
[21:15:30] INFO     Rank: 0 - Epoch:17/20, Batch:157,   progress_callback.py:218
                    loss:1.322138, finished 89.76%.                             
           INFO     Rank: 0 - Epoch:17/20, Batch:158,   progress_callback.py:218
                    loss:1.374418, finished 89.79%.                             
[21:15:31] INFO     Rank: 0 - Epoch:17/20, Batch:159,   progress_callback.py:218
                    loss:1.421439, finished 89.82%.                             
           INFO     Rank: 0 - Epoch:17/20, Batch:160,   progress_callback.py:218
                    loss:1.394638, finished 89.85%.                             
           INFO     Rank: 0 - Epoch:17/20, Batch:161,   progress_callback.py:218
                    loss:1.38183, finished 89.88%.                              
[21:15:32] INFO     Rank: 0 - Epoch:17/20, Batch:162,   progress_callback.py:218
                    loss:1.595109, finished 89.91%.                             
           INFO     Rank: 0 - Epoch:17/20, Batch:163,   progress_callback.py:218
                    loss:1.445341, finished 89.94%.                             
[21:15:33] INFO     Rank: 0 - Epoch:17/20, Batch:164,   progress_callback.py:218
                    loss:1.571894, finished 89.97%.                             
           INFO     Rank: 0 - Epoch:17/20, Batch:165,   progress_callback.py:218
                    loss:1.456455, finished 90.0%.                              
           INFO     Rank: 0 -                           progress_callback.py:204
                    **********Epoch:18 starts**********                         
[21:15:34] INFO     Rank: 0 - Epoch:18/20, Batch:1,     progress_callback.py:218
                    loss:1.626086, finished 90.03%.                             
           INFO     Rank: 0 - Epoch:18/20, Batch:2,     progress_callback.py:218
                    loss:1.733918, finished 90.06%.                             
           INFO     Rank: 0 - Epoch:18/20, Batch:3,     progress_callback.py:218
                    loss:1.159339, finished 90.09%.                             
[21:15:35] INFO     Rank: 0 - Epoch:18/20, Batch:4,     progress_callback.py:218
                    loss:1.290273, finished 90.12%.                             
           INFO     Rank: 0 - Epoch:18/20, Batch:5,     progress_callback.py:218
                    loss:1.316571, finished 90.15%.                             
[21:15:36] INFO     Rank: 0 - Epoch:18/20, Batch:6,     progress_callback.py:218
                    loss:1.309939, finished 90.18%.                             
           INFO     Rank: 0 - Epoch:18/20, Batch:7,     progress_callback.py:218
                    loss:1.33962, finished 90.21%.                              
[21:15:37] INFO     Rank: 0 - Epoch:18/20, Batch:8,     progress_callback.py:218
                    loss:1.723201, finished 90.24%.                             
           INFO     Rank: 0 - Epoch:18/20, Batch:9,     progress_callback.py:218
                    loss:1.427868, finished 90.27%.                             
           INFO     Rank: 0 - Epoch:18/20, Batch:10,    progress_callback.py:218
                    loss:1.425819, finished 90.3%.                              
[21:15:38] INFO     Rank: 0 - Epoch:18/20, Batch:11,    progress_callback.py:218
                    loss:0.912605, finished 90.33%.                             
           INFO     Rank: 0 - Epoch:18/20, Batch:12,    progress_callback.py:218
                    loss:1.331387, finished 90.36%.                             
[21:15:39] INFO     Rank: 0 - Epoch:18/20, Batch:13,    progress_callback.py:218
                    loss:1.406071, finished 90.39%.                             
           INFO     Rank: 0 - Epoch:18/20, Batch:14,    progress_callback.py:218
                    loss:1.112402, finished 90.42%.                             
           INFO     Rank: 0 - Epoch:18/20, Batch:15,    progress_callback.py:218
                    loss:1.30218, finished 90.45%.                              
[21:15:40] INFO     Rank: 0 - Epoch:18/20, Batch:16,    progress_callback.py:218
                    loss:1.194844, finished 90.48%.                             
           INFO     Rank: 0 - Epoch:18/20, Batch:17,    progress_callback.py:218
                    loss:1.608107, finished 90.52%.                             
[21:15:41] INFO     Rank: 0 - Epoch:18/20, Batch:18,    progress_callback.py:218
                    loss:1.50122, finished 90.55%.                              
           INFO     Rank: 0 - Epoch:18/20, Batch:19,    progress_callback.py:218
                    loss:1.322878, finished 90.58%.                             
[21:15:42] INFO     Rank: 0 - Epoch:18/20, Batch:20,    progress_callback.py:218
                    loss:1.204812, finished 90.61%.                             
           INFO     Rank: 0 - Epoch:18/20, Batch:21,    progress_callback.py:218
                    loss:1.506739, finished 90.64%.                             
           INFO     Rank: 0 - Epoch:18/20, Batch:22,    progress_callback.py:218
                    loss:1.47932, finished 90.67%.                              
[21:15:43] INFO     Rank: 0 - Epoch:18/20, Batch:23,    progress_callback.py:218
                    loss:1.189198, finished 90.7%.                              
           INFO     Rank: 0 - Epoch:18/20, Batch:24,    progress_callback.py:218
                    loss:1.291003, finished 90.73%.                             
[21:15:44] INFO     Rank: 0 - Epoch:18/20, Batch:25,    progress_callback.py:218
                    loss:1.361589, finished 90.76%.                             
           INFO     Rank: 0 - Epoch:18/20, Batch:26,    progress_callback.py:218
                    loss:1.139198, finished 90.79%.                             
[21:15:45] INFO     Rank: 0 - Epoch:18/20, Batch:27,    progress_callback.py:218
                    loss:1.301127, finished 90.82%.                             
           INFO     Rank: 0 - Epoch:18/20, Batch:28,    progress_callback.py:218
                    loss:1.252996, finished 90.85%.                             
           INFO     Rank: 0 - Epoch:18/20, Batch:29,    progress_callback.py:218
                    loss:1.338769, finished 90.88%.                             
[21:15:46] INFO     Rank: 0 - Epoch:18/20, Batch:30,    progress_callback.py:218
                    loss:1.140572, finished 90.91%.                             
           INFO     Rank: 0 -                                   evaluator.py:317
                    **********Evaluation starts**********                       
[21:16:14] INFO     Rank: 0 - **********Evaluation              evaluator.py:349
                    ends**********                                              
                                                                                
           INFO     Rank: 0 - ----------Eval. results   progress_callback.py:233
                    on Epoch:18, Batch:30----------                             
           INFO     Rank: 0 -                           progress_callback.py:238
                    {"torch_ngram#ngram-overlap":                               
                    0.3779105842113495}                                         
 ============= save model at results/ ============= 
 ============= save optimizer at results/.optm ============= 
[21:16:18] INFO     Rank: 0 - Epoch:18/20, Batch:31,    progress_callback.py:218
                    loss:1.626624, finished 90.94%.                             
[21:16:19] INFO     Rank: 0 - Epoch:18/20, Batch:32,    progress_callback.py:218
                    loss:1.185564, finished 90.97%.                             
           INFO     Rank: 0 - Epoch:18/20, Batch:33,    progress_callback.py:218
                    loss:1.055507, finished 91.0%.                              
           INFO     Rank: 0 - Epoch:18/20, Batch:34,    progress_callback.py:218
                    loss:1.632132, finished 91.03%.                             
[21:16:20] INFO     Rank: 0 - Epoch:18/20, Batch:35,    progress_callback.py:218
                    loss:1.207891, finished 91.06%.                             
           INFO     Rank: 0 - Epoch:18/20, Batch:36,    progress_callback.py:218
                    loss:1.697403, finished 91.09%.                             
[21:16:21] INFO     Rank: 0 - Epoch:18/20, Batch:37,    progress_callback.py:218
                    loss:1.679235, finished 91.12%.                             
           INFO     Rank: 0 - Epoch:18/20, Batch:38,    progress_callback.py:218
                    loss:1.295568, finished 91.15%.                             
[21:16:22] INFO     Rank: 0 - Epoch:18/20, Batch:39,    progress_callback.py:218
                    loss:1.227943, finished 91.18%.                             
           INFO     Rank: 0 - Epoch:18/20, Batch:40,    progress_callback.py:218
                    loss:1.55276, finished 91.21%.                              
           INFO     Rank: 0 - Epoch:18/20, Batch:41,    progress_callback.py:218
                    loss:1.189471, finished 91.24%.                             
[21:16:23] INFO     Rank: 0 - Epoch:18/20, Batch:42,    progress_callback.py:218
                    loss:1.265823, finished 91.27%.                             
           INFO     Rank: 0 - Epoch:18/20, Batch:43,    progress_callback.py:218
                    loss:1.32594, finished 91.3%.                               
[21:16:24] INFO     Rank: 0 - Epoch:18/20, Batch:44,    progress_callback.py:218
                    loss:1.632211, finished 91.33%.                             
           INFO     Rank: 0 - Epoch:18/20, Batch:45,    progress_callback.py:218
                    loss:1.598009, finished 91.36%.                             
[21:16:25] INFO     Rank: 0 - Epoch:18/20, Batch:46,    progress_callback.py:218
                    loss:1.13509, finished 91.39%.                              
           INFO     Rank: 0 - Epoch:18/20, Batch:47,    progress_callback.py:218
                    loss:1.203132, finished 91.42%.                             
           INFO     Rank: 0 - Epoch:18/20, Batch:48,    progress_callback.py:218
                    loss:1.42503, finished 91.45%.                              
[21:16:26] INFO     Rank: 0 - Epoch:18/20, Batch:49,    progress_callback.py:218
                    loss:1.137138, finished 91.48%.                             
           INFO     Rank: 0 - Epoch:18/20, Batch:50,    progress_callback.py:218
                    loss:1.403304, finished 91.52%.                             
[21:16:27] INFO     Rank: 0 - Epoch:18/20, Batch:51,    progress_callback.py:218
                    loss:1.093209, finished 91.55%.                             
           INFO     Rank: 0 - Epoch:18/20, Batch:52,    progress_callback.py:218
                    loss:1.499534, finished 91.58%.                             
           INFO     Rank: 0 - Epoch:18/20, Batch:53,    progress_callback.py:218
                    loss:1.418701, finished 91.61%.                             
[21:16:28] INFO     Rank: 0 - Epoch:18/20, Batch:54,    progress_callback.py:218
                    loss:1.431763, finished 91.64%.                             
           INFO     Rank: 0 - Epoch:18/20, Batch:55,    progress_callback.py:218
                    loss:1.009058, finished 91.67%.                             
[21:16:29] INFO     Rank: 0 - Epoch:18/20, Batch:56,    progress_callback.py:218
                    loss:0.965247, finished 91.7%.                              
           INFO     Rank: 0 - Epoch:18/20, Batch:57,    progress_callback.py:218
                    loss:1.499974, finished 91.73%.                             
[21:16:30] INFO     Rank: 0 - Epoch:18/20, Batch:58,    progress_callback.py:218
                    loss:1.253978, finished 91.76%.                             
           INFO     Rank: 0 - Epoch:18/20, Batch:59,    progress_callback.py:218
                    loss:1.378636, finished 91.79%.                             
           INFO     Rank: 0 - Epoch:18/20, Batch:60,    progress_callback.py:218
                    loss:1.38726, finished 91.82%.                              
[21:16:31] INFO     Rank: 0 - Epoch:18/20, Batch:61,    progress_callback.py:218
                    loss:1.37025, finished 91.85%.                              
           INFO     Rank: 0 - Epoch:18/20, Batch:62,    progress_callback.py:218
                    loss:1.282714, finished 91.88%.                             
[21:16:32] INFO     Rank: 0 - Epoch:18/20, Batch:63,    progress_callback.py:218
                    loss:1.422671, finished 91.91%.                             
           INFO     Rank: 0 - Epoch:18/20, Batch:64,    progress_callback.py:218
                    loss:1.653783, finished 91.94%.                             
[21:16:33] INFO     Rank: 0 - Epoch:18/20, Batch:65,    progress_callback.py:218
                    loss:1.230783, finished 91.97%.                             
           INFO     Rank: 0 - Epoch:18/20, Batch:66,    progress_callback.py:218
                    loss:1.039959, finished 92.0%.                              
           INFO     Rank: 0 - Epoch:18/20, Batch:67,    progress_callback.py:218
                    loss:1.211782, finished 92.03%.                             
[21:16:34] INFO     Rank: 0 - Epoch:18/20, Batch:68,    progress_callback.py:218
                    loss:1.395321, finished 92.06%.                             
           INFO     Rank: 0 - Epoch:18/20, Batch:69,    progress_callback.py:218
                    loss:1.699735, finished 92.09%.                             
[21:16:35] INFO     Rank: 0 - Epoch:18/20, Batch:70,    progress_callback.py:218
                    loss:1.366361, finished 92.12%.                             
           INFO     Rank: 0 -                                   evaluator.py:317
                    **********Evaluation starts**********                       
[21:17:04] INFO     Rank: 0 - **********Evaluation              evaluator.py:349
                    ends**********                                              
                                                                                
           INFO     Rank: 0 - ----------Eval. results   progress_callback.py:233
                    on Epoch:18, Batch:70----------                             
           INFO     Rank: 0 -                           progress_callback.py:238
                    {"torch_ngram#ngram-overlap":                               
                    0.3738677203655243}                                         
[21:17:05] INFO     Rank: 0 - Epoch:18/20, Batch:71,    progress_callback.py:218
                    loss:1.269862, finished 92.15%.                             
           INFO     Rank: 0 - Epoch:18/20, Batch:72,    progress_callback.py:218
                    loss:1.176333, finished 92.18%.                             
[21:17:06] INFO     Rank: 0 - Epoch:18/20, Batch:73,    progress_callback.py:218
                    loss:1.349952, finished 92.21%.                             
           INFO     Rank: 0 - Epoch:18/20, Batch:74,    progress_callback.py:218
                    loss:1.245885, finished 92.24%.                             
           INFO     Rank: 0 - Epoch:18/20, Batch:75,    progress_callback.py:218
                    loss:1.389656, finished 92.27%.                             
[21:17:07] INFO     Rank: 0 - Epoch:18/20, Batch:76,    progress_callback.py:218
                    loss:1.456458, finished 92.3%.                              
           INFO     Rank: 0 - Epoch:18/20, Batch:77,    progress_callback.py:218
                    loss:1.473609, finished 92.33%.                             
[21:17:08] INFO     Rank: 0 - Epoch:18/20, Batch:78,    progress_callback.py:218
                    loss:1.437664, finished 92.36%.                             
           INFO     Rank: 0 - Epoch:18/20, Batch:79,    progress_callback.py:218
                    loss:1.617431, finished 92.39%.                             
[21:17:09] INFO     Rank: 0 - Epoch:18/20, Batch:80,    progress_callback.py:218
                    loss:1.562194, finished 92.42%.                             
           INFO     Rank: 0 - Epoch:18/20, Batch:81,    progress_callback.py:218
                    loss:1.379267, finished 92.45%.                             
           INFO     Rank: 0 - Epoch:18/20, Batch:82,    progress_callback.py:218
                    loss:1.497498, finished 92.48%.                             
[21:17:10] INFO     Rank: 0 - Epoch:18/20, Batch:83,    progress_callback.py:218
                    loss:1.505141, finished 92.52%.                             
           INFO     Rank: 0 - Epoch:18/20, Batch:84,    progress_callback.py:218
                    loss:1.566404, finished 92.55%.                             
[21:17:11] INFO     Rank: 0 - Epoch:18/20, Batch:85,    progress_callback.py:218
                    loss:1.26777, finished 92.58%.                              
           INFO     Rank: 0 - Epoch:18/20, Batch:86,    progress_callback.py:218
                    loss:1.346705, finished 92.61%.                             
[21:17:12] INFO     Rank: 0 - Epoch:18/20, Batch:87,    progress_callback.py:218
                    loss:1.345873, finished 92.64%.                             
           INFO     Rank: 0 - Epoch:18/20, Batch:88,    progress_callback.py:218
                    loss:1.373666, finished 92.67%.                             
[21:17:13] INFO     Rank: 0 - Epoch:18/20, Batch:89,    progress_callback.py:218
                    loss:1.587144, finished 92.7%.                              
           INFO     Rank: 0 - Epoch:18/20, Batch:90,    progress_callback.py:218
                    loss:1.521394, finished 92.73%.                             
           INFO     Rank: 0 - Epoch:18/20, Batch:91,    progress_callback.py:218
                    loss:1.258064, finished 92.76%.                             
[21:17:14] INFO     Rank: 0 - Epoch:18/20, Batch:92,    progress_callback.py:218
                    loss:1.53354, finished 92.79%.                              
           INFO     Rank: 0 - Epoch:18/20, Batch:93,    progress_callback.py:218
                    loss:1.332812, finished 92.82%.                             
[21:17:15] INFO     Rank: 0 - Epoch:18/20, Batch:94,    progress_callback.py:218
                    loss:1.440322, finished 92.85%.                             
           INFO     Rank: 0 - Epoch:18/20, Batch:95,    progress_callback.py:218
                    loss:1.029827, finished 92.88%.                             
[21:17:16] INFO     Rank: 0 - Epoch:18/20, Batch:96,    progress_callback.py:218
                    loss:1.275629, finished 92.91%.                             
           INFO     Rank: 0 - Epoch:18/20, Batch:97,    progress_callback.py:218
                    loss:1.406301, finished 92.94%.                             
           INFO     Rank: 0 - Epoch:18/20, Batch:98,    progress_callback.py:218
                    loss:1.216894, finished 92.97%.                             
[21:17:17] INFO     Rank: 0 - Epoch:18/20, Batch:99,    progress_callback.py:218
                    loss:1.194474, finished 93.0%.                              
           INFO     Rank: 0 - Epoch:18/20, Batch:100,   progress_callback.py:218
                    loss:1.771054, finished 93.03%.                             
[21:17:18] INFO     Rank: 0 - Epoch:18/20, Batch:101,   progress_callback.py:218
                    loss:1.275277, finished 93.06%.                             
           INFO     Rank: 0 - Epoch:18/20, Batch:102,   progress_callback.py:218
                    loss:1.524104, finished 93.09%.                             
           INFO     Rank: 0 - Epoch:18/20, Batch:103,   progress_callback.py:218
                    loss:1.382036, finished 93.12%.                             
[21:17:19] INFO     Rank: 0 - Epoch:18/20, Batch:104,   progress_callback.py:218
                    loss:1.188798, finished 93.15%.                             
           INFO     Rank: 0 - Epoch:18/20, Batch:105,   progress_callback.py:218
                    loss:1.411185, finished 93.18%.                             
[21:17:20] INFO     Rank: 0 - Epoch:18/20, Batch:106,   progress_callback.py:218
                    loss:1.156047, finished 93.21%.                             
           INFO     Rank: 0 - Epoch:18/20, Batch:107,   progress_callback.py:218
                    loss:1.255226, finished 93.24%.                             
[21:17:21] INFO     Rank: 0 - Epoch:18/20, Batch:108,   progress_callback.py:218
                    loss:1.470155, finished 93.27%.                             
           INFO     Rank: 0 - Epoch:18/20, Batch:109,   progress_callback.py:218
                    loss:1.283818, finished 93.3%.                              
           INFO     Rank: 0 - Epoch:18/20, Batch:110,   progress_callback.py:218
                    loss:1.500878, finished 93.33%.                             
           INFO     Rank: 0 -                                   evaluator.py:317
                    **********Evaluation starts**********                       
[21:17:51] INFO     Rank: 0 - **********Evaluation              evaluator.py:349
                    ends**********                                              
                                                                                
           INFO     Rank: 0 - ----------Eval. results   progress_callback.py:233
                    on Epoch:18, Batch:110----------                            
           INFO     Rank: 0 -                           progress_callback.py:238
                    {"torch_ngram#ngram-overlap":                               
                    0.373028039932251}                                          
           INFO     Rank: 0 - Epoch:18/20, Batch:111,   progress_callback.py:218
                    loss:0.993618, finished 93.36%.                             
           INFO     Rank: 0 - Epoch:18/20, Batch:112,   progress_callback.py:218
                    loss:1.355862, finished 93.39%.                             
[21:17:52] INFO     Rank: 0 - Epoch:18/20, Batch:113,   progress_callback.py:218
                    loss:1.147143, finished 93.42%.                             
           INFO     Rank: 0 - Epoch:18/20, Batch:114,   progress_callback.py:218
                    loss:1.234913, finished 93.45%.                             
[21:17:53] INFO     Rank: 0 - Epoch:18/20, Batch:115,   progress_callback.py:218
                    loss:1.242672, finished 93.48%.                             
           INFO     Rank: 0 - Epoch:18/20, Batch:116,   progress_callback.py:218
                    loss:1.453708, finished 93.52%.                             
[21:17:54] INFO     Rank: 0 - Epoch:18/20, Batch:117,   progress_callback.py:218
                    loss:1.275505, finished 93.55%.                             
           INFO     Rank: 0 - Epoch:18/20, Batch:118,   progress_callback.py:218
                    loss:1.370325, finished 93.58%.                             
           INFO     Rank: 0 - Epoch:18/20, Batch:119,   progress_callback.py:218
                    loss:1.38121, finished 93.61%.                              
[21:17:55] INFO     Rank: 0 - Epoch:18/20, Batch:120,   progress_callback.py:218
                    loss:1.350839, finished 93.64%.                             
           INFO     Rank: 0 - Epoch:18/20, Batch:121,   progress_callback.py:218
                    loss:1.460339, finished 93.67%.                             
[21:17:56] INFO     Rank: 0 - Epoch:18/20, Batch:122,   progress_callback.py:218
                    loss:1.134336, finished 93.7%.                              
           INFO     Rank: 0 - Epoch:18/20, Batch:123,   progress_callback.py:218
                    loss:1.322031, finished 93.73%.                             
[21:17:57] INFO     Rank: 0 - Epoch:18/20, Batch:124,   progress_callback.py:218
                    loss:1.590525, finished 93.76%.                             
           INFO     Rank: 0 - Epoch:18/20, Batch:125,   progress_callback.py:218
                    loss:1.386804, finished 93.79%.                             
           INFO     Rank: 0 - Epoch:18/20, Batch:126,   progress_callback.py:218
                    loss:1.378324, finished 93.82%.                             
[21:17:58] INFO     Rank: 0 - Epoch:18/20, Batch:127,   progress_callback.py:218
                    loss:1.709146, finished 93.85%.                             
           INFO     Rank: 0 - Epoch:18/20, Batch:128,   progress_callback.py:218
                    loss:1.259911, finished 93.88%.                             
[21:17:59] INFO     Rank: 0 - Epoch:18/20, Batch:129,   progress_callback.py:218
                    loss:1.164619, finished 93.91%.                             
           INFO     Rank: 0 - Epoch:18/20, Batch:130,   progress_callback.py:218
                    loss:1.048295, finished 93.94%.                             
[21:18:00] INFO     Rank: 0 - Epoch:18/20, Batch:131,   progress_callback.py:218
                    loss:1.554405, finished 93.97%.                             
           INFO     Rank: 0 - Epoch:18/20, Batch:132,   progress_callback.py:218
                    loss:1.573221, finished 94.0%.                              
           INFO     Rank: 0 - Epoch:18/20, Batch:133,   progress_callback.py:218
                    loss:1.559412, finished 94.03%.                             
[21:18:01] INFO     Rank: 0 - Epoch:18/20, Batch:134,   progress_callback.py:218
                    loss:1.1342, finished 94.06%.                               
           INFO     Rank: 0 - Epoch:18/20, Batch:135,   progress_callback.py:218
                    loss:1.363976, finished 94.09%.                             
[21:18:02] INFO     Rank: 0 - Epoch:18/20, Batch:136,   progress_callback.py:218
                    loss:1.412704, finished 94.12%.                             
           INFO     Rank: 0 - Epoch:18/20, Batch:137,   progress_callback.py:218
                    loss:1.585267, finished 94.15%.                             
[21:18:03] INFO     Rank: 0 - Epoch:18/20, Batch:138,   progress_callback.py:218
                    loss:1.557991, finished 94.18%.                             
           INFO     Rank: 0 - Epoch:18/20, Batch:139,   progress_callback.py:218
                    loss:1.296659, finished 94.21%.                             
           INFO     Rank: 0 - Epoch:18/20, Batch:140,   progress_callback.py:218
                    loss:1.426209, finished 94.24%.                             
[21:18:04] INFO     Rank: 0 - Epoch:18/20, Batch:141,   progress_callback.py:218
                    loss:1.437365, finished 94.27%.                             
           INFO     Rank: 0 - Epoch:18/20, Batch:142,   progress_callback.py:218
                    loss:1.138095, finished 94.3%.                              
[21:18:05] INFO     Rank: 0 - Epoch:18/20, Batch:143,   progress_callback.py:218
                    loss:1.185837, finished 94.33%.                             
           INFO     Rank: 0 - Epoch:18/20, Batch:144,   progress_callback.py:218
                    loss:1.262861, finished 94.36%.                             
[21:18:06] INFO     Rank: 0 - Epoch:18/20, Batch:145,   progress_callback.py:218
                    loss:1.41901, finished 94.39%.                              
           INFO     Rank: 0 - Epoch:18/20, Batch:146,   progress_callback.py:218
                    loss:1.203861, finished 94.42%.                             
           INFO     Rank: 0 - Epoch:18/20, Batch:147,   progress_callback.py:218
                    loss:1.129441, finished 94.45%.                             
[21:18:07] INFO     Rank: 0 - Epoch:18/20, Batch:148,   progress_callback.py:218
                    loss:1.310572, finished 94.48%.                             
           INFO     Rank: 0 - Epoch:18/20, Batch:149,   progress_callback.py:218
                    loss:1.334989, finished 94.52%.                             
[21:18:08] INFO     Rank: 0 - Epoch:18/20, Batch:150,   progress_callback.py:218
                    loss:1.664524, finished 94.55%.                             
           INFO     Rank: 0 -                                   evaluator.py:317
                    **********Evaluation starts**********                       
[21:18:42] INFO     Rank: 0 - **********Evaluation              evaluator.py:349
                    ends**********                                              
                                                                                
           INFO     Rank: 0 - ----------Eval. results   progress_callback.py:233
                    on Epoch:18, Batch:150----------                            
           INFO     Rank: 0 -                           progress_callback.py:238
                    {"torch_ngram#ngram-overlap":                               
                    0.37879395484924316}                                        
 ============= save model at results/ ============= 
 ============= save optimizer at results/.optm ============= 
[21:18:46] INFO     Rank: 0 - Epoch:18/20, Batch:151,   progress_callback.py:218
                    loss:1.303148, finished 94.58%.                             
           INFO     Rank: 0 - Epoch:18/20, Batch:152,   progress_callback.py:218
                    loss:1.31178, finished 94.61%.                              
[21:18:47] INFO     Rank: 0 - Epoch:18/20, Batch:153,   progress_callback.py:218
                    loss:1.182771, finished 94.64%.                             
           INFO     Rank: 0 - Epoch:18/20, Batch:154,   progress_callback.py:218
                    loss:1.246491, finished 94.67%.                             
[21:18:48] INFO     Rank: 0 - Epoch:18/20, Batch:155,   progress_callback.py:218
                    loss:1.441645, finished 94.7%.                              
           INFO     Rank: 0 - Epoch:18/20, Batch:156,   progress_callback.py:218
                    loss:0.967246, finished 94.73%.                             
[21:18:49] INFO     Rank: 0 - Epoch:18/20, Batch:157,   progress_callback.py:218
                    loss:1.665877, finished 94.76%.                             
           INFO     Rank: 0 - Epoch:18/20, Batch:158,   progress_callback.py:218
                    loss:1.32022, finished 94.79%.                              
           INFO     Rank: 0 - Epoch:18/20, Batch:159,   progress_callback.py:218
                    loss:1.141089, finished 94.82%.                             
[21:18:50] INFO     Rank: 0 - Epoch:18/20, Batch:160,   progress_callback.py:218
                    loss:1.260356, finished 94.85%.                             
           INFO     Rank: 0 - Epoch:18/20, Batch:161,   progress_callback.py:218
                    loss:1.46042, finished 94.88%.                              
[21:18:51] INFO     Rank: 0 - Epoch:18/20, Batch:162,   progress_callback.py:218
                    loss:1.418719, finished 94.91%.                             
           INFO     Rank: 0 - Epoch:18/20, Batch:163,   progress_callback.py:218
                    loss:1.015081, finished 94.94%.                             
[21:18:52] INFO     Rank: 0 - Epoch:18/20, Batch:164,   progress_callback.py:218
                    loss:1.407471, finished 94.97%.                             
           INFO     Rank: 0 - Epoch:18/20, Batch:165,   progress_callback.py:218
                    loss:1.388082, finished 95.0%.                              
           INFO     Rank: 0 -                           progress_callback.py:204
                    **********Epoch:19 starts**********                         
           INFO     Rank: 0 - Epoch:19/20, Batch:1,     progress_callback.py:218
                    loss:1.647686, finished 95.03%.                             
[21:18:53] INFO     Rank: 0 - Epoch:19/20, Batch:2,     progress_callback.py:218
                    loss:1.189827, finished 95.06%.                             
           INFO     Rank: 0 - Epoch:19/20, Batch:3,     progress_callback.py:218
                    loss:1.330518, finished 95.09%.                             
[21:18:54] INFO     Rank: 0 - Epoch:19/20, Batch:4,     progress_callback.py:218
                    loss:1.395321, finished 95.12%.                             
           INFO     Rank: 0 - Epoch:19/20, Batch:5,     progress_callback.py:218
                    loss:1.342731, finished 95.15%.                             
[21:18:55] INFO     Rank: 0 - Epoch:19/20, Batch:6,     progress_callback.py:218
                    loss:1.312774, finished 95.18%.                             
           INFO     Rank: 0 - Epoch:19/20, Batch:7,     progress_callback.py:218
                    loss:1.425551, finished 95.21%.                             
           INFO     Rank: 0 - Epoch:19/20, Batch:8,     progress_callback.py:218
                    loss:1.613893, finished 95.24%.                             
[21:18:56] INFO     Rank: 0 - Epoch:19/20, Batch:9,     progress_callback.py:218
                    loss:1.478412, finished 95.27%.                             
           INFO     Rank: 0 - Epoch:19/20, Batch:10,    progress_callback.py:218
                    loss:1.332008, finished 95.3%.                              
[21:18:57] INFO     Rank: 0 - Epoch:19/20, Batch:11,    progress_callback.py:218
                    loss:1.377193, finished 95.33%.                             
           INFO     Rank: 0 - Epoch:19/20, Batch:12,    progress_callback.py:218
                    loss:1.059407, finished 95.36%.                             
[21:18:58] INFO     Rank: 0 - Epoch:19/20, Batch:13,    progress_callback.py:218
                    loss:1.564475, finished 95.39%.                             
           INFO     Rank: 0 - Epoch:19/20, Batch:14,    progress_callback.py:218
                    loss:1.083803, finished 95.42%.                             
           INFO     Rank: 0 - Epoch:19/20, Batch:15,    progress_callback.py:218
                    loss:1.375676, finished 95.45%.                             
[21:18:59] INFO     Rank: 0 - Epoch:19/20, Batch:16,    progress_callback.py:218
                    loss:1.346762, finished 95.48%.                             
           INFO     Rank: 0 - Epoch:19/20, Batch:17,    progress_callback.py:218
                    loss:1.121916, finished 95.52%.                             
[21:19:00] INFO     Rank: 0 - Epoch:19/20, Batch:18,    progress_callback.py:218
                    loss:0.99258, finished 95.55%.                              
           INFO     Rank: 0 - Epoch:19/20, Batch:19,    progress_callback.py:218
                    loss:1.161277, finished 95.58%.                             
[21:19:01] INFO     Rank: 0 - Epoch:19/20, Batch:20,    progress_callback.py:218
                    loss:1.233037, finished 95.61%.                             
           INFO     Rank: 0 - Epoch:19/20, Batch:21,    progress_callback.py:218
                    loss:1.461546, finished 95.64%.                             
           INFO     Rank: 0 - Epoch:19/20, Batch:22,    progress_callback.py:218
                    loss:1.347143, finished 95.67%.                             
[21:19:02] INFO     Rank: 0 - Epoch:19/20, Batch:23,    progress_callback.py:218
                    loss:1.647358, finished 95.7%.                              
           INFO     Rank: 0 - Epoch:19/20, Batch:24,    progress_callback.py:218
                    loss:1.731678, finished 95.73%.                             
[21:19:03] INFO     Rank: 0 - Epoch:19/20, Batch:25,    progress_callback.py:218
                    loss:1.618441, finished 95.76%.                             
           INFO     Rank: 0 -                                   evaluator.py:317
                    **********Evaluation starts**********                       
[21:19:33] INFO     Rank: 0 - **********Evaluation              evaluator.py:349
                    ends**********                                              
                                                                                
           INFO     Rank: 0 - ----------Eval. results   progress_callback.py:233
                    on Epoch:19, Batch:25----------                             
           INFO     Rank: 0 -                           progress_callback.py:238
                    {"torch_ngram#ngram-overlap":                               
                    0.3867081105709076}                                         
 ============= save model at results/ ============= 
 ============= save optimizer at results/.optm ============= 
[21:19:37] INFO     Rank: 0 - Epoch:19/20, Batch:26,    progress_callback.py:218
                    loss:1.47499, finished 95.79%.                              
[21:19:38] INFO     Rank: 0 - Epoch:19/20, Batch:27,    progress_callback.py:218
                    loss:1.36764, finished 95.82%.                              
           INFO     Rank: 0 - Epoch:19/20, Batch:28,    progress_callback.py:218
                    loss:1.177373, finished 95.85%.                             
           INFO     Rank: 0 - Epoch:19/20, Batch:29,    progress_callback.py:218
                    loss:1.279043, finished 95.88%.                             
[21:19:39] INFO     Rank: 0 - Epoch:19/20, Batch:30,    progress_callback.py:218
                    loss:1.070519, finished 95.91%.                             
           INFO     Rank: 0 - Epoch:19/20, Batch:31,    progress_callback.py:218
                    loss:1.569823, finished 95.94%.                             
[21:19:40] INFO     Rank: 0 - Epoch:19/20, Batch:32,    progress_callback.py:218
                    loss:1.157153, finished 95.97%.                             
           INFO     Rank: 0 - Epoch:19/20, Batch:33,    progress_callback.py:218
                    loss:1.218333, finished 96.0%.                              
[21:19:41] INFO     Rank: 0 - Epoch:19/20, Batch:34,    progress_callback.py:218
                    loss:1.407523, finished 96.03%.                             
           INFO     Rank: 0 - Epoch:19/20, Batch:35,    progress_callback.py:218
                    loss:1.054467, finished 96.06%.                             
           INFO     Rank: 0 - Epoch:19/20, Batch:36,    progress_callback.py:218
                    loss:0.924609, finished 96.09%.                             
[21:19:42] INFO     Rank: 0 - Epoch:19/20, Batch:37,    progress_callback.py:218
                    loss:0.895052, finished 96.12%.                             
           INFO     Rank: 0 - Epoch:19/20, Batch:38,    progress_callback.py:218
                    loss:1.393459, finished 96.15%.                             
[21:19:43] INFO     Rank: 0 - Epoch:19/20, Batch:39,    progress_callback.py:218
                    loss:1.516397, finished 96.18%.                             
           INFO     Rank: 0 - Epoch:19/20, Batch:40,    progress_callback.py:218
                    loss:1.172512, finished 96.21%.                             
[21:19:44] INFO     Rank: 0 - Epoch:19/20, Batch:41,    progress_callback.py:218
                    loss:1.456524, finished 96.24%.                             
           INFO     Rank: 0 - Epoch:19/20, Batch:42,    progress_callback.py:218
                    loss:1.230764, finished 96.27%.                             
           INFO     Rank: 0 - Epoch:19/20, Batch:43,    progress_callback.py:218
                    loss:1.51217, finished 96.3%.                               
[21:19:45] INFO     Rank: 0 - Epoch:19/20, Batch:44,    progress_callback.py:218
                    loss:1.535964, finished 96.33%.                             
           INFO     Rank: 0 - Epoch:19/20, Batch:45,    progress_callback.py:218
                    loss:1.385072, finished 96.36%.                             
[21:19:46] INFO     Rank: 0 - Epoch:19/20, Batch:46,    progress_callback.py:218
                    loss:1.105765, finished 96.39%.                             
           INFO     Rank: 0 - Epoch:19/20, Batch:47,    progress_callback.py:218
                    loss:1.033795, finished 96.42%.                             
           INFO     Rank: 0 - Epoch:19/20, Batch:48,    progress_callback.py:218
                    loss:1.186936, finished 96.45%.                             
[21:19:47] INFO     Rank: 0 - Epoch:19/20, Batch:49,    progress_callback.py:218
                    loss:1.233286, finished 96.48%.                             
           INFO     Rank: 0 - Epoch:19/20, Batch:50,    progress_callback.py:218
                    loss:1.136754, finished 96.52%.                             
[21:19:48] INFO     Rank: 0 - Epoch:19/20, Batch:51,    progress_callback.py:218
                    loss:1.355698, finished 96.55%.                             
           INFO     Rank: 0 - Epoch:19/20, Batch:52,    progress_callback.py:218
                    loss:1.465262, finished 96.58%.                             
[21:19:49] INFO     Rank: 0 - Epoch:19/20, Batch:53,    progress_callback.py:218
                    loss:1.418714, finished 96.61%.                             
           INFO     Rank: 0 - Epoch:19/20, Batch:54,    progress_callback.py:218
                    loss:1.927551, finished 96.64%.                             
           INFO     Rank: 0 - Epoch:19/20, Batch:55,    progress_callback.py:218
                    loss:1.595296, finished 96.67%.                             
[21:19:50] INFO     Rank: 0 - Epoch:19/20, Batch:56,    progress_callback.py:218
                    loss:1.223642, finished 96.7%.                              
           INFO     Rank: 0 - Epoch:19/20, Batch:57,    progress_callback.py:218
                    loss:1.426013, finished 96.73%.                             
[21:19:51] INFO     Rank: 0 - Epoch:19/20, Batch:58,    progress_callback.py:218
                    loss:1.357562, finished 96.76%.                             
           INFO     Rank: 0 - Epoch:19/20, Batch:59,    progress_callback.py:218
                    loss:1.185963, finished 96.79%.                             
[21:19:52] INFO     Rank: 0 - Epoch:19/20, Batch:60,    progress_callback.py:218
                    loss:1.384894, finished 96.82%.                             
           INFO     Rank: 0 - Epoch:19/20, Batch:61,    progress_callback.py:218
                    loss:1.508348, finished 96.85%.                             
           INFO     Rank: 0 - Epoch:19/20, Batch:62,    progress_callback.py:218
                    loss:1.340914, finished 96.88%.                             
[21:19:53] INFO     Rank: 0 - Epoch:19/20, Batch:63,    progress_callback.py:218
                    loss:1.174839, finished 96.91%.                             
           INFO     Rank: 0 - Epoch:19/20, Batch:64,    progress_callback.py:218
                    loss:1.515896, finished 96.94%.                             
[21:19:54] INFO     Rank: 0 - Epoch:19/20, Batch:65,    progress_callback.py:218
                    loss:1.166354, finished 96.97%.                             
           INFO     Rank: 0 -                                   evaluator.py:317
                    **********Evaluation starts**********                       
[21:20:28] INFO     Rank: 0 - **********Evaluation              evaluator.py:349
                    ends**********                                              
                                                                                
           INFO     Rank: 0 - ----------Eval. results   progress_callback.py:233
                    on Epoch:19, Batch:65----------                             
           INFO     Rank: 0 -                           progress_callback.py:238
                    {"torch_ngram#ngram-overlap":                               
                    0.3786218762397766}                                         
[21:20:29] INFO     Rank: 0 - Epoch:19/20, Batch:66,    progress_callback.py:218
                    loss:1.141653, finished 97.0%.                              
           INFO     Rank: 0 - Epoch:19/20, Batch:67,    progress_callback.py:218
                    loss:1.372078, finished 97.03%.                             
[21:20:30] INFO     Rank: 0 - Epoch:19/20, Batch:68,    progress_callback.py:218
                    loss:1.068124, finished 97.06%.                             
           INFO     Rank: 0 - Epoch:19/20, Batch:69,    progress_callback.py:218
                    loss:1.328056, finished 97.09%.                             
[21:20:31] INFO     Rank: 0 - Epoch:19/20, Batch:70,    progress_callback.py:218
                    loss:1.426724, finished 97.12%.                             
           INFO     Rank: 0 - Epoch:19/20, Batch:71,    progress_callback.py:218
                    loss:1.074173, finished 97.15%.                             
           INFO     Rank: 0 - Epoch:19/20, Batch:72,    progress_callback.py:218
                    loss:1.295766, finished 97.18%.                             
[21:20:32] INFO     Rank: 0 - Epoch:19/20, Batch:73,    progress_callback.py:218
                    loss:1.291133, finished 97.21%.                             
           INFO     Rank: 0 - Epoch:19/20, Batch:74,    progress_callback.py:218
                    loss:1.232136, finished 97.24%.                             
[21:20:33] INFO     Rank: 0 - Epoch:19/20, Batch:75,    progress_callback.py:218
                    loss:1.434471, finished 97.27%.                             
           INFO     Rank: 0 - Epoch:19/20, Batch:76,    progress_callback.py:218
                    loss:1.562071, finished 97.3%.                              
[21:20:34] INFO     Rank: 0 - Epoch:19/20, Batch:77,    progress_callback.py:218
                    loss:1.113398, finished 97.33%.                             
           INFO     Rank: 0 - Epoch:19/20, Batch:78,    progress_callback.py:218
                    loss:1.529083, finished 97.36%.                             
           INFO     Rank: 0 - Epoch:19/20, Batch:79,    progress_callback.py:218
                    loss:1.154594, finished 97.39%.                             
[21:20:35] INFO     Rank: 0 - Epoch:19/20, Batch:80,    progress_callback.py:218
                    loss:1.108744, finished 97.42%.                             
           INFO     Rank: 0 - Epoch:19/20, Batch:81,    progress_callback.py:218
                    loss:1.370644, finished 97.45%.                             
[21:20:36] INFO     Rank: 0 - Epoch:19/20, Batch:82,    progress_callback.py:218
                    loss:1.413292, finished 97.48%.                             
           INFO     Rank: 0 - Epoch:19/20, Batch:83,    progress_callback.py:218
                    loss:1.293389, finished 97.52%.                             
[21:20:37] INFO     Rank: 0 - Epoch:19/20, Batch:84,    progress_callback.py:218
                    loss:1.515573, finished 97.55%.                             
           INFO     Rank: 0 - Epoch:19/20, Batch:85,    progress_callback.py:218
                    loss:1.21182, finished 97.58%.                              
           INFO     Rank: 0 - Epoch:19/20, Batch:86,    progress_callback.py:218
                    loss:1.32367, finished 97.61%.                              
[21:20:38] INFO     Rank: 0 - Epoch:19/20, Batch:87,    progress_callback.py:218
                    loss:1.122898, finished 97.64%.                             
           INFO     Rank: 0 - Epoch:19/20, Batch:88,    progress_callback.py:218
                    loss:1.311876, finished 97.67%.                             
[21:20:39] INFO     Rank: 0 - Epoch:19/20, Batch:89,    progress_callback.py:218
                    loss:1.248085, finished 97.7%.                              
           INFO     Rank: 0 - Epoch:19/20, Batch:90,    progress_callback.py:218
                    loss:1.34888, finished 97.73%.                              
[21:20:40] INFO     Rank: 0 - Epoch:19/20, Batch:91,    progress_callback.py:218
                    loss:1.240395, finished 97.76%.                             
           INFO     Rank: 0 - Epoch:19/20, Batch:92,    progress_callback.py:218
                    loss:1.074034, finished 97.79%.                             
           INFO     Rank: 0 - Epoch:19/20, Batch:93,    progress_callback.py:218
                    loss:1.608616, finished 97.82%.                             
[21:20:41] INFO     Rank: 0 - Epoch:19/20, Batch:94,    progress_callback.py:218
                    loss:1.483284, finished 97.85%.                             
           INFO     Rank: 0 - Epoch:19/20, Batch:95,    progress_callback.py:218
                    loss:1.448276, finished 97.88%.                             
[21:20:42] INFO     Rank: 0 - Epoch:19/20, Batch:96,    progress_callback.py:218
                    loss:1.321683, finished 97.91%.                             
           INFO     Rank: 0 - Epoch:19/20, Batch:97,    progress_callback.py:218
                    loss:1.169089, finished 97.94%.                             
[21:20:43] INFO     Rank: 0 - Epoch:19/20, Batch:98,    progress_callback.py:218
                    loss:1.463285, finished 97.97%.                             
           INFO     Rank: 0 - Epoch:19/20, Batch:99,    progress_callback.py:218
                    loss:1.5265, finished 98.0%.                                
           INFO     Rank: 0 - Epoch:19/20, Batch:100,   progress_callback.py:218
                    loss:1.488096, finished 98.03%.                             
[21:20:44] INFO     Rank: 0 - Epoch:19/20, Batch:101,   progress_callback.py:218
                    loss:1.296901, finished 98.06%.                             
           INFO     Rank: 0 - Epoch:19/20, Batch:102,   progress_callback.py:218
                    loss:1.244968, finished 98.09%.                             
[21:20:45] INFO     Rank: 0 - Epoch:19/20, Batch:103,   progress_callback.py:218
                    loss:1.466853, finished 98.12%.                             
           INFO     Rank: 0 - Epoch:19/20, Batch:104,   progress_callback.py:218
                    loss:1.296047, finished 98.15%.                             
[21:20:46] INFO     Rank: 0 - Epoch:19/20, Batch:105,   progress_callback.py:218
                    loss:1.645904, finished 98.18%.                             
           INFO     Rank: 0 -                                   evaluator.py:317
                    **********Evaluation starts**********                       
[21:21:17] INFO     Rank: 0 - **********Evaluation              evaluator.py:349
                    ends**********                                              
                                                                                
           INFO     Rank: 0 - ----------Eval. results   progress_callback.py:233
                    on Epoch:19, Batch:105----------                            
           INFO     Rank: 0 -                           progress_callback.py:238
                    {"torch_ngram#ngram-overlap":                               
                    0.38500550389289856}                                        
[21:21:18] INFO     Rank: 0 - Epoch:19/20, Batch:106,   progress_callback.py:218
                    loss:1.287756, finished 98.21%.                             
           INFO     Rank: 0 - Epoch:19/20, Batch:107,   progress_callback.py:218
                    loss:1.481417, finished 98.24%.                             
[21:21:19] INFO     Rank: 0 - Epoch:19/20, Batch:108,   progress_callback.py:218
                    loss:1.141223, finished 98.27%.                             
           INFO     Rank: 0 - Epoch:19/20, Batch:109,   progress_callback.py:218
                    loss:1.521777, finished 98.3%.                              
[21:21:20] INFO     Rank: 0 - Epoch:19/20, Batch:110,   progress_callback.py:218
                    loss:1.193439, finished 98.33%.                             
           INFO     Rank: 0 - Epoch:19/20, Batch:111,   progress_callback.py:218
                    loss:1.051405, finished 98.36%.                             
           INFO     Rank: 0 - Epoch:19/20, Batch:112,   progress_callback.py:218
                    loss:1.354574, finished 98.39%.                             
[21:21:21] INFO     Rank: 0 - Epoch:19/20, Batch:113,   progress_callback.py:218
                    loss:1.37719, finished 98.42%.                              
           INFO     Rank: 0 - Epoch:19/20, Batch:114,   progress_callback.py:218
                    loss:1.017762, finished 98.45%.                             
[21:21:22] INFO     Rank: 0 - Epoch:19/20, Batch:115,   progress_callback.py:218
                    loss:1.427629, finished 98.48%.                             
           INFO     Rank: 0 - Epoch:19/20, Batch:116,   progress_callback.py:218
                    loss:1.372923, finished 98.52%.                             
[21:21:23] INFO     Rank: 0 - Epoch:19/20, Batch:117,   progress_callback.py:218
                    loss:1.161585, finished 98.55%.                             
           INFO     Rank: 0 - Epoch:19/20, Batch:118,   progress_callback.py:218
                    loss:1.254679, finished 98.58%.                             
           INFO     Rank: 0 - Epoch:19/20, Batch:119,   progress_callback.py:218
                    loss:1.181966, finished 98.61%.                             
[21:21:24] INFO     Rank: 0 - Epoch:19/20, Batch:120,   progress_callback.py:218
                    loss:1.263033, finished 98.64%.                             
           INFO     Rank: 0 - Epoch:19/20, Batch:121,   progress_callback.py:218
                    loss:1.466038, finished 98.67%.                             
[21:21:25] INFO     Rank: 0 - Epoch:19/20, Batch:122,   progress_callback.py:218
                    loss:1.053768, finished 98.7%.                              
           INFO     Rank: 0 - Epoch:19/20, Batch:123,   progress_callback.py:218
                    loss:1.202729, finished 98.73%.                             
[21:21:26] INFO     Rank: 0 - Epoch:19/20, Batch:124,   progress_callback.py:218
                    loss:0.990137, finished 98.76%.                             
           INFO     Rank: 0 - Epoch:19/20, Batch:125,   progress_callback.py:218
                    loss:1.170267, finished 98.79%.                             
           INFO     Rank: 0 - Epoch:19/20, Batch:126,   progress_callback.py:218
                    loss:1.203517, finished 98.82%.                             
[21:21:27] INFO     Rank: 0 - Epoch:19/20, Batch:127,   progress_callback.py:218
                    loss:1.401632, finished 98.85%.                             
           INFO     Rank: 0 - Epoch:19/20, Batch:128,   progress_callback.py:218
                    loss:1.302792, finished 98.88%.                             
[21:21:28] INFO     Rank: 0 - Epoch:19/20, Batch:129,   progress_callback.py:218
                    loss:1.45259, finished 98.91%.                              
           INFO     Rank: 0 - Epoch:19/20, Batch:130,   progress_callback.py:218
                    loss:1.005734, finished 98.94%.                             
           INFO     Rank: 0 - Epoch:19/20, Batch:131,   progress_callback.py:218
                    loss:1.429606, finished 98.97%.                             
[21:21:29] INFO     Rank: 0 - Epoch:19/20, Batch:132,   progress_callback.py:218
                    loss:1.458176, finished 99.0%.                              
           INFO     Rank: 0 - Epoch:19/20, Batch:133,   progress_callback.py:218
                    loss:1.480114, finished 99.03%.                             
[21:21:30] INFO     Rank: 0 - Epoch:19/20, Batch:134,   progress_callback.py:218
                    loss:1.253458, finished 99.06%.                             
           INFO     Rank: 0 - Epoch:19/20, Batch:135,   progress_callback.py:218
                    loss:1.552186, finished 99.09%.                             
[21:21:31] INFO     Rank: 0 - Epoch:19/20, Batch:136,   progress_callback.py:218
                    loss:1.215244, finished 99.12%.                             
           INFO     Rank: 0 - Epoch:19/20, Batch:137,   progress_callback.py:218
                    loss:1.214777, finished 99.15%.                             
           INFO     Rank: 0 - Epoch:19/20, Batch:138,   progress_callback.py:218
                    loss:1.371289, finished 99.18%.                             
[21:21:32] INFO     Rank: 0 - Epoch:19/20, Batch:139,   progress_callback.py:218
                    loss:1.327154, finished 99.21%.                             
           INFO     Rank: 0 - Epoch:19/20, Batch:140,   progress_callback.py:218
                    loss:1.128951, finished 99.24%.                             
[21:21:33] INFO     Rank: 0 - Epoch:19/20, Batch:141,   progress_callback.py:218
                    loss:1.303867, finished 99.27%.                             
           INFO     Rank: 0 - Epoch:19/20, Batch:142,   progress_callback.py:218
                    loss:1.396302, finished 99.3%.                              
[21:21:34] INFO     Rank: 0 - Epoch:19/20, Batch:143,   progress_callback.py:218
                    loss:0.966786, finished 99.33%.                             
           INFO     Rank: 0 - Epoch:19/20, Batch:144,   progress_callback.py:218
                    loss:0.988114, finished 99.36%.                             
           INFO     Rank: 0 - Epoch:19/20, Batch:145,   progress_callback.py:218
                    loss:1.229212, finished 99.39%.                             
           INFO     Rank: 0 -                                   evaluator.py:317
                    **********Evaluation starts**********                       
[21:22:07] INFO     Rank: 0 - **********Evaluation              evaluator.py:349
                    ends**********                                              
                                                                                
           INFO     Rank: 0 - ----------Eval. results   progress_callback.py:233
                    on Epoch:19, Batch:145----------                            
           INFO     Rank: 0 -                           progress_callback.py:238
                    {"torch_ngram#ngram-overlap":                               
                    0.39024701714515686}                                        
 ============= save model at results/ ============= 
 ============= save optimizer at results/.optm ============= 
[21:22:11] INFO     Rank: 0 - Epoch:19/20, Batch:146,   progress_callback.py:218
                    loss:0.810067, finished 99.42%.                             
[21:22:12] INFO     Rank: 0 - Epoch:19/20, Batch:147,   progress_callback.py:218
                    loss:1.46551, finished 99.45%.                              
           INFO     Rank: 0 - Epoch:19/20, Batch:148,   progress_callback.py:218
                    loss:1.345168, finished 99.48%.                             
           INFO     Rank: 0 - Epoch:19/20, Batch:149,   progress_callback.py:218
                    loss:1.096339, finished 99.52%.                             
[21:22:13] INFO     Rank: 0 - Epoch:19/20, Batch:150,   progress_callback.py:218
                    loss:1.138479, finished 99.55%.                             
           INFO     Rank: 0 - Epoch:19/20, Batch:151,   progress_callback.py:218
                    loss:1.401873, finished 99.58%.                             
[21:22:14] INFO     Rank: 0 - Epoch:19/20, Batch:152,   progress_callback.py:218
                    loss:1.480526, finished 99.61%.                             
           INFO     Rank: 0 - Epoch:19/20, Batch:153,   progress_callback.py:218
                    loss:1.598626, finished 99.64%.                             
[21:22:15] INFO     Rank: 0 - Epoch:19/20, Batch:154,   progress_callback.py:218
                    loss:1.301596, finished 99.67%.                             
           INFO     Rank: 0 - Epoch:19/20, Batch:155,   progress_callback.py:218
                    loss:1.066611, finished 99.7%.                              
           INFO     Rank: 0 - Epoch:19/20, Batch:156,   progress_callback.py:218
                    loss:1.191186, finished 99.73%.                             
[21:22:16] INFO     Rank: 0 - Epoch:19/20, Batch:157,   progress_callback.py:218
                    loss:1.262831, finished 99.76%.                             
           INFO     Rank: 0 - Epoch:19/20, Batch:158,   progress_callback.py:218
                    loss:1.210455, finished 99.79%.                             
[21:22:17] INFO     Rank: 0 - Epoch:19/20, Batch:159,   progress_callback.py:218
                    loss:1.4574, finished 99.82%.                               
           INFO     Rank: 0 - Epoch:19/20, Batch:160,   progress_callback.py:218
                    loss:0.902133, finished 99.85%.                             
           INFO     Rank: 0 - Epoch:19/20, Batch:161,   progress_callback.py:218
                    loss:1.456002, finished 99.88%.                             
[21:22:18] INFO     Rank: 0 - Epoch:19/20, Batch:162,   progress_callback.py:218
                    loss:1.088149, finished 99.91%.                             
           INFO     Rank: 0 - Epoch:19/20, Batch:163,   progress_callback.py:218
                    loss:1.181441, finished 99.94%.                             
[21:22:19] INFO     Rank: 0 - Epoch:19/20, Batch:164,   progress_callback.py:218
                    loss:1.20599, finished 99.97%.                              
           INFO     Rank: 0 - Epoch:19/20, Batch:165,   progress_callback.py:218
                    loss:1.256592, finished 100.0%.                             
/home/bingxing2/gpuuser356/.conda/envs/CoNT_py37/lib/python3.7/site-packages/transformers/models/t5/tokenization_t5_fast.py:166: FutureWarning: This tokenizer was incorrectly instantiated with a model max length of 512 which will be corrected in Transformers v5.
For now, this behavior is kept to avoid breaking backwards compatibility when padding/encoding with `truncation is True`.
- Be aware that you SHOULD NOT rely on t5-small automatically truncating your input to 512 when padding/encoding.
- If you want to encode/pad to sequences longer than 512 you can either instantiate this tokenizer with `model_max_length` or pass `max_length` when encoding/padding.
- To avoid this warning, please instantiate this tokenizer with `model_max_length` set to your preferred value.
  FutureWarning,
/home/bingxing2/gpuuser356/.conda/envs/CoNT_py37/lib/python3.7/site-packages/transformers/models/t5/tokenization_t5_fast.py:166: FutureWarning: This tokenizer was incorrectly instantiated with a model max length of 512 which will be corrected in Transformers v5.
For now, this behavior is kept to avoid breaking backwards compatibility when padding/encoding with `truncation is True`.
- Be aware that you SHOULD NOT rely on t5-small automatically truncating your input to 512 when padding/encoding.
- If you want to encode/pad to sequences longer than 512 you can either instantiate this tokenizer with `model_max_length` or pass `max_length` when encoding/padding.
- To avoid this warning, please instantiate this tokenizer with `model_max_length` set to your preferred value.
  FutureWarning,
