========== Contrastive learning based training... ==========
[15:17:59] INFO     The checkpoint will be saved in this folder   callback.py:20
                    for this time: 2023-03-29-15_17_50_221845                   
加载 results/2023-03-27-11_17_48_518372/epoch-39_step-1640.pt
[15:21:33] WARNING  Rank: 0 -                                         ddp.py:530
                                                                                
                    fucking hei                                                 
                                                                                
                                                                                
CoNTGenerator(
  (generator): T5ForConditionalGeneration(
    (shared): Embedding(32128, 512)
    (encoder): T5Stack(
      (embed_tokens): Embedding(32128, 512)
      (block): ModuleList(
        (0): T5Block(
          (layer): ModuleList(
            (0): T5LayerSelfAttention(
              (SelfAttention): T5Attention(
                (q): Linear(in_features=512, out_features=512, bias=False)
                (k): Linear(in_features=512, out_features=512, bias=False)
                (v): Linear(in_features=512, out_features=512, bias=False)
                (o): Linear(in_features=512, out_features=512, bias=False)
                (relative_attention_bias): Embedding(32, 8)
              )
              (layer_norm): T5LayerNorm()
              (dropout): Dropout(p=0.1, inplace=False)
            )
            (1): T5LayerFF(
              (DenseReluDense): T5DenseActDense(
                (wi): Linear(in_features=512, out_features=2048, bias=False)
                (wo): Linear(in_features=2048, out_features=512, bias=False)
                (dropout): Dropout(p=0.1, inplace=False)
                (act): ReLU()
              )
              (layer_norm): T5LayerNorm()
              (dropout): Dropout(p=0.1, inplace=False)
            )
          )
        )
        (1): T5Block(
          (layer): ModuleList(
            (0): T5LayerSelfAttention(
              (SelfAttention): T5Attention(
                (q): Linear(in_features=512, out_features=512, bias=False)
                (k): Linear(in_features=512, out_features=512, bias=False)
                (v): Linear(in_features=512, out_features=512, bias=False)
                (o): Linear(in_features=512, out_features=512, bias=False)
              )
              (layer_norm): T5LayerNorm()
              (dropout): Dropout(p=0.1, inplace=False)
            )
            (1): T5LayerFF(
              (DenseReluDense): T5DenseActDense(
                (wi): Linear(in_features=512, out_features=2048, bias=False)
                (wo): Linear(in_features=2048, out_features=512, bias=False)
                (dropout): Dropout(p=0.1, inplace=False)
                (act): ReLU()
              )
              (layer_norm): T5LayerNorm()
              (dropout): Dropout(p=0.1, inplace=False)
            )
          )
        )
        (2): T5Block(
          (layer): ModuleList(
            (0): T5LayerSelfAttention(
              (SelfAttention): T5Attention(
                (q): Linear(in_features=512, out_features=512, bias=False)
                (k): Linear(in_features=512, out_features=512, bias=False)
                (v): Linear(in_features=512, out_features=512, bias=False)
                (o): Linear(in_features=512, out_features=512, bias=False)
              )
              (layer_norm): T5LayerNorm()
              (dropout): Dropout(p=0.1, inplace=False)
            )
            (1): T5LayerFF(
              (DenseReluDense): T5DenseActDense(
                (wi): Linear(in_features=512, out_features=2048, bias=False)
                (wo): Linear(in_features=2048, out_features=512, bias=False)
                (dropout): Dropout(p=0.1, inplace=False)
                (act): ReLU()
              )
              (layer_norm): T5LayerNorm()
              (dropout): Dropout(p=0.1, inplace=False)
            )
          )
        )
        (3): T5Block(
          (layer): ModuleList(
            (0): T5LayerSelfAttention(
              (SelfAttention): T5Attention(
                (q): Linear(in_features=512, out_features=512, bias=False)
                (k): Linear(in_features=512, out_features=512, bias=False)
                (v): Linear(in_features=512, out_features=512, bias=False)
                (o): Linear(in_features=512, out_features=512, bias=False)
              )
              (layer_norm): T5LayerNorm()
              (dropout): Dropout(p=0.1, inplace=False)
            )
            (1): T5LayerFF(
              (DenseReluDense): T5DenseActDense(
                (wi): Linear(in_features=512, out_features=2048, bias=False)
                (wo): Linear(in_features=2048, out_features=512, bias=False)
                (dropout): Dropout(p=0.1, inplace=False)
                (act): ReLU()
              )
              (layer_norm): T5LayerNorm()
              (dropout): Dropout(p=0.1, inplace=False)
            )
          )
        )
        (4): T5Block(
          (layer): ModuleList(
            (0): T5LayerSelfAttention(
              (SelfAttention): T5Attention(
                (q): Linear(in_features=512, out_features=512, bias=False)
                (k): Linear(in_features=512, out_features=512, bias=False)
                (v): Linear(in_features=512, out_features=512, bias=False)
                (o): Linear(in_features=512, out_features=512, bias=False)
              )
              (layer_norm): T5LayerNorm()
              (dropout): Dropout(p=0.1, inplace=False)
            )
            (1): T5LayerFF(
              (DenseReluDense): T5DenseActDense(
                (wi): Linear(in_features=512, out_features=2048, bias=False)
                (wo): Linear(in_features=2048, out_features=512, bias=False)
                (dropout): Dropout(p=0.1, inplace=False)
                (act): ReLU()
              )
              (layer_norm): T5LayerNorm()
              (dropout): Dropout(p=0.1, inplace=False)
            )
          )
        )
        (5): T5Block(
          (layer): ModuleList(
            (0): T5LayerSelfAttention(
              (SelfAttention): T5Attention(
                (q): Linear(in_features=512, out_features=512, bias=False)
                (k): Linear(in_features=512, out_features=512, bias=False)
                (v): Linear(in_features=512, out_features=512, bias=False)
                (o): Linear(in_features=512, out_features=512, bias=False)
              )
              (layer_norm): T5LayerNorm()
              (dropout): Dropout(p=0.1, inplace=False)
            )
            (1): T5LayerFF(
              (DenseReluDense): T5DenseActDense(
                (wi): Linear(in_features=512, out_features=2048, bias=False)
                (wo): Linear(in_features=2048, out_features=512, bias=False)
                (dropout): Dropout(p=0.1, inplace=False)
                (act): ReLU()
              )
              (layer_norm): T5LayerNorm()
              (dropout): Dropout(p=0.1, inplace=False)
            )
          )
        )
      )
      (final_layer_norm): T5LayerNorm()
      (dropout): Dropout(p=0.1, inplace=False)
    )
    (decoder): T5Stack(
      (embed_tokens): Embedding(32128, 512)
      (block): ModuleList(
        (0): T5Block(
          (layer): ModuleList(
            (0): T5LayerSelfAttention(
              (SelfAttention): T5Attention(
                (q): Linear(in_features=512, out_features=512, bias=False)
                (k): Linear(in_features=512, out_features=512, bias=False)
                (v): Linear(in_features=512, out_features=512, bias=False)
                (o): Linear(in_features=512, out_features=512, bias=False)
                (relative_attention_bias): Embedding(32, 8)
              )
              (layer_norm): T5LayerNorm()
              (dropout): Dropout(p=0.1, inplace=False)
            )
            (1): T5LayerCrossAttention(
              (EncDecAttention): T5Attention(
                (q): Linear(in_features=512, out_features=512, bias=False)
                (k): Linear(in_features=512, out_features=512, bias=False)
                (v): Linear(in_features=512, out_features=512, bias=False)
                (o): Linear(in_features=512, out_features=512, bias=False)
              )
              (layer_norm): T5LayerNorm()
              (dropout): Dropout(p=0.1, inplace=False)
            )
            (2): T5LayerFF(
              (DenseReluDense): T5DenseActDense(
                (wi): Linear(in_features=512, out_features=2048, bias=False)
                (wo): Linear(in_features=2048, out_features=512, bias=False)
                (dropout): Dropout(p=0.1, inplace=False)
                (act): ReLU()
              )
              (layer_norm): T5LayerNorm()
              (dropout): Dropout(p=0.1, inplace=False)
            )
          )
        )
        (1): T5Block(
          (layer): ModuleList(
            (0): T5LayerSelfAttention(
              (SelfAttention): T5Attention(
                (q): Linear(in_features=512, out_features=512, bias=False)
                (k): Linear(in_features=512, out_features=512, bias=False)
                (v): Linear(in_features=512, out_features=512, bias=False)
                (o): Linear(in_features=512, out_features=512, bias=False)
              )
              (layer_norm): T5LayerNorm()
              (dropout): Dropout(p=0.1, inplace=False)
            )
            (1): T5LayerCrossAttention(
              (EncDecAttention): T5Attention(
                (q): Linear(in_features=512, out_features=512, bias=False)
                (k): Linear(in_features=512, out_features=512, bias=False)
                (v): Linear(in_features=512, out_features=512, bias=False)
                (o): Linear(in_features=512, out_features=512, bias=False)
              )
              (layer_norm): T5LayerNorm()
              (dropout): Dropout(p=0.1, inplace=False)
            )
            (2): T5LayerFF(
              (DenseReluDense): T5DenseActDense(
                (wi): Linear(in_features=512, out_features=2048, bias=False)
                (wo): Linear(in_features=2048, out_features=512, bias=False)
                (dropout): Dropout(p=0.1, inplace=False)
                (act): ReLU()
              )
              (layer_norm): T5LayerNorm()
              (dropout): Dropout(p=0.1, inplace=False)
            )
          )
        )
        (2): T5Block(
          (layer): ModuleList(
            (0): T5LayerSelfAttention(
              (SelfAttention): T5Attention(
                (q): Linear(in_features=512, out_features=512, bias=False)
                (k): Linear(in_features=512, out_features=512, bias=False)
                (v): Linear(in_features=512, out_features=512, bias=False)
                (o): Linear(in_features=512, out_features=512, bias=False)
              )
              (layer_norm): T5LayerNorm()
              (dropout): Dropout(p=0.1, inplace=False)
            )
            (1): T5LayerCrossAttention(
              (EncDecAttention): T5Attention(
                (q): Linear(in_features=512, out_features=512, bias=False)
                (k): Linear(in_features=512, out_features=512, bias=False)
                (v): Linear(in_features=512, out_features=512, bias=False)
                (o): Linear(in_features=512, out_features=512, bias=False)
              )
              (layer_norm): T5LayerNorm()
              (dropout): Dropout(p=0.1, inplace=False)
            )
            (2): T5LayerFF(
              (DenseReluDense): T5DenseActDense(
                (wi): Linear(in_features=512, out_features=2048, bias=False)
                (wo): Linear(in_features=2048, out_features=512, bias=False)
                (dropout): Dropout(p=0.1, inplace=False)
                (act): ReLU()
              )
              (layer_norm): T5LayerNorm()
              (dropout): Dropout(p=0.1, inplace=False)
            )
          )
        )
        (3): T5Block(
          (layer): ModuleList(
            (0): T5LayerSelfAttention(
              (SelfAttention): T5Attention(
                (q): Linear(in_features=512, out_features=512, bias=False)
                (k): Linear(in_features=512, out_features=512, bias=False)
                (v): Linear(in_features=512, out_features=512, bias=False)
                (o): Linear(in_features=512, out_features=512, bias=False)
              )
              (layer_norm): T5LayerNorm()
              (dropout): Dropout(p=0.1, inplace=False)
            )
            (1): T5LayerCrossAttention(
              (EncDecAttention): T5Attention(
                (q): Linear(in_features=512, out_features=512, bias=False)
                (k): Linear(in_features=512, out_features=512, bias=False)
                (v): Linear(in_features=512, out_features=512, bias=False)
                (o): Linear(in_features=512, out_features=512, bias=False)
              )
              (layer_norm): T5LayerNorm()
              (dropout): Dropout(p=0.1, inplace=False)
            )
            (2): T5LayerFF(
              (DenseReluDense): T5DenseActDense(
                (wi): Linear(in_features=512, out_features=2048, bias=False)
                (wo): Linear(in_features=2048, out_features=512, bias=False)
                (dropout): Dropout(p=0.1, inplace=False)
                (act): ReLU()
              )
              (layer_norm): T5LayerNorm()
              (dropout): Dropout(p=0.1, inplace=False)
            )
          )
        )
        (4): T5Block(
          (layer): ModuleList(
            (0): T5LayerSelfAttention(
              (SelfAttention): T5Attention(
                (q): Linear(in_features=512, out_features=512, bias=False)
                (k): Linear(in_features=512, out_features=512, bias=False)
                (v): Linear(in_features=512, out_features=512, bias=False)
                (o): Linear(in_features=512, out_features=512, bias=False)
              )
              (layer_norm): T5LayerNorm()
              (dropout): Dropout(p=0.1, inplace=False)
            )
            (1): T5LayerCrossAttention(
              (EncDecAttention): T5Attention(
                (q): Linear(in_features=512, out_features=512, bias=False)
                (k): Linear(in_features=512, out_features=512, bias=False)
                (v): Linear(in_features=512, out_features=512, bias=False)
                (o): Linear(in_features=512, out_features=512, bias=False)
              )
              (layer_norm): T5LayerNorm()
              (dropout): Dropout(p=0.1, inplace=False)
            )
            (2): T5LayerFF(
              (DenseReluDense): T5DenseActDense(
                (wi): Linear(in_features=512, out_features=2048, bias=False)
                (wo): Linear(in_features=2048, out_features=512, bias=False)
                (dropout): Dropout(p=0.1, inplace=False)
                (act): ReLU()
              )
              (layer_norm): T5LayerNorm()
              (dropout): Dropout(p=0.1, inplace=False)
            )
          )
        )
        (5): T5Block(
          (layer): ModuleList(
            (0): T5LayerSelfAttention(
              (SelfAttention): T5Attention(
                (q): Linear(in_features=512, out_features=512, bias=False)
                (k): Linear(in_features=512, out_features=512, bias=False)
                (v): Linear(in_features=512, out_features=512, bias=False)
                (o): Linear(in_features=512, out_features=512, bias=False)
              )
              (layer_norm): T5LayerNorm()
              (dropout): Dropout(p=0.1, inplace=False)
            )
            (1): T5LayerCrossAttention(
              (EncDecAttention): T5Attention(
                (q): Linear(in_features=512, out_features=512, bias=False)
                (k): Linear(in_features=512, out_features=512, bias=False)
                (v): Linear(in_features=512, out_features=512, bias=False)
                (o): Linear(in_features=512, out_features=512, bias=False)
              )
              (layer_norm): T5LayerNorm()
              (dropout): Dropout(p=0.1, inplace=False)
            )
            (2): T5LayerFF(
              (DenseReluDense): T5DenseActDense(
                (wi): Linear(in_features=512, out_features=2048, bias=False)
                (wo): Linear(in_features=2048, out_features=512, bias=False)
                (dropout): Dropout(p=0.1, inplace=False)
                (act): ReLU()
              )
              (layer_norm): T5LayerNorm()
              (dropout): Dropout(p=0.1, inplace=False)
            )
          )
        )
      )
      (final_layer_norm): T5LayerNorm()
      (dropout): Dropout(p=0.1, inplace=False)
    )
    (lm_head): Linear(in_features=512, out_features=32128, bias=False)
  )
  (linear_layer): Linear(in_features=512, out_features=512, bias=True)
  (loss_fct): CrossEntropyLoss()
)



<class 'model.model.CoNTGenerator'>



           INFO     Rank: 0 - Running evaluator sanity check for  trainer.py:661
                    2 batches.                                                  
           INFO     Rank: 0 -                                   evaluator.py:317
                    **********Evaluation starts**********                       
[15:21:42] INFO     Rank: 0 - **********Evaluation              evaluator.py:349
                    ends**********                                              
                                                                                
           INFO     Rank: 0 -                           progress_callback.py:204
                    **********Epoch:0 starts**********                          
[15:21:47] INFO     Rank: 0 - Contrastive loss is                 callback.py:66
                    0.7010959982872009, nll_loss is                             
                    0.6451831459999084                                          
[15:21:54] INFO     Rank: 0 - Epoch:0/60, Batch:1,      progress_callback.py:218
                    loss:1.346279, finished 0.03%.                              
[15:22:02] INFO     Rank: 0 - Epoch:0/60, Batch:2,      progress_callback.py:218
                    loss:1.210014, finished 0.06%.                              
[15:22:12] INFO     Rank: 0 - Epoch:0/60, Batch:3,      progress_callback.py:218
                    loss:1.533854, finished 0.1%.                               
[15:22:19] INFO     Rank: 0 - Epoch:0/60, Batch:4,      progress_callback.py:218
                    loss:1.62646, finished 0.13%.                               
[15:22:27] INFO     Rank: 0 - Epoch:0/60, Batch:5,      progress_callback.py:218
                    loss:1.16763, finished 0.16%.                               
[15:22:34] INFO     Rank: 0 - Epoch:0/60, Batch:6,      progress_callback.py:218
                    loss:1.392035, finished 0.19%.                              
[15:22:41] INFO     Rank: 0 - Epoch:0/60, Batch:7,      progress_callback.py:218
                    loss:1.202091, finished 0.22%.                              
[15:22:49] INFO     Rank: 0 - Epoch:0/60, Batch:8,      progress_callback.py:218
                    loss:1.530628, finished 0.26%.                              
[15:22:55] INFO     Rank: 0 - Epoch:0/60, Batch:9,      progress_callback.py:218
                    loss:1.352692, finished 0.29%.                              
[15:23:04] INFO     Rank: 0 - Epoch:0/60, Batch:10,     progress_callback.py:218
                    loss:1.070522, finished 0.32%.                              
[15:23:10] INFO     Rank: 0 - Contrastive loss is                 callback.py:66
                    0.670550537109375, nll_loss is                              
                    0.6856711030006408                                          
[15:23:11] INFO     Rank: 0 - Epoch:0/60, Batch:11,     progress_callback.py:218
                    loss:1.47629, finished 0.35%.                               
[15:23:17] INFO     Rank: 0 - Epoch:0/60, Batch:12,     progress_callback.py:218
                    loss:1.478824, finished 0.38%.                              
[15:23:26] INFO     Rank: 0 - Epoch:0/60, Batch:13,     progress_callback.py:218
                    loss:1.377398, finished 0.42%.                              
[15:23:37] INFO     Rank: 0 - Epoch:0/60, Batch:14,     progress_callback.py:218
                    loss:1.277705, finished 0.45%.                              
[15:23:45] INFO     Rank: 0 - Epoch:0/60, Batch:15,     progress_callback.py:218
                    loss:1.135573, finished 0.48%.                              
[15:23:54] INFO     Rank: 0 - Epoch:0/60, Batch:16,     progress_callback.py:218
                    loss:1.28045, finished 0.51%.                               
[15:24:00] INFO     Rank: 0 - Epoch:0/60, Batch:17,     progress_callback.py:218
                    loss:1.449152, finished 0.54%.                              
[15:24:10] INFO     Rank: 0 - Epoch:0/60, Batch:18,     progress_callback.py:218
                    loss:1.377993, finished 0.58%.                              
[15:24:21] INFO     Rank: 0 - Epoch:0/60, Batch:19,     progress_callback.py:218
                    loss:1.369463, finished 0.61%.                              
[15:24:29] INFO     Rank: 0 - Epoch:0/60, Batch:20,     progress_callback.py:218
                    loss:1.244516, finished 0.64%.                              
[15:24:36] INFO     Rank: 0 - Contrastive loss is                 callback.py:66
                    0.6945416510105134, nll_loss is                             
                    0.6145294845104218                                          
[15:24:37] INFO     Rank: 0 - Epoch:0/60, Batch:21,     progress_callback.py:218
                    loss:1.099638, finished 0.67%.                              
[15:24:48] INFO     Rank: 0 - Epoch:0/60, Batch:22,     progress_callback.py:218
                    loss:1.380755, finished 0.71%.                              
[15:24:57] INFO     Rank: 0 - Epoch:0/60, Batch:23,     progress_callback.py:218
                    loss:1.277633, finished 0.74%.                              
[15:25:08] INFO     Rank: 0 - Epoch:0/60, Batch:24,     progress_callback.py:218
                    loss:1.261948, finished 0.77%.                              
[15:25:19] INFO     Rank: 0 - Epoch:0/60, Batch:25,     progress_callback.py:218
                    loss:1.225748, finished 0.8%.                               
[15:25:29] INFO     Rank: 0 - Epoch:0/60, Batch:26,     progress_callback.py:218
                    loss:1.382514, finished 0.83%.                              
[15:25:37] INFO     Rank: 0 - Epoch:0/60, Batch:27,     progress_callback.py:218
                    loss:1.535211, finished 0.87%.                              
[15:25:50] INFO     Rank: 0 - Epoch:0/60, Batch:28,     progress_callback.py:218
                    loss:1.264403, finished 0.9%.                               
[15:25:58] INFO     Rank: 0 - Epoch:0/60, Batch:29,     progress_callback.py:218
                    loss:1.330502, finished 0.93%.                              
[15:26:07] INFO     Rank: 0 - Epoch:0/60, Batch:30,     progress_callback.py:218
                    loss:1.437911, finished 0.96%.                              
[15:26:15] INFO     Rank: 0 - Contrastive loss is                 callback.py:66
                    0.6926760137081146, nll_loss is                             
                    0.6447031557559967                                          
[15:26:19] INFO     Rank: 0 - Epoch:0/60, Batch:31,     progress_callback.py:218
                    loss:1.277167, finished 0.99%.                              
[15:26:30] INFO     Rank: 0 - Epoch:0/60, Batch:32,     progress_callback.py:218
                    loss:1.213026, finished 1.03%.                              
[15:26:37] INFO     Rank: 0 - Epoch:0/60, Batch:33,     progress_callback.py:218
                    loss:1.375315, finished 1.06%.                              
[15:26:50] INFO     Rank: 0 - Epoch:0/60, Batch:34,     progress_callback.py:218
                    loss:1.315847, finished 1.09%.                              
[15:26:59] INFO     Rank: 0 - Epoch:0/60, Batch:35,     progress_callback.py:218
                    loss:1.53802, finished 1.12%.                               
[15:27:11] INFO     Rank: 0 - Epoch:0/60, Batch:36,     progress_callback.py:218
                    loss:1.245924, finished 1.15%.                              
[15:27:25] INFO     Rank: 0 - Epoch:0/60, Batch:37,     progress_callback.py:218
                    loss:1.274377, finished 1.19%.                              
[15:27:36] INFO     Rank: 0 - Epoch:0/60, Batch:38,     progress_callback.py:218
                    loss:1.172207, finished 1.22%.                              
[15:27:45] INFO     Rank: 0 - Epoch:0/60, Batch:39,     progress_callback.py:218
                    loss:1.211185, finished 1.25%.                              
[15:27:57] INFO     Rank: 0 - Epoch:0/60, Batch:40,     progress_callback.py:218
                    loss:1.141022, finished 1.28%.                              
           INFO     Rank: 0 -                                   evaluator.py:317
                    **********Evaluation starts**********                       
[15:28:10] INFO     Rank: 0 - **********Evaluation              evaluator.py:349
                    ends**********                                              
                                                                                
           INFO     Rank: 0 - ----------Eval. results   progress_callback.py:233
                    on Epoch:0, Batch:40----------                              
           INFO     Rank: 0 -                           progress_callback.py:238
                    {"torch_ngram#ngram-overlap":                               
                    0.45218226313591003}                                        
 ============= save model at results/2023-03-29-15_17_50_221845/epoch-0_step-40.pt ============= 
[15:28:21] INFO     Rank: 0 - Contrastive loss is                 callback.py:66
                    0.663634204864502, nll_loss is                              
                    0.621518862247467                                           
           INFO     Rank: 0 - Epoch:0/60, Batch:41,     progress_callback.py:218
                    loss:1.364608, finished 1.31%.                              
[15:28:30] INFO     Rank: 0 - Epoch:0/60, Batch:42,     progress_callback.py:218
                    loss:1.138451, finished 1.35%.                              
[15:28:39] INFO     Rank: 0 - Epoch:0/60, Batch:43,     progress_callback.py:218
                    loss:1.468396, finished 1.38%.                              
[15:28:49] INFO     Rank: 0 - Epoch:0/60, Batch:44,     progress_callback.py:218
                    loss:1.235298, finished 1.41%.                              
[15:29:02] INFO     Rank: 0 - Epoch:0/60, Batch:45,     progress_callback.py:218
                    loss:1.593321, finished 1.44%.                              
[15:29:12] INFO     Rank: 0 - Epoch:0/60, Batch:46,     progress_callback.py:218
                    loss:1.411916, finished 1.47%.                              
[15:29:24] INFO     Rank: 0 - Epoch:0/60, Batch:47,     progress_callback.py:218
                    loss:1.17149, finished 1.51%.                               
[15:29:31] INFO     Rank: 0 - Epoch:0/60, Batch:48,     progress_callback.py:218
                    loss:1.419284, finished 1.54%.                              
[15:29:42] INFO     Rank: 0 - Epoch:0/60, Batch:49,     progress_callback.py:218
                    loss:1.114099, finished 1.57%.                              
[15:29:54] INFO     Rank: 0 - Epoch:0/60, Batch:50,     progress_callback.py:218
                    loss:1.398312, finished 1.6%.                               
[15:30:02] INFO     Rank: 0 - Contrastive loss is                 callback.py:66
                    0.7052911937236785, nll_loss is                             
                    0.6042485773563385                                          
[15:30:04] INFO     Rank: 0 - Epoch:0/60, Batch:51,     progress_callback.py:218
                    loss:1.144832, finished 1.63%.                              
[15:30:15] INFO     Rank: 0 - Epoch:0/60, Batch:52,     progress_callback.py:218
                    loss:1.360555, finished 1.67%.                              
           INFO     Rank: 0 -                           progress_callback.py:204
                    **********Epoch:1 starts**********                          
[15:30:27] INFO     Rank: 0 - Epoch:1/60, Batch:1,      progress_callback.py:218
                    loss:1.177189, finished 1.7%.                               
[15:30:39] INFO     Rank: 0 - Epoch:1/60, Batch:2,      progress_callback.py:218
                    loss:1.151688, finished 1.73%.                              
[15:30:47] INFO     Rank: 0 - Epoch:1/60, Batch:3,      progress_callback.py:218
                    loss:0.917266, finished 1.76%.                              
[15:30:54] INFO     Rank: 0 - Epoch:1/60, Batch:4,      progress_callback.py:218
                    loss:1.273024, finished 1.79%.                              
[15:31:01] INFO     Rank: 0 - Epoch:1/60, Batch:5,      progress_callback.py:218
                    loss:1.398086, finished 1.83%.                              
[15:31:08] INFO     Rank: 0 - Epoch:1/60, Batch:6,      progress_callback.py:218
                    loss:1.358595, finished 1.86%.                              
[15:31:16] INFO     Rank: 0 - Epoch:1/60, Batch:7,      progress_callback.py:218
                    loss:1.211266, finished 1.89%.                              
[15:31:22] INFO     Rank: 0 - Epoch:1/60, Batch:8,      progress_callback.py:218
                    loss:1.336245, finished 1.92%.                              
[15:31:28] INFO     Rank: 0 - Contrastive loss is                 callback.py:66
                    0.6523099064826965, nll_loss is                             
                    0.6331257939338684                                          
[15:31:33] INFO     Rank: 0 - Epoch:1/60, Batch:9,      progress_callback.py:218
                    loss:1.670442, finished 1.96%.                              
[15:31:40] INFO     Rank: 0 - Epoch:1/60, Batch:10,     progress_callback.py:218
                    loss:1.357824, finished 1.99%.                              
[15:31:46] INFO     Rank: 0 - Epoch:1/60, Batch:11,     progress_callback.py:218
                    loss:1.6374, finished 2.02%.                                
[15:31:53] INFO     Rank: 0 - Epoch:1/60, Batch:12,     progress_callback.py:218
                    loss:1.54238, finished 2.05%.                               
[15:32:03] INFO     Rank: 0 - Epoch:1/60, Batch:13,     progress_callback.py:218
                    loss:1.177082, finished 2.08%.                              
[15:32:11] INFO     Rank: 0 - Epoch:1/60, Batch:14,     progress_callback.py:218
                    loss:1.497834, finished 2.12%.                              
[15:32:18] INFO     Rank: 0 - Epoch:1/60, Batch:15,     progress_callback.py:218
                    loss:1.421386, finished 2.15%.                              
[15:32:25] INFO     Rank: 0 - Epoch:1/60, Batch:16,     progress_callback.py:218
                    loss:1.226027, finished 2.18%.                              
[15:32:35] INFO     Rank: 0 - Epoch:1/60, Batch:17,     progress_callback.py:218
                    loss:1.512033, finished 2.21%.                              
[15:32:43] INFO     Rank: 0 - Epoch:1/60, Batch:18,     progress_callback.py:218
                    loss:1.321012, finished 2.24%.                              
[15:32:51] INFO     Rank: 0 - Contrastive loss is                 callback.py:66
                    0.6926875948905945, nll_loss is                             
                    0.6988385319709778                                          
[15:32:52] INFO     Rank: 0 - Epoch:1/60, Batch:19,     progress_callback.py:218
                    loss:1.222284, finished 2.28%.                              
[15:33:01] INFO     Rank: 0 - Epoch:1/60, Batch:20,     progress_callback.py:218
                    loss:1.02974, finished 2.31%.                               
[15:33:12] INFO     Rank: 0 - Epoch:1/60, Batch:21,     progress_callback.py:218
                    loss:1.299239, finished 2.34%.                              
[15:33:21] INFO     Rank: 0 - Epoch:1/60, Batch:22,     progress_callback.py:218
                    loss:1.370238, finished 2.37%.                              
[15:33:27] INFO     Rank: 0 - Epoch:1/60, Batch:23,     progress_callback.py:218
                    loss:1.269476, finished 2.4%.                               
[15:33:35] INFO     Rank: 0 - Epoch:1/60, Batch:24,     progress_callback.py:218
                    loss:1.390183, finished 2.44%.                              
[15:33:43] INFO     Rank: 0 - Epoch:1/60, Batch:25,     progress_callback.py:218
                    loss:1.502464, finished 2.47%.                              
[15:33:52] INFO     Rank: 0 - Epoch:1/60, Batch:26,     progress_callback.py:218
                    loss:1.423378, finished 2.5%.                               
[15:34:00] INFO     Rank: 0 - Epoch:1/60, Batch:27,     progress_callback.py:218
                    loss:1.202091, finished 2.53%.                              
[15:34:08] INFO     Rank: 0 - Epoch:1/60, Batch:28,     progress_callback.py:218
                    loss:1.18029, finished 2.56%.                               
           INFO     Rank: 0 -                                   evaluator.py:317
                    **********Evaluation starts**********                       
[15:34:20] INFO     Rank: 0 - **********Evaluation              evaluator.py:349
                    ends**********                                              
                                                                                
           INFO     Rank: 0 - ----------Eval. results   progress_callback.py:233
                    on Epoch:1, Batch:28----------                              
           INFO     Rank: 0 -                           progress_callback.py:238
                    {"torch_ngram#ngram-overlap":                               
                    0.45162880420684814}                                        
 ============= save model at results/2023-03-29-15_17_50_221845/epoch-1_step-80.pt ============= 
[15:34:28] INFO     Rank: 0 - Contrastive loss is                 callback.py:66
                    0.6757042825222015, nll_loss is                             
                    0.6253973782062531                                          
[15:34:31] INFO     Rank: 0 - Epoch:1/60, Batch:29,     progress_callback.py:218
                    loss:1.343918, finished 2.6%.                               
[15:34:40] INFO     Rank: 0 - Epoch:1/60, Batch:30,     progress_callback.py:218
                    loss:1.306318, finished 2.63%.                              
[15:34:46] INFO     Rank: 0 - Epoch:1/60, Batch:31,     progress_callback.py:218
                    loss:1.472129, finished 2.66%.                              
[15:34:56] INFO     Rank: 0 - Epoch:1/60, Batch:32,     progress_callback.py:218
                    loss:1.479218, finished 2.69%.                              
[15:35:08] INFO     Rank: 0 - Epoch:1/60, Batch:33,     progress_callback.py:218
                    loss:1.507146, finished 2.72%.                              
[15:35:20] INFO     Rank: 0 - Epoch:1/60, Batch:34,     progress_callback.py:218
                    loss:1.483722, finished 2.76%.                              
[15:35:26] INFO     Rank: 0 - Epoch:1/60, Batch:35,     progress_callback.py:218
                    loss:1.415407, finished 2.79%.                              
[15:35:35] INFO     Rank: 0 - Epoch:1/60, Batch:36,     progress_callback.py:218
                    loss:1.445888, finished 2.82%.                              
[15:35:45] INFO     Rank: 0 - Epoch:1/60, Batch:37,     progress_callback.py:218
                    loss:1.394072, finished 2.85%.                              
[15:35:53] INFO     Rank: 0 - Epoch:1/60, Batch:38,     progress_callback.py:218
                    loss:1.389653, finished 2.88%.                              
[15:35:58] INFO     Rank: 0 - Contrastive loss is                 callback.py:66
                    0.7575124979019165, nll_loss is                             
                    0.6709797739982605                                          
[15:36:00] INFO     Rank: 0 - Epoch:1/60, Batch:39,     progress_callback.py:218
                    loss:1.391369, finished 2.92%.                              
[15:36:14] INFO     Rank: 0 - Epoch:1/60, Batch:40,     progress_callback.py:218
                    loss:1.153376, finished 2.95%.                              
[15:36:21] INFO     Rank: 0 - Epoch:1/60, Batch:41,     progress_callback.py:218
                    loss:1.337628, finished 2.98%.                              
[15:36:30] INFO     Rank: 0 - Epoch:1/60, Batch:42,     progress_callback.py:218
                    loss:1.359282, finished 3.01%.                              
[15:36:37] INFO     Rank: 0 - Epoch:1/60, Batch:43,     progress_callback.py:218
                    loss:1.441709, finished 3.04%.                              
[15:36:45] INFO     Rank: 0 - Epoch:1/60, Batch:44,     progress_callback.py:218
                    loss:1.43209, finished 3.08%.                               
[15:36:55] INFO     Rank: 0 - Epoch:1/60, Batch:45,     progress_callback.py:218
                    loss:1.347778, finished 3.11%.                              
[15:37:03] INFO     Rank: 0 - Epoch:1/60, Batch:46,     progress_callback.py:218
                    loss:1.573942, finished 3.14%.                              
[15:37:11] INFO     Rank: 0 - Epoch:1/60, Batch:47,     progress_callback.py:218
                    loss:1.150905, finished 3.17%.                              
[15:37:23] INFO     Rank: 0 - Epoch:1/60, Batch:48,     progress_callback.py:218
                    loss:1.37224, finished 3.21%.                               
[15:37:29] INFO     Rank: 0 - Contrastive loss is                 callback.py:66
                    0.6475379228591919, nll_loss is                             
                    0.6766832590103149                                          
[15:37:32] INFO     Rank: 0 - Epoch:1/60, Batch:49,     progress_callback.py:218
                    loss:1.073261, finished 3.24%.                              
[15:37:40] INFO     Rank: 0 - Epoch:1/60, Batch:50,     progress_callback.py:218
                    loss:1.302308, finished 3.27%.                              
[15:37:47] INFO     Rank: 0 - Epoch:1/60, Batch:51,     progress_callback.py:218
                    loss:1.077198, finished 3.3%.                               
[15:37:53] INFO     Rank: 0 - Epoch:1/60, Batch:52,     progress_callback.py:218
                    loss:1.223397, finished 3.33%.                              
           INFO     Rank: 0 -                           progress_callback.py:204
                    **********Epoch:2 starts**********                          
[15:38:01] INFO     Rank: 0 - Epoch:2/60, Batch:1,      progress_callback.py:218
                    loss:1.219274, finished 3.37%.                              
[15:38:08] INFO     Rank: 0 - Epoch:2/60, Batch:2,      progress_callback.py:218
                    loss:1.313106, finished 3.4%.                               
[15:38:17] INFO     Rank: 0 - Epoch:2/60, Batch:3,      progress_callback.py:218
                    loss:1.328833, finished 3.43%.                              
[15:38:27] INFO     Rank: 0 - Epoch:2/60, Batch:4,      progress_callback.py:218
                    loss:1.340815, finished 3.46%.                              
[15:38:37] INFO     Rank: 0 - Epoch:2/60, Batch:5,      progress_callback.py:218
                    loss:1.353842, finished 3.49%.                              
[15:38:47] INFO     Rank: 0 - Epoch:2/60, Batch:6,      progress_callback.py:218
                    loss:1.243617, finished 3.53%.                              
[15:38:55] INFO     Rank: 0 - Contrastive loss is                 callback.py:66
                    0.6670615613460541, nll_loss is                             
                    0.6108380258083344                                          
[15:38:56] INFO     Rank: 0 - Epoch:2/60, Batch:7,      progress_callback.py:218
                    loss:1.376607, finished 3.56%.                              
[15:39:05] INFO     Rank: 0 - Epoch:2/60, Batch:8,      progress_callback.py:218
                    loss:1.653611, finished 3.59%.                              
[15:39:13] INFO     Rank: 0 - Epoch:2/60, Batch:9,      progress_callback.py:218
                    loss:0.999313, finished 3.62%.                              
[15:39:23] INFO     Rank: 0 - Epoch:2/60, Batch:10,     progress_callback.py:218
                    loss:1.334083, finished 3.65%.                              
[15:39:35] INFO     Rank: 0 - Epoch:2/60, Batch:11,     progress_callback.py:218
                    loss:1.388818, finished 3.69%.                              
[15:39:41] INFO     Rank: 0 - Epoch:2/60, Batch:12,     progress_callback.py:218
                    loss:1.607617, finished 3.72%.                              
[15:39:50] INFO     Rank: 0 - Epoch:2/60, Batch:13,     progress_callback.py:218
                    loss:1.276218, finished 3.75%.                              
[15:40:01] INFO     Rank: 0 - Epoch:2/60, Batch:14,     progress_callback.py:218
                    loss:1.33331, finished 3.78%.                               
[15:40:10] INFO     Rank: 0 - Epoch:2/60, Batch:15,     progress_callback.py:218
                    loss:0.963074, finished 3.81%.                              
[15:40:17] INFO     Rank: 0 - Epoch:2/60, Batch:16,     progress_callback.py:218
                    loss:1.444655, finished 3.85%.                              
           INFO     Rank: 0 -                                   evaluator.py:317
                    **********Evaluation starts**********                       
[15:40:30] INFO     Rank: 0 - **********Evaluation              evaluator.py:349
                    ends**********                                              
                                                                                
           INFO     Rank: 0 - ----------Eval. results   progress_callback.py:233
                    on Epoch:2, Batch:16----------                              
           INFO     Rank: 0 -                           progress_callback.py:238
                    {"torch_ngram#ngram-overlap":                               
                    0.453426331281662}                                          
 ============= save model at results/2023-03-29-15_17_50_221845/epoch-2_step-120.pt ============= 
[15:40:45] INFO     Rank: 0 - Contrastive loss is                 callback.py:66
                    0.6930203020572663, nll_loss is                             
                    0.6440827548503876                                          
[15:40:46] INFO     Rank: 0 - Epoch:2/60, Batch:17,     progress_callback.py:218
                    loss:1.370331, finished 3.88%.                              
[15:40:53] INFO     Rank: 0 - Epoch:2/60, Batch:18,     progress_callback.py:218
                    loss:1.481529, finished 3.91%.                              
[15:41:00] INFO     Rank: 0 - Epoch:2/60, Batch:19,     progress_callback.py:218
                    loss:1.612253, finished 3.94%.                              
[15:41:08] INFO     Rank: 0 - Epoch:2/60, Batch:20,     progress_callback.py:218
                    loss:1.291065, finished 3.97%.                              
[15:41:17] INFO     Rank: 0 - Epoch:2/60, Batch:21,     progress_callback.py:218
                    loss:1.255521, finished 4.01%.                              
[15:41:27] INFO     Rank: 0 - Epoch:2/60, Batch:22,     progress_callback.py:218
                    loss:1.192005, finished 4.04%.                              
[15:41:36] INFO     Rank: 0 - Epoch:2/60, Batch:23,     progress_callback.py:218
                    loss:1.278107, finished 4.07%.                              
[15:41:44] INFO     Rank: 0 - Epoch:2/60, Batch:24,     progress_callback.py:218
                    loss:1.573136, finished 4.1%.                               
[15:41:55] INFO     Rank: 0 - Epoch:2/60, Batch:25,     progress_callback.py:218
                    loss:1.235365, finished 4.13%.                              
[15:42:02] INFO     Rank: 0 - Epoch:2/60, Batch:26,     progress_callback.py:218
                    loss:1.327991, finished 4.17%.                              
[15:42:13] INFO     Rank: 0 - Contrastive loss is                 callback.py:66
                    0.7212125599384308, nll_loss is                             
                    0.6271798551082611                                          
           INFO     Rank: 0 - Epoch:2/60, Batch:27,     progress_callback.py:218
                    loss:1.236951, finished 4.2%.                               
[15:42:23] INFO     Rank: 0 - Epoch:2/60, Batch:28,     progress_callback.py:218
                    loss:1.564097, finished 4.23%.                              
[15:42:33] INFO     Rank: 0 - Epoch:2/60, Batch:29,     progress_callback.py:218
                    loss:1.344101, finished 4.26%.                              
[15:42:39] INFO     Rank: 0 - Epoch:2/60, Batch:30,     progress_callback.py:218
                    loss:1.176716, finished 4.29%.                              
[15:42:48] INFO     Rank: 0 - Epoch:2/60, Batch:31,     progress_callback.py:218
                    loss:1.322345, finished 4.33%.                              
[15:42:57] INFO     Rank: 0 - Epoch:2/60, Batch:32,     progress_callback.py:218
                    loss:1.292947, finished 4.36%.                              
[15:43:07] INFO     Rank: 0 - Epoch:2/60, Batch:33,     progress_callback.py:218
                    loss:1.188054, finished 4.39%.                              
[15:43:14] INFO     Rank: 0 - Epoch:2/60, Batch:34,     progress_callback.py:218
                    loss:1.180357, finished 4.42%.                              
[15:43:23] INFO     Rank: 0 - Epoch:2/60, Batch:35,     progress_callback.py:218
                    loss:1.320974, finished 4.46%.                              
[15:43:32] INFO     Rank: 0 - Epoch:2/60, Batch:36,     progress_callback.py:218
                    loss:1.029078, finished 4.49%.                              
[15:43:37] INFO     Rank: 0 - Contrastive loss is                 callback.py:66
                    0.6456785261631012, nll_loss is                             
                    0.6321774542331695                                          
[15:43:40] INFO     Rank: 0 - Epoch:2/60, Batch:37,     progress_callback.py:218
                    loss:1.35989, finished 4.52%.                               
[15:43:48] INFO     Rank: 0 - Epoch:2/60, Batch:38,     progress_callback.py:218
                    loss:1.283384, finished 4.55%.                              
[15:43:56] INFO     Rank: 0 - Epoch:2/60, Batch:39,     progress_callback.py:218
                    loss:1.549722, finished 4.58%.                              
[15:44:03] INFO     Rank: 0 - Epoch:2/60, Batch:40,     progress_callback.py:218
                    loss:1.43515, finished 4.62%.                               
[15:44:11] INFO     Rank: 0 - Epoch:2/60, Batch:41,     progress_callback.py:218
                    loss:1.122922, finished 4.65%.                              
[15:44:19] INFO     Rank: 0 - Epoch:2/60, Batch:42,     progress_callback.py:218
                    loss:1.460609, finished 4.68%.                              
[15:44:27] INFO     Rank: 0 - Epoch:2/60, Batch:43,     progress_callback.py:218
                    loss:1.300401, finished 4.71%.                              
[15:44:34] INFO     Rank: 0 - Epoch:2/60, Batch:44,     progress_callback.py:218
                    loss:1.190915, finished 4.74%.                              
[15:44:41] INFO     Rank: 0 - Epoch:2/60, Batch:45,     progress_callback.py:218
                    loss:1.291342, finished 4.78%.                              
[15:44:50] INFO     Rank: 0 - Epoch:2/60, Batch:46,     progress_callback.py:218
                    loss:1.165677, finished 4.81%.                              
[15:44:55] INFO     Rank: 0 - Contrastive loss is                 callback.py:66
                    0.6921593070030212, nll_loss is                             
                    0.6172551155090332                                          
[15:44:57] INFO     Rank: 0 - Epoch:2/60, Batch:47,     progress_callback.py:218
                    loss:1.294022, finished 4.84%.                              
[15:45:07] INFO     Rank: 0 - Epoch:2/60, Batch:48,     progress_callback.py:218
                    loss:1.133481, finished 4.87%.                              
[15:45:13] INFO     Rank: 0 - Epoch:2/60, Batch:49,     progress_callback.py:218
                    loss:0.987497, finished 4.9%.                               
[15:45:22] INFO     Rank: 0 - Epoch:2/60, Batch:50,     progress_callback.py:218
                    loss:1.937746, finished 4.94%.                              
[15:45:31] INFO     Rank: 0 - Epoch:2/60, Batch:51,     progress_callback.py:218
                    loss:1.370616, finished 4.97%.                              
[15:45:39] INFO     Rank: 0 - Epoch:2/60, Batch:52,     progress_callback.py:218
                    loss:1.620334, finished 5.0%.                               
           INFO     Rank: 0 -                           progress_callback.py:204
                    **********Epoch:3 starts**********                          
[15:45:47] INFO     Rank: 0 - Epoch:3/60, Batch:1,      progress_callback.py:218
                    loss:1.261397, finished 5.03%.                              
[15:45:56] INFO     Rank: 0 - Epoch:3/60, Batch:2,      progress_callback.py:218
                    loss:1.345498, finished 5.06%.                              
[15:46:06] INFO     Rank: 0 - Epoch:3/60, Batch:3,      progress_callback.py:218
                    loss:1.042189, finished 5.1%.                               
[15:46:13] INFO     Rank: 0 - Epoch:3/60, Batch:4,      progress_callback.py:218
                    loss:1.210399, finished 5.13%.                              
           INFO     Rank: 0 -                                   evaluator.py:317
                    **********Evaluation starts**********                       
[15:46:26] INFO     Rank: 0 - **********Evaluation              evaluator.py:349
                    ends**********                                              
                                                                                
           INFO     Rank: 0 - ----------Eval. results   progress_callback.py:233
                    on Epoch:3, Batch:4----------                               
           INFO     Rank: 0 -                           progress_callback.py:238
                    {"torch_ngram#ngram-overlap":                               
                    0.4513011574745178}                                         
[15:46:31] INFO     Rank: 0 - Contrastive loss is                 callback.py:66
                    0.6759604513645172, nll_loss is                             
                    0.6828156888484955                                          
[15:46:32] INFO     Rank: 0 - Epoch:3/60, Batch:5,      progress_callback.py:218
                    loss:1.678605, finished 5.16%.                              
[15:46:39] INFO     Rank: 0 - Epoch:3/60, Batch:6,      progress_callback.py:218
                    loss:1.353877, finished 5.19%.                              
[15:46:46] INFO     Rank: 0 - Epoch:3/60, Batch:7,      progress_callback.py:218
                    loss:1.169749, finished 5.22%.                              
[15:46:52] INFO     Rank: 0 - Epoch:3/60, Batch:8,      progress_callback.py:218
                    loss:1.200209, finished 5.26%.                              
[15:47:03] INFO     Rank: 0 - Epoch:3/60, Batch:9,      progress_callback.py:218
                    loss:1.396028, finished 5.29%.                              
[15:47:11] INFO     Rank: 0 - Epoch:3/60, Batch:10,     progress_callback.py:218
                    loss:1.137052, finished 5.32%.                              
[15:47:18] INFO     Rank: 0 - Epoch:3/60, Batch:11,     progress_callback.py:218
                    loss:1.305995, finished 5.35%.                              
[15:47:24] INFO     Rank: 0 - Epoch:3/60, Batch:12,     progress_callback.py:218
                    loss:1.651071, finished 5.38%.                              
[15:47:32] INFO     Rank: 0 - Epoch:3/60, Batch:13,     progress_callback.py:218
                    loss:1.228918, finished 5.42%.                              
[15:47:39] INFO     Rank: 0 - Epoch:3/60, Batch:14,     progress_callback.py:218
                    loss:1.004668, finished 5.45%.                              
[15:47:47] INFO     Rank: 0 - Contrastive loss is                 callback.py:66
                    0.6881185650825501, nll_loss is                             
                    0.588411521911621                                           
[15:47:48] INFO     Rank: 0 - Epoch:3/60, Batch:15,     progress_callback.py:218
                    loss:1.317733, finished 5.48%.                              
[15:47:56] INFO     Rank: 0 - Epoch:3/60, Batch:16,     progress_callback.py:218
                    loss:1.428001, finished 5.51%.                              
[15:48:04] INFO     Rank: 0 - Epoch:3/60, Batch:17,     progress_callback.py:218
                    loss:1.320145, finished 5.54%.                              
[15:48:12] INFO     Rank: 0 - Epoch:3/60, Batch:18,     progress_callback.py:218
                    loss:1.371766, finished 5.58%.                              
[15:48:20] INFO     Rank: 0 - Epoch:3/60, Batch:19,     progress_callback.py:218
                    loss:1.260745, finished 5.61%.                              
[15:48:32] INFO     Rank: 0 - Epoch:3/60, Batch:20,     progress_callback.py:218
                    loss:1.267371, finished 5.64%.                              
[15:48:39] INFO     Rank: 0 - Epoch:3/60, Batch:21,     progress_callback.py:218
                    loss:1.404874, finished 5.67%.                              
[15:48:45] INFO     Rank: 0 - Epoch:3/60, Batch:22,     progress_callback.py:218
                    loss:1.299528, finished 5.71%.                              
[15:48:54] INFO     Rank: 0 - Epoch:3/60, Batch:23,     progress_callback.py:218
                    loss:1.051431, finished 5.74%.                              
[15:49:02] INFO     Rank: 0 - Epoch:3/60, Batch:24,     progress_callback.py:218
                    loss:1.587417, finished 5.77%.                              
[15:49:05] INFO     Rank: 0 - Contrastive loss is                 callback.py:66
                    0.6770413160324097, nll_loss is                             
                    0.6704980373382569                                          
[15:49:09] INFO     Rank: 0 - Epoch:3/60, Batch:25,     progress_callback.py:218
                    loss:1.484115, finished 5.8%.                               
[15:49:16] INFO     Rank: 0 - Epoch:3/60, Batch:26,     progress_callback.py:218
                    loss:1.400882, finished 5.83%.                              
[15:49:23] INFO     Rank: 0 - Epoch:3/60, Batch:27,     progress_callback.py:218
                    loss:1.223221, finished 5.87%.                              
[15:49:30] INFO     Rank: 0 - Epoch:3/60, Batch:28,     progress_callback.py:218
                    loss:1.03635, finished 5.9%.                                
[15:49:39] INFO     Rank: 0 - Epoch:3/60, Batch:29,     progress_callback.py:218
                    loss:1.179746, finished 5.93%.                              
[15:49:48] INFO     Rank: 0 - Epoch:3/60, Batch:30,     progress_callback.py:218
                    loss:1.310328, finished 5.96%.                              
[15:49:54] INFO     Rank: 0 - Epoch:3/60, Batch:31,     progress_callback.py:218
                    loss:1.451981, finished 5.99%.                              
[15:50:01] INFO     Rank: 0 - Epoch:3/60, Batch:32,     progress_callback.py:218
                    loss:1.322488, finished 6.03%.                              
[15:50:11] INFO     Rank: 0 - Epoch:3/60, Batch:33,     progress_callback.py:218
                    loss:1.029189, finished 6.06%.                              
[15:50:18] INFO     Rank: 0 - Epoch:3/60, Batch:34,     progress_callback.py:218
                    loss:1.166017, finished 6.09%.                              
[15:50:24] INFO     Rank: 0 - Contrastive loss is                 callback.py:66
                    0.6489969074726105, nll_loss is                             
                    0.5915268123149872                                          
[15:50:28] INFO     Rank: 0 - Epoch:3/60, Batch:35,     progress_callback.py:218
                    loss:1.285034, finished 6.12%.                              
[15:50:37] INFO     Rank: 0 - Epoch:3/60, Batch:36,     progress_callback.py:218
                    loss:1.429335, finished 6.15%.                              
[15:50:45] INFO     Rank: 0 - Epoch:3/60, Batch:37,     progress_callback.py:218
                    loss:1.289875, finished 6.19%.                              
[15:50:53] INFO     Rank: 0 - Epoch:3/60, Batch:38,     progress_callback.py:218
                    loss:1.562719, finished 6.22%.                              
[15:51:00] INFO     Rank: 0 - Epoch:3/60, Batch:39,     progress_callback.py:218
                    loss:1.540275, finished 6.25%.                              
[15:51:09] INFO     Rank: 0 - Epoch:3/60, Batch:40,     progress_callback.py:218
                    loss:1.188923, finished 6.28%.                              
[15:51:15] INFO     Rank: 0 - Epoch:3/60, Batch:41,     progress_callback.py:218
                    loss:1.29411, finished 6.31%.                               
[15:51:23] INFO     Rank: 0 - Epoch:3/60, Batch:42,     progress_callback.py:218
                    loss:1.194318, finished 6.35%.                              
[15:51:33] INFO     Rank: 0 - Epoch:3/60, Batch:43,     progress_callback.py:218
                    loss:1.274356, finished 6.38%.                              
[15:51:41] INFO     Rank: 0 - Epoch:3/60, Batch:44,     progress_callback.py:218
                    loss:1.308612, finished 6.41%.                              
           INFO     Rank: 0 -                                   evaluator.py:317
                    **********Evaluation starts**********                       
[15:51:57] INFO     Rank: 0 - **********Evaluation              evaluator.py:349
                    ends**********                                              
                                                                                
           INFO     Rank: 0 - ----------Eval. results   progress_callback.py:233
                    on Epoch:3, Batch:44----------                              
           INFO     Rank: 0 -                           progress_callback.py:238
                    {"torch_ngram#ngram-overlap":                               
                    0.45113465189933777}                                        
[15:52:04] INFO     Rank: 0 - Contrastive loss is                 callback.py:66
                    0.7062859892845154, nll_loss is                             
                    0.6512782573699951                                          
[15:52:06] INFO     Rank: 0 - Epoch:3/60, Batch:45,     progress_callback.py:218
                    loss:1.493119, finished 6.44%.                              
[15:52:14] INFO     Rank: 0 - Epoch:3/60, Batch:46,     progress_callback.py:218
                    loss:1.391906, finished 6.47%.                              
[15:52:22] INFO     Rank: 0 - Epoch:3/60, Batch:47,     progress_callback.py:218
                    loss:1.380847, finished 6.51%.                              
[15:52:34] INFO     Rank: 0 - Epoch:3/60, Batch:48,     progress_callback.py:218
                    loss:1.259551, finished 6.54%.                              
[15:52:46] INFO     Rank: 0 - Epoch:3/60, Batch:49,     progress_callback.py:218
                    loss:1.214193, finished 6.57%.                              
[15:52:56] INFO     Rank: 0 - Epoch:3/60, Batch:50,     progress_callback.py:218
                    loss:1.343834, finished 6.6%.                               
[15:53:05] INFO     Rank: 0 - Epoch:3/60, Batch:51,     progress_callback.py:218
                    loss:1.214227, finished 6.63%.                              
[15:53:16] INFO     Rank: 0 - Epoch:3/60, Batch:52,     progress_callback.py:218
                    loss:1.053432, finished 6.67%.                              
           INFO     Rank: 0 -                           progress_callback.py:204
                    **********Epoch:4 starts**********                          
[15:53:26] INFO     Rank: 0 - Epoch:4/60, Batch:1,      progress_callback.py:218
                    loss:1.157893, finished 6.7%.                               
[15:53:38] INFO     Rank: 0 - Epoch:4/60, Batch:2,      progress_callback.py:218
                    loss:1.157649, finished 6.73%.                              
[15:53:43] INFO     Rank: 0 - Contrastive loss is                 callback.py:66
                    0.6585329353809357, nll_loss is                             
                    0.6253230035305023                                          
[15:53:47] INFO     Rank: 0 - Epoch:4/60, Batch:3,      progress_callback.py:218
                    loss:1.665028, finished 6.76%.                              
[15:53:56] INFO     Rank: 0 - Epoch:4/60, Batch:4,      progress_callback.py:218
                    loss:1.104221, finished 6.79%.                              
[15:54:05] INFO     Rank: 0 - Epoch:4/60, Batch:5,      progress_callback.py:218
                    loss:1.274473, finished 6.83%.                              
[15:54:14] INFO     Rank: 0 - Epoch:4/60, Batch:6,      progress_callback.py:218
                    loss:1.389817, finished 6.86%.                              
[15:54:29] INFO     Rank: 0 - Epoch:4/60, Batch:7,      progress_callback.py:218
                    loss:1.435407, finished 6.89%.                              
[15:54:39] INFO     Rank: 0 - Epoch:4/60, Batch:8,      progress_callback.py:218
                    loss:1.388677, finished 6.92%.                              
[15:54:52] INFO     Rank: 0 - Epoch:4/60, Batch:9,      progress_callback.py:218
                    loss:1.2907, finished 6.96%.                                
[15:55:01] INFO     Rank: 0 - Epoch:4/60, Batch:10,     progress_callback.py:218
                    loss:1.177356, finished 6.99%.                              
[15:55:12] INFO     Rank: 0 - Epoch:4/60, Batch:11,     progress_callback.py:218
                    loss:1.471805, finished 7.02%.                              
[15:55:27] INFO     Rank: 0 - Epoch:4/60, Batch:12,     progress_callback.py:218
                    loss:1.463576, finished 7.05%.                              
[15:55:34] INFO     Rank: 0 - Contrastive loss is                 callback.py:66
                    0.7093221366405487, nll_loss is                             
                    0.603334242105484                                           
[15:55:36] INFO     Rank: 0 - Epoch:4/60, Batch:13,     progress_callback.py:218
                    loss:1.130531, finished 7.08%.                              
[15:55:45] INFO     Rank: 0 - Epoch:4/60, Batch:14,     progress_callback.py:218
                    loss:1.418935, finished 7.12%.                              
[15:55:55] INFO     Rank: 0 - Epoch:4/60, Batch:15,     progress_callback.py:218
                    loss:1.240255, finished 7.15%.                              
[15:56:09] INFO     Rank: 0 - Epoch:4/60, Batch:16,     progress_callback.py:218
                    loss:1.383278, finished 7.18%.                              
[15:56:20] INFO     Rank: 0 - Epoch:4/60, Batch:17,     progress_callback.py:218
                    loss:1.317956, finished 7.21%.                              
[15:56:32] INFO     Rank: 0 - Epoch:4/60, Batch:18,     progress_callback.py:218
                    loss:1.543463, finished 7.24%.                              
[15:56:43] INFO     Rank: 0 - Epoch:4/60, Batch:19,     progress_callback.py:218
                    loss:1.349187, finished 7.28%.                              
[15:56:57] INFO     Rank: 0 - Epoch:4/60, Batch:20,     progress_callback.py:218
                    loss:1.279146, finished 7.31%.                              
[15:57:08] INFO     Rank: 0 - Epoch:4/60, Batch:21,     progress_callback.py:218
                    loss:1.476144, finished 7.34%.                              
[15:57:18] INFO     Rank: 0 - Epoch:4/60, Batch:22,     progress_callback.py:218
                    loss:0.853109, finished 7.37%.                              
[15:57:25] INFO     Rank: 0 - Contrastive loss is                 callback.py:66
                    0.6812009930610656, nll_loss is                             
                    0.6423487782478332                                          
[15:57:29] INFO     Rank: 0 - Epoch:4/60, Batch:23,     progress_callback.py:218
                    loss:1.374025, finished 7.4%.                               
[15:57:39] INFO     Rank: 0 - Epoch:4/60, Batch:24,     progress_callback.py:218
                    loss:1.456045, finished 7.44%.                              
[15:57:48] INFO     Rank: 0 - Epoch:4/60, Batch:25,     progress_callback.py:218
                    loss:1.387831, finished 7.47%.                              
[15:58:08] INFO     Rank: 0 - Epoch:4/60, Batch:26,     progress_callback.py:218
                    loss:1.141529, finished 7.5%.                               
[15:58:18] INFO     Rank: 0 - Epoch:4/60, Batch:27,     progress_callback.py:218
                    loss:1.054911, finished 7.53%.                              
[15:58:27] INFO     Rank: 0 - Epoch:4/60, Batch:28,     progress_callback.py:218
                    loss:1.556181, finished 7.56%.                              
[15:58:40] INFO     Rank: 0 - Epoch:4/60, Batch:29,     progress_callback.py:218
                    loss:1.069292, finished 7.6%.                               
[15:58:51] INFO     Rank: 0 - Epoch:4/60, Batch:30,     progress_callback.py:218
                    loss:1.134423, finished 7.63%.                              
[15:59:03] INFO     Rank: 0 - Epoch:4/60, Batch:31,     progress_callback.py:218
                    loss:1.150764, finished 7.66%.                              
[15:59:13] INFO     Rank: 0 - Epoch:4/60, Batch:32,     progress_callback.py:218
                    loss:1.29961, finished 7.69%.                               
           INFO     Rank: 0 -                                   evaluator.py:317
                    **********Evaluation starts**********                       
[15:59:25] INFO     Rank: 0 - **********Evaluation              evaluator.py:349
                    ends**********                                              
                                                                                
           INFO     Rank: 0 - ----------Eval. results   progress_callback.py:233
                    on Epoch:4, Batch:32----------                              
           INFO     Rank: 0 -                           progress_callback.py:238
                    {"torch_ngram#ngram-overlap":                               
                    0.45164042711257935}                                        
 ============= save model at results/2023-03-29-15_17_50_221845/epoch-4_step-240.pt ============= 
save hyperparams in  results/2023-03-29-15_17_50_221845/hyperparams.txt
[15:59:34] INFO     Rank: 0 - Contrastive loss is                 callback.py:66
                    0.6365902185440063, nll_loss is                             
                    0.6135202884674072                                          
[15:59:35] INFO     Rank: 0 - Epoch:4/60, Batch:33,     progress_callback.py:218
                    loss:1.250519, finished 7.72%.                              
[15:59:46] INFO     Rank: 0 - Epoch:4/60, Batch:34,     progress_callback.py:218
                    loss:1.335725, finished 7.76%.                              
[15:59:56] INFO     Rank: 0 - Epoch:4/60, Batch:35,     progress_callback.py:218
                    loss:1.207293, finished 7.79%.                              
[16:00:05] INFO     Rank: 0 - Epoch:4/60, Batch:36,     progress_callback.py:218
                    loss:1.095095, finished 7.82%.                              
[16:00:14] INFO     Rank: 0 - Epoch:4/60, Batch:37,     progress_callback.py:218
                    loss:1.454273, finished 7.85%.                              
[16:00:25] INFO     Rank: 0 - Epoch:4/60, Batch:38,     progress_callback.py:218
                    loss:1.359776, finished 7.88%.                              
[16:00:36] INFO     Rank: 0 - Epoch:4/60, Batch:39,     progress_callback.py:218
                    loss:1.213568, finished 7.92%.                              
[16:00:45] INFO     Rank: 0 - Epoch:4/60, Batch:40,     progress_callback.py:218
                    loss:1.41248, finished 7.95%.                               
[16:00:54] INFO     Rank: 0 - Epoch:4/60, Batch:41,     progress_callback.py:218
                    loss:1.337539, finished 7.98%.                              
[16:01:03] INFO     Rank: 0 - Epoch:4/60, Batch:42,     progress_callback.py:218
                    loss:1.229308, finished 8.01%.                              
[16:01:11] INFO     Rank: 0 - Contrastive loss is                 callback.py:66
                    0.637823486328125, nll_loss is                              
                    0.6338669657707214                                          
[16:01:12] INFO     Rank: 0 - Epoch:4/60, Batch:43,     progress_callback.py:218
                    loss:1.071849, finished 8.04%.                              
[16:01:23] INFO     Rank: 0 - Epoch:4/60, Batch:44,     progress_callback.py:218
                    loss:1.385431, finished 8.08%.                              
[16:01:35] INFO     Rank: 0 - Epoch:4/60, Batch:45,     progress_callback.py:218
                    loss:1.355923, finished 8.11%.                              
[16:01:45] INFO     Rank: 0 - Epoch:4/60, Batch:46,     progress_callback.py:218
                    loss:1.37138, finished 8.14%.                               
[16:01:54] INFO     Rank: 0 - Epoch:4/60, Batch:47,     progress_callback.py:218
                    loss:1.3059, finished 8.17%.                                
[16:02:03] INFO     Rank: 0 - Epoch:4/60, Batch:48,     progress_callback.py:218
                    loss:1.350471, finished 8.21%.                              
[16:02:12] INFO     Rank: 0 - Epoch:4/60, Batch:49,     progress_callback.py:218
                    loss:1.656399, finished 8.24%.                              
[16:02:20] INFO     Rank: 0 - Epoch:4/60, Batch:50,     progress_callback.py:218
                    loss:1.301534, finished 8.27%.                              
[16:02:31] INFO     Rank: 0 - Epoch:4/60, Batch:51,     progress_callback.py:218
                    loss:1.496767, finished 8.3%.                               
[16:02:44] INFO     Rank: 0 - Epoch:4/60, Batch:52,     progress_callback.py:218
                    loss:1.518704, finished 8.33%.                              
           INFO     Rank: 0 -                           progress_callback.py:204
                    **********Epoch:5 starts**********                          
[16:02:53] INFO     Rank: 0 - Contrastive loss is                 callback.py:66
                    0.703409731388092, nll_loss is                              
                    0.6768808007240296                                          
[16:02:58] INFO     Rank: 0 - Epoch:5/60, Batch:1,      progress_callback.py:218
                    loss:1.060396, finished 8.37%.                              
[16:03:09] INFO     Rank: 0 - Epoch:5/60, Batch:2,      progress_callback.py:218
                    loss:1.283095, finished 8.4%.                               
[16:03:19] INFO     Rank: 0 - Epoch:5/60, Batch:3,      progress_callback.py:218
                    loss:1.236684, finished 8.43%.                              
[16:03:29] INFO     Rank: 0 - Epoch:5/60, Batch:4,      progress_callback.py:218
                    loss:1.206782, finished 8.46%.                              
[16:03:41] INFO     Rank: 0 - Epoch:5/60, Batch:5,      progress_callback.py:218
                    loss:1.728923, finished 8.49%.                              
[16:03:52] INFO     Rank: 0 - Epoch:5/60, Batch:6,      progress_callback.py:218
                    loss:1.33665, finished 8.53%.                               
[16:04:02] INFO     Rank: 0 - Epoch:5/60, Batch:7,      progress_callback.py:218
                    loss:1.161021, finished 8.56%.                              
[16:04:10] INFO     Rank: 0 - Epoch:5/60, Batch:8,      progress_callback.py:218
                    loss:1.219982, finished 8.59%.                              
[16:04:18] INFO     Rank: 0 - Epoch:5/60, Batch:9,      progress_callback.py:218
                    loss:1.283173, finished 8.62%.                              
[16:04:32] INFO     Rank: 0 - Epoch:5/60, Batch:10,     progress_callback.py:218
                    loss:1.253097, finished 8.65%.                              
[16:04:41] INFO     Rank: 0 - Contrastive loss is                 callback.py:66
                    0.6962190985679626, nll_loss is                             
                    0.6073793172836304                                          
[16:04:44] INFO     Rank: 0 - Epoch:5/60, Batch:11,     progress_callback.py:218
                    loss:1.326578, finished 8.69%.                              
[16:04:54] INFO     Rank: 0 - Epoch:5/60, Batch:12,     progress_callback.py:218
                    loss:1.132423, finished 8.72%.                              
[16:05:03] INFO     Rank: 0 - Epoch:5/60, Batch:13,     progress_callback.py:218
                    loss:1.30328, finished 8.75%.                               
[16:05:13] INFO     Rank: 0 - Epoch:5/60, Batch:14,     progress_callback.py:218
                    loss:0.830944, finished 8.78%.                              
[16:05:21] INFO     Rank: 0 - Epoch:5/60, Batch:15,     progress_callback.py:218
                    loss:1.370194, finished 8.81%.                              
[16:05:33] INFO     Rank: 0 - Epoch:5/60, Batch:16,     progress_callback.py:218
                    loss:1.300554, finished 8.85%.                              
[16:05:43] INFO     Rank: 0 - Epoch:5/60, Batch:17,     progress_callback.py:218
                    loss:1.385917, finished 8.88%.                              
[16:05:53] INFO     Rank: 0 - Epoch:5/60, Batch:18,     progress_callback.py:218
                    loss:1.112287, finished 8.91%.                              
[16:06:04] INFO     Rank: 0 - Epoch:5/60, Batch:19,     progress_callback.py:218
                    loss:1.340853, finished 8.94%.                              
[16:06:18] INFO     Rank: 0 - Epoch:5/60, Batch:20,     progress_callback.py:218
                    loss:1.164966, finished 8.97%.                              
           INFO     Rank: 0 -                                   evaluator.py:317
                    **********Evaluation starts**********                       
[16:06:31] INFO     Rank: 0 - **********Evaluation              evaluator.py:349
                    ends**********                                              
                                                                                
           INFO     Rank: 0 - ----------Eval. results   progress_callback.py:233
                    on Epoch:5, Batch:20----------                              
           INFO     Rank: 0 -                           progress_callback.py:238
                    {"torch_ngram#ngram-overlap":                               
                    0.4519129991531372}                                         
 ============= save model at results/2023-03-29-15_17_50_221845/epoch-5_step-280.pt ============= 
save hyperparams in  results/2023-03-29-15_17_50_221845/hyperparams.txt
[16:06:39] INFO     Rank: 0 - Contrastive loss is                 callback.py:66
                    0.6629743337631225, nll_loss is                             
                    0.5768702507019043                                          
[16:06:42] INFO     Rank: 0 - Epoch:5/60, Batch:21,     progress_callback.py:218
                    loss:1.457028, finished 9.01%.                              
[16:06:51] INFO     Rank: 0 - Epoch:5/60, Batch:22,     progress_callback.py:218
                    loss:1.021125, finished 9.04%.                              
[16:07:03] INFO     Rank: 0 - Epoch:5/60, Batch:23,     progress_callback.py:218
                    loss:1.609503, finished 9.07%.                              
[16:07:12] INFO     Rank: 0 - Epoch:5/60, Batch:24,     progress_callback.py:218
                    loss:1.190916, finished 9.1%.                               
[16:07:24] INFO     Rank: 0 - Epoch:5/60, Batch:25,     progress_callback.py:218
                    loss:1.133752, finished 9.13%.                              
[16:07:38] INFO     Rank: 0 - Epoch:5/60, Batch:26,     progress_callback.py:218
                    loss:1.192702, finished 9.17%.                              
[16:07:49] INFO     Rank: 0 - Epoch:5/60, Batch:27,     progress_callback.py:218
                    loss:1.320997, finished 9.2%.                               
[16:08:01] INFO     Rank: 0 - Epoch:5/60, Batch:28,     progress_callback.py:218
                    loss:1.376941, finished 9.23%.                              
[16:08:10] INFO     Rank: 0 - Epoch:5/60, Batch:29,     progress_callback.py:218
                    loss:1.240581, finished 9.26%.                              
[16:08:19] INFO     Rank: 0 - Epoch:5/60, Batch:30,     progress_callback.py:218
                    loss:1.379678, finished 9.29%.                              
[16:08:28] INFO     Rank: 0 - Contrastive loss is                 callback.py:66
                    0.6686852395534515, nll_loss is                             
                    0.6044965326786041                                          
[16:08:30] INFO     Rank: 0 - Epoch:5/60, Batch:31,     progress_callback.py:218
                    loss:1.265623, finished 9.33%.                              
[16:08:39] INFO     Rank: 0 - Epoch:5/60, Batch:32,     progress_callback.py:218
                    loss:1.030642, finished 9.36%.                              
[16:08:51] INFO     Rank: 0 - Epoch:5/60, Batch:33,     progress_callback.py:218
                    loss:1.595747, finished 9.39%.                              
[16:09:01] INFO     Rank: 0 - Epoch:5/60, Batch:34,     progress_callback.py:218
                    loss:1.271495, finished 9.42%.                              
[16:09:16] INFO     Rank: 0 - Epoch:5/60, Batch:35,     progress_callback.py:218
                    loss:1.139412, finished 9.46%.                              
[16:09:27] INFO     Rank: 0 - Epoch:5/60, Batch:36,     progress_callback.py:218
                    loss:1.232125, finished 9.49%.                              
[16:09:37] INFO     Rank: 0 - Epoch:5/60, Batch:37,     progress_callback.py:218
                    loss:1.281727, finished 9.52%.                              
[16:09:49] INFO     Rank: 0 - Epoch:5/60, Batch:38,     progress_callback.py:218
                    loss:1.240491, finished 9.55%.                              
[16:09:59] INFO     Rank: 0 - Epoch:5/60, Batch:39,     progress_callback.py:218
                    loss:1.387239, finished 9.58%.                              
[16:10:10] INFO     Rank: 0 - Epoch:5/60, Batch:40,     progress_callback.py:218
                    loss:1.335468, finished 9.62%.                              
[16:10:20] INFO     Rank: 0 - Contrastive loss is                 callback.py:66
                    0.6689915835857392, nll_loss is                             
                    0.5966040909290313                                          
[16:10:21] INFO     Rank: 0 - Epoch:5/60, Batch:41,     progress_callback.py:218
                    loss:1.141612, finished 9.65%.                              
[16:10:30] INFO     Rank: 0 - Epoch:5/60, Batch:42,     progress_callback.py:218
                    loss:1.408409, finished 9.68%.                              
[16:10:42] INFO     Rank: 0 - Epoch:5/60, Batch:43,     progress_callback.py:218
                    loss:1.217428, finished 9.71%.                              
[16:10:53] INFO     Rank: 0 - Epoch:5/60, Batch:44,     progress_callback.py:218
                    loss:1.537302, finished 9.74%.                              
[16:11:02] INFO     Rank: 0 - Epoch:5/60, Batch:45,     progress_callback.py:218
                    loss:1.05387, finished 9.78%.                               
[16:11:13] INFO     Rank: 0 - Epoch:5/60, Batch:46,     progress_callback.py:218
                    loss:1.229516, finished 9.81%.                              
[16:11:23] INFO     Rank: 0 - Epoch:5/60, Batch:47,     progress_callback.py:218
                    loss:1.309605, finished 9.84%.                              
[16:11:34] INFO     Rank: 0 - Epoch:5/60, Batch:48,     progress_callback.py:218
                    loss:1.314747, finished 9.87%.                              
[16:11:47] INFO     Rank: 0 - Epoch:5/60, Batch:49,     progress_callback.py:218
                    loss:1.457652, finished 9.9%.                               
[16:11:58] INFO     Rank: 0 - Epoch:5/60, Batch:50,     progress_callback.py:218
                    loss:1.352236, finished 9.94%.                              
[16:12:07] INFO     Rank: 0 - Contrastive loss is                 callback.py:66
                    0.6772526204586029, nll_loss is                             
                    0.629731422662735                                           
           INFO     Rank: 0 - Epoch:5/60, Batch:51,     progress_callback.py:218
                    loss:1.189075, finished 9.97%.                              
[16:12:16] INFO     Rank: 0 - Epoch:5/60, Batch:52,     progress_callback.py:218
                    loss:1.355445, finished 10.0%.                              
           INFO     Rank: 0 -                           progress_callback.py:204
                    **********Epoch:6 starts**********                          
[16:12:25] INFO     Rank: 0 - Epoch:6/60, Batch:1,      progress_callback.py:218
                    loss:1.350475, finished 10.03%.                             
[16:12:34] INFO     Rank: 0 - Epoch:6/60, Batch:2,      progress_callback.py:218
                    loss:1.268936, finished 10.06%.                             
[16:12:43] INFO     Rank: 0 - Epoch:6/60, Batch:3,      progress_callback.py:218
                    loss:1.413052, finished 10.1%.                              
[16:12:56] INFO     Rank: 0 - Epoch:6/60, Batch:4,      progress_callback.py:218
                    loss:1.314175, finished 10.13%.                             
[16:13:05] INFO     Rank: 0 - Epoch:6/60, Batch:5,      progress_callback.py:218
                    loss:1.316552, finished 10.16%.                             
[16:13:15] INFO     Rank: 0 - Epoch:6/60, Batch:6,      progress_callback.py:218
                    loss:1.284234, finished 10.19%.                             
[16:13:26] INFO     Rank: 0 - Epoch:6/60, Batch:7,      progress_callback.py:218
                    loss:1.342755, finished 10.22%.                             
[16:13:34] INFO     Rank: 0 - Epoch:6/60, Batch:8,      progress_callback.py:218
                    loss:1.409894, finished 10.26%.                             
           INFO     Rank: 0 -                                   evaluator.py:317
                    **********Evaluation starts**********                       
[16:13:47] INFO     Rank: 0 - **********Evaluation              evaluator.py:349
                    ends**********                                              
                                                                                
           INFO     Rank: 0 - ----------Eval. results   progress_callback.py:233
                    on Epoch:6, Batch:8----------                               
           INFO     Rank: 0 -                           progress_callback.py:238
                    {"torch_ngram#ngram-overlap":                               
                    0.4510463774204254}                                         
[16:13:56] INFO     Rank: 0 - Contrastive loss is                 callback.py:66
                    0.722709858417511, nll_loss is                              
                    0.609846293926239                                           
[16:13:57] INFO     Rank: 0 - Epoch:6/60, Batch:9,      progress_callback.py:218
                    loss:1.270045, finished 10.29%.                             
[16:14:05] INFO     Rank: 0 - Epoch:6/60, Batch:10,     progress_callback.py:218
                    loss:1.602487, finished 10.32%.                             
[16:14:20] INFO     Rank: 0 - Epoch:6/60, Batch:11,     progress_callback.py:218
                    loss:1.362584, finished 10.35%.                             
[16:14:32] INFO     Rank: 0 - Epoch:6/60, Batch:12,     progress_callback.py:218
                    loss:1.119213, finished 10.38%.                             
[16:14:42] INFO     Rank: 0 - Epoch:6/60, Batch:13,     progress_callback.py:218
                    loss:1.419138, finished 10.42%.                             
[16:14:53] INFO     Rank: 0 - Epoch:6/60, Batch:14,     progress_callback.py:218
                    loss:1.11643, finished 10.45%.                              
[16:15:03] INFO     Rank: 0 - Epoch:6/60, Batch:15,     progress_callback.py:218
                    loss:1.335551, finished 10.48%.                             
[16:15:15] INFO     Rank: 0 - Epoch:6/60, Batch:16,     progress_callback.py:218
                    loss:1.149495, finished 10.51%.                             
[16:15:26] INFO     Rank: 0 - Epoch:6/60, Batch:17,     progress_callback.py:218
                    loss:1.007179, finished 10.54%.                             
[16:15:36] INFO     Rank: 0 - Epoch:6/60, Batch:18,     progress_callback.py:218
                    loss:1.217526, finished 10.58%.                             
[16:15:43] INFO     Rank: 0 - Contrastive loss is                 callback.py:66
                    0.6220307350158691, nll_loss is                             
                    0.6192967534065247                                          
[16:15:48] INFO     Rank: 0 - Epoch:6/60, Batch:19,     progress_callback.py:218
                    loss:1.083671, finished 10.61%.                             
[16:16:00] INFO     Rank: 0 - Epoch:6/60, Batch:20,     progress_callback.py:218
                    loss:1.329868, finished 10.64%.                             
[16:16:09] INFO     Rank: 0 - Epoch:6/60, Batch:21,     progress_callback.py:218
                    loss:1.162792, finished 10.67%.                             
[16:16:22] INFO     Rank: 0 - Epoch:6/60, Batch:22,     progress_callback.py:218
                    loss:1.087517, finished 10.71%.                             
[16:16:33] INFO     Rank: 0 - Epoch:6/60, Batch:23,     progress_callback.py:218
                    loss:0.988396, finished 10.74%.                             
[16:16:45] INFO     Rank: 0 - Epoch:6/60, Batch:24,     progress_callback.py:218
                    loss:1.112974, finished 10.77%.                             
[16:16:55] INFO     Rank: 0 - Epoch:6/60, Batch:25,     progress_callback.py:218
                    loss:1.406042, finished 10.8%.                              
[16:17:07] INFO     Rank: 0 - Epoch:6/60, Batch:26,     progress_callback.py:218
                    loss:1.133708, finished 10.83%.                             
[16:17:16] INFO     Rank: 0 - Epoch:6/60, Batch:27,     progress_callback.py:218
                    loss:1.186535, finished 10.87%.                             
[16:17:25] INFO     Rank: 0 - Epoch:6/60, Batch:28,     progress_callback.py:218
                    loss:1.154305, finished 10.9%.                              
[16:17:33] INFO     Rank: 0 - Contrastive loss is                 callback.py:66
                    0.6227560877799988, nll_loss is                             
                    0.585162490606308                                           
[16:17:34] INFO     Rank: 0 - Epoch:6/60, Batch:29,     progress_callback.py:218
                    loss:1.517048, finished 10.93%.                             
[16:17:44] INFO     Rank: 0 - Epoch:6/60, Batch:30,     progress_callback.py:218
                    loss:1.158871, finished 10.96%.                             
[16:17:54] INFO     Rank: 0 - Epoch:6/60, Batch:31,     progress_callback.py:218
                    loss:1.572692, finished 10.99%.                             
[16:18:04] INFO     Rank: 0 - Epoch:6/60, Batch:32,     progress_callback.py:218
                    loss:1.433997, finished 11.03%.                             
[16:18:22] INFO     Rank: 0 - Epoch:6/60, Batch:33,     progress_callback.py:218
                    loss:1.140874, finished 11.06%.                             
[16:18:33] INFO     Rank: 0 - Epoch:6/60, Batch:34,     progress_callback.py:218
                    loss:1.361649, finished 11.09%.                             
[16:18:44] INFO     Rank: 0 - Epoch:6/60, Batch:35,     progress_callback.py:218
                    loss:1.256084, finished 11.12%.                             
[16:18:57] INFO     Rank: 0 - Epoch:6/60, Batch:36,     progress_callback.py:218
                    loss:1.404265, finished 11.15%.                             
[16:19:09] INFO     Rank: 0 - Epoch:6/60, Batch:37,     progress_callback.py:218
                    loss:1.39526, finished 11.19%.                              
[16:19:19] INFO     Rank: 0 - Epoch:6/60, Batch:38,     progress_callback.py:218
                    loss:1.329397, finished 11.22%.                             
[16:19:29] INFO     Rank: 0 - Contrastive loss is                 callback.py:66
                    0.6834908246994018, nll_loss is                             
                    0.6358497977256775                                          
[16:19:30] INFO     Rank: 0 - Epoch:6/60, Batch:39,     progress_callback.py:218
                    loss:1.140317, finished 11.25%.                             
[16:19:42] INFO     Rank: 0 - Epoch:6/60, Batch:40,     progress_callback.py:218
                    loss:1.159231, finished 11.28%.                             
[16:19:52] INFO     Rank: 0 - Epoch:6/60, Batch:41,     progress_callback.py:218
                    loss:1.202561, finished 11.31%.                             
[16:20:00] INFO     Rank: 0 - Epoch:6/60, Batch:42,     progress_callback.py:218
                    loss:1.574159, finished 11.35%.                             
[16:20:13] INFO     Rank: 0 - Epoch:6/60, Batch:43,     progress_callback.py:218
                    loss:1.123544, finished 11.38%.                             
[16:20:21] INFO     Rank: 0 - Epoch:6/60, Batch:44,     progress_callback.py:218
                    loss:1.101317, finished 11.41%.                             
[16:20:31] INFO     Rank: 0 - Epoch:6/60, Batch:45,     progress_callback.py:218
                    loss:1.406915, finished 11.44%.                             
[16:20:41] INFO     Rank: 0 - Epoch:6/60, Batch:46,     progress_callback.py:218
                    loss:1.383129, finished 11.47%.                             
[16:20:50] INFO     Rank: 0 - Epoch:6/60, Batch:47,     progress_callback.py:218
                    loss:1.298193, finished 11.51%.                             
[16:21:04] INFO     Rank: 0 - Epoch:6/60, Batch:48,     progress_callback.py:218
                    loss:1.250165, finished 11.54%.                             
           INFO     Rank: 0 -                                   evaluator.py:317
                    **********Evaluation starts**********                       
[16:21:16] INFO     Rank: 0 - **********Evaluation              evaluator.py:349
                    ends**********                                              
                                                                                
           INFO     Rank: 0 - ----------Eval. results   progress_callback.py:233
                    on Epoch:6, Batch:48----------                              
           INFO     Rank: 0 -                           progress_callback.py:238
                    {"torch_ngram#ngram-overlap":                               
                    0.451373428106308}                                          
[16:21:27] INFO     Rank: 0 - Contrastive loss is                 callback.py:66
                    0.6739367425441742, nll_loss is                             
                    0.6041811883449555                                          
           INFO     Rank: 0 - Epoch:6/60, Batch:49,     progress_callback.py:218
                    loss:1.281964, finished 11.57%.                             
[16:21:38] INFO     Rank: 0 - Epoch:6/60, Batch:50,     progress_callback.py:218
                    loss:1.28993, finished 11.6%.                               
[16:21:48] INFO     Rank: 0 - Epoch:6/60, Batch:51,     progress_callback.py:218
                    loss:1.328671, finished 11.63%.                             
[16:21:58] INFO     Rank: 0 - Epoch:6/60, Batch:52,     progress_callback.py:218
                    loss:1.228311, finished 11.67%.                             
           INFO     Rank: 0 -                           progress_callback.py:204
                    **********Epoch:7 starts**********                          
[16:22:07] INFO     Rank: 0 - Epoch:7/60, Batch:1,      progress_callback.py:218
                    loss:1.228364, finished 11.7%.                              
[16:22:17] INFO     Rank: 0 - Epoch:7/60, Batch:2,      progress_callback.py:218
                    loss:1.333679, finished 11.73%.                             
[16:22:29] INFO     Rank: 0 - Epoch:7/60, Batch:3,      progress_callback.py:218
                    loss:1.339918, finished 11.76%.                             
[16:22:39] INFO     Rank: 0 - Epoch:7/60, Batch:4,      progress_callback.py:218
                    loss:1.305434, finished 11.79%.                             
[16:22:50] INFO     Rank: 0 - Epoch:7/60, Batch:5,      progress_callback.py:218
                    loss:1.340772, finished 11.83%.                             
[16:23:02] INFO     Rank: 0 - Epoch:7/60, Batch:6,      progress_callback.py:218
                    loss:1.063736, finished 11.86%.                             
[16:23:11] INFO     Rank: 0 - Contrastive loss is                 callback.py:66
                    0.6683398246765136, nll_loss is                             
                    0.5935360789299011                                          
[16:23:13] INFO     Rank: 0 - Epoch:7/60, Batch:7,      progress_callback.py:218
                    loss:1.159944, finished 11.89%.                             
[16:23:25] INFO     Rank: 0 - Epoch:7/60, Batch:8,      progress_callback.py:218
                    loss:1.316356, finished 11.92%.                             
[16:23:35] INFO     Rank: 0 - Epoch:7/60, Batch:9,      progress_callback.py:218
                    loss:1.232227, finished 11.96%.                             
[16:23:42] INFO     Rank: 0 - Epoch:7/60, Batch:10,     progress_callback.py:218
                    loss:1.257268, finished 11.99%.                             
[16:23:52] INFO     Rank: 0 - Epoch:7/60, Batch:11,     progress_callback.py:218
                    loss:1.197467, finished 12.02%.                             
[16:24:01] INFO     Rank: 0 - Epoch:7/60, Batch:12,     progress_callback.py:218
                    loss:1.093458, finished 12.05%.                             
[16:24:13] INFO     Rank: 0 - Epoch:7/60, Batch:13,     progress_callback.py:218
                    loss:1.426035, finished 12.08%.                             
[16:24:25] INFO     Rank: 0 - Epoch:7/60, Batch:14,     progress_callback.py:218
                    loss:1.14287, finished 12.12%.                              
[16:24:34] INFO     Rank: 0 - Epoch:7/60, Batch:15,     progress_callback.py:218
                    loss:1.181059, finished 12.15%.                             
[16:24:44] INFO     Rank: 0 - Epoch:7/60, Batch:16,     progress_callback.py:218
                    loss:1.040115, finished 12.18%.                             
[16:24:51] INFO     Rank: 0 - Contrastive loss is                 callback.py:66
                    0.6648992359638214, nll_loss is                             
                    0.5810374319553375                                          
[16:24:58] INFO     Rank: 0 - Epoch:7/60, Batch:17,     progress_callback.py:218
                    loss:1.572511, finished 12.21%.                             
[16:25:08] INFO     Rank: 0 - Epoch:7/60, Batch:18,     progress_callback.py:218
                    loss:1.421196, finished 12.24%.                             
[16:25:20] INFO     Rank: 0 - Epoch:7/60, Batch:19,     progress_callback.py:218
                    loss:1.152331, finished 12.28%.                             
[16:25:35] INFO     Rank: 0 - Epoch:7/60, Batch:20,     progress_callback.py:218
                    loss:1.157679, finished 12.31%.                             
[16:25:46] INFO     Rank: 0 - Epoch:7/60, Batch:21,     progress_callback.py:218
                    loss:1.277835, finished 12.34%.                             
[16:25:56] INFO     Rank: 0 - Epoch:7/60, Batch:22,     progress_callback.py:218
                    loss:1.255652, finished 12.37%.                             
[16:26:05] INFO     Rank: 0 - Epoch:7/60, Batch:23,     progress_callback.py:218
                    loss:1.240266, finished 12.4%.                              
[16:26:13] INFO     Rank: 0 - Epoch:7/60, Batch:24,     progress_callback.py:218
                    loss:1.317262, finished 12.44%.                             
[16:26:21] INFO     Rank: 0 - Epoch:7/60, Batch:25,     progress_callback.py:218
                    loss:1.114624, finished 12.47%.                             
[16:26:34] INFO     Rank: 0 - Epoch:7/60, Batch:26,     progress_callback.py:218
                    loss:1.348142, finished 12.5%.                              
[16:26:43] INFO     Rank: 0 - Contrastive loss is                 callback.py:66
                    0.6420231074094772, nll_loss is                             
                    0.59241524040699                                            
           INFO     Rank: 0 - Epoch:7/60, Batch:27,     progress_callback.py:218
                    loss:1.059397, finished 12.53%.                             
[16:26:58] INFO     Rank: 0 - Epoch:7/60, Batch:28,     progress_callback.py:218
                    loss:1.309307, finished 12.56%.                             
[16:27:12] INFO     Rank: 0 - Epoch:7/60, Batch:29,     progress_callback.py:218
                    loss:1.551439, finished 12.6%.                              
[16:27:22] INFO     Rank: 0 - Epoch:7/60, Batch:30,     progress_callback.py:218
                    loss:1.110409, finished 12.63%.                             
[16:27:38] INFO     Rank: 0 - Epoch:7/60, Batch:31,     progress_callback.py:218
                    loss:1.327338, finished 12.66%.                             
[16:27:49] INFO     Rank: 0 - Epoch:7/60, Batch:32,     progress_callback.py:218
                    loss:1.224604, finished 12.69%.                             
[16:28:00] INFO     Rank: 0 - Epoch:7/60, Batch:33,     progress_callback.py:218
                    loss:1.187193, finished 12.72%.                             
[16:28:12] INFO     Rank: 0 - Epoch:7/60, Batch:34,     progress_callback.py:218
                    loss:1.287094, finished 12.76%.                             
[16:28:25] INFO     Rank: 0 - Epoch:7/60, Batch:35,     progress_callback.py:218
                    loss:1.139403, finished 12.79%.                             
[16:28:34] INFO     Rank: 0 - Epoch:7/60, Batch:36,     progress_callback.py:218
                    loss:1.380239, finished 12.82%.                             
           INFO     Rank: 0 -                                   evaluator.py:317
                    **********Evaluation starts**********                       
[16:28:47] INFO     Rank: 0 - **********Evaluation              evaluator.py:349
                    ends**********                                              
                                                                                
           INFO     Rank: 0 - ----------Eval. results   progress_callback.py:233
                    on Epoch:7, Batch:36----------                              
           INFO     Rank: 0 -                           progress_callback.py:238
                    {"torch_ngram#ngram-overlap":                               
                    0.4511765241622925}                                         
[16:28:54] INFO     Rank: 0 - Contrastive loss is                 callback.py:66
                    0.6635790169239044, nll_loss is                             
                    0.6091045796871185                                          
[16:28:55] INFO     Rank: 0 - Epoch:7/60, Batch:37,     progress_callback.py:218
                    loss:1.20981, finished 12.85%.                              
[16:29:05] INFO     Rank: 0 - Epoch:7/60, Batch:38,     progress_callback.py:218
                    loss:1.289806, finished 12.88%.                             
[16:29:14] INFO     Rank: 0 - Epoch:7/60, Batch:39,     progress_callback.py:218
                    loss:0.946084, finished 12.92%.                             
[16:29:24] INFO     Rank: 0 - Epoch:7/60, Batch:40,     progress_callback.py:218
                    loss:1.115866, finished 12.95%.                             
[16:29:35] INFO     Rank: 0 - Epoch:7/60, Batch:41,     progress_callback.py:218
                    loss:1.309896, finished 12.98%.                             
[16:29:46] INFO     Rank: 0 - Epoch:7/60, Batch:42,     progress_callback.py:218
                    loss:1.100083, finished 13.01%.                             
[16:30:00] INFO     Rank: 0 - Epoch:7/60, Batch:43,     progress_callback.py:218
                    loss:1.22667, finished 13.04%.                              
[16:30:12] INFO     Rank: 0 - Epoch:7/60, Batch:44,     progress_callback.py:218
                    loss:1.442969, finished 13.08%.                             
[16:30:22] INFO     Rank: 0 - Epoch:7/60, Batch:45,     progress_callback.py:218
                    loss:1.260346, finished 13.11%.                             
[16:30:29] INFO     Rank: 0 - Epoch:7/60, Batch:46,     progress_callback.py:218
                    loss:1.363065, finished 13.14%.                             
[16:30:39] INFO     Rank: 0 - Contrastive loss is                 callback.py:66
                    0.6550362676382064, nll_loss is                             
                    0.594216313958168                                           
[16:30:40] INFO     Rank: 0 - Epoch:7/60, Batch:47,     progress_callback.py:218
                    loss:1.437741, finished 13.17%.                             
[16:30:49] INFO     Rank: 0 - Epoch:7/60, Batch:48,     progress_callback.py:218
                    loss:1.290029, finished 13.21%.                             
[16:31:01] INFO     Rank: 0 - Epoch:7/60, Batch:49,     progress_callback.py:218
                    loss:1.358041, finished 13.24%.                             
[16:31:12] INFO     Rank: 0 - Epoch:7/60, Batch:50,     progress_callback.py:218
                    loss:1.149863, finished 13.27%.                             
[16:31:23] INFO     Rank: 0 - Epoch:7/60, Batch:51,     progress_callback.py:218
                    loss:1.173466, finished 13.3%.                              
[16:31:34] INFO     Rank: 0 - Epoch:7/60, Batch:52,     progress_callback.py:218
                    loss:1.174033, finished 13.33%.                             
           INFO     Rank: 0 -                           progress_callback.py:204
                    **********Epoch:8 starts**********                          
[16:31:48] INFO     Rank: 0 - Epoch:8/60, Batch:1,      progress_callback.py:218
                    loss:1.552073, finished 13.37%.                             
[16:31:57] INFO     Rank: 0 - Epoch:8/60, Batch:2,      progress_callback.py:218
                    loss:1.523317, finished 13.4%.                              
[16:32:06] INFO     Rank: 0 - Epoch:8/60, Batch:3,      progress_callback.py:218
                    loss:1.357325, finished 13.43%.                             
[16:32:15] INFO     Rank: 0 - Epoch:8/60, Batch:4,      progress_callback.py:218
                    loss:1.354353, finished 13.46%.                             
[16:32:21] INFO     Rank: 0 - Contrastive loss is                 callback.py:66
                    0.7096741795539856, nll_loss is                             
                    0.6186969876289368                                          
[16:32:25] INFO     Rank: 0 - Epoch:8/60, Batch:5,      progress_callback.py:218
                    loss:1.35121, finished 13.49%.                              
[16:32:35] INFO     Rank: 0 - Epoch:8/60, Batch:6,      progress_callback.py:218
                    loss:1.454828, finished 13.53%.                             
[16:32:46] INFO     Rank: 0 - Epoch:8/60, Batch:7,      progress_callback.py:218
                    loss:1.095708, finished 13.56%.                             
[16:33:00] INFO     Rank: 0 - Epoch:8/60, Batch:8,      progress_callback.py:218
                    loss:1.007485, finished 13.59%.                             
[16:33:09] INFO     Rank: 0 - Epoch:8/60, Batch:9,      progress_callback.py:218
                    loss:1.165973, finished 13.62%.                             
[16:33:17] INFO     Rank: 0 - Epoch:8/60, Batch:10,     progress_callback.py:218
                    loss:1.355158, finished 13.65%.                             
[16:33:27] INFO     Rank: 0 - Epoch:8/60, Batch:11,     progress_callback.py:218
                    loss:1.125989, finished 13.69%.                             
[16:33:36] INFO     Rank: 0 - Epoch:8/60, Batch:12,     progress_callback.py:218
                    loss:1.281578, finished 13.72%.                             
[16:33:54] INFO     Rank: 0 - Epoch:8/60, Batch:13,     progress_callback.py:218
                    loss:1.247945, finished 13.75%.                             
[16:34:03] INFO     Rank: 0 - Epoch:8/60, Batch:14,     progress_callback.py:218
                    loss:1.130181, finished 13.78%.                             
[16:34:09] INFO     Rank: 0 - Contrastive loss is                 callback.py:66
                    0.6572758793830872, nll_loss is                             
                    0.5772380828857422                                          
[16:34:12] INFO     Rank: 0 - Epoch:8/60, Batch:15,     progress_callback.py:218
                    loss:1.480294, finished 13.81%.                             
[16:34:24] INFO     Rank: 0 - Epoch:8/60, Batch:16,     progress_callback.py:218
                    loss:1.316079, finished 13.85%.                             
[16:34:33] INFO     Rank: 0 - Epoch:8/60, Batch:17,     progress_callback.py:218
                    loss:1.18524, finished 13.88%.                              
[16:34:44] INFO     Rank: 0 - Epoch:8/60, Batch:18,     progress_callback.py:218
                    loss:1.585373, finished 13.91%.                             
[16:34:55] INFO     Rank: 0 - Epoch:8/60, Batch:19,     progress_callback.py:218
                    loss:1.483407, finished 13.94%.                             
[16:35:06] INFO     Rank: 0 - Epoch:8/60, Batch:20,     progress_callback.py:218
                    loss:1.362716, finished 13.97%.                             
[16:35:15] INFO     Rank: 0 - Epoch:8/60, Batch:21,     progress_callback.py:218
                    loss:1.382389, finished 14.01%.                             
[16:35:29] INFO     Rank: 0 - Epoch:8/60, Batch:22,     progress_callback.py:218
                    loss:1.057941, finished 14.04%.                             
[16:35:38] INFO     Rank: 0 - Epoch:8/60, Batch:23,     progress_callback.py:218
                    loss:1.158947, finished 14.07%.                             
[16:35:49] INFO     Rank: 0 - Epoch:8/60, Batch:24,     progress_callback.py:218
                    loss:1.445007, finished 14.1%.                              
           INFO     Rank: 0 -                                   evaluator.py:317
                    **********Evaluation starts**********                       
[16:36:01] INFO     Rank: 0 - **********Evaluation              evaluator.py:349
                    ends**********                                              
                                                                                
           INFO     Rank: 0 - ----------Eval. results   progress_callback.py:233
                    on Epoch:8, Batch:24----------                              
           INFO     Rank: 0 -                           progress_callback.py:238
                    {"torch_ngram#ngram-overlap":                               
                    0.4498753547668457}                                         
[16:36:12] INFO     Rank: 0 - Contrastive loss is                 callback.py:66
                    0.6889752149581909, nll_loss is                             
                    0.6270025610923767                                          
[16:36:13] INFO     Rank: 0 - Epoch:8/60, Batch:25,     progress_callback.py:218
                    loss:1.182678, finished 14.13%.                             
[16:36:29] INFO     Rank: 0 - Epoch:8/60, Batch:26,     progress_callback.py:218
                    loss:0.954767, finished 14.17%.                             
[16:36:40] INFO     Rank: 0 - Epoch:8/60, Batch:27,     progress_callback.py:218
                    loss:1.24994, finished 14.2%.                               
[16:36:51] INFO     Rank: 0 - Epoch:8/60, Batch:28,     progress_callback.py:218
                    loss:1.044033, finished 14.23%.                             
[16:37:01] INFO     Rank: 0 - Epoch:8/60, Batch:29,     progress_callback.py:218
                    loss:1.353901, finished 14.26%.                             
[16:37:14] INFO     Rank: 0 - Epoch:8/60, Batch:30,     progress_callback.py:218
                    loss:1.148478, finished 14.29%.                             
[16:37:23] INFO     Rank: 0 - Epoch:8/60, Batch:31,     progress_callback.py:218
                    loss:0.960359, finished 14.33%.                             
[16:37:34] INFO     Rank: 0 - Epoch:8/60, Batch:32,     progress_callback.py:218
                    loss:1.379365, finished 14.36%.                             
[16:37:48] INFO     Rank: 0 - Epoch:8/60, Batch:33,     progress_callback.py:218
                    loss:1.134876, finished 14.39%.                             
[16:38:00] INFO     Rank: 0 - Epoch:8/60, Batch:34,     progress_callback.py:218
                    loss:1.188711, finished 14.42%.                             
[16:38:06] INFO     Rank: 0 - Contrastive loss is                 callback.py:66
                    0.6548966348171235, nll_loss is                             
                    0.5115142405033112                                          
[16:38:11] INFO     Rank: 0 - Epoch:8/60, Batch:35,     progress_callback.py:218
                    loss:1.249679, finished 14.46%.                             
[16:38:21] INFO     Rank: 0 - Epoch:8/60, Batch:36,     progress_callback.py:218
                    loss:1.451544, finished 14.49%.                             
[16:38:32] INFO     Rank: 0 - Epoch:8/60, Batch:37,     progress_callback.py:218
                    loss:1.153338, finished 14.52%.                             
[16:38:42] INFO     Rank: 0 - Epoch:8/60, Batch:38,     progress_callback.py:218
                    loss:1.289101, finished 14.55%.                             
[16:38:54] INFO     Rank: 0 - Epoch:8/60, Batch:39,     progress_callback.py:218
                    loss:1.063784, finished 14.58%.                             
[16:39:04] INFO     Rank: 0 - Epoch:8/60, Batch:40,     progress_callback.py:218
                    loss:1.438615, finished 14.62%.                             
[16:39:17] INFO     Rank: 0 - Epoch:8/60, Batch:41,     progress_callback.py:218
                    loss:1.366019, finished 14.65%.                             
[16:39:25] INFO     Rank: 0 - Epoch:8/60, Batch:42,     progress_callback.py:218
                    loss:1.227799, finished 14.68%.                             
[16:39:34] INFO     Rank: 0 - Epoch:8/60, Batch:43,     progress_callback.py:218
                    loss:1.058314, finished 14.71%.                             
[16:39:43] INFO     Rank: 0 - Epoch:8/60, Batch:44,     progress_callback.py:218
                    loss:1.087436, finished 14.74%.                             
[16:39:49] INFO     Rank: 0 - Contrastive loss is                 callback.py:66
                    0.658905977010727, nll_loss is                              
                    0.6081697523593903                                          
[16:39:52] INFO     Rank: 0 - Epoch:8/60, Batch:45,     progress_callback.py:218
                    loss:1.534807, finished 14.78%.                             
[16:40:02] INFO     Rank: 0 - Epoch:8/60, Batch:46,     progress_callback.py:218
                    loss:1.270208, finished 14.81%.                             
[16:40:12] INFO     Rank: 0 - Epoch:8/60, Batch:47,     progress_callback.py:218
                    loss:1.236591, finished 14.84%.                             
[16:40:22] INFO     Rank: 0 - Epoch:8/60, Batch:48,     progress_callback.py:218
                    loss:1.294664, finished 14.87%.                             
[16:40:31] INFO     Rank: 0 - Epoch:8/60, Batch:49,     progress_callback.py:218
                    loss:1.2881, finished 14.9%.                                
[16:40:46] INFO     Rank: 0 - Epoch:8/60, Batch:50,     progress_callback.py:218
                    loss:1.301888, finished 14.94%.                             
[16:40:59] INFO     Rank: 0 - Epoch:8/60, Batch:51,     progress_callback.py:218
                    loss:1.350639, finished 14.97%.                             
[16:41:08] INFO     Rank: 0 - Epoch:8/60, Batch:52,     progress_callback.py:218
                    loss:1.11634, finished 15.0%.                               
           INFO     Rank: 0 -                           progress_callback.py:204
                    **********Epoch:9 starts**********                          
[16:41:21] INFO     Rank: 0 - Epoch:9/60, Batch:1,      progress_callback.py:218
                    loss:1.334862, finished 15.03%.                             
[16:41:33] INFO     Rank: 0 - Epoch:9/60, Batch:2,      progress_callback.py:218
                    loss:1.009524, finished 15.06%.                             
[16:41:39] INFO     Rank: 0 - Contrastive loss is                 callback.py:66
                    0.6938100814819336, nll_loss is                             
                    0.5510816097259521                                          
[16:41:41] INFO     Rank: 0 - Epoch:9/60, Batch:3,      progress_callback.py:218
                    loss:1.2461, finished 15.1%.                                
[16:41:50] INFO     Rank: 0 - Epoch:9/60, Batch:4,      progress_callback.py:218
                    loss:1.128333, finished 15.13%.                             
[16:42:00] INFO     Rank: 0 - Epoch:9/60, Batch:5,      progress_callback.py:218
                    loss:1.041527, finished 15.16%.                             
[16:42:11] INFO     Rank: 0 - Epoch:9/60, Batch:6,      progress_callback.py:218
                    loss:1.113599, finished 15.19%.                             
[16:42:22] INFO     Rank: 0 - Epoch:9/60, Batch:7,      progress_callback.py:218
                    loss:1.132931, finished 15.22%.                             
[16:42:36] INFO     Rank: 0 - Epoch:9/60, Batch:8,      progress_callback.py:218
                    loss:1.248941, finished 15.26%.                             
[16:42:48] INFO     Rank: 0 - Epoch:9/60, Batch:9,      progress_callback.py:218
                    loss:1.312058, finished 15.29%.                             
[16:42:57] INFO     Rank: 0 - Epoch:9/60, Batch:10,     progress_callback.py:218
                    loss:1.200721, finished 15.32%.                             
[16:43:07] INFO     Rank: 0 - Epoch:9/60, Batch:11,     progress_callback.py:218
                    loss:1.186136, finished 15.35%.                             
[16:43:17] INFO     Rank: 0 - Epoch:9/60, Batch:12,     progress_callback.py:218
                    loss:1.105101, finished 15.38%.                             
           INFO     Rank: 0 -                                   evaluator.py:317
                    **********Evaluation starts**********                       
[16:43:30] INFO     Rank: 0 - **********Evaluation              evaluator.py:349
                    ends**********                                              
                                                                                
           INFO     Rank: 0 - ----------Eval. results   progress_callback.py:233
                    on Epoch:9, Batch:12----------                              
           INFO     Rank: 0 -                           progress_callback.py:238
                    {"torch_ngram#ngram-overlap":                               
                    0.45133304595947266}                                        
[16:43:42] INFO     Rank: 0 - Contrastive loss is                 callback.py:66
                    0.6093669772148133, nll_loss is                             
                    0.5371237158775329                                          
[16:43:43] INFO     Rank: 0 - Epoch:9/60, Batch:13,     progress_callback.py:218
                    loss:0.995559, finished 15.42%.                             
[16:43:55] INFO     Rank: 0 - Epoch:9/60, Batch:14,     progress_callback.py:218
                    loss:1.388781, finished 15.45%.                             
[16:44:10] INFO     Rank: 0 - Epoch:9/60, Batch:15,     progress_callback.py:218
                    loss:1.047171, finished 15.48%.                             
[16:44:20] INFO     Rank: 0 - Epoch:9/60, Batch:16,     progress_callback.py:218
                    loss:1.29598, finished 15.51%.                              
[16:44:30] INFO     Rank: 0 - Epoch:9/60, Batch:17,     progress_callback.py:218
                    loss:1.344332, finished 15.54%.                             
[16:44:40] INFO     Rank: 0 - Epoch:9/60, Batch:18,     progress_callback.py:218
                    loss:1.44832, finished 15.58%.                              
[16:44:54] INFO     Rank: 0 - Epoch:9/60, Batch:19,     progress_callback.py:218
                    loss:1.263492, finished 15.61%.                             
[16:45:07] INFO     Rank: 0 - Epoch:9/60, Batch:20,     progress_callback.py:218
                    loss:1.254909, finished 15.64%.                             
[16:45:18] INFO     Rank: 0 - Epoch:9/60, Batch:21,     progress_callback.py:218
                    loss:1.623729, finished 15.67%.                             
[16:45:35] INFO     Rank: 0 - Epoch:9/60, Batch:22,     progress_callback.py:218
                    loss:1.241038, finished 15.71%.                             
[16:45:42] INFO     Rank: 0 - Contrastive loss is                 callback.py:66
                    0.6701199412345886, nll_loss is                             
                    0.638042151927948                                           
[16:45:43] INFO     Rank: 0 - Epoch:9/60, Batch:23,     progress_callback.py:218
                    loss:1.173869, finished 15.74%.                             
[16:45:53] INFO     Rank: 0 - Epoch:9/60, Batch:24,     progress_callback.py:218
                    loss:1.674773, finished 15.77%.                             
[16:46:04] INFO     Rank: 0 - Epoch:9/60, Batch:25,     progress_callback.py:218
                    loss:1.169807, finished 15.8%.                              
[16:46:16] INFO     Rank: 0 - Epoch:9/60, Batch:26,     progress_callback.py:218
                    loss:1.420901, finished 15.83%.                             
[16:46:27] INFO     Rank: 0 - Epoch:9/60, Batch:27,     progress_callback.py:218
                    loss:1.053915, finished 15.87%.                             
[16:46:37] INFO     Rank: 0 - Epoch:9/60, Batch:28,     progress_callback.py:218
                    loss:1.306806, finished 15.9%.                              
[16:46:44] INFO     Rank: 0 - Epoch:9/60, Batch:29,     progress_callback.py:218
                    loss:1.694118, finished 15.93%.                             
[16:46:54] INFO     Rank: 0 - Epoch:9/60, Batch:30,     progress_callback.py:218
                    loss:1.324055, finished 15.96%.                             
[16:47:04] INFO     Rank: 0 - Epoch:9/60, Batch:31,     progress_callback.py:218
                    loss:1.540714, finished 15.99%.                             
[16:47:15] INFO     Rank: 0 - Epoch:9/60, Batch:32,     progress_callback.py:218
                    loss:1.219703, finished 16.03%.                             
[16:47:22] INFO     Rank: 0 - Contrastive loss is                 callback.py:66
                    0.72249955534935, nll_loss is                               
                    0.6686303436756134                                          
[16:47:26] INFO     Rank: 0 - Epoch:9/60, Batch:33,     progress_callback.py:218
                    loss:1.506508, finished 16.06%.                             
[16:47:37] INFO     Rank: 0 - Epoch:9/60, Batch:34,     progress_callback.py:218
                    loss:1.256024, finished 16.09%.                             
[16:47:45] INFO     Rank: 0 - Epoch:9/60, Batch:35,     progress_callback.py:218
                    loss:1.55494, finished 16.12%.                              
[16:47:55] INFO     Rank: 0 - Epoch:9/60, Batch:36,     progress_callback.py:218
                    loss:1.156211, finished 16.15%.                             
[16:48:06] INFO     Rank: 0 - Epoch:9/60, Batch:37,     progress_callback.py:218
                    loss:1.199629, finished 16.19%.                             
[16:48:18] INFO     Rank: 0 - Epoch:9/60, Batch:38,     progress_callback.py:218
                    loss:1.198829, finished 16.22%.                             
[16:48:27] INFO     Rank: 0 - Epoch:9/60, Batch:39,     progress_callback.py:218
                    loss:1.386529, finished 16.25%.                             
[16:48:42] INFO     Rank: 0 - Epoch:9/60, Batch:40,     progress_callback.py:218
                    loss:1.08252, finished 16.28%.                              
[16:48:55] INFO     Rank: 0 - Epoch:9/60, Batch:41,     progress_callback.py:218
                    loss:1.016758, finished 16.31%.                             
[16:49:03] INFO     Rank: 0 - Epoch:9/60, Batch:42,     progress_callback.py:218
                    loss:1.42099, finished 16.35%.                              
[16:49:09] INFO     Rank: 0 - Contrastive loss is                 callback.py:66
                    0.6604443550109863, nll_loss is                             
                    0.6193972706794739                                          
[16:49:15] INFO     Rank: 0 - Epoch:9/60, Batch:43,     progress_callback.py:218
                    loss:1.525986, finished 16.38%.                             
[16:49:24] INFO     Rank: 0 - Epoch:9/60, Batch:44,     progress_callback.py:218
                    loss:1.408076, finished 16.41%.                             
[16:49:33] INFO     Rank: 0 - Epoch:9/60, Batch:45,     progress_callback.py:218
                    loss:1.209929, finished 16.44%.                             
[16:49:49] INFO     Rank: 0 - Epoch:9/60, Batch:46,     progress_callback.py:218
                    loss:1.321297, finished 16.47%.                             
[16:49:58] INFO     Rank: 0 - Epoch:9/60, Batch:47,     progress_callback.py:218
                    loss:1.105228, finished 16.51%.                             
[16:50:10] INFO     Rank: 0 - Epoch:9/60, Batch:48,     progress_callback.py:218
                    loss:1.078788, finished 16.54%.                             
[16:50:21] INFO     Rank: 0 - Epoch:9/60, Batch:49,     progress_callback.py:218
                    loss:1.158602, finished 16.57%.                             
[16:50:33] INFO     Rank: 0 - Epoch:9/60, Batch:50,     progress_callback.py:218
                    loss:1.394139, finished 16.6%.                              
[16:50:45] INFO     Rank: 0 - Epoch:9/60, Batch:51,     progress_callback.py:218
                    loss:1.234039, finished 16.63%.                             
[16:50:52] INFO     Rank: 0 - Epoch:9/60, Batch:52,     progress_callback.py:218
                    loss:1.288188, finished 16.67%.                             
           INFO     Rank: 0 -                                   evaluator.py:317
                    **********Evaluation starts**********                       
[16:51:05] INFO     Rank: 0 - **********Evaluation              evaluator.py:349
                    ends**********                                              
                                                                                
           INFO     Rank: 0 - ----------Eval. results   progress_callback.py:233
                    on Epoch:9, Batch:52----------                              
           INFO     Rank: 0 -                           progress_callback.py:238
                    {"torch_ngram#ngram-overlap":                               
                    0.4510936141014099}                                         
           INFO     Rank: 0 -                           progress_callback.py:204
                    **********Epoch:10 starts**********                         
[16:51:15] INFO     Rank: 0 - Contrastive loss is                 callback.py:66
                    0.6441761016845703, nll_loss is                             
                    0.5860866189002991                                          
           INFO     Rank: 0 - Epoch:10/60, Batch:1,     progress_callback.py:218
                    loss:1.104341, finished 16.7%.                              
[16:51:24] INFO     Rank: 0 - Epoch:10/60, Batch:2,     progress_callback.py:218
                    loss:1.100896, finished 16.73%.                             
[16:51:35] INFO     Rank: 0 - Epoch:10/60, Batch:3,     progress_callback.py:218
                    loss:1.295961, finished 16.76%.                             
[16:51:44] INFO     Rank: 0 - Epoch:10/60, Batch:4,     progress_callback.py:218
                    loss:1.511397, finished 16.79%.                             
[16:51:53] INFO     Rank: 0 - Epoch:10/60, Batch:5,     progress_callback.py:218
                    loss:1.19642, finished 16.83%.                              
[16:52:05] INFO     Rank: 0 - Epoch:10/60, Batch:6,     progress_callback.py:218
                    loss:1.267954, finished 16.86%.                             
[16:52:20] INFO     Rank: 0 - Epoch:10/60, Batch:7,     progress_callback.py:218
                    loss:1.127601, finished 16.89%.                             
[16:52:33] INFO     Rank: 0 - Epoch:10/60, Batch:8,     progress_callback.py:218
                    loss:1.26522, finished 16.92%.                              
[16:52:42] INFO     Rank: 0 - Epoch:10/60, Batch:9,     progress_callback.py:218
                    loss:1.386831, finished 16.96%.                             
[16:52:53] INFO     Rank: 0 - Epoch:10/60, Batch:10,    progress_callback.py:218
                    loss:1.013889, finished 16.99%.                             
[16:52:59] INFO     Rank: 0 - Contrastive loss is                 callback.py:66
                    0.6698024570941925, nll_loss is                             
                    0.5981464326381684                                          
[16:53:06] INFO     Rank: 0 - Epoch:10/60, Batch:11,    progress_callback.py:218
                    loss:1.51332, finished 17.02%.                              
[16:53:18] INFO     Rank: 0 - Epoch:10/60, Batch:12,    progress_callback.py:218
                    loss:1.396529, finished 17.05%.                             
[16:53:28] INFO     Rank: 0 - Epoch:10/60, Batch:13,    progress_callback.py:218
                    loss:1.097831, finished 17.08%.                             
[16:53:39] INFO     Rank: 0 - Epoch:10/60, Batch:14,    progress_callback.py:218
                    loss:1.464454, finished 17.12%.                             
[16:53:53] INFO     Rank: 0 - Epoch:10/60, Batch:15,    progress_callback.py:218
                    loss:1.158799, finished 17.15%.                             
[16:54:08] INFO     Rank: 0 - Epoch:10/60, Batch:16,    progress_callback.py:218
                    loss:1.555801, finished 17.18%.                             
[16:54:18] INFO     Rank: 0 - Epoch:10/60, Batch:17,    progress_callback.py:218
                    loss:1.2231, finished 17.21%.                               
[16:54:29] INFO     Rank: 0 - Epoch:10/60, Batch:18,    progress_callback.py:218
                    loss:1.308742, finished 17.24%.                             
[16:54:43] INFO     Rank: 0 - Epoch:10/60, Batch:19,    progress_callback.py:218
                    loss:1.289764, finished 17.28%.                             
[16:54:52] INFO     Rank: 0 - Epoch:10/60, Batch:20,    progress_callback.py:218
                    loss:1.523381, finished 17.31%.                             
[16:55:01] INFO     Rank: 0 - Contrastive loss is                 callback.py:66
                    0.7232657372951508, nll_loss is                             
                    0.6170342266559601                                          
[16:55:05] INFO     Rank: 0 - Epoch:10/60, Batch:21,    progress_callback.py:218
                    loss:1.384597, finished 17.34%.                             
[16:55:14] INFO     Rank: 0 - Epoch:10/60, Batch:22,    progress_callback.py:218
                    loss:1.353862, finished 17.37%.                             
[16:55:23] INFO     Rank: 0 - Epoch:10/60, Batch:23,    progress_callback.py:218
                    loss:1.435796, finished 17.4%.                              
[16:55:34] INFO     Rank: 0 - Epoch:10/60, Batch:24,    progress_callback.py:218
                    loss:1.267946, finished 17.44%.                             
[16:55:46] INFO     Rank: 0 - Epoch:10/60, Batch:25,    progress_callback.py:218
                    loss:1.041452, finished 17.47%.                             
[16:55:56] INFO     Rank: 0 - Epoch:10/60, Batch:26,    progress_callback.py:218
                    loss:1.473577, finished 17.5%.                              
[16:56:07] INFO     Rank: 0 - Epoch:10/60, Batch:27,    progress_callback.py:218
                    loss:1.27336, finished 17.53%.                              
[16:56:17] INFO     Rank: 0 - Epoch:10/60, Batch:28,    progress_callback.py:218
                    loss:1.048997, finished 17.56%.                             
[16:56:29] INFO     Rank: 0 - Epoch:10/60, Batch:29,    progress_callback.py:218
                    loss:1.205237, finished 17.6%.                              
[16:56:39] INFO     Rank: 0 - Epoch:10/60, Batch:30,    progress_callback.py:218
                    loss:1.338412, finished 17.63%.                             
[16:56:50] INFO     Rank: 0 - Contrastive loss is                 callback.py:66
                    0.6467951118946076, nll_loss is                             
                    0.6285249292850494                                          
[16:56:51] INFO     Rank: 0 - Epoch:10/60, Batch:31,    progress_callback.py:218
                    loss:1.314561, finished 17.66%.                             
[16:57:03] INFO     Rank: 0 - Epoch:10/60, Batch:32,    progress_callback.py:218
                    loss:1.347787, finished 17.69%.                             
[16:57:15] INFO     Rank: 0 - Epoch:10/60, Batch:33,    progress_callback.py:218
                    loss:1.226884, finished 17.72%.                             
[16:57:31] INFO     Rank: 0 - Epoch:10/60, Batch:34,    progress_callback.py:218
                    loss:1.111379, finished 17.76%.                             
[16:57:41] INFO     Rank: 0 - Epoch:10/60, Batch:35,    progress_callback.py:218
                    loss:1.178268, finished 17.79%.                             
[16:57:51] INFO     Rank: 0 - Epoch:10/60, Batch:36,    progress_callback.py:218
                    loss:1.190065, finished 17.82%.                             
[16:58:03] INFO     Rank: 0 - Epoch:10/60, Batch:37,    progress_callback.py:218
                    loss:1.196648, finished 17.85%.                             
[16:58:16] INFO     Rank: 0 - Epoch:10/60, Batch:38,    progress_callback.py:218
                    loss:1.155715, finished 17.88%.                             
[16:58:26] INFO     Rank: 0 - Epoch:10/60, Batch:39,    progress_callback.py:218
                    loss:1.281774, finished 17.92%.                             
[16:58:40] INFO     Rank: 0 - Epoch:10/60, Batch:40,    progress_callback.py:218
                    loss:1.248824, finished 17.95%.                             
           INFO     Rank: 0 -                                   evaluator.py:317
                    **********Evaluation starts**********                       
[16:58:53] INFO     Rank: 0 - **********Evaluation              evaluator.py:349
                    ends**********                                              
                                                                                
           INFO     Rank: 0 - ----------Eval. results   progress_callback.py:233
                    on Epoch:10, Batch:40----------                             
           INFO     Rank: 0 -                           progress_callback.py:238
                    {"torch_ngram#ngram-overlap":                               
                    0.45275163650512695}                                        
 ============= save model at results/2023-03-29-15_17_50_221845/epoch-10_step-560.pt ============= 
save hyperparams in  results/2023-03-29-15_17_50_221845/hyperparams.txt
[16:59:02] INFO     Rank: 0 - Contrastive loss is                 callback.py:66
                    0.6445342659950256, nll_loss is                             
                    0.5684483289718628                                          
[16:59:06] INFO     Rank: 0 - Epoch:10/60, Batch:41,    progress_callback.py:218
                    loss:1.192482, finished 17.98%.                             
[16:59:16] INFO     Rank: 0 - Epoch:10/60, Batch:42,    progress_callback.py:218
                    loss:1.078914, finished 18.01%.                             
[16:59:26] INFO     Rank: 0 - Epoch:10/60, Batch:43,    progress_callback.py:218
                    loss:1.286438, finished 18.04%.                             
[16:59:38] INFO     Rank: 0 - Epoch:10/60, Batch:44,    progress_callback.py:218
                    loss:1.177954, finished 18.08%.                             
[16:59:49] INFO     Rank: 0 - Epoch:10/60, Batch:45,    progress_callback.py:218
                    loss:1.252823, finished 18.11%.                             
[16:59:58] INFO     Rank: 0 - Epoch:10/60, Batch:46,    progress_callback.py:218
                    loss:0.928608, finished 18.14%.                             
[17:00:05] INFO     Rank: 0 - Epoch:10/60, Batch:47,    progress_callback.py:218
                    loss:1.12052, finished 18.17%.                              
[17:00:15] INFO     Rank: 0 - Epoch:10/60, Batch:48,    progress_callback.py:218
                    loss:1.488348, finished 18.21%.                             
[17:00:25] INFO     Rank: 0 - Epoch:10/60, Batch:49,    progress_callback.py:218
                    loss:1.365615, finished 18.24%.                             
[17:00:33] INFO     Rank: 0 - Epoch:10/60, Batch:50,    progress_callback.py:218
                    loss:1.395173, finished 18.27%.                             
[17:00:41] INFO     Rank: 0 - Contrastive loss is                 callback.py:66
                    0.6752060920000076, nll_loss is                             
                    0.561910554766655                                           
[17:00:47] INFO     Rank: 0 - Epoch:10/60, Batch:51,    progress_callback.py:218
                    loss:1.276773, finished 18.3%.                              
[17:00:55] INFO     Rank: 0 - Epoch:10/60, Batch:52,    progress_callback.py:218
                    loss:1.299733, finished 18.33%.                             
           INFO     Rank: 0 -                           progress_callback.py:204
                    **********Epoch:11 starts**********                         
[17:01:04] INFO     Rank: 0 - Epoch:11/60, Batch:1,     progress_callback.py:218
                    loss:1.120052, finished 18.37%.                             
[17:01:13] INFO     Rank: 0 - Epoch:11/60, Batch:2,     progress_callback.py:218
                    loss:1.099782, finished 18.4%.                              
[17:01:23] INFO     Rank: 0 - Epoch:11/60, Batch:3,     progress_callback.py:218
                    loss:1.043581, finished 18.43%.                             
[17:01:35] INFO     Rank: 0 - Epoch:11/60, Batch:4,     progress_callback.py:218
                    loss:1.381516, finished 18.46%.                             
[17:01:44] INFO     Rank: 0 - Epoch:11/60, Batch:5,     progress_callback.py:218
                    loss:1.254926, finished 18.49%.                             
[17:01:55] INFO     Rank: 0 - Epoch:11/60, Batch:6,     progress_callback.py:218
                    loss:1.427249, finished 18.53%.                             
[17:02:07] INFO     Rank: 0 - Epoch:11/60, Batch:7,     progress_callback.py:218
                    loss:1.256489, finished 18.56%.                             
[17:02:14] INFO     Rank: 0 - Epoch:11/60, Batch:8,     progress_callback.py:218
                    loss:1.455817, finished 18.59%.                             
[17:02:20] INFO     Rank: 0 - Contrastive loss is                 callback.py:66
                    0.6503005564212799, nll_loss is                             
                    0.607833307981491                                           
[17:02:24] INFO     Rank: 0 - Epoch:11/60, Batch:9,     progress_callback.py:218
                    loss:1.242193, finished 18.62%.                             
[17:02:34] INFO     Rank: 0 - Epoch:11/60, Batch:10,    progress_callback.py:218
                    loss:1.466215, finished 18.65%.                             
[17:02:43] INFO     Rank: 0 - Epoch:11/60, Batch:11,    progress_callback.py:218
                    loss:1.366921, finished 18.69%.                             
[17:02:54] INFO     Rank: 0 - Epoch:11/60, Batch:12,    progress_callback.py:218
                    loss:1.287428, finished 18.72%.                             
[17:03:03] INFO     Rank: 0 - Epoch:11/60, Batch:13,    progress_callback.py:218
                    loss:1.237385, finished 18.75%.                             
[17:03:11] INFO     Rank: 0 - Epoch:11/60, Batch:14,    progress_callback.py:218
                    loss:1.330436, finished 18.78%.                             
[17:03:25] INFO     Rank: 0 - Epoch:11/60, Batch:15,    progress_callback.py:218
                    loss:1.294477, finished 18.81%.                             
[17:03:36] INFO     Rank: 0 - Epoch:11/60, Batch:16,    progress_callback.py:218
                    loss:0.98323, finished 18.85%.                              
[17:03:47] INFO     Rank: 0 - Epoch:11/60, Batch:17,    progress_callback.py:218
                    loss:1.76418, finished 18.88%.                              
[17:03:56] INFO     Rank: 0 - Epoch:11/60, Batch:18,    progress_callback.py:218
                    loss:1.267652, finished 18.91%.                             
[17:04:04] INFO     Rank: 0 - Contrastive loss is                 callback.py:66
                    0.7225175261497497, nll_loss is                             
                    0.5992614984512329                                          
[17:04:05] INFO     Rank: 0 - Epoch:11/60, Batch:19,    progress_callback.py:218
                    loss:1.219867, finished 18.94%.                             
[17:04:14] INFO     Rank: 0 - Epoch:11/60, Batch:20,    progress_callback.py:218
                    loss:1.026774, finished 18.97%.                             
[17:04:29] INFO     Rank: 0 - Epoch:11/60, Batch:21,    progress_callback.py:218
                    loss:1.244416, finished 19.01%.                             
[17:04:41] INFO     Rank: 0 - Epoch:11/60, Batch:22,    progress_callback.py:218
                    loss:1.002709, finished 19.04%.                             
[17:04:52] INFO     Rank: 0 - Epoch:11/60, Batch:23,    progress_callback.py:218
                    loss:1.17085, finished 19.07%.                              
[17:05:06] INFO     Rank: 0 - Epoch:11/60, Batch:24,    progress_callback.py:218
                    loss:1.049154, finished 19.1%.                              
[17:05:16] INFO     Rank: 0 - Epoch:11/60, Batch:25,    progress_callback.py:218
                    loss:1.32165, finished 19.13%.                              
[17:05:27] INFO     Rank: 0 - Epoch:11/60, Batch:26,    progress_callback.py:218
                    loss:1.022251, finished 19.17%.                             
[17:05:42] INFO     Rank: 0 - Epoch:11/60, Batch:27,    progress_callback.py:218
                    loss:1.12707, finished 19.2%.                               
[17:05:53] INFO     Rank: 0 - Epoch:11/60, Batch:28,    progress_callback.py:218
                    loss:1.111981, finished 19.23%.                             
           INFO     Rank: 0 -                                   evaluator.py:317
                    **********Evaluation starts**********                       
[17:06:05] INFO     Rank: 0 - **********Evaluation              evaluator.py:349
                    ends**********                                              
                                                                                
           INFO     Rank: 0 - ----------Eval. results   progress_callback.py:233
                    on Epoch:11, Batch:28----------                             
           INFO     Rank: 0 -                           progress_callback.py:238
                    {"torch_ngram#ngram-overlap":                               
                    0.4526183605194092}                                         
 ============= save model at results/2023-03-29-15_17_50_221845/epoch-11_step-600.pt ============= 
save hyperparams in  results/2023-03-29-15_17_50_221845/hyperparams.txt
[17:06:20] INFO     Rank: 0 - Contrastive loss is                 callback.py:66
                    0.6012412190437317, nll_loss is                             
                    0.5397254467010498                                          
[17:06:21] INFO     Rank: 0 - Epoch:11/60, Batch:29,    progress_callback.py:218
                    loss:1.332812, finished 19.26%.                             
[17:06:32] INFO     Rank: 0 - Epoch:11/60, Batch:30,    progress_callback.py:218
                    loss:1.414239, finished 19.29%.                             
[17:06:44] INFO     Rank: 0 - Epoch:11/60, Batch:31,    progress_callback.py:218
                    loss:1.080056, finished 19.33%.                             
[17:06:54] INFO     Rank: 0 - Epoch:11/60, Batch:32,    progress_callback.py:218
                    loss:1.238351, finished 19.36%.                             
[17:07:09] INFO     Rank: 0 - Epoch:11/60, Batch:33,    progress_callback.py:218
                    loss:1.236628, finished 19.39%.                             
[17:07:21] INFO     Rank: 0 - Epoch:11/60, Batch:34,    progress_callback.py:218
                    loss:1.231119, finished 19.42%.                             
[17:07:32] INFO     Rank: 0 - Epoch:11/60, Batch:35,    progress_callback.py:218
                    loss:1.361968, finished 19.46%.                             
[17:07:41] INFO     Rank: 0 - Epoch:11/60, Batch:36,    progress_callback.py:218
                    loss:1.152972, finished 19.49%.                             
[17:07:56] INFO     Rank: 0 - Epoch:11/60, Batch:37,    progress_callback.py:218
                    loss:1.374986, finished 19.52%.                             
[17:08:05] INFO     Rank: 0 - Epoch:11/60, Batch:38,    progress_callback.py:218
                    loss:1.252145, finished 19.55%.                             
[17:08:15] INFO     Rank: 0 - Contrastive loss is                 callback.py:66
                    0.6614568352699279, nll_loss is                             
                    0.6091203331947327                                          
           INFO     Rank: 0 - Epoch:11/60, Batch:39,    progress_callback.py:218
                    loss:1.363307, finished 19.58%.                             
[17:08:28] INFO     Rank: 0 - Epoch:11/60, Batch:40,    progress_callback.py:218
                    loss:1.347012, finished 19.62%.                             
[17:08:37] INFO     Rank: 0 - Epoch:11/60, Batch:41,    progress_callback.py:218
                    loss:1.431838, finished 19.65%.                             
[17:08:49] INFO     Rank: 0 - Epoch:11/60, Batch:42,    progress_callback.py:218
                    loss:1.243946, finished 19.68%.                             
[17:08:59] INFO     Rank: 0 - Epoch:11/60, Batch:43,    progress_callback.py:218
                    loss:1.169228, finished 19.71%.                             
[17:09:11] INFO     Rank: 0 - Epoch:11/60, Batch:44,    progress_callback.py:218
                    loss:1.200973, finished 19.74%.                             
[17:09:20] INFO     Rank: 0 - Epoch:11/60, Batch:45,    progress_callback.py:218
                    loss:1.362556, finished 19.78%.                             
[17:09:28] INFO     Rank: 0 - Epoch:11/60, Batch:46,    progress_callback.py:218
                    loss:1.429202, finished 19.81%.                             
[17:09:38] INFO     Rank: 0 - Epoch:11/60, Batch:47,    progress_callback.py:218
                    loss:1.240839, finished 19.84%.                             
[17:09:50] INFO     Rank: 0 - Epoch:11/60, Batch:48,    progress_callback.py:218
                    loss:1.160577, finished 19.87%.                             
[17:09:57] INFO     Rank: 0 - Contrastive loss is                 callback.py:66
                    0.6801347017288208, nll_loss is                             
                    0.6327012419700623                                          
[17:10:02] INFO     Rank: 0 - Epoch:11/60, Batch:49,    progress_callback.py:218
                    loss:1.542188, finished 19.9%.                              
[17:10:12] INFO     Rank: 0 - Epoch:11/60, Batch:50,    progress_callback.py:218
                    loss:1.174774, finished 19.94%.                             
[17:10:21] INFO     Rank: 0 - Epoch:11/60, Batch:51,    progress_callback.py:218
                    loss:1.222042, finished 19.97%.                             
[17:10:32] INFO     Rank: 0 - Epoch:11/60, Batch:52,    progress_callback.py:218
                    loss:1.035433, finished 20.0%.                              
           INFO     Rank: 0 -                           progress_callback.py:204
                    **********Epoch:12 starts**********                         
[17:10:44] INFO     Rank: 0 - Epoch:12/60, Batch:1,     progress_callback.py:218
                    loss:1.047509, finished 20.03%.                             
[17:10:56] INFO     Rank: 0 - Epoch:12/60, Batch:2,     progress_callback.py:218
                    loss:1.057488, finished 20.06%.                             
[17:11:07] INFO     Rank: 0 - Epoch:12/60, Batch:3,     progress_callback.py:218
                    loss:1.280499, finished 20.1%.                              
[17:11:16] INFO     Rank: 0 - Epoch:12/60, Batch:4,     progress_callback.py:218
                    loss:1.431275, finished 20.13%.                             
[17:11:28] INFO     Rank: 0 - Epoch:12/60, Batch:5,     progress_callback.py:218
                    loss:1.053272, finished 20.16%.                             
[17:11:42] INFO     Rank: 0 - Epoch:12/60, Batch:6,     progress_callback.py:218
                    loss:1.346704, finished 20.19%.                             
[17:11:52] INFO     Rank: 0 - Contrastive loss is                 callback.py:66
                    0.6482430517673492, nll_loss is                             
                    0.5392576396465302                                          
[17:11:53] INFO     Rank: 0 - Epoch:12/60, Batch:7,     progress_callback.py:218
                    loss:1.226009, finished 20.22%.                             
[17:12:02] INFO     Rank: 0 - Epoch:12/60, Batch:8,     progress_callback.py:218
                    loss:1.20992, finished 20.26%.                              
[17:12:14] INFO     Rank: 0 - Epoch:12/60, Batch:9,     progress_callback.py:218
                    loss:1.200188, finished 20.29%.                             
[17:12:27] INFO     Rank: 0 - Epoch:12/60, Batch:10,    progress_callback.py:218
                    loss:1.407216, finished 20.32%.                             
[17:12:42] INFO     Rank: 0 - Epoch:12/60, Batch:11,    progress_callback.py:218
                    loss:1.329811, finished 20.35%.                             
[17:12:57] INFO     Rank: 0 - Epoch:12/60, Batch:12,    progress_callback.py:218
                    loss:1.149104, finished 20.38%.                             
[17:13:08] INFO     Rank: 0 - Epoch:12/60, Batch:13,    progress_callback.py:218
                    loss:1.218587, finished 20.42%.                             
[17:13:18] INFO     Rank: 0 - Epoch:12/60, Batch:14,    progress_callback.py:218
                    loss:1.581078, finished 20.45%.                             
[17:13:31] INFO     Rank: 0 - Epoch:12/60, Batch:15,    progress_callback.py:218
                    loss:1.379536, finished 20.48%.                             
[17:13:40] INFO     Rank: 0 - Epoch:12/60, Batch:16,    progress_callback.py:218
                    loss:0.959311, finished 20.51%.                             
           INFO     Rank: 0 -                                   evaluator.py:317
                    **********Evaluation starts**********                       
[17:13:53] INFO     Rank: 0 - **********Evaluation              evaluator.py:349
                    ends**********                                              
                                                                                
           INFO     Rank: 0 - ----------Eval. results   progress_callback.py:233
                    on Epoch:12, Batch:16----------                             
           INFO     Rank: 0 -                           progress_callback.py:238
                    {"torch_ngram#ngram-overlap":                               
                    0.4506109952926636}                                         
[17:14:02] INFO     Rank: 0 - Contrastive loss is                 callback.py:66
                    0.6700038552284241, nll_loss is                             
                    0.5895878553390503                                          
[17:14:03] INFO     Rank: 0 - Epoch:12/60, Batch:17,    progress_callback.py:218
                    loss:1.161167, finished 20.54%.                             
[17:14:12] INFO     Rank: 0 - Epoch:12/60, Batch:18,    progress_callback.py:218
                    loss:1.085373, finished 20.58%.                             
[17:14:24] INFO     Rank: 0 - Epoch:12/60, Batch:19,    progress_callback.py:218
                    loss:1.227904, finished 20.61%.                             
[17:14:36] INFO     Rank: 0 - Epoch:12/60, Batch:20,    progress_callback.py:218
                    loss:1.437642, finished 20.64%.                             
[17:14:45] INFO     Rank: 0 - Epoch:12/60, Batch:21,    progress_callback.py:218
                    loss:1.320118, finished 20.67%.                             
[17:14:56] INFO     Rank: 0 - Epoch:12/60, Batch:22,    progress_callback.py:218
                    loss:1.16451, finished 20.71%.                              
[17:15:06] INFO     Rank: 0 - Epoch:12/60, Batch:23,    progress_callback.py:218
                    loss:1.151992, finished 20.74%.                             
[17:15:18] INFO     Rank: 0 - Epoch:12/60, Batch:24,    progress_callback.py:218
                    loss:1.199368, finished 20.77%.                             
[17:15:27] INFO     Rank: 0 - Epoch:12/60, Batch:25,    progress_callback.py:218
                    loss:1.442816, finished 20.8%.                              
[17:15:36] INFO     Rank: 0 - Epoch:12/60, Batch:26,    progress_callback.py:218
                    loss:1.195093, finished 20.83%.                             
[17:15:45] INFO     Rank: 0 - Contrastive loss is                 callback.py:66
                    0.6799084067344665, nll_loss is                             
                    0.5722251296043396                                          
           INFO     Rank: 0 - Epoch:12/60, Batch:27,    progress_callback.py:218
                    loss:1.296518, finished 20.87%.                             
[17:15:58] INFO     Rank: 0 - Epoch:12/60, Batch:28,    progress_callback.py:218
                    loss:1.214652, finished 20.9%.                              
[17:16:06] INFO     Rank: 0 - Epoch:12/60, Batch:29,    progress_callback.py:218
                    loss:1.474826, finished 20.93%.                             
[17:16:17] INFO     Rank: 0 - Epoch:12/60, Batch:30,    progress_callback.py:218
                    loss:1.067067, finished 20.96%.                             
[17:16:28] INFO     Rank: 0 - Epoch:12/60, Batch:31,    progress_callback.py:218
                    loss:1.278639, finished 20.99%.                             
[17:16:38] INFO     Rank: 0 - Epoch:12/60, Batch:32,    progress_callback.py:218
                    loss:1.108514, finished 21.03%.                             
[17:16:48] INFO     Rank: 0 - Epoch:12/60, Batch:33,    progress_callback.py:218
                    loss:1.400072, finished 21.06%.                             
[17:16:58] INFO     Rank: 0 - Epoch:12/60, Batch:34,    progress_callback.py:218
                    loss:1.130141, finished 21.09%.                             
[17:17:15] INFO     Rank: 0 - Epoch:12/60, Batch:35,    progress_callback.py:218
                    loss:1.176568, finished 21.12%.                             
[17:17:26] INFO     Rank: 0 - Epoch:12/60, Batch:36,    progress_callback.py:218
                    loss:1.500713, finished 21.15%.                             
[17:17:32] INFO     Rank: 0 - Contrastive loss is                 callback.py:66
                    0.6880912482738495, nll_loss is                             
                    0.6049914419651031                                          
[17:17:34] INFO     Rank: 0 - Epoch:12/60, Batch:37,    progress_callback.py:218
                    loss:1.579635, finished 21.19%.                             
[17:17:45] INFO     Rank: 0 - Epoch:12/60, Batch:38,    progress_callback.py:218
                    loss:1.110611, finished 21.22%.                             
[17:17:58] INFO     Rank: 0 - Epoch:12/60, Batch:39,    progress_callback.py:218
                    loss:0.762925, finished 21.25%.                             
[17:18:09] INFO     Rank: 0 - Epoch:12/60, Batch:40,    progress_callback.py:218
                    loss:1.134924, finished 21.28%.                             
[17:18:18] INFO     Rank: 0 - Epoch:12/60, Batch:41,    progress_callback.py:218
                    loss:1.309117, finished 21.31%.                             
[17:18:27] INFO     Rank: 0 - Epoch:12/60, Batch:42,    progress_callback.py:218
                    loss:1.536866, finished 21.35%.                             
[17:18:42] INFO     Rank: 0 - Epoch:12/60, Batch:43,    progress_callback.py:218
                    loss:1.268629, finished 21.38%.                             
[17:18:54] INFO     Rank: 0 - Epoch:12/60, Batch:44,    progress_callback.py:218
                    loss:1.124223, finished 21.41%.                             
[17:19:05] INFO     Rank: 0 - Epoch:12/60, Batch:45,    progress_callback.py:218
                    loss:1.186196, finished 21.44%.                             
[17:19:14] INFO     Rank: 0 - Epoch:12/60, Batch:46,    progress_callback.py:218
                    loss:1.448746, finished 21.47%.                             
[17:19:24] INFO     Rank: 0 - Contrastive loss is                 callback.py:66
                    0.6585266828536988, nll_loss is                             
                    0.5527070343494416                                          
           INFO     Rank: 0 - Epoch:12/60, Batch:47,    progress_callback.py:218
                    loss:1.2301, finished 21.51%.                               
[17:19:40] INFO     Rank: 0 - Epoch:12/60, Batch:48,    progress_callback.py:218
                    loss:1.075733, finished 21.54%.                             
[17:19:50] INFO     Rank: 0 - Epoch:12/60, Batch:49,    progress_callback.py:218
                    loss:1.233494, finished 21.57%.                             
[17:20:00] INFO     Rank: 0 - Epoch:12/60, Batch:50,    progress_callback.py:218
                    loss:1.281669, finished 21.6%.                              
[17:20:09] INFO     Rank: 0 - Epoch:12/60, Batch:51,    progress_callback.py:218
                    loss:1.33637, finished 21.63%.                              
[17:20:19] INFO     Rank: 0 - Epoch:12/60, Batch:52,    progress_callback.py:218
                    loss:1.118706, finished 21.67%.                             
           INFO     Rank: 0 -                           progress_callback.py:204
                    **********Epoch:13 starts**********                         
[17:20:34] INFO     Rank: 0 - Epoch:13/60, Batch:1,     progress_callback.py:218
                    loss:1.39882, finished 21.7%.                               
[17:20:43] INFO     Rank: 0 - Epoch:13/60, Batch:2,     progress_callback.py:218
                    loss:1.338257, finished 21.73%.                             
[17:20:54] INFO     Rank: 0 - Epoch:13/60, Batch:3,     progress_callback.py:218
                    loss:0.945952, finished 21.76%.                             
[17:21:05] INFO     Rank: 0 - Epoch:13/60, Batch:4,     progress_callback.py:218
                    loss:1.259255, finished 21.79%.                             
           INFO     Rank: 0 -                                   evaluator.py:317
                    **********Evaluation starts**********                       
[17:21:18] INFO     Rank: 0 - **********Evaluation              evaluator.py:349
                    ends**********                                              
                                                                                
           INFO     Rank: 0 - ----------Eval. results   progress_callback.py:233
                    on Epoch:13, Batch:4----------                              
           INFO     Rank: 0 -                           progress_callback.py:238
                    {"torch_ngram#ngram-overlap":                               
                    0.45179086923599243}                                        
[17:21:24] INFO     Rank: 0 - Contrastive loss is                 callback.py:66
                    0.6524730682373047, nll_loss is                             
                    0.5618845283985138                                          
[17:21:30] INFO     Rank: 0 - Epoch:13/60, Batch:5,     progress_callback.py:218
                    loss:1.15532, finished 21.83%.                              
[17:21:41] INFO     Rank: 0 - Epoch:13/60, Batch:6,     progress_callback.py:218
                    loss:1.021222, finished 21.86%.                             
[17:21:51] INFO     Rank: 0 - Epoch:13/60, Batch:7,     progress_callback.py:218
                    loss:1.238453, finished 21.89%.                             
[17:22:04] INFO     Rank: 0 - Epoch:13/60, Batch:8,     progress_callback.py:218
                    loss:1.347635, finished 21.92%.                             
[17:22:14] INFO     Rank: 0 - Epoch:13/60, Batch:9,     progress_callback.py:218
                    loss:1.185873, finished 21.96%.                             
[17:22:24] INFO     Rank: 0 - Epoch:13/60, Batch:10,    progress_callback.py:218
                    loss:1.626551, finished 21.99%.                             
[17:22:33] INFO     Rank: 0 - Epoch:13/60, Batch:11,    progress_callback.py:218
                    loss:1.109465, finished 22.02%.                             
[17:22:43] INFO     Rank: 0 - Epoch:13/60, Batch:12,    progress_callback.py:218
                    loss:1.039737, finished 22.05%.                             
[17:22:53] INFO     Rank: 0 - Epoch:13/60, Batch:13,    progress_callback.py:218
                    loss:1.308435, finished 22.08%.                             
[17:23:05] INFO     Rank: 0 - Epoch:13/60, Batch:14,    progress_callback.py:218
                    loss:1.313778, finished 22.12%.                             
[17:23:11] INFO     Rank: 0 - Contrastive loss is                 callback.py:66
                    0.6470160543918609, nll_loss is                             
                    0.6012549102306366                                          
[17:23:14] INFO     Rank: 0 - Epoch:13/60, Batch:15,    progress_callback.py:218
                    loss:1.29156, finished 22.15%.                              
[17:23:26] INFO     Rank: 0 - Epoch:13/60, Batch:16,    progress_callback.py:218
                    loss:1.259402, finished 22.18%.                             
[17:23:37] INFO     Rank: 0 - Epoch:13/60, Batch:17,    progress_callback.py:218
                    loss:1.354554, finished 22.21%.                             
[17:23:50] INFO     Rank: 0 - Epoch:13/60, Batch:18,    progress_callback.py:218
                    loss:1.244524, finished 22.24%.                             
[17:24:05] INFO     Rank: 0 - Epoch:13/60, Batch:19,    progress_callback.py:218
                    loss:1.313437, finished 22.28%.                             
[17:24:15] INFO     Rank: 0 - Epoch:13/60, Batch:20,    progress_callback.py:218
                    loss:1.495036, finished 22.31%.                             
[17:24:23] INFO     Rank: 0 - Epoch:13/60, Batch:21,    progress_callback.py:218
                    loss:1.066264, finished 22.34%.                             
[17:24:33] INFO     Rank: 0 - Epoch:13/60, Batch:22,    progress_callback.py:218
                    loss:1.267191, finished 22.37%.                             
[17:24:45] INFO     Rank: 0 - Epoch:13/60, Batch:23,    progress_callback.py:218
                    loss:1.377108, finished 22.4%.                              
[17:24:53] INFO     Rank: 0 - Epoch:13/60, Batch:24,    progress_callback.py:218
                    loss:1.326391, finished 22.44%.                             
[17:25:05] INFO     Rank: 0 - Contrastive loss is                 callback.py:66
                    0.7186767756938934, nll_loss is                             
                    0.603942209482193                                           
           INFO     Rank: 0 - Epoch:13/60, Batch:25,    progress_callback.py:218
                    loss:1.522282, finished 22.47%.                             
[17:25:18] INFO     Rank: 0 - Epoch:13/60, Batch:26,    progress_callback.py:218
                    loss:1.499868, finished 22.5%.                              
[17:25:28] INFO     Rank: 0 - Epoch:13/60, Batch:27,    progress_callback.py:218
                    loss:1.32435, finished 22.53%.                              
[17:25:38] INFO     Rank: 0 - Epoch:13/60, Batch:28,    progress_callback.py:218
                    loss:1.095368, finished 22.56%.                             
[17:25:53] INFO     Rank: 0 - Epoch:13/60, Batch:29,    progress_callback.py:218
                    loss:1.155862, finished 22.6%.                              
[17:26:09] INFO     Rank: 0 - Epoch:13/60, Batch:30,    progress_callback.py:218
                    loss:1.171951, finished 22.63%.                             
[17:26:18] INFO     Rank: 0 - Epoch:13/60, Batch:31,    progress_callback.py:218
                    loss:1.318419, finished 22.66%.                             
[17:26:28] INFO     Rank: 0 - Epoch:13/60, Batch:32,    progress_callback.py:218
                    loss:1.279307, finished 22.69%.                             
[17:26:39] INFO     Rank: 0 - Epoch:13/60, Batch:33,    progress_callback.py:218
                    loss:1.469363, finished 22.72%.                             
[17:26:50] INFO     Rank: 0 - Epoch:13/60, Batch:34,    progress_callback.py:218
                    loss:1.225895, finished 22.76%.                             
[17:26:58] INFO     Rank: 0 - Contrastive loss is                 callback.py:66
                    0.6760699391365051, nll_loss is                             
                    0.6058735370635986                                          
[17:26:59] INFO     Rank: 0 - Epoch:13/60, Batch:35,    progress_callback.py:218
                    loss:1.279053, finished 22.79%.                             
[17:27:10] INFO     Rank: 0 - Epoch:13/60, Batch:36,    progress_callback.py:218
                    loss:1.422598, finished 22.82%.                             
[17:27:20] INFO     Rank: 0 - Epoch:13/60, Batch:37,    progress_callback.py:218
                    loss:1.243, finished 22.85%.                                
[17:27:30] INFO     Rank: 0 - Epoch:13/60, Batch:38,    progress_callback.py:218
                    loss:1.364542, finished 22.88%.                             
[17:27:41] INFO     Rank: 0 - Epoch:13/60, Batch:39,    progress_callback.py:218
                    loss:1.098407, finished 22.92%.                             
[17:27:53] INFO     Rank: 0 - Epoch:13/60, Batch:40,    progress_callback.py:218
                    loss:1.412777, finished 22.95%.                             
[17:28:09] INFO     Rank: 0 - Epoch:13/60, Batch:41,    progress_callback.py:218
                    loss:0.971726, finished 22.98%.                             
[17:28:20] INFO     Rank: 0 - Epoch:13/60, Batch:42,    progress_callback.py:218
                    loss:0.999805, finished 23.01%.                             
[17:28:34] INFO     Rank: 0 - Epoch:13/60, Batch:43,    progress_callback.py:218
                    loss:1.15115, finished 23.04%.                              
[17:28:44] INFO     Rank: 0 - Epoch:13/60, Batch:44,    progress_callback.py:218
                    loss:1.232103, finished 23.08%.                             
           INFO     Rank: 0 -                                   evaluator.py:317
                    **********Evaluation starts**********                       
[17:28:56] INFO     Rank: 0 - **********Evaluation              evaluator.py:349
                    ends**********                                              
                                                                                
           INFO     Rank: 0 - ----------Eval. results   progress_callback.py:233
                    on Epoch:13, Batch:44----------                             
           INFO     Rank: 0 -                           progress_callback.py:238
                    {"torch_ngram#ngram-overlap":                               
                    0.45164528489112854}                                        
[17:29:04] INFO     Rank: 0 - Contrastive loss is                 callback.py:66
                    0.6271798938512803, nll_loss is                             
                    0.5862474352121353                                          
[17:29:07] INFO     Rank: 0 - Epoch:13/60, Batch:45,    progress_callback.py:218
                    loss:1.238167, finished 23.11%.                             
[17:29:19] INFO     Rank: 0 - Epoch:13/60, Batch:46,    progress_callback.py:218
                    loss:1.300979, finished 23.14%.                             
[17:29:29] INFO     Rank: 0 - Epoch:13/60, Batch:47,    progress_callback.py:218
                    loss:1.149229, finished 23.17%.                             
[17:29:44] INFO     Rank: 0 - Epoch:13/60, Batch:48,    progress_callback.py:218
                    loss:1.093628, finished 23.21%.                             
[17:29:53] INFO     Rank: 0 - Epoch:13/60, Batch:49,    progress_callback.py:218
                    loss:1.253497, finished 23.24%.                             
[17:30:04] INFO     Rank: 0 - Epoch:13/60, Batch:50,    progress_callback.py:218
                    loss:1.163908, finished 23.27%.                             
[17:30:14] INFO     Rank: 0 - Epoch:13/60, Batch:51,    progress_callback.py:218
                    loss:1.225752, finished 23.3%.                              
[17:30:23] INFO     Rank: 0 - Epoch:13/60, Batch:52,    progress_callback.py:218
                    loss:1.069594, finished 23.33%.                             
           INFO     Rank: 0 -                           progress_callback.py:204
                    **********Epoch:14 starts**********                         
[17:30:33] INFO     Rank: 0 - Epoch:14/60, Batch:1,     progress_callback.py:218
                    loss:1.692676, finished 23.37%.                             
[17:30:42] INFO     Rank: 0 - Epoch:14/60, Batch:2,     progress_callback.py:218
                    loss:1.273526, finished 23.4%.                              
[17:30:48] INFO     Rank: 0 - Contrastive loss is                 callback.py:66
                    0.6809215545654297, nll_loss is                             
                    0.5816207766532898                                          
[17:30:54] INFO     Rank: 0 - Epoch:14/60, Batch:3,     progress_callback.py:218
                    loss:1.402635, finished 23.43%.                             
[17:31:03] INFO     Rank: 0 - Epoch:14/60, Batch:4,     progress_callback.py:218
                    loss:1.244105, finished 23.46%.                             
[17:31:17] INFO     Rank: 0 - Epoch:14/60, Batch:5,     progress_callback.py:218
                    loss:1.442002, finished 23.49%.                             
[17:31:28] INFO     Rank: 0 - Epoch:14/60, Batch:6,     progress_callback.py:218
                    loss:1.236019, finished 23.53%.                             
[17:31:39] INFO     Rank: 0 - Epoch:14/60, Batch:7,     progress_callback.py:218
                    loss:1.533659, finished 23.56%.                             
[17:31:49] INFO     Rank: 0 - Epoch:14/60, Batch:8,     progress_callback.py:218
                    loss:1.110019, finished 23.59%.                             
[17:32:04] INFO     Rank: 0 - Epoch:14/60, Batch:9,     progress_callback.py:218
                    loss:1.309, finished 23.62%.                                
[17:32:16] INFO     Rank: 0 - Epoch:14/60, Batch:10,    progress_callback.py:218
                    loss:1.253921, finished 23.65%.                             
[17:32:30] INFO     Rank: 0 - Epoch:14/60, Batch:11,    progress_callback.py:218
                    loss:1.235496, finished 23.69%.                             
[17:32:44] INFO     Rank: 0 - Epoch:14/60, Batch:12,    progress_callback.py:218
                    loss:1.213226, finished 23.72%.                             
[17:32:53] INFO     Rank: 0 - Contrastive loss is                 callback.py:66
                    0.6670993208885193, nll_loss is                             
                    0.5975536227226257                                          
[17:32:56] INFO     Rank: 0 - Epoch:14/60, Batch:13,    progress_callback.py:218
                    loss:1.069081, finished 23.75%.                             
[17:33:15] INFO     Rank: 0 - Epoch:14/60, Batch:14,    progress_callback.py:218
                    loss:1.432074, finished 23.78%.                             
[17:33:26] INFO     Rank: 0 - Epoch:14/60, Batch:15,    progress_callback.py:218
                    loss:1.045397, finished 23.81%.                             
[17:33:36] INFO     Rank: 0 - Epoch:14/60, Batch:16,    progress_callback.py:218
                    loss:1.51687, finished 23.85%.                              
[17:33:48] INFO     Rank: 0 - Epoch:14/60, Batch:17,    progress_callback.py:218
                    loss:1.145652, finished 23.88%.                             
[17:33:58] INFO     Rank: 0 - Epoch:14/60, Batch:18,    progress_callback.py:218
                    loss:0.959279, finished 23.91%.                             
[17:34:10] INFO     Rank: 0 - Epoch:14/60, Batch:19,    progress_callback.py:218
                    loss:1.179675, finished 23.94%.                             
[17:34:23] INFO     Rank: 0 - Epoch:14/60, Batch:20,    progress_callback.py:218
                    loss:1.263036, finished 23.97%.                             
[17:34:35] INFO     Rank: 0 - Epoch:14/60, Batch:21,    progress_callback.py:218
                    loss:1.243047, finished 24.01%.                             
[17:34:44] INFO     Rank: 0 - Epoch:14/60, Batch:22,    progress_callback.py:218
                    loss:1.175013, finished 24.04%.                             
[17:34:52] INFO     Rank: 0 - Contrastive loss is                 callback.py:66
                    0.6527648448944092, nll_loss is                             
                    0.5719725370407105                                          
[17:34:55] INFO     Rank: 0 - Epoch:14/60, Batch:23,    progress_callback.py:218
                    loss:1.287332, finished 24.07%.                             
[17:35:06] INFO     Rank: 0 - Epoch:14/60, Batch:24,    progress_callback.py:218
                    loss:1.400153, finished 24.1%.                              
[17:35:21] INFO     Rank: 0 - Epoch:14/60, Batch:25,    progress_callback.py:218
                    loss:1.184873, finished 24.13%.                             
[17:35:29] INFO     Rank: 0 - Epoch:14/60, Batch:26,    progress_callback.py:218
                    loss:1.276526, finished 24.17%.                             
[17:35:39] INFO     Rank: 0 - Epoch:14/60, Batch:27,    progress_callback.py:218
                    loss:1.201139, finished 24.2%.                              
[17:35:50] INFO     Rank: 0 - Epoch:14/60, Batch:28,    progress_callback.py:218
                    loss:1.358269, finished 24.23%.                             
[17:36:03] INFO     Rank: 0 - Epoch:14/60, Batch:29,    progress_callback.py:218
                    loss:1.145282, finished 24.26%.                             
[17:36:13] INFO     Rank: 0 - Epoch:14/60, Batch:30,    progress_callback.py:218
                    loss:1.145462, finished 24.29%.                             
[17:36:22] INFO     Rank: 0 - Epoch:14/60, Batch:31,    progress_callback.py:218
                    loss:1.30407, finished 24.33%.                              
[17:36:33] INFO     Rank: 0 - Epoch:14/60, Batch:32,    progress_callback.py:218
                    loss:1.141554, finished 24.36%.                             
           INFO     Rank: 0 -                                   evaluator.py:317
                    **********Evaluation starts**********                       
[17:36:45] INFO     Rank: 0 - **********Evaluation              evaluator.py:349
                    ends**********                                              
                                                                                
           INFO     Rank: 0 - ----------Eval. results   progress_callback.py:233
                    on Epoch:14, Batch:32----------                             
           INFO     Rank: 0 -                           progress_callback.py:238
                    {"torch_ngram#ngram-overlap":                               
                    0.45085713267326355}                                        
[17:36:53] INFO     Rank: 0 - Contrastive loss is                 callback.py:66
                    0.6613932490348816, nll_loss is                             
                    0.5765047311782837                                          
[17:36:58] INFO     Rank: 0 - Epoch:14/60, Batch:33,    progress_callback.py:218
                    loss:1.221651, finished 24.39%.                             
[17:37:08] INFO     Rank: 0 - Epoch:14/60, Batch:34,    progress_callback.py:218
                    loss:1.204282, finished 24.42%.                             
[17:37:15] INFO     Rank: 0 - Epoch:14/60, Batch:35,    progress_callback.py:218
                    loss:1.228689, finished 24.46%.                             
[17:37:24] INFO     Rank: 0 - Epoch:14/60, Batch:36,    progress_callback.py:218
                    loss:1.023702, finished 24.49%.                             
[17:37:33] INFO     Rank: 0 - Epoch:14/60, Batch:37,    progress_callback.py:218
                    loss:1.349557, finished 24.52%.                             
[17:37:44] INFO     Rank: 0 - Epoch:14/60, Batch:38,    progress_callback.py:218
                    loss:1.210778, finished 24.55%.                             
[17:37:55] INFO     Rank: 0 - Epoch:14/60, Batch:39,    progress_callback.py:218
                    loss:1.319417, finished 24.58%.                             
[17:38:05] INFO     Rank: 0 - Epoch:14/60, Batch:40,    progress_callback.py:218
                    loss:1.227429, finished 24.62%.                             
[17:38:18] INFO     Rank: 0 - Epoch:14/60, Batch:41,    progress_callback.py:218
                    loss:1.250724, finished 24.65%.                             
[17:38:31] INFO     Rank: 0 - Epoch:14/60, Batch:42,    progress_callback.py:218
                    loss:1.056853, finished 24.68%.                             
[17:38:37] INFO     Rank: 0 - Contrastive loss is                 callback.py:66
                    0.6353656351566315, nll_loss is                             
                    0.5589384973049164                                          
[17:38:39] INFO     Rank: 0 - Epoch:14/60, Batch:43,    progress_callback.py:218
                    loss:1.071612, finished 24.71%.                             
[17:38:48] INFO     Rank: 0 - Epoch:14/60, Batch:44,    progress_callback.py:218
                    loss:1.400927, finished 24.74%.                             
[17:39:01] INFO     Rank: 0 - Epoch:14/60, Batch:45,    progress_callback.py:218
                    loss:1.256979, finished 24.78%.                             
[17:39:11] INFO     Rank: 0 - Epoch:14/60, Batch:46,    progress_callback.py:218
                    loss:0.918736, finished 24.81%.                             
[17:39:21] INFO     Rank: 0 - Epoch:14/60, Batch:47,    progress_callback.py:218
                    loss:1.532324, finished 24.84%.                             
[17:39:32] INFO     Rank: 0 - Epoch:14/60, Batch:48,    progress_callback.py:218
                    loss:1.295917, finished 24.87%.                             
[17:39:42] INFO     Rank: 0 - Epoch:14/60, Batch:49,    progress_callback.py:218
                    loss:1.417173, finished 24.9%.                              
[17:39:51] INFO     Rank: 0 - Epoch:14/60, Batch:50,    progress_callback.py:218
                    loss:1.224998, finished 24.94%.                             
[17:40:00] INFO     Rank: 0 - Epoch:14/60, Batch:51,    progress_callback.py:218
                    loss:1.151972, finished 24.97%.                             
[17:40:11] INFO     Rank: 0 - Epoch:14/60, Batch:52,    progress_callback.py:218
                    loss:1.263623, finished 25.0%.                              
           INFO     Rank: 0 -                           progress_callback.py:204
                    **********Epoch:15 starts**********                         
[17:40:17] INFO     Rank: 0 - Contrastive loss is                 callback.py:66
                    0.6855476438999176, nll_loss is                             
                    0.5682160675525665                                          
[17:40:24] INFO     Rank: 0 - Epoch:15/60, Batch:1,     progress_callback.py:218
                    loss:1.074989, finished 25.03%.                             
[17:40:32] INFO     Rank: 0 - Epoch:15/60, Batch:2,     progress_callback.py:218
                    loss:1.269139, finished 25.06%.                             
[17:40:40] INFO     Rank: 0 - Epoch:15/60, Batch:3,     progress_callback.py:218
                    loss:1.342496, finished 25.1%.                              
[17:40:47] INFO     Rank: 0 - Epoch:15/60, Batch:4,     progress_callback.py:218
                    loss:1.172588, finished 25.13%.                             
[17:40:54] INFO     Rank: 0 - Epoch:15/60, Batch:5,     progress_callback.py:218
                    loss:1.576921, finished 25.16%.                             
[17:41:01] INFO     Rank: 0 - Epoch:15/60, Batch:6,     progress_callback.py:218
                    loss:1.161239, finished 25.19%.                             
[17:41:10] INFO     Rank: 0 - Epoch:15/60, Batch:7,     progress_callback.py:218
                    loss:1.186648, finished 25.22%.                             
[17:41:21] INFO     Rank: 0 - Epoch:15/60, Batch:8,     progress_callback.py:218
                    loss:1.08426, finished 25.26%.                              
[17:41:28] INFO     Rank: 0 - Epoch:15/60, Batch:9,     progress_callback.py:218
                    loss:1.064124, finished 25.29%.                             
[17:41:37] INFO     Rank: 0 - Epoch:15/60, Batch:10,    progress_callback.py:218
                    loss:1.06448, finished 25.32%.                              
[17:41:45] INFO     Rank: 0 - Contrastive loss is                 callback.py:66
                    0.6474064648151397, nll_loss is                             
                    0.5517521679401398                                          
[17:41:46] INFO     Rank: 0 - Epoch:15/60, Batch:11,    progress_callback.py:218
                    loss:1.069691, finished 25.35%.                             
[17:41:53] INFO     Rank: 0 - Epoch:15/60, Batch:12,    progress_callback.py:218
                    loss:1.155838, finished 25.38%.                             
[17:41:59] INFO     Rank: 0 - Epoch:15/60, Batch:13,    progress_callback.py:218
                    loss:1.249648, finished 25.42%.                             
[17:42:09] INFO     Rank: 0 - Epoch:15/60, Batch:14,    progress_callback.py:218
                    loss:1.452835, finished 25.45%.                             
[17:42:17] INFO     Rank: 0 - Epoch:15/60, Batch:15,    progress_callback.py:218
                    loss:1.174873, finished 25.48%.                             
[17:42:24] INFO     Rank: 0 - Epoch:15/60, Batch:16,    progress_callback.py:218
                    loss:0.970743, finished 25.51%.                             
[17:42:34] INFO     Rank: 0 - Epoch:15/60, Batch:17,    progress_callback.py:218
                    loss:1.180268, finished 25.54%.                             
[17:42:41] INFO     Rank: 0 - Epoch:15/60, Batch:18,    progress_callback.py:218
                    loss:1.077929, finished 25.58%.                             
[17:42:51] INFO     Rank: 0 - Epoch:15/60, Batch:19,    progress_callback.py:218
                    loss:1.498248, finished 25.61%.                             
[17:43:02] INFO     Rank: 0 - Epoch:15/60, Batch:20,    progress_callback.py:218
                    loss:1.294218, finished 25.64%.                             
           INFO     Rank: 0 -                                   evaluator.py:317
                    **********Evaluation starts**********                       
[17:43:14] INFO     Rank: 0 - **********Evaluation              evaluator.py:349
                    ends**********                                              
                                                                                
           INFO     Rank: 0 - ----------Eval. results   progress_callback.py:233
                    on Epoch:15, Batch:20----------                             
           INFO     Rank: 0 -                           progress_callback.py:238
                    {"torch_ngram#ngram-overlap":                               
                    0.45166686177253723}                                        
[17:43:19] INFO     Rank: 0 - Contrastive loss is                 callback.py:66
                    0.6726399540901185, nll_loss is                             
                    0.5627419829368592                                          
[17:43:21] INFO     Rank: 0 - Epoch:15/60, Batch:21,    progress_callback.py:218
                    loss:1.299219, finished 25.67%.                             
[17:43:30] INFO     Rank: 0 - Epoch:15/60, Batch:22,    progress_callback.py:218
                    loss:1.136518, finished 25.71%.                             
[17:43:36] INFO     Rank: 0 - Epoch:15/60, Batch:23,    progress_callback.py:218
                    loss:1.345814, finished 25.74%.                             
[17:43:46] INFO     Rank: 0 - Epoch:15/60, Batch:24,    progress_callback.py:218
                    loss:1.20819, finished 25.77%.                              
[17:43:54] INFO     Rank: 0 - Epoch:15/60, Batch:25,    progress_callback.py:218
                    loss:1.103919, finished 25.8%.                              
[17:44:02] INFO     Rank: 0 - Epoch:15/60, Batch:26,    progress_callback.py:218
                    loss:1.129692, finished 25.83%.                             
[17:44:10] INFO     Rank: 0 - Epoch:15/60, Batch:27,    progress_callback.py:218
                    loss:1.19939, finished 25.87%.                              
[17:44:17] INFO     Rank: 0 - Epoch:15/60, Batch:28,    progress_callback.py:218
                    loss:1.293456, finished 25.9%.                              
[17:44:24] INFO     Rank: 0 - Epoch:15/60, Batch:29,    progress_callback.py:218
                    loss:1.378176, finished 25.93%.                             
[17:44:34] INFO     Rank: 0 - Epoch:15/60, Batch:30,    progress_callback.py:218
                    loss:1.323255, finished 25.96%.                             
[17:44:42] INFO     Rank: 0 - Contrastive loss is                 callback.py:66
                    0.6881082832813263, nll_loss is                             
                    0.5474632799625396                                          
[17:44:43] INFO     Rank: 0 - Epoch:15/60, Batch:31,    progress_callback.py:218
                    loss:1.237304, finished 25.99%.                             
[17:44:50] INFO     Rank: 0 - Epoch:15/60, Batch:32,    progress_callback.py:218
                    loss:1.218615, finished 26.03%.                             
[17:45:01] INFO     Rank: 0 - Epoch:15/60, Batch:33,    progress_callback.py:218
                    loss:1.48448, finished 26.06%.                              
[17:45:09] INFO     Rank: 0 - Epoch:15/60, Batch:34,    progress_callback.py:218
                    loss:1.167063, finished 26.09%.                             
[17:45:18] INFO     Rank: 0 - Epoch:15/60, Batch:35,    progress_callback.py:218
                    loss:1.463772, finished 26.12%.                             
[17:45:25] INFO     Rank: 0 - Epoch:15/60, Batch:36,    progress_callback.py:218
                    loss:1.269931, finished 26.15%.                             
[17:45:33] INFO     Rank: 0 - Epoch:15/60, Batch:37,    progress_callback.py:218
                    loss:0.845814, finished 26.19%.                             
[17:45:41] INFO     Rank: 0 - Epoch:15/60, Batch:38,    progress_callback.py:218
                    loss:1.399629, finished 26.22%.                             
[17:45:48] INFO     Rank: 0 - Epoch:15/60, Batch:39,    progress_callback.py:218
                    loss:1.159955, finished 26.25%.                             
[17:45:56] INFO     Rank: 0 - Epoch:15/60, Batch:40,    progress_callback.py:218
                    loss:1.39204, finished 26.28%.                              
[17:46:02] INFO     Rank: 0 - Contrastive loss is                 callback.py:66
                    0.6544400602579117, nll_loss is                             
                    0.6092738837003708                                          
[17:46:03] INFO     Rank: 0 - Epoch:15/60, Batch:41,    progress_callback.py:218
                    loss:1.235841, finished 26.31%.                             
[17:46:12] INFO     Rank: 0 - Epoch:15/60, Batch:42,    progress_callback.py:218
                    loss:1.14253, finished 26.35%.                              
[17:46:24] INFO     Rank: 0 - Epoch:15/60, Batch:43,    progress_callback.py:218
                    loss:1.349214, finished 26.38%.                             
[17:46:32] INFO     Rank: 0 - Epoch:15/60, Batch:44,    progress_callback.py:218
                    loss:1.325718, finished 26.41%.                             
[17:46:40] INFO     Rank: 0 - Epoch:15/60, Batch:45,    progress_callback.py:218
                    loss:1.485778, finished 26.44%.                             
[17:46:48] INFO     Rank: 0 - Epoch:15/60, Batch:46,    progress_callback.py:218
                    loss:1.250586, finished 26.47%.                             
[17:46:55] INFO     Rank: 0 - Epoch:15/60, Batch:47,    progress_callback.py:218
                    loss:1.074773, finished 26.51%.                             
[17:47:03] INFO     Rank: 0 - Epoch:15/60, Batch:48,    progress_callback.py:218
                    loss:1.467447, finished 26.54%.                             
[17:47:13] INFO     Rank: 0 - Epoch:15/60, Batch:49,    progress_callback.py:218
                    loss:1.010553, finished 26.57%.                             
[17:47:22] INFO     Rank: 0 - Epoch:15/60, Batch:50,    progress_callback.py:218
                    loss:1.579114, finished 26.6%.                              
[17:47:29] INFO     Rank: 0 - Contrastive loss is                 callback.py:66
                    0.722057831287384, nll_loss is                              
                    0.5792696118354798                                          
[17:47:30] INFO     Rank: 0 - Epoch:15/60, Batch:51,    progress_callback.py:218
                    loss:1.327561, finished 26.63%.                             
[17:47:40] INFO     Rank: 0 - Epoch:15/60, Batch:52,    progress_callback.py:218
                    loss:1.231747, finished 26.67%.                             
           INFO     Rank: 0 -                           progress_callback.py:204
                    **********Epoch:16 starts**********                         
[17:47:48] INFO     Rank: 0 - Epoch:16/60, Batch:1,     progress_callback.py:218
                    loss:1.172273, finished 26.7%.                              
[17:47:55] INFO     Rank: 0 - Epoch:16/60, Batch:2,     progress_callback.py:218
                    loss:1.212918, finished 26.73%.                             
[17:48:02] INFO     Rank: 0 - Epoch:16/60, Batch:3,     progress_callback.py:218
                    loss:1.16668, finished 26.76%.                              
[17:48:10] INFO     Rank: 0 - Epoch:16/60, Batch:4,     progress_callback.py:218
                    loss:1.247349, finished 26.79%.                             
[17:48:19] INFO     Rank: 0 - Epoch:16/60, Batch:5,     progress_callback.py:218
                    loss:1.22531, finished 26.83%.                              
[17:48:27] INFO     Rank: 0 - Epoch:16/60, Batch:6,     progress_callback.py:218
                    loss:1.033745, finished 26.86%.                             
[17:48:35] INFO     Rank: 0 - Epoch:16/60, Batch:7,     progress_callback.py:218
                    loss:1.140317, finished 26.89%.                             
[17:48:44] INFO     Rank: 0 - Epoch:16/60, Batch:8,     progress_callback.py:218
                    loss:1.346782, finished 26.92%.                             
           INFO     Rank: 0 -                                   evaluator.py:317
                    **********Evaluation starts**********                       
[17:48:57] INFO     Rank: 0 - **********Evaluation              evaluator.py:349
                    ends**********                                              
                                                                                
           INFO     Rank: 0 - ----------Eval. results   progress_callback.py:233
                    on Epoch:16, Batch:8----------                              
           INFO     Rank: 0 -                           progress_callback.py:238
                    {"torch_ngram#ngram-overlap":                               
                    0.45040562748908997}                                        
[17:49:02] INFO     Rank: 0 - Contrastive loss is                 callback.py:66
                    0.6557160168886185, nll_loss is                             
                    0.5548667877912521                                          
[17:49:05] INFO     Rank: 0 - Epoch:16/60, Batch:9,     progress_callback.py:218
                    loss:1.328707, finished 26.96%.                             
[17:49:15] INFO     Rank: 0 - Epoch:16/60, Batch:10,    progress_callback.py:218
                    loss:1.293436, finished 26.99%.                             
[17:49:22] INFO     Rank: 0 - Epoch:16/60, Batch:11,    progress_callback.py:218
                    loss:1.237596, finished 27.02%.                             
[17:49:30] INFO     Rank: 0 - Epoch:16/60, Batch:12,    progress_callback.py:218
                    loss:1.435535, finished 27.05%.                             
[17:49:38] INFO     Rank: 0 - Epoch:16/60, Batch:13,    progress_callback.py:218
                    loss:1.150032, finished 27.08%.                             
[17:49:44] INFO     Rank: 0 - Epoch:16/60, Batch:14,    progress_callback.py:218
                    loss:1.184941, finished 27.12%.                             
[17:49:55] INFO     Rank: 0 - Epoch:16/60, Batch:15,    progress_callback.py:218
                    loss:1.185983, finished 27.15%.                             
[17:50:01] INFO     Rank: 0 - Epoch:16/60, Batch:16,    progress_callback.py:218
                    loss:1.250304, finished 27.18%.                             
[17:50:09] INFO     Rank: 0 - Epoch:16/60, Batch:17,    progress_callback.py:218
                    loss:1.343646, finished 27.21%.                             
[17:50:16] INFO     Rank: 0 - Epoch:16/60, Batch:18,    progress_callback.py:218
                    loss:1.33676, finished 27.24%.                              
[17:50:24] INFO     Rank: 0 - Contrastive loss is                 callback.py:66
                    0.7049755394458771, nll_loss is                             
                    0.5565406024456024                                          
[17:50:27] INFO     Rank: 0 - Epoch:16/60, Batch:19,    progress_callback.py:218
                    loss:1.196929, finished 27.28%.                             
[17:50:35] INFO     Rank: 0 - Epoch:16/60, Batch:20,    progress_callback.py:218
                    loss:1.143794, finished 27.31%.                             
[17:50:42] INFO     Rank: 0 - Epoch:16/60, Batch:21,    progress_callback.py:218
                    loss:0.924731, finished 27.34%.                             
[17:50:49] INFO     Rank: 0 - Epoch:16/60, Batch:22,    progress_callback.py:218
                    loss:1.195173, finished 27.37%.                             
[17:50:59] INFO     Rank: 0 - Epoch:16/60, Batch:23,    progress_callback.py:218
                    loss:1.48315, finished 27.4%.                               
[17:51:07] INFO     Rank: 0 - Epoch:16/60, Batch:24,    progress_callback.py:218
                    loss:1.228956, finished 27.44%.                             
[17:51:17] INFO     Rank: 0 - Epoch:16/60, Batch:25,    progress_callback.py:218
                    loss:1.35034, finished 27.47%.                              
[17:51:24] INFO     Rank: 0 - Epoch:16/60, Batch:26,    progress_callback.py:218
                    loss:1.667652, finished 27.5%.                              
[17:51:32] INFO     Rank: 0 - Epoch:16/60, Batch:27,    progress_callback.py:218
                    loss:1.16088, finished 27.53%.                              
[17:51:43] INFO     Rank: 0 - Epoch:16/60, Batch:28,    progress_callback.py:218
                    loss:1.185118, finished 27.56%.                             
[17:51:49] INFO     Rank: 0 - Contrastive loss is                 callback.py:66
                    0.6852172017097473, nll_loss is                             
                    0.5915108442306518                                          
[17:51:51] INFO     Rank: 0 - Epoch:16/60, Batch:29,    progress_callback.py:218
                    loss:1.427485, finished 27.6%.                              
[17:52:00] INFO     Rank: 0 - Epoch:16/60, Batch:30,    progress_callback.py:218
                    loss:1.359907, finished 27.63%.                             
[17:52:07] INFO     Rank: 0 - Epoch:16/60, Batch:31,    progress_callback.py:218
                    loss:1.221614, finished 27.66%.                             
[17:52:15] INFO     Rank: 0 - Epoch:16/60, Batch:32,    progress_callback.py:218
                    loss:1.202667, finished 27.69%.                             
[17:52:23] INFO     Rank: 0 - Epoch:16/60, Batch:33,    progress_callback.py:218
                    loss:1.252345, finished 27.72%.                             
[17:52:33] INFO     Rank: 0 - Epoch:16/60, Batch:34,    progress_callback.py:218
                    loss:1.1373, finished 27.76%.                               
[17:52:42] INFO     Rank: 0 - Epoch:16/60, Batch:35,    progress_callback.py:218
                    loss:1.381265, finished 27.79%.                             
[17:52:49] INFO     Rank: 0 - Epoch:16/60, Batch:36,    progress_callback.py:218
                    loss:1.32228, finished 27.82%.                              
[17:52:56] INFO     Rank: 0 - Epoch:16/60, Batch:37,    progress_callback.py:218
                    loss:1.522711, finished 27.85%.                             
[17:53:03] INFO     Rank: 0 - Epoch:16/60, Batch:38,    progress_callback.py:218
                    loss:1.298644, finished 27.88%.                             
[17:53:09] INFO     Rank: 0 - Contrastive loss is                 callback.py:66
                    0.6846080303192139, nll_loss is                             
                    0.5860804319381714                                          
[17:53:10] INFO     Rank: 0 - Epoch:16/60, Batch:39,    progress_callback.py:218
                    loss:1.008152, finished 27.92%.                             
[17:53:21] INFO     Rank: 0 - Epoch:16/60, Batch:40,    progress_callback.py:218
                    loss:1.08023, finished 27.95%.                              
[17:53:32] INFO     Rank: 0 - Epoch:16/60, Batch:41,    progress_callback.py:218
                    loss:1.032341, finished 27.98%.                             
[17:53:42] INFO     Rank: 0 - Epoch:16/60, Batch:42,    progress_callback.py:218
                    loss:1.341321, finished 28.01%.                             
[17:53:50] INFO     Rank: 0 - Epoch:16/60, Batch:43,    progress_callback.py:218
                    loss:1.184789, finished 28.04%.                             
[17:53:56] INFO     Rank: 0 - Epoch:16/60, Batch:44,    progress_callback.py:218
                    loss:1.578526, finished 28.08%.                             
[17:54:04] INFO     Rank: 0 - Epoch:16/60, Batch:45,    progress_callback.py:218
                    loss:1.195775, finished 28.11%.                             
[17:54:13] INFO     Rank: 0 - Epoch:16/60, Batch:46,    progress_callback.py:218
                    loss:1.184284, finished 28.14%.                             
[17:54:21] INFO     Rank: 0 - Epoch:16/60, Batch:47,    progress_callback.py:218
                    loss:1.211414, finished 28.17%.                             
[17:54:30] INFO     Rank: 0 - Epoch:16/60, Batch:48,    progress_callback.py:218
                    loss:1.326112, finished 28.21%.                             
           INFO     Rank: 0 -                                   evaluator.py:317
                    **********Evaluation starts**********                       
[17:54:42] INFO     Rank: 0 - **********Evaluation              evaluator.py:349
                    ends**********                                              
                                                                                
           INFO     Rank: 0 - ----------Eval. results   progress_callback.py:233
                    on Epoch:16, Batch:48----------                             
           INFO     Rank: 0 -                           progress_callback.py:238
                    {"torch_ngram#ngram-overlap":                               
                    0.45050039887428284}                                        
[17:54:48] INFO     Rank: 0 - Contrastive loss is                 callback.py:66
                    0.6494874238967896, nll_loss is                             
                    0.5935011029243469                                          
[17:54:54] INFO     Rank: 0 - Epoch:16/60, Batch:49,    progress_callback.py:218
                    loss:1.295094, finished 28.24%.                             
[17:55:03] INFO     Rank: 0 - Epoch:16/60, Batch:50,    progress_callback.py:218
                    loss:1.307957, finished 28.27%.                             
[17:55:13] INFO     Rank: 0 - Epoch:16/60, Batch:51,    progress_callback.py:218
                    loss:1.198006, finished 28.3%.                              
[17:55:21] INFO     Rank: 0 - Epoch:16/60, Batch:52,    progress_callback.py:218
                    loss:1.183712, finished 28.33%.                             
           INFO     Rank: 0 -                           progress_callback.py:204
                    **********Epoch:17 starts**********                         
[17:55:27] INFO     Rank: 0 - Epoch:17/60, Batch:1,     progress_callback.py:218
                    loss:1.070714, finished 28.37%.                             
[17:55:35] INFO     Rank: 0 - Epoch:17/60, Batch:2,     progress_callback.py:218
                    loss:1.288954, finished 28.4%.                              
[17:55:42] INFO     Rank: 0 - Epoch:17/60, Batch:3,     progress_callback.py:218
                    loss:0.916199, finished 28.43%.                             
[17:55:50] INFO     Rank: 0 - Epoch:17/60, Batch:4,     progress_callback.py:218
                    loss:1.284394, finished 28.46%.                             
[17:56:00] INFO     Rank: 0 - Epoch:17/60, Batch:5,     progress_callback.py:218
                    loss:1.280881, finished 28.49%.                             
[17:56:08] INFO     Rank: 0 - Epoch:17/60, Batch:6,     progress_callback.py:218
                    loss:1.208724, finished 28.53%.                             
[17:56:15] INFO     Rank: 0 - Contrastive loss is                 callback.py:66
                    0.656287556886673, nll_loss is                              
                    0.559914618730545                                           
[17:56:19] INFO     Rank: 0 - Epoch:17/60, Batch:7,     progress_callback.py:218
                    loss:1.42248, finished 28.56%.                              
[17:56:30] INFO     Rank: 0 - Epoch:17/60, Batch:8,     progress_callback.py:218
                    loss:1.093627, finished 28.59%.                             
[17:56:37] INFO     Rank: 0 - Epoch:17/60, Batch:9,     progress_callback.py:218
                    loss:1.110445, finished 28.62%.                             
[17:56:45] INFO     Rank: 0 - Epoch:17/60, Batch:10,    progress_callback.py:218
                    loss:1.119245, finished 28.65%.                             
[17:56:53] INFO     Rank: 0 - Epoch:17/60, Batch:11,    progress_callback.py:218
                    loss:1.247796, finished 28.69%.                             
[17:57:00] INFO     Rank: 0 - Epoch:17/60, Batch:12,    progress_callback.py:218
                    loss:1.184974, finished 28.72%.                             
[17:57:07] INFO     Rank: 0 - Epoch:17/60, Batch:13,    progress_callback.py:218
                    loss:1.368622, finished 28.75%.                             
[17:57:17] INFO     Rank: 0 - Epoch:17/60, Batch:14,    progress_callback.py:218
                    loss:1.312975, finished 28.78%.                             
[17:57:25] INFO     Rank: 0 - Epoch:17/60, Batch:15,    progress_callback.py:218
                    loss:1.178759, finished 28.81%.                             
[17:57:31] INFO     Rank: 0 - Epoch:17/60, Batch:16,    progress_callback.py:218
                    loss:1.28243, finished 28.85%.                              
[17:57:36] INFO     Rank: 0 - Contrastive loss is                 callback.py:66
                    0.6508607983589172, nll_loss is                             
                    0.5609248042106628                                          
[17:57:37] INFO     Rank: 0 - Epoch:17/60, Batch:17,    progress_callback.py:218
                    loss:1.218983, finished 28.88%.                             
[17:57:45] INFO     Rank: 0 - Epoch:17/60, Batch:18,    progress_callback.py:218
                    loss:1.20033, finished 28.91%.                              
[17:57:54] INFO     Rank: 0 - Epoch:17/60, Batch:19,    progress_callback.py:218
                    loss:1.462339, finished 28.94%.                             
[17:58:01] INFO     Rank: 0 - Epoch:17/60, Batch:20,    progress_callback.py:218
                    loss:1.320541, finished 28.97%.                             
[17:58:11] INFO     Rank: 0 - Epoch:17/60, Batch:21,    progress_callback.py:218
                    loss:1.339392, finished 29.01%.                             
[17:58:21] INFO     Rank: 0 - Epoch:17/60, Batch:22,    progress_callback.py:218
                    loss:1.390185, finished 29.04%.                             
[17:58:31] INFO     Rank: 0 - Epoch:17/60, Batch:23,    progress_callback.py:218
                    loss:1.145519, finished 29.07%.                             
[17:58:38] INFO     Rank: 0 - Epoch:17/60, Batch:24,    progress_callback.py:218
                    loss:1.227277, finished 29.1%.                              
[17:58:47] INFO     Rank: 0 - Epoch:17/60, Batch:25,    progress_callback.py:218
                    loss:1.193374, finished 29.13%.                             
[17:58:55] INFO     Rank: 0 - Epoch:17/60, Batch:26,    progress_callback.py:218
                    loss:0.982972, finished 29.17%.                             
[17:59:01] INFO     Rank: 0 - Contrastive loss is                 callback.py:66
                    0.6643059074878692, nll_loss is                             
                    0.5882425963878631                                          
[17:59:02] INFO     Rank: 0 - Epoch:17/60, Batch:27,    progress_callback.py:218
                    loss:1.263557, finished 29.2%.                              
[17:59:10] INFO     Rank: 0 - Epoch:17/60, Batch:28,    progress_callback.py:218
                    loss:1.440799, finished 29.23%.                             
[17:59:18] INFO     Rank: 0 - Epoch:17/60, Batch:29,    progress_callback.py:218
                    loss:1.376484, finished 29.26%.                             
[17:59:26] INFO     Rank: 0 - Epoch:17/60, Batch:30,    progress_callback.py:218
                    loss:1.215874, finished 29.29%.                             
[17:59:32] INFO     Rank: 0 - Epoch:17/60, Batch:31,    progress_callback.py:218
                    loss:1.239046, finished 29.33%.                             
[17:59:41] INFO     Rank: 0 - Epoch:17/60, Batch:32,    progress_callback.py:218
                    loss:0.915918, finished 29.36%.                             
[17:59:48] INFO     Rank: 0 - Epoch:17/60, Batch:33,    progress_callback.py:218
                    loss:1.074052, finished 29.39%.                             
[17:59:56] INFO     Rank: 0 - Epoch:17/60, Batch:34,    progress_callback.py:218
                    loss:1.196636, finished 29.42%.                             
[18:00:03] INFO     Rank: 0 - Epoch:17/60, Batch:35,    progress_callback.py:218
                    loss:1.107484, finished 29.46%.                             
[18:00:10] INFO     Rank: 0 - Epoch:17/60, Batch:36,    progress_callback.py:218
                    loss:1.31772, finished 29.49%.                              
           INFO     Rank: 0 -                                   evaluator.py:317
                    **********Evaluation starts**********                       
[18:00:22] INFO     Rank: 0 - **********Evaluation              evaluator.py:349
                    ends**********                                              
                                                                                
           INFO     Rank: 0 - ----------Eval. results   progress_callback.py:233
                    on Epoch:17, Batch:36----------                             
           INFO     Rank: 0 -                           progress_callback.py:238
                    {"torch_ngram#ngram-overlap":                               
                    0.4491525888442993}                                         
[18:00:32] INFO     Rank: 0 - Contrastive loss is                 callback.py:66
                    0.6529798120260238, nll_loss is                             
                    0.5524944931268692                                          
[18:00:33] INFO     Rank: 0 - Epoch:17/60, Batch:37,    progress_callback.py:218
                    loss:1.170731, finished 29.52%.                             
[18:00:41] INFO     Rank: 0 - Epoch:17/60, Batch:38,    progress_callback.py:218
                    loss:1.266827, finished 29.55%.                             
[18:00:51] INFO     Rank: 0 - Epoch:17/60, Batch:39,    progress_callback.py:218
                    loss:0.9695, finished 29.58%.                               
[18:00:58] INFO     Rank: 0 - Epoch:17/60, Batch:40,    progress_callback.py:218
                    loss:1.335244, finished 29.62%.                             
[18:01:04] INFO     Rank: 0 - Epoch:17/60, Batch:41,    progress_callback.py:218
                    loss:1.125844, finished 29.65%.                             
[18:01:13] INFO     Rank: 0 - Epoch:17/60, Batch:42,    progress_callback.py:218
                    loss:1.12316, finished 29.68%.                              
[18:01:20] INFO     Rank: 0 - Epoch:17/60, Batch:43,    progress_callback.py:218
                    loss:1.151679, finished 29.71%.                             
[18:01:29] INFO     Rank: 0 - Epoch:17/60, Batch:44,    progress_callback.py:218
                    loss:0.994299, finished 29.74%.                             
[18:01:36] INFO     Rank: 0 - Epoch:17/60, Batch:45,    progress_callback.py:218
                    loss:1.162519, finished 29.78%.                             
[18:01:43] INFO     Rank: 0 - Epoch:17/60, Batch:46,    progress_callback.py:218
                    loss:1.5269, finished 29.81%.                               
[18:01:54] INFO     Rank: 0 - Contrastive loss is                 callback.py:66
                    0.6531919836997986, nll_loss is                             
                    0.5193465352058411                                          
           INFO     Rank: 0 - Epoch:17/60, Batch:47,    progress_callback.py:218
                    loss:1.069413, finished 29.84%.                             
[18:02:03] INFO     Rank: 0 - Epoch:17/60, Batch:48,    progress_callback.py:218
                    loss:1.264835, finished 29.87%.                             
[18:02:11] INFO     Rank: 0 - Epoch:17/60, Batch:49,    progress_callback.py:218
                    loss:1.356929, finished 29.9%.                              
[18:02:18] INFO     Rank: 0 - Epoch:17/60, Batch:50,    progress_callback.py:218
                    loss:1.238034, finished 29.94%.                             
[18:02:28] INFO     Rank: 0 - Epoch:17/60, Batch:51,    progress_callback.py:218
                    loss:1.571595, finished 29.97%.                             
[18:02:36] INFO     Rank: 0 - Epoch:17/60, Batch:52,    progress_callback.py:218
                    loss:1.266787, finished 30.0%.                              
           INFO     Rank: 0 -                           progress_callback.py:204
                    **********Epoch:18 starts**********                         
[18:02:46] INFO     Rank: 0 - Epoch:18/60, Batch:1,     progress_callback.py:218
                    loss:0.95744, finished 30.03%.                              
[18:02:53] INFO     Rank: 0 - Epoch:18/60, Batch:2,     progress_callback.py:218
                    loss:1.227827, finished 30.06%.                             
[18:03:01] INFO     Rank: 0 - Epoch:18/60, Batch:3,     progress_callback.py:218
                    loss:1.100139, finished 30.1%.                              
[18:03:10] INFO     Rank: 0 - Epoch:18/60, Batch:4,     progress_callback.py:218
                    loss:1.43509, finished 30.13%.                              
[18:03:16] INFO     Rank: 0 - Contrastive loss is                 callback.py:66
                    0.6917927861213684, nll_loss is                             
                    0.5707110702991486                                          
[18:03:17] INFO     Rank: 0 - Epoch:18/60, Batch:5,     progress_callback.py:218
                    loss:1.206362, finished 30.16%.                             
[18:03:25] INFO     Rank: 0 - Epoch:18/60, Batch:6,     progress_callback.py:218
                    loss:1.207666, finished 30.19%.                             
[18:03:35] INFO     Rank: 0 - Epoch:18/60, Batch:7,     progress_callback.py:218
                    loss:1.215533, finished 30.22%.                             
[18:03:43] INFO     Rank: 0 - Epoch:18/60, Batch:8,     progress_callback.py:218
                    loss:1.034369, finished 30.26%.                             
[18:03:51] INFO     Rank: 0 - Epoch:18/60, Batch:9,     progress_callback.py:218
                    loss:1.18782, finished 30.29%.                              
[18:03:59] INFO     Rank: 0 - Epoch:18/60, Batch:10,    progress_callback.py:218
                    loss:1.17508, finished 30.32%.                              
[18:04:07] INFO     Rank: 0 - Epoch:18/60, Batch:11,    progress_callback.py:218
                    loss:1.26508, finished 30.35%.                              
[18:04:13] INFO     Rank: 0 - Epoch:18/60, Batch:12,    progress_callback.py:218
                    loss:1.016301, finished 30.38%.                             
[18:04:23] INFO     Rank: 0 - Epoch:18/60, Batch:13,    progress_callback.py:218
                    loss:1.511058, finished 30.42%.                             
[18:04:30] INFO     Rank: 0 - Epoch:18/60, Batch:14,    progress_callback.py:218
                    loss:1.232349, finished 30.45%.                             
[18:04:38] INFO     Rank: 0 - Contrastive loss is                 callback.py:66
                    0.6613115161657334, nll_loss is                             
                    0.557325366139412                                           
[18:04:39] INFO     Rank: 0 - Epoch:18/60, Batch:15,    progress_callback.py:218
                    loss:1.341113, finished 30.48%.                             
[18:04:46] INFO     Rank: 0 - Epoch:18/60, Batch:16,    progress_callback.py:218
                    loss:1.374204, finished 30.51%.                             
[18:04:54] INFO     Rank: 0 - Epoch:18/60, Batch:17,    progress_callback.py:218
                    loss:1.054048, finished 30.54%.                             
[18:05:07] INFO     Rank: 0 - Epoch:18/60, Batch:18,    progress_callback.py:218
                    loss:0.937464, finished 30.58%.                             
[18:05:15] INFO     Rank: 0 - Epoch:18/60, Batch:19,    progress_callback.py:218
                    loss:1.405381, finished 30.61%.                             
[18:05:23] INFO     Rank: 0 - Epoch:18/60, Batch:20,    progress_callback.py:218
                    loss:1.336054, finished 30.64%.                             
[18:05:31] INFO     Rank: 0 - Epoch:18/60, Batch:21,    progress_callback.py:218
                    loss:1.136108, finished 30.67%.                             
[18:05:40] INFO     Rank: 0 - Epoch:18/60, Batch:22,    progress_callback.py:218
                    loss:1.243547, finished 30.71%.                             
[18:05:48] INFO     Rank: 0 - Epoch:18/60, Batch:23,    progress_callback.py:218
                    loss:1.319761, finished 30.74%.                             
[18:05:56] INFO     Rank: 0 - Epoch:18/60, Batch:24,    progress_callback.py:218
                    loss:1.209584, finished 30.77%.                             
           INFO     Rank: 0 -                                   evaluator.py:317
                    **********Evaluation starts**********                       
[18:06:09] INFO     Rank: 0 - **********Evaluation              evaluator.py:349
                    ends**********                                              
                                                                                
           INFO     Rank: 0 - ----------Eval. results   progress_callback.py:233
                    on Epoch:18, Batch:24----------                             
           INFO     Rank: 0 -                           progress_callback.py:238
                    {"torch_ngram#ngram-overlap":                               
                    0.4505890905857086}                                         
[18:06:14] INFO     Rank: 0 - Contrastive loss is                 callback.py:66
                    0.6873643040657044, nll_loss is                             
                    0.5734123110771179                                          
[18:06:18] INFO     Rank: 0 - Epoch:18/60, Batch:25,    progress_callback.py:218
                    loss:1.591615, finished 30.8%.                              
[18:06:27] INFO     Rank: 0 - Epoch:18/60, Batch:26,    progress_callback.py:218
                    loss:1.311233, finished 30.83%.                             
[18:06:34] INFO     Rank: 0 - Epoch:18/60, Batch:27,    progress_callback.py:218
                    loss:1.351619, finished 30.87%.                             
[18:06:41] INFO     Rank: 0 - Epoch:18/60, Batch:28,    progress_callback.py:218
                    loss:1.323714, finished 30.9%.                              
[18:06:48] INFO     Rank: 0 - Epoch:18/60, Batch:29,    progress_callback.py:218
                    loss:0.982381, finished 30.93%.                             
[18:06:56] INFO     Rank: 0 - Epoch:18/60, Batch:30,    progress_callback.py:218
                    loss:1.284856, finished 30.96%.                             
[18:07:03] INFO     Rank: 0 - Epoch:18/60, Batch:31,    progress_callback.py:218
                    loss:1.242123, finished 30.99%.                             
[18:07:15] INFO     Rank: 0 - Epoch:18/60, Batch:32,    progress_callback.py:218
                    loss:1.399847, finished 31.03%.                             
[18:07:22] INFO     Rank: 0 - Epoch:18/60, Batch:33,    progress_callback.py:218
                    loss:1.415197, finished 31.06%.                             
[18:07:29] INFO     Rank: 0 - Epoch:18/60, Batch:34,    progress_callback.py:218
                    loss:1.13225, finished 31.09%.                              
[18:07:44] INFO     Rank: 0 - Contrastive loss is                 callback.py:66
                    0.7062894821166992, nll_loss is                             
                    0.5548637270927429                                          
           INFO     Rank: 0 - Epoch:18/60, Batch:35,    progress_callback.py:218
                    loss:1.168313, finished 31.12%.                             
[18:07:53] INFO     Rank: 0 - Epoch:18/60, Batch:36,    progress_callback.py:218
                    loss:1.190343, finished 31.15%.                             
[18:08:01] INFO     Rank: 0 - Epoch:18/60, Batch:37,    progress_callback.py:218
                    loss:1.166464, finished 31.19%.                             
[18:08:08] INFO     Rank: 0 - Epoch:18/60, Batch:38,    progress_callback.py:218
                    loss:1.499673, finished 31.22%.                             
[18:08:17] INFO     Rank: 0 - Epoch:18/60, Batch:39,    progress_callback.py:218
                    loss:1.345557, finished 31.25%.                             
[18:08:25] INFO     Rank: 0 - Epoch:18/60, Batch:40,    progress_callback.py:218
                    loss:1.007514, finished 31.28%.                             
[18:08:35] INFO     Rank: 0 - Epoch:18/60, Batch:41,    progress_callback.py:218
                    loss:1.033208, finished 31.31%.                             
[18:08:43] INFO     Rank: 0 - Epoch:18/60, Batch:42,    progress_callback.py:218
                    loss:1.181634, finished 31.35%.                             
[18:08:50] INFO     Rank: 0 - Epoch:18/60, Batch:43,    progress_callback.py:218
                    loss:1.286146, finished 31.38%.                             
[18:08:57] INFO     Rank: 0 - Epoch:18/60, Batch:44,    progress_callback.py:218
                    loss:1.185164, finished 31.41%.                             
[18:09:01] INFO     Rank: 0 - Contrastive loss is                 callback.py:66
                    0.6504011780023575, nll_loss is                             
                    0.5713784545660019                                          
[18:09:05] INFO     Rank: 0 - Epoch:18/60, Batch:45,    progress_callback.py:218
                    loss:1.322093, finished 31.44%.                             
[18:09:12] INFO     Rank: 0 - Epoch:18/60, Batch:46,    progress_callback.py:218
                    loss:1.167296, finished 31.47%.                             
[18:09:20] INFO     Rank: 0 - Epoch:18/60, Batch:47,    progress_callback.py:218
                    loss:1.033081, finished 31.51%.                             
[18:09:29] INFO     Rank: 0 - Epoch:18/60, Batch:48,    progress_callback.py:218
                    loss:1.296252, finished 31.54%.                             
[18:09:36] INFO     Rank: 0 - Epoch:18/60, Batch:49,    progress_callback.py:218
                    loss:1.2339, finished 31.57%.                               
[18:09:45] INFO     Rank: 0 - Epoch:18/60, Batch:50,    progress_callback.py:218
                    loss:1.433298, finished 31.6%.                              
[18:09:53] INFO     Rank: 0 - Epoch:18/60, Batch:51,    progress_callback.py:218
                    loss:1.076458, finished 31.63%.                             
[18:10:01] INFO     Rank: 0 - Epoch:18/60, Batch:52,    progress_callback.py:218
                    loss:1.313087, finished 31.67%.                             
           INFO     Rank: 0 -                           progress_callback.py:204
                    **********Epoch:19 starts**********                         
[18:10:08] INFO     Rank: 0 - Epoch:19/60, Batch:1,     progress_callback.py:218
                    loss:1.356361, finished 31.7%.                              
[18:10:17] INFO     Rank: 0 - Epoch:19/60, Batch:2,     progress_callback.py:218
                    loss:1.204653, finished 31.73%.                             
[18:10:23] INFO     Rank: 0 - Contrastive loss is                 callback.py:66
                    0.6724829196929931, nll_loss is                             
                    0.5687358856201172                                          
[18:10:24] INFO     Rank: 0 - Epoch:19/60, Batch:3,     progress_callback.py:218
                    loss:1.297801, finished 31.76%.                             
[18:10:31] INFO     Rank: 0 - Epoch:19/60, Batch:4,     progress_callback.py:218
                    loss:1.287533, finished 31.79%.                             
[18:10:38] INFO     Rank: 0 - Epoch:19/60, Batch:5,     progress_callback.py:218
                    loss:1.255382, finished 31.83%.                             
[18:10:46] INFO     Rank: 0 - Epoch:19/60, Batch:6,     progress_callback.py:218
                    loss:1.036554, finished 31.86%.                             
[18:10:54] INFO     Rank: 0 - Epoch:19/60, Batch:7,     progress_callback.py:218
                    loss:1.067927, finished 31.89%.                             
[18:11:01] INFO     Rank: 0 - Epoch:19/60, Batch:8,     progress_callback.py:218
                    loss:1.07028, finished 31.92%.                              
[18:11:08] INFO     Rank: 0 - Epoch:19/60, Batch:9,     progress_callback.py:218
                    loss:1.1595, finished 31.96%.                               
[18:11:17] INFO     Rank: 0 - Epoch:19/60, Batch:10,    progress_callback.py:218
                    loss:1.593682, finished 31.99%.                             
[18:11:24] INFO     Rank: 0 - Epoch:19/60, Batch:11,    progress_callback.py:218
                    loss:1.082032, finished 32.02%.                             
[18:11:32] INFO     Rank: 0 - Epoch:19/60, Batch:12,    progress_callback.py:218
                    loss:1.320448, finished 32.05%.                             
           INFO     Rank: 0 -                                   evaluator.py:317
                    **********Evaluation starts**********                       
[18:11:45] INFO     Rank: 0 - **********Evaluation              evaluator.py:349
                    ends**********                                              
                                                                                
           INFO     Rank: 0 - ----------Eval. results   progress_callback.py:233
                    on Epoch:19, Batch:12----------                             
           INFO     Rank: 0 -                           progress_callback.py:238
                    {"torch_ngram#ngram-overlap":                               
                    0.4503610134124756}                                         
[18:11:49] INFO     Rank: 0 - Contrastive loss is                 callback.py:66
                    0.6639973223209381, nll_loss is                             
                    0.5380705177783967                                          
[18:11:51] INFO     Rank: 0 - Epoch:19/60, Batch:13,    progress_callback.py:218
                    loss:1.14734, finished 32.08%.                              
[18:12:00] INFO     Rank: 0 - Epoch:19/60, Batch:14,    progress_callback.py:218
                    loss:0.918734, finished 32.12%.                             
[18:12:06] INFO     Rank: 0 - Epoch:19/60, Batch:15,    progress_callback.py:218
                    loss:1.168554, finished 32.15%.                             
[18:12:14] INFO     Rank: 0 - Epoch:19/60, Batch:16,    progress_callback.py:218
                    loss:0.966499, finished 32.18%.                             
[18:12:21] INFO     Rank: 0 - Epoch:19/60, Batch:17,    progress_callback.py:218
                    loss:1.563271, finished 32.21%.                             
[18:12:29] INFO     Rank: 0 - Epoch:19/60, Batch:18,    progress_callback.py:218
                    loss:1.219682, finished 32.24%.                             
[18:12:36] INFO     Rank: 0 - Epoch:19/60, Batch:19,    progress_callback.py:218
                    loss:1.409558, finished 32.28%.                             
[18:12:45] INFO     Rank: 0 - Epoch:19/60, Batch:20,    progress_callback.py:218
                    loss:1.24064, finished 32.31%.                              
[18:12:54] INFO     Rank: 0 - Epoch:19/60, Batch:21,    progress_callback.py:218
                    loss:1.247744, finished 32.34%.                             
[18:13:02] INFO     Rank: 0 - Epoch:19/60, Batch:22,    progress_callback.py:218
                    loss:1.099338, finished 32.37%.                             
[18:13:08] INFO     Rank: 0 - Contrastive loss is                 callback.py:66
                    0.6537669479846955, nll_loss is                             
                    0.574606990814209                                           
[18:13:12] INFO     Rank: 0 - Epoch:19/60, Batch:23,    progress_callback.py:218
                    loss:1.44972, finished 32.4%.                               
[18:13:20] INFO     Rank: 0 - Epoch:19/60, Batch:24,    progress_callback.py:218
                    loss:1.008516, finished 32.44%.                             
[18:13:27] INFO     Rank: 0 - Epoch:19/60, Batch:25,    progress_callback.py:218
                    loss:1.192984, finished 32.47%.                             
[18:13:35] INFO     Rank: 0 - Epoch:19/60, Batch:26,    progress_callback.py:218
                    loss:1.434405, finished 32.5%.                              
[18:13:42] INFO     Rank: 0 - Epoch:19/60, Batch:27,    progress_callback.py:218
                    loss:1.277661, finished 32.53%.                             
[18:13:49] INFO     Rank: 0 - Epoch:19/60, Batch:28,    progress_callback.py:218
                    loss:1.273384, finished 32.56%.                             
[18:14:00] INFO     Rank: 0 - Epoch:19/60, Batch:29,    progress_callback.py:218
                    loss:1.288818, finished 32.6%.                              
[18:14:08] INFO     Rank: 0 - Epoch:19/60, Batch:30,    progress_callback.py:218
                    loss:1.081901, finished 32.63%.                             
[18:14:15] INFO     Rank: 0 - Epoch:19/60, Batch:31,    progress_callback.py:218
                    loss:1.089496, finished 32.66%.                             
[18:14:23] INFO     Rank: 0 - Epoch:19/60, Batch:32,    progress_callback.py:218
                    loss:1.063451, finished 32.69%.                             
[18:14:31] INFO     Rank: 0 - Contrastive loss is                 callback.py:66
                    0.656453400850296, nll_loss is                              
                    0.5268007576465606                                          
           INFO     Rank: 0 - Epoch:19/60, Batch:33,    progress_callback.py:218
                    loss:1.121926, finished 32.72%.                             
[18:14:40] INFO     Rank: 0 - Epoch:19/60, Batch:34,    progress_callback.py:218
                    loss:1.132169, finished 32.76%.                             
[18:14:48] INFO     Rank: 0 - Epoch:19/60, Batch:35,    progress_callback.py:218
                    loss:1.364058, finished 32.79%.                             
[18:14:56] INFO     Rank: 0 - Epoch:19/60, Batch:36,    progress_callback.py:218
                    loss:1.334918, finished 32.82%.                             
[18:15:06] INFO     Rank: 0 - Epoch:19/60, Batch:37,    progress_callback.py:218
                    loss:1.320276, finished 32.85%.                             
[18:15:16] INFO     Rank: 0 - Epoch:19/60, Batch:38,    progress_callback.py:218
                    loss:1.084604, finished 32.88%.                             
[18:15:24] INFO     Rank: 0 - Epoch:19/60, Batch:39,    progress_callback.py:218
                    loss:1.193573, finished 32.92%.                             
[18:15:31] INFO     Rank: 0 - Epoch:19/60, Batch:40,    progress_callback.py:218
                    loss:1.157961, finished 32.95%.                             
[18:15:39] INFO     Rank: 0 - Epoch:19/60, Batch:41,    progress_callback.py:218
                    loss:1.321414, finished 32.98%.                             
[18:15:46] INFO     Rank: 0 - Epoch:19/60, Batch:42,    progress_callback.py:218
                    loss:1.420915, finished 33.01%.                             
[18:15:53] INFO     Rank: 0 - Contrastive loss is                 callback.py:66
                    0.6780832767486572, nll_loss is                             
                    0.5581558346748352                                          
           INFO     Rank: 0 - Epoch:19/60, Batch:43,    progress_callback.py:218
                    loss:1.032502, finished 33.04%.                             
[18:16:01] INFO     Rank: 0 - Epoch:19/60, Batch:44,    progress_callback.py:218
                    loss:1.302905, finished 33.08%.                             
[18:16:08] INFO     Rank: 0 - Epoch:19/60, Batch:45,    progress_callback.py:218
                    loss:1.139651, finished 33.11%.                             
[18:16:15] INFO     Rank: 0 - Epoch:19/60, Batch:46,    progress_callback.py:218
                    loss:1.2799, finished 33.14%.                               
[18:16:24] INFO     Rank: 0 - Epoch:19/60, Batch:47,    progress_callback.py:218
                    loss:1.123898, finished 33.17%.                             
[18:16:32] INFO     Rank: 0 - Epoch:19/60, Batch:48,    progress_callback.py:218
                    loss:1.336154, finished 33.21%.                             
[18:16:41] INFO     Rank: 0 - Epoch:19/60, Batch:49,    progress_callback.py:218
                    loss:1.020465, finished 33.24%.                             
[18:16:49] INFO     Rank: 0 - Epoch:19/60, Batch:50,    progress_callback.py:218
                    loss:1.118149, finished 33.27%.                             
[18:16:58] INFO     Rank: 0 - Epoch:19/60, Batch:51,    progress_callback.py:218
                    loss:1.045595, finished 33.3%.                              
[18:17:05] INFO     Rank: 0 - Epoch:19/60, Batch:52,    progress_callback.py:218
                    loss:1.217969, finished 33.33%.                             
           INFO     Rank: 0 -                                   evaluator.py:317
                    **********Evaluation starts**********                       
[18:17:17] INFO     Rank: 0 - **********Evaluation              evaluator.py:349
                    ends**********                                              
                                                                                
           INFO     Rank: 0 - ----------Eval. results   progress_callback.py:233
                    on Epoch:19, Batch:52----------                             
           INFO     Rank: 0 -                           progress_callback.py:238
                    {"torch_ngram#ngram-overlap":                               
                    0.44958868622779846}                                        
           INFO     Rank: 0 -                           progress_callback.py:204
                    **********Epoch:20 starts**********                         
[18:17:23] INFO     Rank: 0 - Contrastive loss is                 callback.py:66
                    0.6302642226219177, nll_loss is                             
                    0.5511828303337097                                          
[18:17:27] INFO     Rank: 0 - Epoch:20/60, Batch:1,     progress_callback.py:218
                    loss:1.229784, finished 33.37%.                             
[18:17:38] INFO     Rank: 0 - Epoch:20/60, Batch:2,     progress_callback.py:218
                    loss:1.39088, finished 33.4%.                               
[18:17:47] INFO     Rank: 0 - Epoch:20/60, Batch:3,     progress_callback.py:218
                    loss:1.29853, finished 33.43%.                              
[18:17:55] INFO     Rank: 0 - Epoch:20/60, Batch:4,     progress_callback.py:218
                    loss:1.205449, finished 33.46%.                             
[18:18:03] INFO     Rank: 0 - Epoch:20/60, Batch:5,     progress_callback.py:218
                    loss:1.207347, finished 33.49%.                             
[18:18:11] INFO     Rank: 0 - Epoch:20/60, Batch:6,     progress_callback.py:218
                    loss:0.903207, finished 33.53%.                             
[18:18:18] INFO     Rank: 0 - Epoch:20/60, Batch:7,     progress_callback.py:218
                    loss:1.337162, finished 33.56%.                             
[18:18:28] INFO     Rank: 0 - Epoch:20/60, Batch:8,     progress_callback.py:218
                    loss:1.158376, finished 33.59%.                             
[18:18:37] INFO     Rank: 0 - Epoch:20/60, Batch:9,     progress_callback.py:218
                    loss:1.194195, finished 33.62%.                             
[18:18:45] INFO     Rank: 0 - Epoch:20/60, Batch:10,    progress_callback.py:218
                    loss:1.357953, finished 33.65%.                             
[18:18:49] INFO     Rank: 0 - Contrastive loss is                 callback.py:66
                    0.6692131906747818, nll_loss is                             
                    0.5711181133985519                                          
[18:18:52] INFO     Rank: 0 - Epoch:20/60, Batch:11,    progress_callback.py:218
                    loss:1.350215, finished 33.69%.                             
[18:19:01] INFO     Rank: 0 - Epoch:20/60, Batch:12,    progress_callback.py:218
                    loss:1.160724, finished 33.72%.                             
[18:19:13] INFO     Rank: 0 - Epoch:20/60, Batch:13,    progress_callback.py:218
                    loss:1.371086, finished 33.75%.                             
[18:19:20] INFO     Rank: 0 - Epoch:20/60, Batch:14,    progress_callback.py:218
                    loss:1.195866, finished 33.78%.                             
[18:19:28] INFO     Rank: 0 - Epoch:20/60, Batch:15,    progress_callback.py:218
                    loss:1.114453, finished 33.81%.                             
[18:19:35] INFO     Rank: 0 - Epoch:20/60, Batch:16,    progress_callback.py:218
                    loss:1.316373, finished 33.85%.                             
[18:19:42] INFO     Rank: 0 - Epoch:20/60, Batch:17,    progress_callback.py:218
                    loss:1.46047, finished 33.88%.                              
[18:19:49] INFO     Rank: 0 - Epoch:20/60, Batch:18,    progress_callback.py:218
                    loss:1.183946, finished 33.91%.                             
[18:19:57] INFO     Rank: 0 - Epoch:20/60, Batch:19,    progress_callback.py:218
                    loss:1.1581, finished 33.94%.                               
[18:20:04] INFO     Rank: 0 - Epoch:20/60, Batch:20,    progress_callback.py:218
                    loss:1.242681, finished 33.97%.                             
[18:20:08] INFO     Rank: 0 - Contrastive loss is                 callback.py:66
                    0.6609768748283387, nll_loss is                             
                    0.5781996488571167                                          
[18:20:12] INFO     Rank: 0 - Epoch:20/60, Batch:21,    progress_callback.py:218
                    loss:1.188065, finished 34.01%.                             
[18:20:18] INFO     Rank: 0 - Epoch:20/60, Batch:22,    progress_callback.py:218
                    loss:1.103595, finished 34.04%.                             
[18:20:27] INFO     Rank: 0 - Epoch:20/60, Batch:23,    progress_callback.py:218
                    loss:1.454879, finished 34.07%.                             
[18:20:34] INFO     Rank: 0 - Epoch:20/60, Batch:24,    progress_callback.py:218
                    loss:1.13813, finished 34.1%.                               
[18:20:41] INFO     Rank: 0 - Epoch:20/60, Batch:25,    progress_callback.py:218
                    loss:1.013892, finished 34.13%.                             
[18:20:49] INFO     Rank: 0 - Epoch:20/60, Batch:26,    progress_callback.py:218
                    loss:1.235039, finished 34.17%.                             
[18:20:58] INFO     Rank: 0 - Epoch:20/60, Batch:27,    progress_callback.py:218
                    loss:1.306593, finished 34.2%.                              
[18:21:07] INFO     Rank: 0 - Epoch:20/60, Batch:28,    progress_callback.py:218
                    loss:1.261967, finished 34.23%.                             
[18:21:13] INFO     Rank: 0 - Epoch:20/60, Batch:29,    progress_callback.py:218
                    loss:1.220388, finished 34.26%.                             
[18:21:21] INFO     Rank: 0 - Epoch:20/60, Batch:30,    progress_callback.py:218
                    loss:1.12465, finished 34.29%.                              
[18:21:26] INFO     Rank: 0 - Contrastive loss is                 callback.py:66
                    0.6605253279209137, nll_loss is                             
                    0.5539811670780181                                          
[18:21:29] INFO     Rank: 0 - Epoch:20/60, Batch:31,    progress_callback.py:218
                    loss:1.285932, finished 34.33%.                             
[18:21:35] INFO     Rank: 0 - Epoch:20/60, Batch:32,    progress_callback.py:218
                    loss:1.329748, finished 34.36%.                             
[18:21:41] INFO     Rank: 0 - Epoch:20/60, Batch:33,    progress_callback.py:218
                    loss:1.192347, finished 34.39%.                             
[18:21:48] INFO     Rank: 0 - Epoch:20/60, Batch:34,    progress_callback.py:218
                    loss:1.52967, finished 34.42%.                              
[18:21:57] INFO     Rank: 0 - Epoch:20/60, Batch:35,    progress_callback.py:218
                    loss:1.298942, finished 34.46%.                             
[18:22:05] INFO     Rank: 0 - Epoch:20/60, Batch:36,    progress_callback.py:218
                    loss:1.276837, finished 34.49%.                             
[18:22:13] INFO     Rank: 0 - Epoch:20/60, Batch:37,    progress_callback.py:218
                    loss:1.371352, finished 34.52%.                             
[18:22:20] INFO     Rank: 0 - Epoch:20/60, Batch:38,    progress_callback.py:218
                    loss:1.135219, finished 34.55%.                             
[18:22:30] INFO     Rank: 0 - Epoch:20/60, Batch:39,    progress_callback.py:218
                    loss:1.311495, finished 34.58%.                             
[18:22:36] INFO     Rank: 0 - Epoch:20/60, Batch:40,    progress_callback.py:218
                    loss:1.211949, finished 34.62%.                             
           INFO     Rank: 0 -                                   evaluator.py:317
                    **********Evaluation starts**********                       
[18:22:49] INFO     Rank: 0 - **********Evaluation              evaluator.py:349
                    ends**********                                              
                                                                                
           INFO     Rank: 0 - ----------Eval. results   progress_callback.py:233
                    on Epoch:20, Batch:40----------                             
           INFO     Rank: 0 -                           progress_callback.py:238
                    {"torch_ngram#ngram-overlap":                               
                    0.4507905840873718}                                         
[18:22:55] INFO     Rank: 0 - Contrastive loss is                 callback.py:66
                    0.6913383722305297, nll_loss is                             
                    0.5849470376968384                                          
[18:22:57] INFO     Rank: 0 - Epoch:20/60, Batch:41,    progress_callback.py:218
                    loss:1.105294, finished 34.65%.                             
[18:23:07] INFO     Rank: 0 - Epoch:20/60, Batch:42,    progress_callback.py:218
                    loss:1.369966, finished 34.68%.                             
[18:23:14] INFO     Rank: 0 - Epoch:20/60, Batch:43,    progress_callback.py:218
                    loss:1.299183, finished 34.71%.                             
[18:23:21] INFO     Rank: 0 - Epoch:20/60, Batch:44,    progress_callback.py:218
                    loss:1.207099, finished 34.74%.                             
[18:23:34] INFO     Rank: 0 - Epoch:20/60, Batch:45,    progress_callback.py:218
                    loss:1.247418, finished 34.78%.                             
[18:23:41] INFO     Rank: 0 - Epoch:20/60, Batch:46,    progress_callback.py:218
                    loss:1.205221, finished 34.81%.                             
[18:23:47] INFO     Rank: 0 - Epoch:20/60, Batch:47,    progress_callback.py:218
                    loss:1.06125, finished 34.84%.                              
[18:23:54] INFO     Rank: 0 - Epoch:20/60, Batch:48,    progress_callback.py:218
                    loss:1.214168, finished 34.87%.                             
[18:24:03] INFO     Rank: 0 - Epoch:20/60, Batch:49,    progress_callback.py:218
                    loss:1.308383, finished 34.9%.                              
[18:24:10] INFO     Rank: 0 - Epoch:20/60, Batch:50,    progress_callback.py:218
                    loss:1.354241, finished 34.94%.                             
[18:24:15] INFO     Rank: 0 - Contrastive loss is                 callback.py:66
                    0.6890809237957001, nll_loss is                             
                    0.5693943798542023                                          
[18:24:17] INFO     Rank: 0 - Epoch:20/60, Batch:51,    progress_callback.py:218
                    loss:1.317825, finished 34.97%.                             
[18:24:25] INFO     Rank: 0 - Epoch:20/60, Batch:52,    progress_callback.py:218
                    loss:1.211432, finished 35.0%.                              
           INFO     Rank: 0 -                           progress_callback.py:204
                    **********Epoch:21 starts**********                         
[18:24:32] INFO     Rank: 0 - Epoch:21/60, Batch:1,     progress_callback.py:218
                    loss:1.199586, finished 35.03%.                             
[18:24:41] INFO     Rank: 0 - Epoch:21/60, Batch:2,     progress_callback.py:218
                    loss:1.042689, finished 35.06%.                             
[18:24:49] INFO     Rank: 0 - Epoch:21/60, Batch:3,     progress_callback.py:218
                    loss:1.140592, finished 35.1%.                              
[18:24:57] INFO     Rank: 0 - Epoch:21/60, Batch:4,     progress_callback.py:218
                    loss:1.083458, finished 35.13%.                             
[18:25:04] INFO     Rank: 0 - Epoch:21/60, Batch:5,     progress_callback.py:218
                    loss:1.023164, finished 35.16%.                             
[18:25:12] INFO     Rank: 0 - Epoch:21/60, Batch:6,     progress_callback.py:218
                    loss:1.261646, finished 35.19%.                             
[18:25:18] INFO     Rank: 0 - Epoch:21/60, Batch:7,     progress_callback.py:218
                    loss:1.328144, finished 35.22%.                             
[18:25:26] INFO     Rank: 0 - Epoch:21/60, Batch:8,     progress_callback.py:218
                    loss:1.421523, finished 35.26%.                             
[18:25:30] INFO     Rank: 0 - Contrastive loss is                 callback.py:66
                    0.6443456888198853, nll_loss is                             
                    0.560447609424591                                           
[18:25:33] INFO     Rank: 0 - Epoch:21/60, Batch:9,     progress_callback.py:218
                    loss:1.335699, finished 35.29%.                             
[18:25:41] INFO     Rank: 0 - Epoch:21/60, Batch:10,    progress_callback.py:218
                    loss:1.120726, finished 35.32%.                             
[18:25:54] INFO     Rank: 0 - Epoch:21/60, Batch:11,    progress_callback.py:218
                    loss:1.332243, finished 35.35%.                             
[18:26:00] INFO     Rank: 0 - Epoch:21/60, Batch:12,    progress_callback.py:218
                    loss:1.348568, finished 35.38%.                             
[18:26:07] INFO     Rank: 0 - Epoch:21/60, Batch:13,    progress_callback.py:218
                    loss:1.268222, finished 35.42%.                             
[18:26:15] INFO     Rank: 0 - Epoch:21/60, Batch:14,    progress_callback.py:218
                    loss:1.032902, finished 35.45%.                             
[18:26:21] INFO     Rank: 0 - Epoch:21/60, Batch:15,    progress_callback.py:218
                    loss:1.309165, finished 35.48%.                             
[18:26:28] INFO     Rank: 0 - Epoch:21/60, Batch:16,    progress_callback.py:218
                    loss:1.358504, finished 35.51%.                             
[18:26:35] INFO     Rank: 0 - Epoch:21/60, Batch:17,    progress_callback.py:218
                    loss:1.437054, finished 35.54%.                             
[18:26:41] INFO     Rank: 0 - Epoch:21/60, Batch:18,    progress_callback.py:218
                    loss:1.065646, finished 35.58%.                             
[18:26:47] INFO     Rank: 0 - Contrastive loss is                 callback.py:66
                    0.6860490560531616, nll_loss is                             
                    0.557523787021637                                           
[18:26:50] INFO     Rank: 0 - Epoch:21/60, Batch:19,    progress_callback.py:218
                    loss:1.1627, finished 35.61%.                               
[18:27:00] INFO     Rank: 0 - Epoch:21/60, Batch:20,    progress_callback.py:218
                    loss:1.200444, finished 35.64%.                             
[18:27:08] INFO     Rank: 0 - Epoch:21/60, Batch:21,    progress_callback.py:218
                    loss:1.385645, finished 35.67%.                             
[18:27:17] INFO     Rank: 0 - Epoch:21/60, Batch:22,    progress_callback.py:218
                    loss:1.25118, finished 35.71%.                              
[18:27:25] INFO     Rank: 0 - Epoch:21/60, Batch:23,    progress_callback.py:218
                    loss:1.419581, finished 35.74%.                             
[18:27:33] INFO     Rank: 0 - Epoch:21/60, Batch:24,    progress_callback.py:218
                    loss:1.140949, finished 35.77%.                             
[18:27:39] INFO     Rank: 0 - Epoch:21/60, Batch:25,    progress_callback.py:218
                    loss:1.083235, finished 35.8%.                              
[18:27:47] INFO     Rank: 0 - Epoch:21/60, Batch:26,    progress_callback.py:218
                    loss:1.121061, finished 35.83%.                             
[18:27:54] INFO     Rank: 0 - Epoch:21/60, Batch:27,    progress_callback.py:218
                    loss:1.102463, finished 35.87%.                             
[18:28:02] INFO     Rank: 0 - Epoch:21/60, Batch:28,    progress_callback.py:218
                    loss:1.063922, finished 35.9%.                              
           INFO     Rank: 0 -                                   evaluator.py:317
                    **********Evaluation starts**********                       
[18:28:14] INFO     Rank: 0 - **********Evaluation              evaluator.py:349
                    ends**********                                              
                                                                                
           INFO     Rank: 0 - ----------Eval. results   progress_callback.py:233
                    on Epoch:21, Batch:28----------                             
           INFO     Rank: 0 -                           progress_callback.py:238
                    {"torch_ngram#ngram-overlap":                               
                    0.45090726017951965}                                        
[18:28:21] INFO     Rank: 0 - Contrastive loss is                 callback.py:66
                    0.6571788609027862, nll_loss is                             
                    0.552592295408249                                           
[18:28:22] INFO     Rank: 0 - Epoch:21/60, Batch:29,    progress_callback.py:218
                    loss:1.329233, finished 35.93%.                             
[18:28:29] INFO     Rank: 0 - Epoch:21/60, Batch:30,    progress_callback.py:218
                    loss:1.193519, finished 35.96%.                             
[18:28:35] INFO     Rank: 0 - Epoch:21/60, Batch:31,    progress_callback.py:218
                    loss:1.341811, finished 35.99%.                             
[18:28:46] INFO     Rank: 0 - Epoch:21/60, Batch:32,    progress_callback.py:218
                    loss:1.060658, finished 36.03%.                             
[18:28:53] INFO     Rank: 0 - Epoch:21/60, Batch:33,    progress_callback.py:218
                    loss:1.340536, finished 36.06%.                             
[18:29:02] INFO     Rank: 0 - Epoch:21/60, Batch:34,    progress_callback.py:218
                    loss:1.307031, finished 36.09%.                             
[18:29:08] INFO     Rank: 0 - Epoch:21/60, Batch:35,    progress_callback.py:218
                    loss:1.063985, finished 36.12%.                             
[18:29:18] INFO     Rank: 0 - Epoch:21/60, Batch:36,    progress_callback.py:218
                    loss:1.242282, finished 36.15%.                             
[18:29:26] INFO     Rank: 0 - Epoch:21/60, Batch:37,    progress_callback.py:218
                    loss:1.234846, finished 36.19%.                             
[18:29:35] INFO     Rank: 0 - Epoch:21/60, Batch:38,    progress_callback.py:218
                    loss:1.073131, finished 36.22%.                             
[18:29:42] INFO     Rank: 0 - Contrastive loss is                 callback.py:66
                    0.6474156320095062, nll_loss is                             
                    0.5542920053005218                                          
           INFO     Rank: 0 - Epoch:21/60, Batch:39,    progress_callback.py:218
                    loss:1.159278, finished 36.25%.                             
[18:29:50] INFO     Rank: 0 - Epoch:21/60, Batch:40,    progress_callback.py:218
                    loss:1.277198, finished 36.28%.                             
[18:29:58] INFO     Rank: 0 - Epoch:21/60, Batch:41,    progress_callback.py:218
                    loss:1.250554, finished 36.31%.                             
[18:30:05] INFO     Rank: 0 - Epoch:21/60, Batch:42,    progress_callback.py:218
                    loss:1.276914, finished 36.35%.                             
[18:30:17] INFO     Rank: 0 - Epoch:21/60, Batch:43,    progress_callback.py:218
                    loss:1.095808, finished 36.38%.                             
[18:30:25] INFO     Rank: 0 - Epoch:21/60, Batch:44,    progress_callback.py:218
                    loss:1.102072, finished 36.41%.                             
[18:30:34] INFO     Rank: 0 - Epoch:21/60, Batch:45,    progress_callback.py:218
                    loss:1.213753, finished 36.44%.                             
[18:30:42] INFO     Rank: 0 - Epoch:21/60, Batch:46,    progress_callback.py:218
                    loss:1.179432, finished 36.47%.                             
[18:30:50] INFO     Rank: 0 - Epoch:21/60, Batch:47,    progress_callback.py:218
                    loss:1.263962, finished 36.51%.                             
[18:30:55] INFO     Rank: 0 - Epoch:21/60, Batch:48,    progress_callback.py:218
                    loss:1.371495, finished 36.54%.                             
[18:31:03] INFO     Rank: 0 - Contrastive loss is                 callback.py:66
                    0.6687956154346466, nll_loss is                             
                    0.5545013010501861                                          
[18:31:04] INFO     Rank: 0 - Epoch:21/60, Batch:49,    progress_callback.py:218
                    loss:1.201782, finished 36.57%.                             
[18:31:12] INFO     Rank: 0 - Epoch:21/60, Batch:50,    progress_callback.py:218
                    loss:1.132658, finished 36.6%.                              
[18:31:19] INFO     Rank: 0 - Epoch:21/60, Batch:51,    progress_callback.py:218
                    loss:1.114521, finished 36.63%.                             
[18:31:27] INFO     Rank: 0 - Epoch:21/60, Batch:52,    progress_callback.py:218
                    loss:1.073948, finished 36.67%.                             
           INFO     Rank: 0 -                           progress_callback.py:204
                    **********Epoch:22 starts**********                         
[18:31:35] INFO     Rank: 0 - Epoch:22/60, Batch:1,     progress_callback.py:218
                    loss:1.289137, finished 36.7%.                              
[18:31:42] INFO     Rank: 0 - Epoch:22/60, Batch:2,     progress_callback.py:218
                    loss:1.442677, finished 36.73%.                             
[18:31:49] INFO     Rank: 0 - Epoch:22/60, Batch:3,     progress_callback.py:218
                    loss:1.30209, finished 36.76%.                              
[18:31:58] INFO     Rank: 0 - Epoch:22/60, Batch:4,     progress_callback.py:218
                    loss:1.169991, finished 36.79%.                             
[18:32:05] INFO     Rank: 0 - Epoch:22/60, Batch:5,     progress_callback.py:218
                    loss:1.290788, finished 36.83%.                             
[18:32:11] INFO     Rank: 0 - Epoch:22/60, Batch:6,     progress_callback.py:218
                    loss:1.236531, finished 36.86%.                             
[18:32:18] INFO     Rank: 0 - Contrastive loss is                 callback.py:66
                    0.6665992498397827, nll_loss is                             
                    0.5678966164588928                                          
[18:32:19] INFO     Rank: 0 - Epoch:22/60, Batch:7,     progress_callback.py:218
                    loss:1.292619, finished 36.89%.                             
[18:32:26] INFO     Rank: 0 - Epoch:22/60, Batch:8,     progress_callback.py:218
                    loss:1.39563, finished 36.92%.                              
[18:32:34] INFO     Rank: 0 - Epoch:22/60, Batch:9,     progress_callback.py:218
                    loss:1.424916, finished 36.96%.                             
[18:32:43] INFO     Rank: 0 - Epoch:22/60, Batch:10,    progress_callback.py:218
                    loss:1.061026, finished 36.99%.                             
[18:32:49] INFO     Rank: 0 - Epoch:22/60, Batch:11,    progress_callback.py:218
                    loss:1.018239, finished 37.02%.                             
[18:32:57] INFO     Rank: 0 - Epoch:22/60, Batch:12,    progress_callback.py:218
                    loss:1.157985, finished 37.05%.                             
[18:33:06] INFO     Rank: 0 - Epoch:22/60, Batch:13,    progress_callback.py:218
                    loss:1.124181, finished 37.08%.                             
[18:33:14] INFO     Rank: 0 - Epoch:22/60, Batch:14,    progress_callback.py:218
                    loss:1.275892, finished 37.12%.                             
[18:33:22] INFO     Rank: 0 - Epoch:22/60, Batch:15,    progress_callback.py:218
                    loss:1.091215, finished 37.15%.                             
[18:33:31] INFO     Rank: 0 - Epoch:22/60, Batch:16,    progress_callback.py:218
                    loss:1.246585, finished 37.18%.                             
           INFO     Rank: 0 -                                   evaluator.py:317
                    **********Evaluation starts**********                       
[18:33:43] INFO     Rank: 0 - **********Evaluation              evaluator.py:349
                    ends**********                                              
                                                                                
           INFO     Rank: 0 - ----------Eval. results   progress_callback.py:233
                    on Epoch:22, Batch:16----------                             
           INFO     Rank: 0 -                           progress_callback.py:238
                    {"torch_ngram#ngram-overlap":                               
                    0.4510580897331238}                                         
[18:33:49] INFO     Rank: 0 - Contrastive loss is                 callback.py:66
                    0.6334320783615113, nll_loss is                             
                    0.5553336858749389                                          
[18:33:50] INFO     Rank: 0 - Epoch:22/60, Batch:17,    progress_callback.py:218
                    loss:1.09199, finished 37.21%.                              
[18:33:57] INFO     Rank: 0 - Epoch:22/60, Batch:18,    progress_callback.py:218
                    loss:1.492725, finished 37.24%.                             
[18:34:06] INFO     Rank: 0 - Epoch:22/60, Batch:19,    progress_callback.py:218
                    loss:1.08966, finished 37.28%.                              
[18:34:13] INFO     Rank: 0 - Epoch:22/60, Batch:20,    progress_callback.py:218
                    loss:1.311543, finished 37.31%.                             
[18:34:20] INFO     Rank: 0 - Epoch:22/60, Batch:21,    progress_callback.py:218
                    loss:1.090548, finished 37.34%.                             
[18:34:30] INFO     Rank: 0 - Epoch:22/60, Batch:22,    progress_callback.py:218
                    loss:1.154956, finished 37.37%.                             
[18:34:37] INFO     Rank: 0 - Epoch:22/60, Batch:23,    progress_callback.py:218
                    loss:1.266799, finished 37.4%.                              
[18:34:46] INFO     Rank: 0 - Epoch:22/60, Batch:24,    progress_callback.py:218
                    loss:1.091433, finished 37.44%.                             
[18:34:52] INFO     Rank: 0 - Epoch:22/60, Batch:25,    progress_callback.py:218
                    loss:1.14974, finished 37.47%.                              
[18:34:59] INFO     Rank: 0 - Epoch:22/60, Batch:26,    progress_callback.py:218
                    loss:1.195172, finished 37.5%.                              
[18:35:07] INFO     Rank: 0 - Contrastive loss is                 callback.py:66
                    0.6666715800762176, nll_loss is                             
                    0.5213393867015839                                          
[18:35:08] INFO     Rank: 0 - Epoch:22/60, Batch:27,    progress_callback.py:218
                    loss:1.037534, finished 37.53%.                             
[18:35:15] INFO     Rank: 0 - Epoch:22/60, Batch:28,    progress_callback.py:218
                    loss:1.090673, finished 37.56%.                             
[18:35:26] INFO     Rank: 0 - Epoch:22/60, Batch:29,    progress_callback.py:218
                    loss:1.203878, finished 37.6%.                              
[18:35:34] INFO     Rank: 0 - Epoch:22/60, Batch:30,    progress_callback.py:218
                    loss:0.924723, finished 37.63%.                             
[18:35:41] INFO     Rank: 0 - Epoch:22/60, Batch:31,    progress_callback.py:218
                    loss:1.328094, finished 37.66%.                             
[18:35:51] INFO     Rank: 0 - Epoch:22/60, Batch:32,    progress_callback.py:218
                    loss:1.071576, finished 37.69%.                             
[18:35:59] INFO     Rank: 0 - Epoch:22/60, Batch:33,    progress_callback.py:218
                    loss:1.252983, finished 37.72%.                             
[18:36:07] INFO     Rank: 0 - Epoch:22/60, Batch:34,    progress_callback.py:218
                    loss:1.168316, finished 37.76%.                             
[18:36:16] INFO     Rank: 0 - Epoch:22/60, Batch:35,    progress_callback.py:218
                    loss:1.125358, finished 37.79%.                             
[18:36:27] INFO     Rank: 0 - Epoch:22/60, Batch:36,    progress_callback.py:218
                    loss:1.37503, finished 37.82%.                              
[18:36:33] INFO     Rank: 0 - Contrastive loss is                 callback.py:66
                    0.6561058521270752, nll_loss is                             
                    0.5317507147789001                                          
           INFO     Rank: 0 - Epoch:22/60, Batch:37,    progress_callback.py:218
                    loss:1.337935, finished 37.85%.                             
[18:36:45] INFO     Rank: 0 - Epoch:22/60, Batch:38,    progress_callback.py:218
                    loss:1.237555, finished 37.88%.                             
[18:36:54] INFO     Rank: 0 - Epoch:22/60, Batch:39,    progress_callback.py:218
                    loss:1.317906, finished 37.92%.                             
[18:37:03] INFO     Rank: 0 - Epoch:22/60, Batch:40,    progress_callback.py:218
                    loss:1.370151, finished 37.95%.                             
[18:37:10] INFO     Rank: 0 - Epoch:22/60, Batch:41,    progress_callback.py:218
                    loss:1.129061, finished 37.98%.                             
[18:37:18] INFO     Rank: 0 - Epoch:22/60, Batch:42,    progress_callback.py:218
                    loss:1.009745, finished 38.01%.                             
[18:37:24] INFO     Rank: 0 - Epoch:22/60, Batch:43,    progress_callback.py:218
                    loss:1.131029, finished 38.04%.                             
[18:37:32] INFO     Rank: 0 - Epoch:22/60, Batch:44,    progress_callback.py:218
                    loss:1.080441, finished 38.08%.                             
[18:37:40] INFO     Rank: 0 - Epoch:22/60, Batch:45,    progress_callback.py:218
                    loss:1.203383, finished 38.11%.                             
[18:37:48] INFO     Rank: 0 - Epoch:22/60, Batch:46,    progress_callback.py:218
                    loss:1.205722, finished 38.14%.                             
[18:37:52] INFO     Rank: 0 - Contrastive loss is                 callback.py:66
                    0.6494974792003632, nll_loss is                             
                    0.5535439670085907                                          
[18:37:56] INFO     Rank: 0 - Epoch:22/60, Batch:47,    progress_callback.py:218
                    loss:1.345422, finished 38.17%.                             
[18:38:03] INFO     Rank: 0 - Epoch:22/60, Batch:48,    progress_callback.py:218
                    loss:1.102515, finished 38.21%.                             
[18:38:14] INFO     Rank: 0 - Epoch:22/60, Batch:49,    progress_callback.py:218
                    loss:1.104362, finished 38.24%.                             
[18:38:21] INFO     Rank: 0 - Epoch:22/60, Batch:50,    progress_callback.py:218
                    loss:1.123652, finished 38.27%.                             
[18:38:30] INFO     Rank: 0 - Epoch:22/60, Batch:51,    progress_callback.py:218
                    loss:1.250318, finished 38.3%.                              
[18:38:36] INFO     Rank: 0 - Epoch:22/60, Batch:52,    progress_callback.py:218
                    loss:1.13834, finished 38.33%.                              
           INFO     Rank: 0 -                           progress_callback.py:204
                    **********Epoch:23 starts**********                         
[18:38:44] INFO     Rank: 0 - Epoch:23/60, Batch:1,     progress_callback.py:218
                    loss:1.299121, finished 38.37%.                             
[18:38:54] INFO     Rank: 0 - Epoch:23/60, Batch:2,     progress_callback.py:218
                    loss:1.315248, finished 38.4%.                              
[18:39:02] INFO     Rank: 0 - Epoch:23/60, Batch:3,     progress_callback.py:218
                    loss:1.129245, finished 38.43%.                             
[18:39:09] INFO     Rank: 0 - Epoch:23/60, Batch:4,     progress_callback.py:218
                    loss:1.20754, finished 38.46%.                              
           INFO     Rank: 0 -                                   evaluator.py:317
                    **********Evaluation starts**********                       
[18:39:22] INFO     Rank: 0 - **********Evaluation              evaluator.py:349
                    ends**********                                              
                                                                                
           INFO     Rank: 0 - ----------Eval. results   progress_callback.py:233
                    on Epoch:23, Batch:4----------                              
           INFO     Rank: 0 -                           progress_callback.py:238
                    {"torch_ngram#ngram-overlap":                               
                    0.4499308168888092}                                         
[18:39:29] INFO     Rank: 0 - Contrastive loss is                 callback.py:66
                    0.6361967742443084, nll_loss is                             
                    0.5484799683094025                                          
[18:39:30] INFO     Rank: 0 - Epoch:23/60, Batch:5,     progress_callback.py:218
                    loss:1.176427, finished 38.49%.                             
[18:39:37] INFO     Rank: 0 - Epoch:23/60, Batch:6,     progress_callback.py:218
                    loss:1.183629, finished 38.53%.                             
[18:39:46] INFO     Rank: 0 - Epoch:23/60, Batch:7,     progress_callback.py:218
                    loss:1.407525, finished 38.56%.                             
[18:39:56] INFO     Rank: 0 - Epoch:23/60, Batch:8,     progress_callback.py:218
                    loss:1.152439, finished 38.59%.                             
[18:40:06] INFO     Rank: 0 - Epoch:23/60, Batch:9,     progress_callback.py:218
                    loss:1.19821, finished 38.62%.                              
[18:40:13] INFO     Rank: 0 - Epoch:23/60, Batch:10,    progress_callback.py:218
                    loss:1.07737, finished 38.65%.                              
[18:40:20] INFO     Rank: 0 - Epoch:23/60, Batch:11,    progress_callback.py:218
                    loss:1.302075, finished 38.69%.                             
[18:40:30] INFO     Rank: 0 - Epoch:23/60, Batch:12,    progress_callback.py:218
                    loss:1.081211, finished 38.72%.                             
[18:40:37] INFO     Rank: 0 - Epoch:23/60, Batch:13,    progress_callback.py:218
                    loss:1.137859, finished 38.75%.                             
[18:40:45] INFO     Rank: 0 - Epoch:23/60, Batch:14,    progress_callback.py:218
                    loss:1.412554, finished 38.78%.                             
[18:40:51] INFO     Rank: 0 - Contrastive loss is                 callback.py:66
                    0.6863199055194855, nll_loss is                             
                    0.5453445136547088                                          
[18:40:52] INFO     Rank: 0 - Epoch:23/60, Batch:15,    progress_callback.py:218
                    loss:1.363773, finished 38.81%.                             
[18:40:58] INFO     Rank: 0 - Epoch:23/60, Batch:16,    progress_callback.py:218
                    loss:1.324449, finished 38.85%.                             
[18:41:05] INFO     Rank: 0 - Epoch:23/60, Batch:17,    progress_callback.py:218
                    loss:1.13425, finished 38.88%.                              
[18:41:12] INFO     Rank: 0 - Epoch:23/60, Batch:18,    progress_callback.py:218
                    loss:1.272349, finished 38.91%.                             
[18:41:21] INFO     Rank: 0 - Epoch:23/60, Batch:19,    progress_callback.py:218
                    loss:1.438148, finished 38.94%.                             
[18:41:29] INFO     Rank: 0 - Epoch:23/60, Batch:20,    progress_callback.py:218
                    loss:1.245069, finished 38.97%.                             
[18:41:44] INFO     Rank: 0 - Epoch:23/60, Batch:21,    progress_callback.py:218
                    loss:1.124589, finished 39.01%.                             
[18:41:52] INFO     Rank: 0 - Epoch:23/60, Batch:22,    progress_callback.py:218
                    loss:0.936741, finished 39.04%.                             
[18:42:00] INFO     Rank: 0 - Epoch:23/60, Batch:23,    progress_callback.py:218
                    loss:1.138646, finished 39.07%.                             
[18:42:08] INFO     Rank: 0 - Epoch:23/60, Batch:24,    progress_callback.py:218
                    loss:1.323113, finished 39.1%.                              
[18:42:12] INFO     Rank: 0 - Contrastive loss is                 callback.py:66
                    0.685959768295288, nll_loss is                              
                    0.5239942967891693                                          
[18:42:15] INFO     Rank: 0 - Epoch:23/60, Batch:25,    progress_callback.py:218
                    loss:1.162186, finished 39.13%.                             
[18:42:21] INFO     Rank: 0 - Epoch:23/60, Batch:26,    progress_callback.py:218
                    loss:1.206756, finished 39.17%.                             
[18:42:31] INFO     Rank: 0 - Epoch:23/60, Batch:27,    progress_callback.py:218
                    loss:1.425793, finished 39.2%.                              
[18:42:37] INFO     Rank: 0 - Epoch:23/60, Batch:28,    progress_callback.py:218
                    loss:1.013902, finished 39.23%.                             
[18:42:44] INFO     Rank: 0 - Epoch:23/60, Batch:29,    progress_callback.py:218
                    loss:1.346949, finished 39.26%.                             
[18:42:53] INFO     Rank: 0 - Epoch:23/60, Batch:30,    progress_callback.py:218
                    loss:1.072666, finished 39.29%.                             
[18:43:01] INFO     Rank: 0 - Epoch:23/60, Batch:31,    progress_callback.py:218
                    loss:1.289494, finished 39.33%.                             
[18:43:10] INFO     Rank: 0 - Epoch:23/60, Batch:32,    progress_callback.py:218
                    loss:1.205181, finished 39.36%.                             
[18:43:18] INFO     Rank: 0 - Epoch:23/60, Batch:33,    progress_callback.py:218
                    loss:1.043986, finished 39.39%.                             
[18:43:26] INFO     Rank: 0 - Epoch:23/60, Batch:34,    progress_callback.py:218
                    loss:1.396943, finished 39.42%.                             
[18:43:30] INFO     Rank: 0 - Contrastive loss is                 callback.py:66
                    0.646221449971199, nll_loss is                              
                    0.5687215775251389                                          
[18:43:34] INFO     Rank: 0 - Epoch:23/60, Batch:35,    progress_callback.py:218
                    loss:1.147759, finished 39.46%.                             
[18:43:43] INFO     Rank: 0 - Epoch:23/60, Batch:36,    progress_callback.py:218
                    loss:0.826518, finished 39.49%.                             
[18:43:50] INFO     Rank: 0 - Epoch:23/60, Batch:37,    progress_callback.py:218
                    loss:1.164397, finished 39.52%.                             
[18:43:59] INFO     Rank: 0 - Epoch:23/60, Batch:38,    progress_callback.py:218
                    loss:1.066905, finished 39.55%.                             
[18:44:08] INFO     Rank: 0 - Epoch:23/60, Batch:39,    progress_callback.py:218
                    loss:0.819347, finished 39.58%.                             
[18:44:15] INFO     Rank: 0 - Epoch:23/60, Batch:40,    progress_callback.py:218
                    loss:1.019658, finished 39.62%.                             
[18:44:22] INFO     Rank: 0 - Epoch:23/60, Batch:41,    progress_callback.py:218
                    loss:1.194963, finished 39.65%.                             
[18:44:31] INFO     Rank: 0 - Epoch:23/60, Batch:42,    progress_callback.py:218
                    loss:1.257148, finished 39.68%.                             
[18:44:41] INFO     Rank: 0 - Epoch:23/60, Batch:43,    progress_callback.py:218
                    loss:1.118366, finished 39.71%.                             
[18:44:50] INFO     Rank: 0 - Epoch:23/60, Batch:44,    progress_callback.py:218
                    loss:1.045645, finished 39.74%.                             
           INFO     Rank: 0 -                                   evaluator.py:317
                    **********Evaluation starts**********                       
[18:45:03] INFO     Rank: 0 - **********Evaluation              evaluator.py:349
                    ends**********                                              
                                                                                
           INFO     Rank: 0 - ----------Eval. results   progress_callback.py:233
                    on Epoch:23, Batch:44----------                             
           INFO     Rank: 0 -                           progress_callback.py:238
                    {"torch_ngram#ngram-overlap":                               
                    0.45028242468833923}                                        
[18:45:08] INFO     Rank: 0 - Contrastive loss is                 callback.py:66
                    0.5735380530357361, nll_loss is                             
                    0.4959505915641785                                          
[18:45:10] INFO     Rank: 0 - Epoch:23/60, Batch:45,    progress_callback.py:218
                    loss:1.181941, finished 39.78%.                             
[18:45:17] INFO     Rank: 0 - Epoch:23/60, Batch:46,    progress_callback.py:218
                    loss:1.3658, finished 39.81%.                               
[18:45:28] INFO     Rank: 0 - Epoch:23/60, Batch:47,    progress_callback.py:218
                    loss:0.997925, finished 39.84%.                             
[18:45:36] INFO     Rank: 0 - Epoch:23/60, Batch:48,    progress_callback.py:218
                    loss:1.288331, finished 39.87%.                             
[18:45:44] INFO     Rank: 0 - Epoch:23/60, Batch:49,    progress_callback.py:218
                    loss:1.268062, finished 39.9%.                              
[18:45:51] INFO     Rank: 0 - Epoch:23/60, Batch:50,    progress_callback.py:218
                    loss:0.931074, finished 39.94%.                             
[18:46:00] INFO     Rank: 0 - Epoch:23/60, Batch:51,    progress_callback.py:218
                    loss:1.247248, finished 39.97%.                             
[18:46:06] INFO     Rank: 0 - Epoch:23/60, Batch:52,    progress_callback.py:218
                    loss:1.45175, finished 40.0%.                               
           INFO     Rank: 0 -                           progress_callback.py:204
                    **********Epoch:24 starts**********                         
[18:46:13] INFO     Rank: 0 - Epoch:24/60, Batch:1,     progress_callback.py:218
                    loss:1.115886, finished 40.03%.                             
[18:46:24] INFO     Rank: 0 - Epoch:24/60, Batch:2,     progress_callback.py:218
                    loss:1.165302, finished 40.06%.                             
[18:46:30] INFO     Rank: 0 - Contrastive loss is                 callback.py:66
                    0.669457083940506, nll_loss is                              
                    0.5414862275123596                                          
[18:46:34] INFO     Rank: 0 - Epoch:24/60, Batch:3,     progress_callback.py:218
                    loss:1.278055, finished 40.1%.                              
[18:46:41] INFO     Rank: 0 - Epoch:24/60, Batch:4,     progress_callback.py:218
                    loss:1.204265, finished 40.13%.                             
[18:46:49] INFO     Rank: 0 - Epoch:24/60, Batch:5,     progress_callback.py:218
                    loss:0.901072, finished 40.16%.                             
[18:46:55] INFO     Rank: 0 - Epoch:24/60, Batch:6,     progress_callback.py:218
                    loss:1.163485, finished 40.19%.                             
[18:47:04] INFO     Rank: 0 - Epoch:24/60, Batch:7,     progress_callback.py:218
                    loss:1.129308, finished 40.22%.                             
[18:47:11] INFO     Rank: 0 - Epoch:24/60, Batch:8,     progress_callback.py:218
                    loss:1.016618, finished 40.26%.                             
[18:47:18] INFO     Rank: 0 - Epoch:24/60, Batch:9,     progress_callback.py:218
                    loss:1.335758, finished 40.29%.                             
[18:47:29] INFO     Rank: 0 - Epoch:24/60, Batch:10,    progress_callback.py:218
                    loss:0.948357, finished 40.32%.                             
[18:47:39] INFO     Rank: 0 - Epoch:24/60, Batch:11,    progress_callback.py:218
                    loss:1.222836, finished 40.35%.                             
[18:47:49] INFO     Rank: 0 - Epoch:24/60, Batch:12,    progress_callback.py:218
                    loss:1.406501, finished 40.38%.                             
[18:47:56] INFO     Rank: 0 - Contrastive loss is                 callback.py:66
                    0.6249909162521362, nll_loss is                             
                    0.5113638699054718                                          
[18:47:59] INFO     Rank: 0 - Epoch:24/60, Batch:13,    progress_callback.py:218
                    loss:1.035349, finished 40.42%.                             
[18:48:07] INFO     Rank: 0 - Epoch:24/60, Batch:14,    progress_callback.py:218
                    loss:1.320248, finished 40.45%.                             
[18:48:14] INFO     Rank: 0 - Epoch:24/60, Batch:15,    progress_callback.py:218
                    loss:1.361579, finished 40.48%.                             
[18:48:23] INFO     Rank: 0 - Epoch:24/60, Batch:16,    progress_callback.py:218
                    loss:1.341002, finished 40.51%.                             
[18:48:34] INFO     Rank: 0 - Epoch:24/60, Batch:17,    progress_callback.py:218
                    loss:0.943362, finished 40.54%.                             
[18:48:44] INFO     Rank: 0 - Epoch:24/60, Batch:18,    progress_callback.py:218
                    loss:1.020491, finished 40.58%.                             
[18:48:50] INFO     Rank: 0 - Epoch:24/60, Batch:19,    progress_callback.py:218
                    loss:1.312343, finished 40.61%.                             
[18:48:57] INFO     Rank: 0 - Epoch:24/60, Batch:20,    progress_callback.py:218
                    loss:1.314992, finished 40.64%.                             
[18:49:08] INFO     Rank: 0 - Epoch:24/60, Batch:21,    progress_callback.py:218
                    loss:1.029473, finished 40.67%.                             
[18:49:16] INFO     Rank: 0 - Epoch:24/60, Batch:22,    progress_callback.py:218
                    loss:1.067962, finished 40.71%.                             
[18:49:20] INFO     Rank: 0 - Contrastive loss is                 callback.py:66
                    0.6542490363121033, nll_loss is                             
                    0.5428910672664642                                          
[18:49:25] INFO     Rank: 0 - Epoch:24/60, Batch:23,    progress_callback.py:218
                    loss:1.25995, finished 40.74%.                              
[18:49:34] INFO     Rank: 0 - Epoch:24/60, Batch:24,    progress_callback.py:218
                    loss:1.469502, finished 40.77%.                             
[18:49:42] INFO     Rank: 0 - Epoch:24/60, Batch:25,    progress_callback.py:218
                    loss:1.053786, finished 40.8%.                              
[18:49:49] INFO     Rank: 0 - Epoch:24/60, Batch:26,    progress_callback.py:218
                    loss:1.273139, finished 40.83%.                             
[18:49:58] INFO     Rank: 0 - Epoch:24/60, Batch:27,    progress_callback.py:218
                    loss:1.35868, finished 40.87%.                              
[18:50:08] INFO     Rank: 0 - Epoch:24/60, Batch:28,    progress_callback.py:218
                    loss:1.010929, finished 40.9%.                              
[18:50:16] INFO     Rank: 0 - Epoch:24/60, Batch:29,    progress_callback.py:218
                    loss:1.083208, finished 40.93%.                             
[18:50:27] INFO     Rank: 0 - Epoch:24/60, Batch:30,    progress_callback.py:218
                    loss:1.149633, finished 40.96%.                             
[18:50:35] INFO     Rank: 0 - Epoch:24/60, Batch:31,    progress_callback.py:218
                    loss:1.409875, finished 40.99%.                             
[18:50:41] INFO     Rank: 0 - Epoch:24/60, Batch:32,    progress_callback.py:218
                    loss:1.398949, finished 41.03%.                             
           INFO     Rank: 0 -                                   evaluator.py:317
                    **********Evaluation starts**********                       
[18:50:54] INFO     Rank: 0 - **********Evaluation              evaluator.py:349
                    ends**********                                              
                                                                                
           INFO     Rank: 0 - ----------Eval. results   progress_callback.py:233
                    on Epoch:24, Batch:32----------                             
           INFO     Rank: 0 -                           progress_callback.py:238
                    {"torch_ngram#ngram-overlap":                               
                    0.4499188959598541}                                         
[18:50:59] INFO     Rank: 0 - Contrastive loss is                 callback.py:66
                    0.6724735140800476, nll_loss is                             
                    0.557743775844574                                           
[18:51:02] INFO     Rank: 0 - Epoch:24/60, Batch:33,    progress_callback.py:218
                    loss:1.094473, finished 41.06%.                             
[18:51:13] INFO     Rank: 0 - Epoch:24/60, Batch:34,    progress_callback.py:218
                    loss:1.270658, finished 41.09%.                             
[18:51:21] INFO     Rank: 0 - Epoch:24/60, Batch:35,    progress_callback.py:218
                    loss:1.149913, finished 41.12%.                             
[18:51:27] INFO     Rank: 0 - Epoch:24/60, Batch:36,    progress_callback.py:218
                    loss:0.947887, finished 41.15%.                             
[18:51:35] INFO     Rank: 0 - Epoch:24/60, Batch:37,    progress_callback.py:218
                    loss:1.228656, finished 41.19%.                             
[18:51:42] INFO     Rank: 0 - Epoch:24/60, Batch:38,    progress_callback.py:218
                    loss:1.331246, finished 41.22%.                             
[18:51:50] INFO     Rank: 0 - Epoch:24/60, Batch:39,    progress_callback.py:218
                    loss:1.240125, finished 41.25%.                             
[18:51:55] INFO     Rank: 0 - Epoch:24/60, Batch:40,    progress_callback.py:218
                    loss:1.245329, finished 41.28%.                             
[18:52:02] INFO     Rank: 0 - Epoch:24/60, Batch:41,    progress_callback.py:218
                    loss:1.123266, finished 41.31%.                             
[18:52:09] INFO     Rank: 0 - Epoch:24/60, Batch:42,    progress_callback.py:218
                    loss:1.133847, finished 41.35%.                             
[18:52:14] INFO     Rank: 0 - Contrastive loss is                 callback.py:66
                    0.6526313245296478, nll_loss is                             
                    0.541679584980011                                           
[18:52:20] INFO     Rank: 0 - Epoch:24/60, Batch:43,    progress_callback.py:218
                    loss:1.272182, finished 41.38%.                             
[18:52:28] INFO     Rank: 0 - Epoch:24/60, Batch:44,    progress_callback.py:218
                    loss:1.13031, finished 41.41%.                              
[18:52:36] INFO     Rank: 0 - Epoch:24/60, Batch:45,    progress_callback.py:218
                    loss:1.351681, finished 41.44%.                             
[18:52:44] INFO     Rank: 0 - Epoch:24/60, Batch:46,    progress_callback.py:218
                    loss:1.048907, finished 41.47%.                             
[18:52:52] INFO     Rank: 0 - Epoch:24/60, Batch:47,    progress_callback.py:218
                    loss:0.981993, finished 41.51%.                             
[18:52:59] INFO     Rank: 0 - Epoch:24/60, Batch:48,    progress_callback.py:218
                    loss:1.324887, finished 41.54%.                             
[18:53:10] INFO     Rank: 0 - Epoch:24/60, Batch:49,    progress_callback.py:218
                    loss:1.199146, finished 41.57%.                             
[18:53:17] INFO     Rank: 0 - Epoch:24/60, Batch:50,    progress_callback.py:218
                    loss:0.961427, finished 41.6%.                              
[18:53:26] INFO     Rank: 0 - Epoch:24/60, Batch:51,    progress_callback.py:218
                    loss:1.228374, finished 41.63%.                             
[18:53:32] INFO     Rank: 0 - Epoch:24/60, Batch:52,    progress_callback.py:218
                    loss:1.251408, finished 41.67%.                             
           INFO     Rank: 0 -                           progress_callback.py:204
                    **********Epoch:25 starts**********                         
[18:53:41] INFO     Rank: 0 - Contrastive loss is                 callback.py:66
                    0.6226204931735992, nll_loss is                             
                    0.5286238372325898                                          
           INFO     Rank: 0 - Epoch:25/60, Batch:1,     progress_callback.py:218
                    loss:1.034311, finished 41.7%.                              
[18:53:48] INFO     Rank: 0 - Epoch:25/60, Batch:2,     progress_callback.py:218
                    loss:1.25306, finished 41.73%.                              
[18:54:01] INFO     Rank: 0 - Epoch:25/60, Batch:3,     progress_callback.py:218
                    loss:1.470752, finished 41.76%.                             
[18:54:08] INFO     Rank: 0 - Epoch:25/60, Batch:4,     progress_callback.py:218
                    loss:1.207576, finished 41.79%.                             
[18:54:16] INFO     Rank: 0 - Epoch:25/60, Batch:5,     progress_callback.py:218
                    loss:1.311033, finished 41.83%.                             
[18:54:24] INFO     Rank: 0 - Epoch:25/60, Batch:6,     progress_callback.py:218
                    loss:0.917955, finished 41.86%.                             
[18:54:33] INFO     Rank: 0 - Epoch:25/60, Batch:7,     progress_callback.py:218
                    loss:1.184026, finished 41.89%.                             
[18:54:41] INFO     Rank: 0 - Epoch:25/60, Batch:8,     progress_callback.py:218
                    loss:1.11834, finished 41.92%.                              
[18:54:49] INFO     Rank: 0 - Epoch:25/60, Batch:9,     progress_callback.py:218
                    loss:0.992887, finished 41.96%.                             
[18:54:57] INFO     Rank: 0 - Epoch:25/60, Batch:10,    progress_callback.py:218
                    loss:1.572571, finished 41.99%.                             
[18:55:04] INFO     Rank: 0 - Contrastive loss is                 callback.py:66
                    0.6470740884542465, nll_loss is                             
                    0.5553826183080673                                          
[18:55:05] INFO     Rank: 0 - Epoch:25/60, Batch:11,    progress_callback.py:218
                    loss:0.996369, finished 42.02%.                             
[18:55:15] INFO     Rank: 0 - Epoch:25/60, Batch:12,    progress_callback.py:218
                    loss:1.030757, finished 42.05%.                             
[18:55:22] INFO     Rank: 0 - Epoch:25/60, Batch:13,    progress_callback.py:218
                    loss:1.478645, finished 42.08%.                             
[18:55:28] INFO     Rank: 0 - Epoch:25/60, Batch:14,    progress_callback.py:218
                    loss:1.3738, finished 42.12%.                               
[18:55:35] INFO     Rank: 0 - Epoch:25/60, Batch:15,    progress_callback.py:218
                    loss:1.285956, finished 42.15%.                             
[18:55:41] INFO     Rank: 0 - Epoch:25/60, Batch:16,    progress_callback.py:218
                    loss:1.086419, finished 42.18%.                             
[18:55:50] INFO     Rank: 0 - Epoch:25/60, Batch:17,    progress_callback.py:218
                    loss:1.040396, finished 42.21%.                             
[18:55:58] INFO     Rank: 0 - Epoch:25/60, Batch:18,    progress_callback.py:218
                    loss:1.376589, finished 42.24%.                             
[18:56:04] INFO     Rank: 0 - Epoch:25/60, Batch:19,    progress_callback.py:218
                    loss:1.143402, finished 42.28%.                             
[18:56:13] INFO     Rank: 0 - Epoch:25/60, Batch:20,    progress_callback.py:218
                    loss:1.150351, finished 42.31%.                             
           INFO     Rank: 0 -                                   evaluator.py:317
                    **********Evaluation starts**********                       
[18:56:26] INFO     Rank: 0 - **********Evaluation              evaluator.py:349
                    ends**********                                              
                                                                                
           INFO     Rank: 0 - ----------Eval. results   progress_callback.py:233
                    on Epoch:25, Batch:20----------                             
           INFO     Rank: 0 -                           progress_callback.py:238
                    {"torch_ngram#ngram-overlap":                               
                    0.4507181644439697}                                         
[18:56:31] INFO     Rank: 0 - Contrastive loss is                 callback.py:66
                    0.6504426658153534, nll_loss is                             
                    0.5645757615566254                                          
[18:56:35] INFO     Rank: 0 - Epoch:25/60, Batch:21,    progress_callback.py:218
                    loss:1.183867, finished 42.34%.                             
[18:56:44] INFO     Rank: 0 - Epoch:25/60, Batch:22,    progress_callback.py:218
                    loss:1.305276, finished 42.37%.                             
[18:56:53] INFO     Rank: 0 - Epoch:25/60, Batch:23,    progress_callback.py:218
                    loss:0.987073, finished 42.4%.                              
[18:57:02] INFO     Rank: 0 - Epoch:25/60, Batch:24,    progress_callback.py:218
                    loss:1.092913, finished 42.44%.                             
[18:57:10] INFO     Rank: 0 - Epoch:25/60, Batch:25,    progress_callback.py:218
                    loss:1.175317, finished 42.47%.                             
[18:57:17] INFO     Rank: 0 - Epoch:25/60, Batch:26,    progress_callback.py:218
                    loss:1.301122, finished 42.5%.                              
[18:57:23] INFO     Rank: 0 - Epoch:25/60, Batch:27,    progress_callback.py:218
                    loss:1.251798, finished 42.53%.                             
[18:57:31] INFO     Rank: 0 - Epoch:25/60, Batch:28,    progress_callback.py:218
                    loss:1.158119, finished 42.56%.                             
[18:57:38] INFO     Rank: 0 - Epoch:25/60, Batch:29,    progress_callback.py:218
                    loss:1.194854, finished 42.6%.                              
[18:57:48] INFO     Rank: 0 - Epoch:25/60, Batch:30,    progress_callback.py:218
                    loss:1.142149, finished 42.63%.                             
[18:57:53] INFO     Rank: 0 - Contrastive loss is                 callback.py:66
                    0.646293431520462, nll_loss is                              
                    0.5455532073974609                                          
[18:57:59] INFO     Rank: 0 - Epoch:25/60, Batch:31,    progress_callback.py:218
                    loss:1.309845, finished 42.66%.                             
[18:58:07] INFO     Rank: 0 - Epoch:25/60, Batch:32,    progress_callback.py:218
                    loss:1.249887, finished 42.69%.                             
[18:58:14] INFO     Rank: 0 - Epoch:25/60, Batch:33,    progress_callback.py:218
                    loss:1.277224, finished 42.72%.                             
[18:58:22] INFO     Rank: 0 - Epoch:25/60, Batch:34,    progress_callback.py:218
                    loss:1.205196, finished 42.76%.                             
[18:58:29] INFO     Rank: 0 - Epoch:25/60, Batch:35,    progress_callback.py:218
                    loss:1.101205, finished 42.79%.                             
[18:58:38] INFO     Rank: 0 - Epoch:25/60, Batch:36,    progress_callback.py:218
                    loss:1.237636, finished 42.82%.                             
[18:58:44] INFO     Rank: 0 - Epoch:25/60, Batch:37,    progress_callback.py:218
                    loss:1.220183, finished 42.85%.                             
[18:58:50] INFO     Rank: 0 - Epoch:25/60, Batch:38,    progress_callback.py:218
                    loss:1.167601, finished 42.88%.                             
[18:58:58] INFO     Rank: 0 - Epoch:25/60, Batch:39,    progress_callback.py:218
                    loss:1.268871, finished 42.92%.                             
[18:59:05] INFO     Rank: 0 - Epoch:25/60, Batch:40,    progress_callback.py:218
                    loss:1.163193, finished 42.95%.                             
[18:59:11] INFO     Rank: 0 - Contrastive loss is                 callback.py:66
                    0.6651288151741028, nll_loss is                             
                    0.5544557809829712                                          
[18:59:14] INFO     Rank: 0 - Epoch:25/60, Batch:41,    progress_callback.py:218
                    loss:1.304848, finished 42.98%.                             
[18:59:21] INFO     Rank: 0 - Epoch:25/60, Batch:42,    progress_callback.py:218
                    loss:1.026677, finished 43.01%.                             
[18:59:29] INFO     Rank: 0 - Epoch:25/60, Batch:43,    progress_callback.py:218
                    loss:1.210285, finished 43.04%.                             
[18:59:36] INFO     Rank: 0 - Epoch:25/60, Batch:44,    progress_callback.py:218
                    loss:1.193773, finished 43.08%.                             
[18:59:44] INFO     Rank: 0 - Epoch:25/60, Batch:45,    progress_callback.py:218
                    loss:1.167304, finished 43.11%.                             
[18:59:52] INFO     Rank: 0 - Epoch:25/60, Batch:46,    progress_callback.py:218
                    loss:1.209851, finished 43.14%.                             
[19:00:01] INFO     Rank: 0 - Epoch:25/60, Batch:47,    progress_callback.py:218
                    loss:1.538512, finished 43.17%.                             
[19:00:08] INFO     Rank: 0 - Epoch:25/60, Batch:48,    progress_callback.py:218
                    loss:1.14651, finished 43.21%.                              
[19:00:16] INFO     Rank: 0 - Epoch:25/60, Batch:49,    progress_callback.py:218
                    loss:1.275159, finished 43.24%.                             
[19:00:24] INFO     Rank: 0 - Epoch:25/60, Batch:50,    progress_callback.py:218
                    loss:1.146442, finished 43.27%.                             
[19:00:31] INFO     Rank: 0 - Contrastive loss is                 callback.py:66
                    0.663609778881073, nll_loss is                              
                    0.529543936252594                                           
[19:00:32] INFO     Rank: 0 - Epoch:25/60, Batch:51,    progress_callback.py:218
                    loss:1.017024, finished 43.3%.                              
[19:00:39] INFO     Rank: 0 - Epoch:25/60, Batch:52,    progress_callback.py:218
                    loss:1.206797, finished 43.33%.                             
           INFO     Rank: 0 -                           progress_callback.py:204
                    **********Epoch:26 starts**********                         
[19:00:47] INFO     Rank: 0 - Epoch:26/60, Batch:1,     progress_callback.py:218
                    loss:1.335117, finished 43.37%.                             
[19:00:55] INFO     Rank: 0 - Epoch:26/60, Batch:2,     progress_callback.py:218
                    loss:1.316805, finished 43.4%.                              
[19:01:03] INFO     Rank: 0 - Epoch:26/60, Batch:3,     progress_callback.py:218
                    loss:1.034352, finished 43.43%.                             
[19:01:09] INFO     Rank: 0 - Epoch:26/60, Batch:4,     progress_callback.py:218
                    loss:1.175097, finished 43.46%.                             
[19:01:17] INFO     Rank: 0 - Epoch:26/60, Batch:5,     progress_callback.py:218
                    loss:1.2134, finished 43.49%.                               
[19:01:24] INFO     Rank: 0 - Epoch:26/60, Batch:6,     progress_callback.py:218
                    loss:1.198239, finished 43.53%.                             
[19:01:32] INFO     Rank: 0 - Epoch:26/60, Batch:7,     progress_callback.py:218
                    loss:1.287013, finished 43.56%.                             
[19:01:44] INFO     Rank: 0 - Epoch:26/60, Batch:8,     progress_callback.py:218
                    loss:1.532102, finished 43.59%.                             
           INFO     Rank: 0 -                                   evaluator.py:317
                    **********Evaluation starts**********                       
[19:01:58] INFO     Rank: 0 - **********Evaluation              evaluator.py:349
                    ends**********                                              
                                                                                
           INFO     Rank: 0 - ----------Eval. results   progress_callback.py:233
                    on Epoch:26, Batch:8----------                              
           INFO     Rank: 0 -                           progress_callback.py:238
                    {"torch_ngram#ngram-overlap":                               
                    0.45191892981529236}                                        
[19:02:04] INFO     Rank: 0 - Contrastive loss is                 callback.py:66
                    0.6703526377677917, nll_loss is                             
                    0.5677977681159974                                          
[19:02:09] INFO     Rank: 0 - Epoch:26/60, Batch:9,     progress_callback.py:218
                    loss:1.08258, finished 43.62%.                              
[19:02:18] INFO     Rank: 0 - Epoch:26/60, Batch:10,    progress_callback.py:218
                    loss:1.207318, finished 43.65%.                             
[19:02:25] INFO     Rank: 0 - Epoch:26/60, Batch:11,    progress_callback.py:218
                    loss:1.023346, finished 43.69%.                             
[19:02:35] INFO     Rank: 0 - Epoch:26/60, Batch:12,    progress_callback.py:218
                    loss:1.046327, finished 43.72%.                             
[19:02:42] INFO     Rank: 0 - Epoch:26/60, Batch:13,    progress_callback.py:218
                    loss:1.247293, finished 43.75%.                             
[19:02:48] INFO     Rank: 0 - Epoch:26/60, Batch:14,    progress_callback.py:218
                    loss:1.274134, finished 43.78%.                             
[19:02:57] INFO     Rank: 0 - Epoch:26/60, Batch:15,    progress_callback.py:218
                    loss:1.148052, finished 43.81%.                             
[19:03:03] INFO     Rank: 0 - Epoch:26/60, Batch:16,    progress_callback.py:218
                    loss:1.053853, finished 43.85%.                             
[19:03:13] INFO     Rank: 0 - Epoch:26/60, Batch:17,    progress_callback.py:218
                    loss:1.242662, finished 43.88%.                             
[19:03:21] INFO     Rank: 0 - Epoch:26/60, Batch:18,    progress_callback.py:218
                    loss:1.121933, finished 43.91%.                             
[19:03:26] INFO     Rank: 0 - Contrastive loss is                 callback.py:66
                    0.616872102022171, nll_loss is                              
                    0.5458071768283844                                          
[19:03:29] INFO     Rank: 0 - Epoch:26/60, Batch:19,    progress_callback.py:218
                    loss:1.261874, finished 43.94%.                             
[19:03:37] INFO     Rank: 0 - Epoch:26/60, Batch:20,    progress_callback.py:218
                    loss:0.952296, finished 43.97%.                             
[19:03:45] INFO     Rank: 0 - Epoch:26/60, Batch:21,    progress_callback.py:218
                    loss:1.321262, finished 44.01%.                             
[19:03:55] INFO     Rank: 0 - Epoch:26/60, Batch:22,    progress_callback.py:218
                    loss:1.379447, finished 44.04%.                             
[19:04:02] INFO     Rank: 0 - Epoch:26/60, Batch:23,    progress_callback.py:218
                    loss:1.092605, finished 44.07%.                             
[19:04:10] INFO     Rank: 0 - Epoch:26/60, Batch:24,    progress_callback.py:218
                    loss:1.505975, finished 44.1%.                              
[19:04:18] INFO     Rank: 0 - Epoch:26/60, Batch:25,    progress_callback.py:218
                    loss:1.453328, finished 44.13%.                             
[19:04:25] INFO     Rank: 0 - Epoch:26/60, Batch:26,    progress_callback.py:218
                    loss:1.218236, finished 44.17%.                             
[19:04:34] INFO     Rank: 0 - Epoch:26/60, Batch:27,    progress_callback.py:218
                    loss:1.181484, finished 44.2%.                              
[19:04:41] INFO     Rank: 0 - Epoch:26/60, Batch:28,    progress_callback.py:218
                    loss:1.437596, finished 44.23%.                             
[19:04:48] INFO     Rank: 0 - Contrastive loss is                 callback.py:66
                    0.6844713747501373, nll_loss is                             
                    0.5728674232959747                                          
           INFO     Rank: 0 - Epoch:26/60, Batch:29,    progress_callback.py:218
                    loss:1.031159, finished 44.26%.                             
[19:04:56] INFO     Rank: 0 - Epoch:26/60, Batch:30,    progress_callback.py:218
                    loss:1.268124, finished 44.29%.                             
[19:05:03] INFO     Rank: 0 - Epoch:26/60, Batch:31,    progress_callback.py:218
                    loss:1.053256, finished 44.33%.                             
[19:05:12] INFO     Rank: 0 - Epoch:26/60, Batch:32,    progress_callback.py:218
                    loss:1.146021, finished 44.36%.                             
[19:05:20] INFO     Rank: 0 - Epoch:26/60, Batch:33,    progress_callback.py:218
                    loss:1.284746, finished 44.39%.                             
[19:05:30] INFO     Rank: 0 - Epoch:26/60, Batch:34,    progress_callback.py:218
                    loss:1.263781, finished 44.42%.                             
[19:05:39] INFO     Rank: 0 - Epoch:26/60, Batch:35,    progress_callback.py:218
                    loss:1.455079, finished 44.46%.                             
[19:05:47] INFO     Rank: 0 - Epoch:26/60, Batch:36,    progress_callback.py:218
                    loss:1.153622, finished 44.49%.                             
[19:05:55] INFO     Rank: 0 - Epoch:26/60, Batch:37,    progress_callback.py:218
                    loss:1.300021, finished 44.52%.                             
[19:06:02] INFO     Rank: 0 - Epoch:26/60, Batch:38,    progress_callback.py:218
                    loss:1.313069, finished 44.55%.                             
[19:06:08] INFO     Rank: 0 - Contrastive loss is                 callback.py:66
                    0.7022850632667541, nll_loss is                             
                    0.5420729517936707                                          
[19:06:11] INFO     Rank: 0 - Epoch:26/60, Batch:39,    progress_callback.py:218
                    loss:1.205862, finished 44.58%.                             
[19:06:19] INFO     Rank: 0 - Epoch:26/60, Batch:40,    progress_callback.py:218
                    loss:1.416239, finished 44.62%.                             
[19:06:27] INFO     Rank: 0 - Epoch:26/60, Batch:41,    progress_callback.py:218
                    loss:1.269473, finished 44.65%.                             
[19:06:35] INFO     Rank: 0 - Epoch:26/60, Batch:42,    progress_callback.py:218
                    loss:1.122107, finished 44.68%.                             
[19:06:40] INFO     Rank: 0 - Epoch:26/60, Batch:43,    progress_callback.py:218
                    loss:1.224892, finished 44.71%.                             
[19:06:47] INFO     Rank: 0 - Epoch:26/60, Batch:44,    progress_callback.py:218
                    loss:1.16296, finished 44.74%.                              
[19:06:54] INFO     Rank: 0 - Epoch:26/60, Batch:45,    progress_callback.py:218
                    loss:1.3662, finished 44.78%.                               
[19:07:00] INFO     Rank: 0 - Epoch:26/60, Batch:46,    progress_callback.py:218
                    loss:1.325954, finished 44.81%.                             
[19:07:07] INFO     Rank: 0 - Epoch:26/60, Batch:47,    progress_callback.py:218
                    loss:1.059464, finished 44.84%.                             
[19:07:15] INFO     Rank: 0 - Epoch:26/60, Batch:48,    progress_callback.py:218
                    loss:1.02235, finished 44.87%.                              
           INFO     Rank: 0 -                                   evaluator.py:317
                    **********Evaluation starts**********                       
[19:07:28] INFO     Rank: 0 - **********Evaluation              evaluator.py:349
                    ends**********                                              
                                                                                
           INFO     Rank: 0 - ----------Eval. results   progress_callback.py:233
                    on Epoch:26, Batch:48----------                             
           INFO     Rank: 0 -                           progress_callback.py:238
                    {"torch_ngram#ngram-overlap":                               
                    0.4527910351753235}                                         
 ============= save model at results/2023-03-29-15_17_50_221845/epoch-26_step-1400.pt ============= 
save hyperparams in  results/2023-03-29-15_17_50_221845/hyperparams.txt
[19:07:37] INFO     Rank: 0 - Contrastive loss is                 callback.py:66
                    0.6741574764251709, nll_loss is                             
                    0.5686355233192444                                          
[19:07:38] INFO     Rank: 0 - Epoch:26/60, Batch:49,    progress_callback.py:218
                    loss:1.458291, finished 44.9%.                              
[19:07:48] INFO     Rank: 0 - Epoch:26/60, Batch:50,    progress_callback.py:218
                    loss:1.302806, finished 44.94%.                             
[19:07:54] INFO     Rank: 0 - Epoch:26/60, Batch:51,    progress_callback.py:218
                    loss:1.229751, finished 44.97%.                             
[19:08:00] INFO     Rank: 0 - Epoch:26/60, Batch:52,    progress_callback.py:218
                    loss:1.29246, finished 45.0%.                               
           INFO     Rank: 0 -                           progress_callback.py:204
                    **********Epoch:27 starts**********                         
[19:08:08] INFO     Rank: 0 - Epoch:27/60, Batch:1,     progress_callback.py:218
                    loss:1.411018, finished 45.03%.                             
[19:08:15] INFO     Rank: 0 - Epoch:27/60, Batch:2,     progress_callback.py:218
                    loss:1.209257, finished 45.06%.                             
[19:08:22] INFO     Rank: 0 - Epoch:27/60, Batch:3,     progress_callback.py:218
                    loss:1.475188, finished 45.1%.                              
[19:08:31] INFO     Rank: 0 - Epoch:27/60, Batch:4,     progress_callback.py:218
                    loss:1.148968, finished 45.13%.                             
[19:08:41] INFO     Rank: 0 - Epoch:27/60, Batch:5,     progress_callback.py:218
                    loss:1.3729, finished 45.16%.                               
[19:08:50] INFO     Rank: 0 - Epoch:27/60, Batch:6,     progress_callback.py:218
                    loss:1.199406, finished 45.19%.                             
[19:08:56] INFO     Rank: 0 - Contrastive loss is                 callback.py:66
                    0.7080111801624298, nll_loss is                             
                    0.5712872326374054                                          
[19:08:57] INFO     Rank: 0 - Epoch:27/60, Batch:7,     progress_callback.py:218
                    loss:1.151229, finished 45.22%.                             
[19:09:10] INFO     Rank: 0 - Epoch:27/60, Batch:8,     progress_callback.py:218
                    loss:1.279844, finished 45.26%.                             
[19:09:19] INFO     Rank: 0 - Epoch:27/60, Batch:9,     progress_callback.py:218
                    loss:1.421708, finished 45.29%.                             
[19:09:27] INFO     Rank: 0 - Epoch:27/60, Batch:10,    progress_callback.py:218
                    loss:1.338782, finished 45.32%.                             
[19:09:37] INFO     Rank: 0 - Epoch:27/60, Batch:11,    progress_callback.py:218
                    loss:1.360276, finished 45.35%.                             
[19:09:43] INFO     Rank: 0 - Epoch:27/60, Batch:12,    progress_callback.py:218
                    loss:1.154287, finished 45.38%.                             
[19:09:50] INFO     Rank: 0 - Epoch:27/60, Batch:13,    progress_callback.py:218
                    loss:0.954086, finished 45.42%.                             
[19:09:56] INFO     Rank: 0 - Epoch:27/60, Batch:14,    progress_callback.py:218
                    loss:1.555489, finished 45.45%.                             
[19:10:02] INFO     Rank: 0 - Epoch:27/60, Batch:15,    progress_callback.py:218
                    loss:1.140845, finished 45.48%.                             
[19:10:09] INFO     Rank: 0 - Epoch:27/60, Batch:16,    progress_callback.py:218
                    loss:0.996407, finished 45.51%.                             
[19:10:14] INFO     Rank: 0 - Contrastive loss is                 callback.py:66
                    0.6806160748004914, nll_loss is                             
                    0.5454144656658173                                          
[19:10:17] INFO     Rank: 0 - Epoch:27/60, Batch:17,    progress_callback.py:218
                    loss:1.058582, finished 45.54%.                             
[19:10:24] INFO     Rank: 0 - Epoch:27/60, Batch:18,    progress_callback.py:218
                    loss:1.233397, finished 45.58%.                             
[19:10:36] INFO     Rank: 0 - Epoch:27/60, Batch:19,    progress_callback.py:218
                    loss:1.246164, finished 45.61%.                             
[19:10:42] INFO     Rank: 0 - Epoch:27/60, Batch:20,    progress_callback.py:218
                    loss:1.201016, finished 45.64%.                             
[19:10:50] INFO     Rank: 0 - Epoch:27/60, Batch:21,    progress_callback.py:218
                    loss:1.400911, finished 45.67%.                             
[19:11:01] INFO     Rank: 0 - Epoch:27/60, Batch:22,    progress_callback.py:218
                    loss:1.054525, finished 45.71%.                             
[19:11:07] INFO     Rank: 0 - Epoch:27/60, Batch:23,    progress_callback.py:218
                    loss:1.40164, finished 45.74%.                              
[19:11:16] INFO     Rank: 0 - Epoch:27/60, Batch:24,    progress_callback.py:218
                    loss:1.298608, finished 45.77%.                             
[19:11:23] INFO     Rank: 0 - Epoch:27/60, Batch:25,    progress_callback.py:218
                    loss:1.041649, finished 45.8%.                              
[19:11:31] INFO     Rank: 0 - Epoch:27/60, Batch:26,    progress_callback.py:218
                    loss:0.922611, finished 45.83%.                             
[19:11:37] INFO     Rank: 0 - Contrastive loss is                 callback.py:66
                    0.6508435904979706, nll_loss is                             
                    0.5557294666767121                                          
[19:11:40] INFO     Rank: 0 - Epoch:27/60, Batch:27,    progress_callback.py:218
                    loss:1.26521, finished 45.87%.                              
[19:11:49] INFO     Rank: 0 - Epoch:27/60, Batch:28,    progress_callback.py:218
                    loss:1.232143, finished 45.9%.                              
[19:11:54] INFO     Rank: 0 - Epoch:27/60, Batch:29,    progress_callback.py:218
                    loss:1.057055, finished 45.93%.                             
[19:12:06] INFO     Rank: 0 - Epoch:27/60, Batch:30,    progress_callback.py:218
                    loss:1.085591, finished 45.96%.                             
[19:12:13] INFO     Rank: 0 - Epoch:27/60, Batch:31,    progress_callback.py:218
                    loss:1.047617, finished 45.99%.                             
[19:12:21] INFO     Rank: 0 - Epoch:27/60, Batch:32,    progress_callback.py:218
                    loss:1.230943, finished 46.03%.                             
[19:12:30] INFO     Rank: 0 - Epoch:27/60, Batch:33,    progress_callback.py:218
                    loss:1.284651, finished 46.06%.                             
[19:12:38] INFO     Rank: 0 - Epoch:27/60, Batch:34,    progress_callback.py:218
                    loss:1.132492, finished 46.09%.                             
[19:12:49] INFO     Rank: 0 - Epoch:27/60, Batch:35,    progress_callback.py:218
                    loss:1.378665, finished 46.12%.                             
[19:12:57] INFO     Rank: 0 - Epoch:27/60, Batch:36,    progress_callback.py:218
                    loss:1.133555, finished 46.15%.                             
           INFO     Rank: 0 -                                   evaluator.py:317
                    **********Evaluation starts**********                       
[19:13:10] INFO     Rank: 0 - **********Evaluation              evaluator.py:349
                    ends**********                                              
                                                                                
           INFO     Rank: 0 - ----------Eval. results   progress_callback.py:233
                    on Epoch:27, Batch:36----------                             
           INFO     Rank: 0 -                           progress_callback.py:238
                    {"torch_ngram#ngram-overlap":                               
                    0.4530094563961029}                                         
 ============= save model at results/2023-03-29-15_17_50_221845/epoch-27_step-1440.pt ============= 
save hyperparams in  results/2023-03-29-15_17_50_221845/hyperparams.txt
[19:13:20] INFO     Rank: 0 - Contrastive loss is                 callback.py:66
                    0.6497715055942536, nll_loss is                             
                    0.5209956586360931                                          
           INFO     Rank: 0 - Epoch:27/60, Batch:37,    progress_callback.py:218
                    loss:1.12496, finished 46.19%.                              
[19:13:28] INFO     Rank: 0 - Epoch:27/60, Batch:38,    progress_callback.py:218
                    loss:1.266438, finished 46.22%.                             
[19:13:35] INFO     Rank: 0 - Epoch:27/60, Batch:39,    progress_callback.py:218
                    loss:1.135586, finished 46.25%.                             
[19:13:48] INFO     Rank: 0 - Epoch:27/60, Batch:40,    progress_callback.py:218
                    loss:1.280032, finished 46.28%.                             
[19:13:57] INFO     Rank: 0 - Epoch:27/60, Batch:41,    progress_callback.py:218
                    loss:1.148626, finished 46.31%.                             
[19:14:04] INFO     Rank: 0 - Epoch:27/60, Batch:42,    progress_callback.py:218
                    loss:1.31146, finished 46.35%.                              
[19:14:12] INFO     Rank: 0 - Epoch:27/60, Batch:43,    progress_callback.py:218
                    loss:1.050687, finished 46.38%.                             
[19:14:20] INFO     Rank: 0 - Epoch:27/60, Batch:44,    progress_callback.py:218
                    loss:1.141382, finished 46.41%.                             
[19:14:28] INFO     Rank: 0 - Epoch:27/60, Batch:45,    progress_callback.py:218
                    loss:0.880835, finished 46.44%.                             
[19:14:35] INFO     Rank: 0 - Epoch:27/60, Batch:46,    progress_callback.py:218
                    loss:1.199381, finished 46.47%.                             
[19:14:40] INFO     Rank: 0 - Contrastive loss is                 callback.py:66
                    0.6169193685054779, nll_loss is                             
                    0.5440424621105194                                          
[19:14:42] INFO     Rank: 0 - Epoch:27/60, Batch:47,    progress_callback.py:218
                    loss:1.195192, finished 46.51%.                             
[19:14:50] INFO     Rank: 0 - Epoch:27/60, Batch:48,    progress_callback.py:218
                    loss:1.037482, finished 46.54%.                             
[19:14:59] INFO     Rank: 0 - Epoch:27/60, Batch:49,    progress_callback.py:218
                    loss:1.110359, finished 46.57%.                             
[19:15:07] INFO     Rank: 0 - Epoch:27/60, Batch:50,    progress_callback.py:218
                    loss:1.348684, finished 46.6%.                              
[19:15:13] INFO     Rank: 0 - Epoch:27/60, Batch:51,    progress_callback.py:218
                    loss:1.170983, finished 46.63%.                             
[19:15:21] INFO     Rank: 0 - Epoch:27/60, Batch:52,    progress_callback.py:218
                    loss:1.093993, finished 46.67%.                             
           INFO     Rank: 0 -                           progress_callback.py:204
                    **********Epoch:28 starts**********                         
[19:15:27] INFO     Rank: 0 - Epoch:28/60, Batch:1,     progress_callback.py:218
                    loss:1.426157, finished 46.7%.                              
[19:15:41] INFO     Rank: 0 - Epoch:28/60, Batch:2,     progress_callback.py:218
                    loss:0.861723, finished 46.73%.                             
[19:15:51] INFO     Rank: 0 - Epoch:28/60, Batch:3,     progress_callback.py:218
                    loss:1.25251, finished 46.76%.                              
[19:15:58] INFO     Rank: 0 - Epoch:28/60, Batch:4,     progress_callback.py:218
                    loss:1.31024, finished 46.79%.                              
[19:16:04] INFO     Rank: 0 - Contrastive loss is                 callback.py:66
                    0.6865785032510757, nll_loss is                             
                    0.5046614497900009                                          
           INFO     Rank: 0 - Epoch:28/60, Batch:5,     progress_callback.py:218
                    loss:1.300268, finished 46.83%.                             
[19:16:11] INFO     Rank: 0 - Epoch:28/60, Batch:6,     progress_callback.py:218
                    loss:1.263469, finished 46.86%.                             
[19:16:19] INFO     Rank: 0 - Epoch:28/60, Batch:7,     progress_callback.py:218
                    loss:1.238205, finished 46.89%.                             
[19:16:26] INFO     Rank: 0 - Epoch:28/60, Batch:8,     progress_callback.py:218
                    loss:1.129071, finished 46.92%.                             
[19:16:34] INFO     Rank: 0 - Epoch:28/60, Batch:9,     progress_callback.py:218
                    loss:1.113078, finished 46.96%.                             
[19:16:42] INFO     Rank: 0 - Epoch:28/60, Batch:10,    progress_callback.py:218
                    loss:1.405948, finished 46.99%.                             
[19:16:47] INFO     Rank: 0 - Epoch:28/60, Batch:11,    progress_callback.py:218
                    loss:1.143196, finished 47.02%.                             
[19:16:56] INFO     Rank: 0 - Epoch:28/60, Batch:12,    progress_callback.py:218
                    loss:1.064365, finished 47.05%.                             
[19:17:03] INFO     Rank: 0 - Epoch:28/60, Batch:13,    progress_callback.py:218
                    loss:1.092939, finished 47.08%.                             
[19:17:11] INFO     Rank: 0 - Epoch:28/60, Batch:14,    progress_callback.py:218
                    loss:1.065122, finished 47.12%.                             
[19:17:18] INFO     Rank: 0 - Contrastive loss is                 callback.py:66
                    0.6452218174934388, nll_loss is                             
                    0.5349828004837036                                          
[19:17:19] INFO     Rank: 0 - Epoch:28/60, Batch:15,    progress_callback.py:218
                    loss:1.286653, finished 47.15%.                             
[19:17:28] INFO     Rank: 0 - Epoch:28/60, Batch:16,    progress_callback.py:218
                    loss:1.102869, finished 47.18%.                             
[19:17:35] INFO     Rank: 0 - Epoch:28/60, Batch:17,    progress_callback.py:218
                    loss:0.994569, finished 47.21%.                             
[19:17:44] INFO     Rank: 0 - Epoch:28/60, Batch:18,    progress_callback.py:218
                    loss:1.380707, finished 47.24%.                             
[19:17:51] INFO     Rank: 0 - Epoch:28/60, Batch:19,    progress_callback.py:218
                    loss:1.278687, finished 47.28%.                             
[19:17:58] INFO     Rank: 0 - Epoch:28/60, Batch:20,    progress_callback.py:218
                    loss:1.208477, finished 47.31%.                             
[19:18:04] INFO     Rank: 0 - Epoch:28/60, Batch:21,    progress_callback.py:218
                    loss:1.183942, finished 47.34%.                             
[19:18:12] INFO     Rank: 0 - Epoch:28/60, Batch:22,    progress_callback.py:218
                    loss:1.433298, finished 47.37%.                             
[19:18:21] INFO     Rank: 0 - Epoch:28/60, Batch:23,    progress_callback.py:218
                    loss:1.313533, finished 47.4%.                              
[19:18:29] INFO     Rank: 0 - Epoch:28/60, Batch:24,    progress_callback.py:218
                    loss:1.089467, finished 47.44%.                             
           INFO     Rank: 0 -                                   evaluator.py:317
                    **********Evaluation starts**********                       
[19:18:41] INFO     Rank: 0 - **********Evaluation              evaluator.py:349
                    ends**********                                              
                                                                                
           INFO     Rank: 0 - ----------Eval. results   progress_callback.py:233
                    on Epoch:28, Batch:24----------                             
           INFO     Rank: 0 -                           progress_callback.py:238
                    {"torch_ngram#ngram-overlap":                               
                    0.45199742913246155}                                        
[19:18:46] INFO     Rank: 0 - Contrastive loss is                 callback.py:66
                    0.681307977437973, nll_loss is                              
                    0.5461379587650299                                          
[19:18:49] INFO     Rank: 0 - Epoch:28/60, Batch:25,    progress_callback.py:218
                    loss:1.288912, finished 47.47%.                             
[19:18:59] INFO     Rank: 0 - Epoch:28/60, Batch:26,    progress_callback.py:218
                    loss:0.998547, finished 47.5%.                              
[19:19:10] INFO     Rank: 0 - Epoch:28/60, Batch:27,    progress_callback.py:218
                    loss:1.139636, finished 47.53%.                             
[19:19:19] INFO     Rank: 0 - Epoch:28/60, Batch:28,    progress_callback.py:218
                    loss:1.23082, finished 47.56%.                              
[19:19:26] INFO     Rank: 0 - Epoch:28/60, Batch:29,    progress_callback.py:218
                    loss:1.117997, finished 47.6%.                              
[19:19:36] INFO     Rank: 0 - Epoch:28/60, Batch:30,    progress_callback.py:218
                    loss:1.271056, finished 47.63%.                             
[19:19:47] INFO     Rank: 0 - Epoch:28/60, Batch:31,    progress_callback.py:218
                    loss:1.226318, finished 47.66%.                             
[19:19:56] INFO     Rank: 0 - Epoch:28/60, Batch:32,    progress_callback.py:218
                    loss:1.054012, finished 47.69%.                             
[19:20:06] INFO     Rank: 0 - Epoch:28/60, Batch:33,    progress_callback.py:218
                    loss:1.269114, finished 47.72%.                             
[19:20:13] INFO     Rank: 0 - Epoch:28/60, Batch:34,    progress_callback.py:218
                    loss:1.233008, finished 47.76%.                             
[19:20:18] INFO     Rank: 0 - Contrastive loss is                 callback.py:66
                    0.6386682569980622, nll_loss is                             
                    0.5306459605693817                                          
[19:20:19] INFO     Rank: 0 - Epoch:28/60, Batch:35,    progress_callback.py:218
                    loss:1.152635, finished 47.79%.                             
[19:20:25] INFO     Rank: 0 - Epoch:28/60, Batch:36,    progress_callback.py:218
                    loss:1.218388, finished 47.82%.                             
[19:20:34] INFO     Rank: 0 - Epoch:28/60, Batch:37,    progress_callback.py:218
                    loss:1.1676, finished 47.85%.                               
[19:20:44] INFO     Rank: 0 - Epoch:28/60, Batch:38,    progress_callback.py:218
                    loss:1.412028, finished 47.88%.                             
[19:20:55] INFO     Rank: 0 - Epoch:28/60, Batch:39,    progress_callback.py:218
                    loss:1.294575, finished 47.92%.                             
[19:21:06] INFO     Rank: 0 - Epoch:28/60, Batch:40,    progress_callback.py:218
                    loss:1.360285, finished 47.95%.                             
[19:21:17] INFO     Rank: 0 - Epoch:28/60, Batch:41,    progress_callback.py:218
                    loss:0.995998, finished 47.98%.                             
[19:21:28] INFO     Rank: 0 - Epoch:28/60, Batch:42,    progress_callback.py:218
                    loss:1.029573, finished 48.01%.                             
[19:21:39] INFO     Rank: 0 - Epoch:28/60, Batch:43,    progress_callback.py:218
                    loss:1.061331, finished 48.04%.                             
[19:21:47] INFO     Rank: 0 - Epoch:28/60, Batch:44,    progress_callback.py:218
                    loss:1.16737, finished 48.08%.                              
[19:21:50] INFO     Rank: 0 - Contrastive loss is                 callback.py:66
                    0.6549513757228851, nll_loss is                             
                    0.56170774102211                                            
[19:21:56] INFO     Rank: 0 - Epoch:28/60, Batch:45,    progress_callback.py:218
                    loss:1.459443, finished 48.11%.                             
[19:22:05] INFO     Rank: 0 - Epoch:28/60, Batch:46,    progress_callback.py:218
                    loss:1.084723, finished 48.14%.                             
[19:22:16] INFO     Rank: 0 - Epoch:28/60, Batch:47,    progress_callback.py:218
                    loss:1.354471, finished 48.17%.                             
[19:22:23] INFO     Rank: 0 - Epoch:28/60, Batch:48,    progress_callback.py:218
                    loss:1.445662, finished 48.21%.                             
[19:22:38] INFO     Rank: 0 - Epoch:28/60, Batch:49,    progress_callback.py:218
                    loss:1.140724, finished 48.24%.                             
[19:22:47] INFO     Rank: 0 - Epoch:28/60, Batch:50,    progress_callback.py:218
                    loss:1.395937, finished 48.27%.                             
[19:22:58] INFO     Rank: 0 - Epoch:28/60, Batch:51,    progress_callback.py:218
                    loss:0.927475, finished 48.3%.                              
[19:23:05] INFO     Rank: 0 - Epoch:28/60, Batch:52,    progress_callback.py:218
                    loss:1.470083, finished 48.33%.                             
           INFO     Rank: 0 -                           progress_callback.py:204
                    **********Epoch:29 starts**********                         
[19:23:12] INFO     Rank: 0 - Epoch:29/60, Batch:1,     progress_callback.py:218
                    loss:1.441359, finished 48.37%.                             
[19:23:20] INFO     Rank: 0 - Epoch:29/60, Batch:2,     progress_callback.py:218
                    loss:1.248733, finished 48.4%.                              
[19:23:27] INFO     Rank: 0 - Contrastive loss is                 callback.py:66
                    0.6805285841226578, nll_loss is                             
                    0.5648305267095566                                          
[19:23:29] INFO     Rank: 0 - Epoch:29/60, Batch:3,     progress_callback.py:218
                    loss:0.944424, finished 48.43%.                             
[19:23:39] INFO     Rank: 0 - Epoch:29/60, Batch:4,     progress_callback.py:218
                    loss:1.105546, finished 48.46%.                             
[19:23:45] INFO     Rank: 0 - Epoch:29/60, Batch:5,     progress_callback.py:218
                    loss:1.006776, finished 48.49%.                             
[19:23:53] INFO     Rank: 0 - Epoch:29/60, Batch:6,     progress_callback.py:218
                    loss:1.587542, finished 48.53%.                             
[19:24:02] INFO     Rank: 0 - Epoch:29/60, Batch:7,     progress_callback.py:218
                    loss:1.01673, finished 48.56%.                              
[19:24:10] INFO     Rank: 0 - Epoch:29/60, Batch:8,     progress_callback.py:218
                    loss:1.249561, finished 48.59%.                             
[19:24:20] INFO     Rank: 0 - Epoch:29/60, Batch:9,     progress_callback.py:218
                    loss:1.181213, finished 48.62%.                             
[19:24:30] INFO     Rank: 0 - Epoch:29/60, Batch:10,    progress_callback.py:218
                    loss:1.026186, finished 48.65%.                             
[19:24:39] INFO     Rank: 0 - Epoch:29/60, Batch:11,    progress_callback.py:218
                    loss:1.03683, finished 48.69%.                              
[19:24:48] INFO     Rank: 0 - Epoch:29/60, Batch:12,    progress_callback.py:218
                    loss:1.351969, finished 48.72%.                             
           INFO     Rank: 0 -                                   evaluator.py:317
                    **********Evaluation starts**********                       
[19:25:01] INFO     Rank: 0 - **********Evaluation              evaluator.py:349
                    ends**********                                              
                                                                                
           INFO     Rank: 0 - ----------Eval. results   progress_callback.py:233
                    on Epoch:29, Batch:12----------                             
           INFO     Rank: 0 -                           progress_callback.py:238
                    {"torch_ngram#ngram-overlap":                               
                    0.45344188809394836}                                        
 ============= save model at results/2023-03-29-15_17_50_221845/epoch-29_step-1520.pt ============= 
save hyperparams in  results/2023-03-29-15_17_50_221845/hyperparams.txt
[19:25:08] INFO     Rank: 0 - Contrastive loss is                 callback.py:66
                    0.6371722936630249, nll_loss is                             
                    0.5263033032417297                                          
[19:25:09] INFO     Rank: 0 - Epoch:29/60, Batch:13,    progress_callback.py:218
                    loss:1.072402, finished 48.75%.                             
[19:25:16] INFO     Rank: 0 - Epoch:29/60, Batch:14,    progress_callback.py:218
                    loss:1.293134, finished 48.78%.                             
[19:25:23] INFO     Rank: 0 - Epoch:29/60, Batch:15,    progress_callback.py:218
                    loss:1.29675, finished 48.81%.                              
[19:25:29] INFO     Rank: 0 - Epoch:29/60, Batch:16,    progress_callback.py:218
                    loss:1.455325, finished 48.85%.                             
[19:25:37] INFO     Rank: 0 - Epoch:29/60, Batch:17,    progress_callback.py:218
                    loss:1.416024, finished 48.88%.                             
[19:25:49] INFO     Rank: 0 - Epoch:29/60, Batch:18,    progress_callback.py:218
                    loss:0.960584, finished 48.91%.                             
[19:26:03] INFO     Rank: 0 - Epoch:29/60, Batch:19,    progress_callback.py:218
                    loss:0.995527, finished 48.94%.                             
[19:26:11] INFO     Rank: 0 - Epoch:29/60, Batch:20,    progress_callback.py:218
                    loss:1.53105, finished 48.97%.                              
[19:26:18] INFO     Rank: 0 - Epoch:29/60, Batch:21,    progress_callback.py:218
                    loss:1.180961, finished 49.01%.                             
[19:26:33] INFO     Rank: 0 - Epoch:29/60, Batch:22,    progress_callback.py:218
                    loss:1.154312, finished 49.04%.                             
[19:26:40] INFO     Rank: 0 - Contrastive loss is                 callback.py:66
                    0.669927316904068, nll_loss is                              
                    0.5732021689414978                                          
[19:26:46] INFO     Rank: 0 - Epoch:29/60, Batch:23,    progress_callback.py:218
                    loss:1.147627, finished 49.07%.                             
[19:26:55] INFO     Rank: 0 - Epoch:29/60, Batch:24,    progress_callback.py:218
                    loss:1.178272, finished 49.1%.                              
[19:27:03] INFO     Rank: 0 - Epoch:29/60, Batch:25,    progress_callback.py:218
                    loss:1.09791, finished 49.13%.                              
[19:27:13] INFO     Rank: 0 - Epoch:29/60, Batch:26,    progress_callback.py:218
                    loss:0.971501, finished 49.17%.                             
[19:27:21] INFO     Rank: 0 - Epoch:29/60, Batch:27,    progress_callback.py:218
                    loss:1.10671, finished 49.2%.                               
[19:27:33] INFO     Rank: 0 - Epoch:29/60, Batch:28,    progress_callback.py:218
                    loss:1.383423, finished 49.23%.                             
[19:27:43] INFO     Rank: 0 - Epoch:29/60, Batch:29,    progress_callback.py:218
                    loss:1.11173, finished 49.26%.                              
[19:27:50] INFO     Rank: 0 - Epoch:29/60, Batch:30,    progress_callback.py:218
                    loss:1.258594, finished 49.29%.                             
[19:27:58] INFO     Rank: 0 - Epoch:29/60, Batch:31,    progress_callback.py:218
                    loss:1.051002, finished 49.33%.                             
[19:28:07] INFO     Rank: 0 - Epoch:29/60, Batch:32,    progress_callback.py:218
                    loss:1.291709, finished 49.36%.                             
[19:28:13] INFO     Rank: 0 - Contrastive loss is                 callback.py:66
                    0.651326847076416, nll_loss is                              
                    0.5188202142715455                                          
[19:28:15] INFO     Rank: 0 - Epoch:29/60, Batch:33,    progress_callback.py:218
                    loss:1.250619, finished 49.39%.                             
[19:28:22] INFO     Rank: 0 - Epoch:29/60, Batch:34,    progress_callback.py:218
                    loss:1.056917, finished 49.42%.                             
[19:28:29] INFO     Rank: 0 - Epoch:29/60, Batch:35,    progress_callback.py:218
                    loss:1.248915, finished 49.46%.                             
[19:28:39] INFO     Rank: 0 - Epoch:29/60, Batch:36,    progress_callback.py:218
                    loss:0.999374, finished 49.49%.                             
[19:28:47] INFO     Rank: 0 - Epoch:29/60, Batch:37,    progress_callback.py:218
                    loss:1.441903, finished 49.52%.                             
[19:28:56] INFO     Rank: 0 - Epoch:29/60, Batch:38,    progress_callback.py:218
                    loss:1.208025, finished 49.55%.                             
[19:29:08] INFO     Rank: 0 - Epoch:29/60, Batch:39,    progress_callback.py:218
                    loss:1.192453, finished 49.58%.                             
[19:29:14] INFO     Rank: 0 - Epoch:29/60, Batch:40,    progress_callback.py:218
                    loss:1.328379, finished 49.62%.                             
[19:29:21] INFO     Rank: 0 - Epoch:29/60, Batch:41,    progress_callback.py:218
                    loss:1.158043, finished 49.65%.                             
[19:29:29] INFO     Rank: 0 - Epoch:29/60, Batch:42,    progress_callback.py:218
                    loss:1.183789, finished 49.68%.                             
[19:29:34] INFO     Rank: 0 - Contrastive loss is                 callback.py:66
                    0.6529796302318573, nll_loss is                             
                    0.535766875743866                                           
[19:29:36] INFO     Rank: 0 - Epoch:29/60, Batch:43,    progress_callback.py:218
                    loss:1.069667, finished 49.71%.                             
[19:29:44] INFO     Rank: 0 - Epoch:29/60, Batch:44,    progress_callback.py:218
                    loss:1.36535, finished 49.74%.                              
[19:29:51] INFO     Rank: 0 - Epoch:29/60, Batch:45,    progress_callback.py:218
                    loss:1.16094, finished 49.78%.                              
[19:29:58] INFO     Rank: 0 - Epoch:29/60, Batch:46,    progress_callback.py:218
                    loss:0.979606, finished 49.81%.                             
[19:30:06] INFO     Rank: 0 - Epoch:29/60, Batch:47,    progress_callback.py:218
                    loss:1.230189, finished 49.84%.                             
[19:30:14] INFO     Rank: 0 - Epoch:29/60, Batch:48,    progress_callback.py:218
                    loss:1.245088, finished 49.87%.                             
[19:30:23] INFO     Rank: 0 - Epoch:29/60, Batch:49,    progress_callback.py:218
                    loss:1.28481, finished 49.9%.                               
[19:30:32] INFO     Rank: 0 - Epoch:29/60, Batch:50,    progress_callback.py:218
                    loss:1.49203, finished 49.94%.                              
[19:30:43] INFO     Rank: 0 - Epoch:29/60, Batch:51,    progress_callback.py:218
                    loss:1.058074, finished 49.97%.                             
[19:30:53] INFO     Rank: 0 - Epoch:29/60, Batch:52,    progress_callback.py:218
                    loss:1.20789, finished 50.0%.                               
           INFO     Rank: 0 -                                   evaluator.py:317
                    **********Evaluation starts**********                       
[19:31:06] INFO     Rank: 0 - **********Evaluation              evaluator.py:349
                    ends**********                                              
                                                                                
           INFO     Rank: 0 - ----------Eval. results   progress_callback.py:233
                    on Epoch:29, Batch:52----------                             
           INFO     Rank: 0 -                           progress_callback.py:238
                    {"torch_ngram#ngram-overlap":                               
                    0.4528294801712036}                                         
           INFO     Rank: 0 -                           progress_callback.py:204
                    **********Epoch:30 starts**********                         
[19:31:15] INFO     Rank: 0 - Contrastive loss is                 callback.py:66
                    0.6687298357486725, nll_loss is                             
                    0.5353907287120819                                          
           INFO     Rank: 0 - Epoch:30/60, Batch:1,     progress_callback.py:218
                    loss:1.017228, finished 50.03%.                             
[19:31:22] INFO     Rank: 0 - Epoch:30/60, Batch:2,     progress_callback.py:218
                    loss:1.258628, finished 50.06%.                             
[19:31:30] INFO     Rank: 0 - Epoch:30/60, Batch:3,     progress_callback.py:218
                    loss:1.120903, finished 50.1%.                              
[19:31:38] INFO     Rank: 0 - Epoch:30/60, Batch:4,     progress_callback.py:218
                    loss:1.028273, finished 50.13%.                             
[19:31:44] INFO     Rank: 0 - Epoch:30/60, Batch:5,     progress_callback.py:218
                    loss:1.506691, finished 50.16%.                             
[19:31:52] INFO     Rank: 0 - Epoch:30/60, Batch:6,     progress_callback.py:218
                    loss:0.969443, finished 50.19%.                             
[19:32:02] INFO     Rank: 0 - Epoch:30/60, Batch:7,     progress_callback.py:218
                    loss:0.962294, finished 50.22%.                             
[19:32:11] INFO     Rank: 0 - Epoch:30/60, Batch:8,     progress_callback.py:218
                    loss:1.162049, finished 50.26%.                             
[19:32:18] INFO     Rank: 0 - Epoch:30/60, Batch:9,     progress_callback.py:218
                    loss:0.984779, finished 50.29%.                             
[19:32:27] INFO     Rank: 0 - Epoch:30/60, Batch:10,    progress_callback.py:218
                    loss:1.252425, finished 50.32%.                             
[19:32:37] INFO     Rank: 0 - Contrastive loss is                 callback.py:66
                    0.6288053035736084, nll_loss is                             
                    0.4999094009399414                                          
           INFO     Rank: 0 - Epoch:30/60, Batch:11,    progress_callback.py:218
                    loss:1.041662, finished 50.35%.                             
[19:32:46] INFO     Rank: 0 - Epoch:30/60, Batch:12,    progress_callback.py:218
                    loss:1.066287, finished 50.38%.                             
[19:32:52] INFO     Rank: 0 - Epoch:30/60, Batch:13,    progress_callback.py:218
                    loss:1.390767, finished 50.42%.                             
[19:33:00] INFO     Rank: 0 - Epoch:30/60, Batch:14,    progress_callback.py:218
                    loss:1.288209, finished 50.45%.                             
[19:33:07] INFO     Rank: 0 - Epoch:30/60, Batch:15,    progress_callback.py:218
                    loss:1.071581, finished 50.48%.                             
[19:33:18] INFO     Rank: 0 - Epoch:30/60, Batch:16,    progress_callback.py:218
                    loss:1.219667, finished 50.51%.                             
[19:33:26] INFO     Rank: 0 - Epoch:30/60, Batch:17,    progress_callback.py:218
                    loss:0.765042, finished 50.54%.                             
[19:33:35] INFO     Rank: 0 - Epoch:30/60, Batch:18,    progress_callback.py:218
                    loss:1.085185, finished 50.58%.                             
[19:33:42] INFO     Rank: 0 - Epoch:30/60, Batch:19,    progress_callback.py:218
                    loss:1.199062, finished 50.61%.                             
[19:33:50] INFO     Rank: 0 - Epoch:30/60, Batch:20,    progress_callback.py:218
                    loss:1.024414, finished 50.64%.                             
[19:33:57] INFO     Rank: 0 - Contrastive loss is                 callback.py:66
                    0.6296863287687302, nll_loss is                             
                    0.5111004680395126                                          
[19:33:58] INFO     Rank: 0 - Epoch:30/60, Batch:21,    progress_callback.py:218
                    loss:1.297655, finished 50.67%.                             
[19:34:06] INFO     Rank: 0 - Epoch:30/60, Batch:22,    progress_callback.py:218
                    loss:1.211821, finished 50.71%.                             
[19:34:13] INFO     Rank: 0 - Epoch:30/60, Batch:23,    progress_callback.py:218
                    loss:1.155421, finished 50.74%.                             
[19:34:20] INFO     Rank: 0 - Epoch:30/60, Batch:24,    progress_callback.py:218
                    loss:1.169094, finished 50.77%.                             
[19:34:27] INFO     Rank: 0 - Epoch:30/60, Batch:25,    progress_callback.py:218
                    loss:1.443084, finished 50.8%.                              
[19:34:34] INFO     Rank: 0 - Epoch:30/60, Batch:26,    progress_callback.py:218
                    loss:1.165361, finished 50.83%.                             
[19:34:43] INFO     Rank: 0 - Epoch:30/60, Batch:27,    progress_callback.py:218
                    loss:1.079456, finished 50.87%.                             
[19:34:54] INFO     Rank: 0 - Epoch:30/60, Batch:28,    progress_callback.py:218
                    loss:1.065982, finished 50.9%.                              
[19:35:01] INFO     Rank: 0 - Epoch:30/60, Batch:29,    progress_callback.py:218
                    loss:1.170282, finished 50.93%.                             
[19:35:09] INFO     Rank: 0 - Epoch:30/60, Batch:30,    progress_callback.py:218
                    loss:1.084968, finished 50.96%.                             
[19:35:14] INFO     Rank: 0 - Contrastive loss is                 callback.py:66
                    0.6371636152267456, nll_loss is                             
                    0.5188367366790771                                          
[19:35:15] INFO     Rank: 0 - Epoch:30/60, Batch:31,    progress_callback.py:218
                    loss:1.014534, finished 50.99%.                             
[19:35:24] INFO     Rank: 0 - Epoch:30/60, Batch:32,    progress_callback.py:218
                    loss:1.221859, finished 51.03%.                             
[19:35:32] INFO     Rank: 0 - Epoch:30/60, Batch:33,    progress_callback.py:218
                    loss:1.136102, finished 51.06%.                             
[19:35:45] INFO     Rank: 0 - Epoch:30/60, Batch:34,    progress_callback.py:218
                    loss:1.52592, finished 51.09%.                              
[19:35:57] INFO     Rank: 0 - Epoch:30/60, Batch:35,    progress_callback.py:218
                    loss:0.898276, finished 51.12%.                             
[19:36:06] INFO     Rank: 0 - Epoch:30/60, Batch:36,    progress_callback.py:218
                    loss:1.107069, finished 51.15%.                             
[19:36:13] INFO     Rank: 0 - Epoch:30/60, Batch:37,    progress_callback.py:218
                    loss:1.330153, finished 51.19%.                             
[19:36:21] INFO     Rank: 0 - Epoch:30/60, Batch:38,    progress_callback.py:218
                    loss:1.048565, finished 51.22%.                             
[19:36:30] INFO     Rank: 0 - Epoch:30/60, Batch:39,    progress_callback.py:218
                    loss:1.40912, finished 51.25%.                              
[19:36:45] INFO     Rank: 0 - Epoch:30/60, Batch:40,    progress_callback.py:218
                    loss:1.040488, finished 51.28%.                             
           INFO     Rank: 0 -                                   evaluator.py:317
                    **********Evaluation starts**********                       
[19:36:58] INFO     Rank: 0 - **********Evaluation              evaluator.py:349
                    ends**********                                              
                                                                                
           INFO     Rank: 0 - ----------Eval. results   progress_callback.py:233
                    on Epoch:30, Batch:40----------                             
           INFO     Rank: 0 -                           progress_callback.py:238
                    {"torch_ngram#ngram-overlap":                               
                    0.4524352252483368}                                         
[19:37:03] INFO     Rank: 0 - Contrastive loss is                 callback.py:66
                    0.6782170742750168, nll_loss is                             
                    0.5198833018541336                                          
[19:37:05] INFO     Rank: 0 - Epoch:30/60, Batch:41,    progress_callback.py:218
                    loss:1.263452, finished 51.31%.                             
[19:37:12] INFO     Rank: 0 - Epoch:30/60, Batch:42,    progress_callback.py:218
                    loss:1.316113, finished 51.35%.                             
[19:37:21] INFO     Rank: 0 - Epoch:30/60, Batch:43,    progress_callback.py:218
                    loss:1.11523, finished 51.38%.                              
[19:37:27] INFO     Rank: 0 - Epoch:30/60, Batch:44,    progress_callback.py:218
                    loss:1.399379, finished 51.41%.                             
[19:37:35] INFO     Rank: 0 - Epoch:30/60, Batch:45,    progress_callback.py:218
                    loss:1.186844, finished 51.44%.                             
[19:37:43] INFO     Rank: 0 - Epoch:30/60, Batch:46,    progress_callback.py:218
                    loss:1.266952, finished 51.47%.                             
[19:37:50] INFO     Rank: 0 - Epoch:30/60, Batch:47,    progress_callback.py:218
                    loss:0.986764, finished 51.51%.                             
[19:37:57] INFO     Rank: 0 - Epoch:30/60, Batch:48,    progress_callback.py:218
                    loss:1.38877, finished 51.54%.                              
[19:38:05] INFO     Rank: 0 - Epoch:30/60, Batch:49,    progress_callback.py:218
                    loss:1.112284, finished 51.57%.                             
[19:38:15] INFO     Rank: 0 - Epoch:30/60, Batch:50,    progress_callback.py:218
                    loss:1.234317, finished 51.6%.                              
[19:38:21] INFO     Rank: 0 - Contrastive loss is                 callback.py:66
                    0.6652896344661713, nll_loss is                             
                    0.5378979861736297                                          
[19:38:23] INFO     Rank: 0 - Epoch:30/60, Batch:51,    progress_callback.py:218
                    loss:1.025222, finished 51.63%.                             
[19:38:29] INFO     Rank: 0 - Epoch:30/60, Batch:52,    progress_callback.py:218
                    loss:1.360227, finished 51.67%.                             
           INFO     Rank: 0 -                           progress_callback.py:204
                    **********Epoch:31 starts**********                         
[19:38:37] INFO     Rank: 0 - Epoch:31/60, Batch:1,     progress_callback.py:218
                    loss:1.339952, finished 51.7%.                              
[19:38:45] INFO     Rank: 0 - Epoch:31/60, Batch:2,     progress_callback.py:218
                    loss:1.293566, finished 51.73%.                             
[19:38:52] INFO     Rank: 0 - Epoch:31/60, Batch:3,     progress_callback.py:218
                    loss:1.35083, finished 51.76%.                              
[19:38:59] INFO     Rank: 0 - Epoch:31/60, Batch:4,     progress_callback.py:218
                    loss:1.128939, finished 51.79%.                             
[19:39:06] INFO     Rank: 0 - Epoch:31/60, Batch:5,     progress_callback.py:218
                    loss:1.196434, finished 51.83%.                             
[19:39:15] INFO     Rank: 0 - Epoch:31/60, Batch:6,     progress_callback.py:218
                    loss:1.009074, finished 51.86%.                             
[19:39:23] INFO     Rank: 0 - Epoch:31/60, Batch:7,     progress_callback.py:218
                    loss:1.054686, finished 51.89%.                             
[19:39:32] INFO     Rank: 0 - Epoch:31/60, Batch:8,     progress_callback.py:218
                    loss:1.136317, finished 51.92%.                             
[19:39:38] INFO     Rank: 0 - Contrastive loss is                 callback.py:66
                    0.6626824796199798, nll_loss is                             
                    0.5212163150310516                                          
[19:39:40] INFO     Rank: 0 - Epoch:31/60, Batch:9,     progress_callback.py:218
                    loss:0.968965, finished 51.96%.                             
[19:39:48] INFO     Rank: 0 - Epoch:31/60, Batch:10,    progress_callback.py:218
                    loss:1.173478, finished 51.99%.                             
[19:39:55] INFO     Rank: 0 - Epoch:31/60, Batch:11,    progress_callback.py:218
                    loss:1.140622, finished 52.02%.                             
[19:40:07] INFO     Rank: 0 - Epoch:31/60, Batch:12,    progress_callback.py:218
                    loss:1.13824, finished 52.05%.                              
[19:40:13] INFO     Rank: 0 - Epoch:31/60, Batch:13,    progress_callback.py:218
                    loss:1.529326, finished 52.08%.                             
[19:40:22] INFO     Rank: 0 - Epoch:31/60, Batch:14,    progress_callback.py:218
                    loss:1.13786, finished 52.12%.                              
[19:40:33] INFO     Rank: 0 - Epoch:31/60, Batch:15,    progress_callback.py:218
                    loss:1.140144, finished 52.15%.                             
[19:40:41] INFO     Rank: 0 - Epoch:31/60, Batch:16,    progress_callback.py:218
                    loss:1.244222, finished 52.18%.                             
[19:40:51] INFO     Rank: 0 - Epoch:31/60, Batch:17,    progress_callback.py:218
                    loss:1.369879, finished 52.21%.                             
[19:40:59] INFO     Rank: 0 - Epoch:31/60, Batch:18,    progress_callback.py:218
                    loss:1.130777, finished 52.24%.                             
[19:41:06] INFO     Rank: 0 - Contrastive loss is                 callback.py:66
                    0.6543242990970611, nll_loss is                             
                    0.559712964296341                                           
[19:41:07] INFO     Rank: 0 - Epoch:31/60, Batch:19,    progress_callback.py:218
                    loss:1.135825, finished 52.28%.                             
[19:41:15] INFO     Rank: 0 - Epoch:31/60, Batch:20,    progress_callback.py:218
                    loss:1.259952, finished 52.31%.                             
[19:41:22] INFO     Rank: 0 - Epoch:31/60, Batch:21,    progress_callback.py:218
                    loss:1.094675, finished 52.34%.                             
[19:41:29] INFO     Rank: 0 - Epoch:31/60, Batch:22,    progress_callback.py:218
                    loss:1.292171, finished 52.37%.                             
[19:41:37] INFO     Rank: 0 - Epoch:31/60, Batch:23,    progress_callback.py:218
                    loss:1.278829, finished 52.4%.                              
[19:41:46] INFO     Rank: 0 - Epoch:31/60, Batch:24,    progress_callback.py:218
                    loss:1.48092, finished 52.44%.                              
[19:41:53] INFO     Rank: 0 - Epoch:31/60, Batch:25,    progress_callback.py:218
                    loss:1.430067, finished 52.47%.                             
[19:42:01] INFO     Rank: 0 - Epoch:31/60, Batch:26,    progress_callback.py:218
                    loss:1.351982, finished 52.5%.                              
[19:42:07] INFO     Rank: 0 - Epoch:31/60, Batch:27,    progress_callback.py:218
                    loss:1.316418, finished 52.53%.                             
[19:42:17] INFO     Rank: 0 - Epoch:31/60, Batch:28,    progress_callback.py:218
                    loss:1.371309, finished 52.56%.                             
           INFO     Rank: 0 -                                   evaluator.py:317
                    **********Evaluation starts**********                       
[19:42:30] INFO     Rank: 0 - **********Evaluation              evaluator.py:349
                    ends**********                                              
                                                                                
           INFO     Rank: 0 - ----------Eval. results   progress_callback.py:233
                    on Epoch:31, Batch:28----------                             
           INFO     Rank: 0 -                           progress_callback.py:238
                    {"torch_ngram#ngram-overlap":                               
                    0.4517761766910553}                                         
[19:42:35] INFO     Rank: 0 - Contrastive loss is                 callback.py:66
                    0.7142024576663971, nll_loss is                             
                    0.5737801253795624                                          
[19:42:38] INFO     Rank: 0 - Epoch:31/60, Batch:29,    progress_callback.py:218
                    loss:1.003502, finished 52.6%.                              
[19:42:45] INFO     Rank: 0 - Epoch:31/60, Batch:30,    progress_callback.py:218
                    loss:1.227233, finished 52.63%.                             
[19:42:52] INFO     Rank: 0 - Epoch:31/60, Batch:31,    progress_callback.py:218
                    loss:1.231431, finished 52.66%.                             
[19:42:59] INFO     Rank: 0 - Epoch:31/60, Batch:32,    progress_callback.py:218
                    loss:1.307965, finished 52.69%.                             
[19:43:08] INFO     Rank: 0 - Epoch:31/60, Batch:33,    progress_callback.py:218
                    loss:1.035592, finished 52.72%.                             
[19:43:16] INFO     Rank: 0 - Epoch:31/60, Batch:34,    progress_callback.py:218
                    loss:1.224901, finished 52.76%.                             
[19:43:24] INFO     Rank: 0 - Epoch:31/60, Batch:35,    progress_callback.py:218
                    loss:1.08269, finished 52.79%.                              
[19:43:33] INFO     Rank: 0 - Epoch:31/60, Batch:36,    progress_callback.py:218
                    loss:1.274977, finished 52.82%.                             
[19:43:39] INFO     Rank: 0 - Epoch:31/60, Batch:37,    progress_callback.py:218
                    loss:1.14718, finished 52.85%.                              
[19:43:47] INFO     Rank: 0 - Epoch:31/60, Batch:38,    progress_callback.py:218
                    loss:1.434085, finished 52.88%.                             
[19:43:53] INFO     Rank: 0 - Contrastive loss is                 callback.py:66
                    0.6814408957958221, nll_loss is                             
                    0.5446532070636749                                          
           INFO     Rank: 0 - Epoch:31/60, Batch:39,    progress_callback.py:218
                    loss:1.294888, finished 52.92%.                             
[19:44:02] INFO     Rank: 0 - Epoch:31/60, Batch:40,    progress_callback.py:218
                    loss:1.151474, finished 52.95%.                             
[19:44:10] INFO     Rank: 0 - Epoch:31/60, Batch:41,    progress_callback.py:218
                    loss:1.093695, finished 52.98%.                             
[19:44:17] INFO     Rank: 0 - Epoch:31/60, Batch:42,    progress_callback.py:218
                    loss:1.28908, finished 53.01%.                              
[19:44:25] INFO     Rank: 0 - Epoch:31/60, Batch:43,    progress_callback.py:218
                    loss:1.1114, finished 53.04%.                               
[19:44:37] INFO     Rank: 0 - Epoch:31/60, Batch:44,    progress_callback.py:218
                    loss:0.930297, finished 53.08%.                             
[19:44:44] INFO     Rank: 0 - Epoch:31/60, Batch:45,    progress_callback.py:218
                    loss:1.320318, finished 53.11%.                             
[19:44:53] INFO     Rank: 0 - Epoch:31/60, Batch:46,    progress_callback.py:218
                    loss:1.177742, finished 53.14%.                             
[19:45:02] INFO     Rank: 0 - Epoch:31/60, Batch:47,    progress_callback.py:218
                    loss:1.381122, finished 53.17%.                             
[19:45:09] INFO     Rank: 0 - Epoch:31/60, Batch:48,    progress_callback.py:218
                    loss:1.24026, finished 53.21%.                              
[19:45:16] INFO     Rank: 0 - Contrastive loss is                 callback.py:66
                    0.6535759687423706, nll_loss is                             
                    0.5504801571369171                                          
[19:45:18] INFO     Rank: 0 - Epoch:31/60, Batch:49,    progress_callback.py:218
                    loss:1.345174, finished 53.24%.                             
[19:45:29] INFO     Rank: 0 - Epoch:31/60, Batch:50,    progress_callback.py:218
                    loss:1.33582, finished 53.27%.                              
[19:45:37] INFO     Rank: 0 - Epoch:31/60, Batch:51,    progress_callback.py:218
                    loss:1.200207, finished 53.3%.                              
[19:45:45] INFO     Rank: 0 - Epoch:31/60, Batch:52,    progress_callback.py:218
                    loss:0.915426, finished 53.33%.                             
           INFO     Rank: 0 -                           progress_callback.py:204
                    **********Epoch:32 starts**********                         
[19:45:54] INFO     Rank: 0 - Epoch:32/60, Batch:1,     progress_callback.py:218
                    loss:1.261311, finished 53.37%.                             
[19:46:03] INFO     Rank: 0 - Epoch:32/60, Batch:2,     progress_callback.py:218
                    loss:1.056247, finished 53.4%.                              
[19:46:11] INFO     Rank: 0 - Epoch:32/60, Batch:3,     progress_callback.py:218
                    loss:1.241066, finished 53.43%.                             
[19:46:18] INFO     Rank: 0 - Epoch:32/60, Batch:4,     progress_callback.py:218
                    loss:1.317343, finished 53.46%.                             
[19:46:29] INFO     Rank: 0 - Epoch:32/60, Batch:5,     progress_callback.py:218
                    loss:1.103205, finished 53.49%.                             
[19:46:38] INFO     Rank: 0 - Epoch:32/60, Batch:6,     progress_callback.py:218
                    loss:1.16309, finished 53.53%.                              
[19:46:46] INFO     Rank: 0 - Contrastive loss is                 callback.py:66
                    0.6587197035551071, nll_loss is                             
                    0.5079641491174698                                          
[19:46:47] INFO     Rank: 0 - Epoch:32/60, Batch:7,     progress_callback.py:218
                    loss:1.073123, finished 53.56%.                             
[19:46:56] INFO     Rank: 0 - Epoch:32/60, Batch:8,     progress_callback.py:218
                    loss:1.163785, finished 53.59%.                             
[19:47:05] INFO     Rank: 0 - Epoch:32/60, Batch:9,     progress_callback.py:218
                    loss:1.190618, finished 53.62%.                             
[19:47:11] INFO     Rank: 0 - Epoch:32/60, Batch:10,    progress_callback.py:218
                    loss:1.270929, finished 53.65%.                             
[19:47:20] INFO     Rank: 0 - Epoch:32/60, Batch:11,    progress_callback.py:218
                    loss:1.318094, finished 53.69%.                             
[19:47:32] INFO     Rank: 0 - Epoch:32/60, Batch:12,    progress_callback.py:218
                    loss:1.201221, finished 53.72%.                             
[19:47:40] INFO     Rank: 0 - Epoch:32/60, Batch:13,    progress_callback.py:218
                    loss:1.089268, finished 53.75%.                             
[19:47:49] INFO     Rank: 0 - Epoch:32/60, Batch:14,    progress_callback.py:218
                    loss:0.954508, finished 53.78%.                             
[19:47:57] INFO     Rank: 0 - Epoch:32/60, Batch:15,    progress_callback.py:218
                    loss:1.259266, finished 53.81%.                             
[19:48:06] INFO     Rank: 0 - Epoch:32/60, Batch:16,    progress_callback.py:218
                    loss:1.235224, finished 53.85%.                             
           INFO     Rank: 0 -                                   evaluator.py:317
                    **********Evaluation starts**********                       
[19:48:19] INFO     Rank: 0 - **********Evaluation              evaluator.py:349
                    ends**********                                              
                                                                                
           INFO     Rank: 0 - ----------Eval. results   progress_callback.py:233
                    on Epoch:32, Batch:16----------                             
           INFO     Rank: 0 -                           progress_callback.py:238
                    {"torch_ngram#ngram-overlap":                               
                    0.4523043930530548}                                         
[19:48:24] INFO     Rank: 0 - Contrastive loss is                 callback.py:66
                    0.6557467162609101, nll_loss is                             
                    0.530421644449234                                           
[19:48:27] INFO     Rank: 0 - Epoch:32/60, Batch:17,    progress_callback.py:218
                    loss:1.178769, finished 53.88%.                             
[19:48:35] INFO     Rank: 0 - Epoch:32/60, Batch:18,    progress_callback.py:218
                    loss:1.331331, finished 53.91%.                             
[19:48:42] INFO     Rank: 0 - Epoch:32/60, Batch:19,    progress_callback.py:218
                    loss:1.252438, finished 53.94%.                             
[19:48:51] INFO     Rank: 0 - Epoch:32/60, Batch:20,    progress_callback.py:218
                    loss:1.275186, finished 53.97%.                             
[19:49:00] INFO     Rank: 0 - Epoch:32/60, Batch:21,    progress_callback.py:218
                    loss:1.309613, finished 54.01%.                             
[19:49:11] INFO     Rank: 0 - Epoch:32/60, Batch:22,    progress_callback.py:218
                    loss:1.401875, finished 54.04%.                             
[19:49:19] INFO     Rank: 0 - Epoch:32/60, Batch:23,    progress_callback.py:218
                    loss:1.199261, finished 54.07%.                             
[19:49:27] INFO     Rank: 0 - Epoch:32/60, Batch:24,    progress_callback.py:218
                    loss:1.316345, finished 54.1%.                              
[19:49:36] INFO     Rank: 0 - Epoch:32/60, Batch:25,    progress_callback.py:218
                    loss:1.105841, finished 54.13%.                             
[19:49:44] INFO     Rank: 0 - Epoch:32/60, Batch:26,    progress_callback.py:218
                    loss:1.249893, finished 54.17%.                             
[19:49:49] INFO     Rank: 0 - Contrastive loss is                 callback.py:66
                    0.7082004129886628, nll_loss is                             
                    0.5397601664066315                                          
[19:49:50] INFO     Rank: 0 - Epoch:32/60, Batch:27,    progress_callback.py:218
                    loss:1.037823, finished 54.2%.                              
[19:49:59] INFO     Rank: 0 - Epoch:32/60, Batch:28,    progress_callback.py:218
                    loss:1.191362, finished 54.23%.                             
[19:50:05] INFO     Rank: 0 - Epoch:32/60, Batch:29,    progress_callback.py:218
                    loss:1.206988, finished 54.26%.                             
[19:50:12] INFO     Rank: 0 - Epoch:32/60, Batch:30,    progress_callback.py:218
                    loss:1.099587, finished 54.29%.                             
[19:50:22] INFO     Rank: 0 - Epoch:32/60, Batch:31,    progress_callback.py:218
                    loss:1.057588, finished 54.33%.                             
[19:50:29] INFO     Rank: 0 - Epoch:32/60, Batch:32,    progress_callback.py:218
                    loss:1.149703, finished 54.36%.                             
[19:50:35] INFO     Rank: 0 - Epoch:32/60, Batch:33,    progress_callback.py:218
                    loss:1.422972, finished 54.39%.                             
[19:50:47] INFO     Rank: 0 - Epoch:32/60, Batch:34,    progress_callback.py:218
                    loss:1.134503, finished 54.42%.                             
[19:50:55] INFO     Rank: 0 - Epoch:32/60, Batch:35,    progress_callback.py:218
                    loss:1.218213, finished 54.46%.                             
[19:51:04] INFO     Rank: 0 - Epoch:32/60, Batch:36,    progress_callback.py:218
                    loss:1.379873, finished 54.49%.                             
[19:51:10] INFO     Rank: 0 - Contrastive loss is                 callback.py:66
                    0.6620214462280274, nll_loss is                             
                    0.5403137087821961                                          
[19:51:11] INFO     Rank: 0 - Epoch:32/60, Batch:37,    progress_callback.py:218
                    loss:1.162562, finished 54.52%.                             
[19:51:20] INFO     Rank: 0 - Epoch:32/60, Batch:38,    progress_callback.py:218
                    loss:1.070033, finished 54.55%.                             
[19:51:27] INFO     Rank: 0 - Epoch:32/60, Batch:39,    progress_callback.py:218
                    loss:1.314831, finished 54.58%.                             
[19:51:35] INFO     Rank: 0 - Epoch:32/60, Batch:40,    progress_callback.py:218
                    loss:1.309468, finished 54.62%.                             
[19:51:43] INFO     Rank: 0 - Epoch:32/60, Batch:41,    progress_callback.py:218
                    loss:1.211969, finished 54.65%.                             
[19:51:53] INFO     Rank: 0 - Epoch:32/60, Batch:42,    progress_callback.py:218
                    loss:1.127547, finished 54.68%.                             
[19:52:01] INFO     Rank: 0 - Epoch:32/60, Batch:43,    progress_callback.py:218
                    loss:1.267236, finished 54.71%.                             
[19:52:13] INFO     Rank: 0 - Epoch:32/60, Batch:44,    progress_callback.py:218
                    loss:1.114209, finished 54.74%.                             
[19:52:23] INFO     Rank: 0 - Epoch:32/60, Batch:45,    progress_callback.py:218
                    loss:1.35075, finished 54.78%.                              
[19:52:31] INFO     Rank: 0 - Epoch:32/60, Batch:46,    progress_callback.py:218
                    loss:1.473672, finished 54.81%.                             
[19:52:39] INFO     Rank: 0 - Contrastive loss is                 callback.py:66
                    0.6981266140937805, nll_loss is                             
                    0.5411060452461243                                          
[19:52:45] INFO     Rank: 0 - Epoch:32/60, Batch:47,    progress_callback.py:218
                    loss:1.152612, finished 54.84%.                             
[19:52:52] INFO     Rank: 0 - Epoch:32/60, Batch:48,    progress_callback.py:218
                    loss:0.913951, finished 54.87%.                             
[19:52:59] INFO     Rank: 0 - Epoch:32/60, Batch:49,    progress_callback.py:218
                    loss:1.213161, finished 54.9%.                              
[19:53:08] INFO     Rank: 0 - Epoch:32/60, Batch:50,    progress_callback.py:218
                    loss:1.365757, finished 54.94%.                             
[19:53:15] INFO     Rank: 0 - Epoch:32/60, Batch:51,    progress_callback.py:218
                    loss:1.362448, finished 54.97%.                             
[19:53:21] INFO     Rank: 0 - Epoch:32/60, Batch:52,    progress_callback.py:218
                    loss:1.064215, finished 55.0%.                              
           INFO     Rank: 0 -                           progress_callback.py:204
                    **********Epoch:33 starts**********                         
[19:53:29] INFO     Rank: 0 - Epoch:33/60, Batch:1,     progress_callback.py:218
                    loss:1.219081, finished 55.03%.                             
[19:53:38] INFO     Rank: 0 - Epoch:33/60, Batch:2,     progress_callback.py:218
                    loss:0.990473, finished 55.06%.                             
[19:53:45] INFO     Rank: 0 - Epoch:33/60, Batch:3,     progress_callback.py:218
                    loss:1.254016, finished 55.1%.                              
[19:53:55] INFO     Rank: 0 - Epoch:33/60, Batch:4,     progress_callback.py:218
                    loss:1.235245, finished 55.13%.                             
           INFO     Rank: 0 -                                   evaluator.py:317
                    **********Evaluation starts**********                       
[19:54:08] INFO     Rank: 0 - **********Evaluation              evaluator.py:349
                    ends**********                                              
                                                                                
           INFO     Rank: 0 - ----------Eval. results   progress_callback.py:233
                    on Epoch:33, Batch:4----------                              
           INFO     Rank: 0 -                           progress_callback.py:238
                    {"torch_ngram#ngram-overlap":                               
                    0.45115962624549866}                                        
[19:54:14] INFO     Rank: 0 - Contrastive loss is                 callback.py:66
                    0.6599076509475708, nll_loss is                             
                    0.5018379271030426                                          
[19:54:15] INFO     Rank: 0 - Epoch:33/60, Batch:5,     progress_callback.py:218
                    loss:0.99911, finished 55.16%.                              
[19:54:22] INFO     Rank: 0 - Epoch:33/60, Batch:6,     progress_callback.py:218
                    loss:1.159099, finished 55.19%.                             
[19:54:32] INFO     Rank: 0 - Epoch:33/60, Batch:7,     progress_callback.py:218
                    loss:1.179709, finished 55.22%.                             
[19:54:41] INFO     Rank: 0 - Epoch:33/60, Batch:8,     progress_callback.py:218
                    loss:1.0661, finished 55.26%.                               
[19:54:49] INFO     Rank: 0 - Epoch:33/60, Batch:9,     progress_callback.py:218
                    loss:1.048352, finished 55.29%.                             
[19:54:56] INFO     Rank: 0 - Epoch:33/60, Batch:10,    progress_callback.py:218
                    loss:1.112157, finished 55.32%.                             
[19:55:05] INFO     Rank: 0 - Epoch:33/60, Batch:11,    progress_callback.py:218
                    loss:1.291149, finished 55.35%.                             
[19:55:11] INFO     Rank: 0 - Epoch:33/60, Batch:12,    progress_callback.py:218
                    loss:1.121204, finished 55.38%.                             
[19:55:18] INFO     Rank: 0 - Epoch:33/60, Batch:13,    progress_callback.py:218
                    loss:1.154135, finished 55.42%.                             
[19:55:30] INFO     Rank: 0 - Epoch:33/60, Batch:14,    progress_callback.py:218
                    loss:1.197084, finished 55.45%.                             
[19:55:35] INFO     Rank: 0 - Contrastive loss is                 callback.py:66
                    0.622174209356308, nll_loss is                              
                    0.5132016599178314                                          
[19:55:36] INFO     Rank: 0 - Epoch:33/60, Batch:15,    progress_callback.py:218
                    loss:1.024769, finished 55.48%.                             
[19:55:48] INFO     Rank: 0 - Epoch:33/60, Batch:16,    progress_callback.py:218
                    loss:1.144917, finished 55.51%.                             
[19:55:57] INFO     Rank: 0 - Epoch:33/60, Batch:17,    progress_callback.py:218
                    loss:1.104065, finished 55.54%.                             
[19:56:04] INFO     Rank: 0 - Epoch:33/60, Batch:18,    progress_callback.py:218
                    loss:0.926339, finished 55.58%.                             
[19:56:14] INFO     Rank: 0 - Epoch:33/60, Batch:19,    progress_callback.py:218
                    loss:1.289435, finished 55.61%.                             
[19:56:23] INFO     Rank: 0 - Epoch:33/60, Batch:20,    progress_callback.py:218
                    loss:1.047372, finished 55.64%.                             
[19:56:30] INFO     Rank: 0 - Epoch:33/60, Batch:21,    progress_callback.py:218
                    loss:1.169348, finished 55.67%.                             
[19:56:38] INFO     Rank: 0 - Epoch:33/60, Batch:22,    progress_callback.py:218
                    loss:1.108735, finished 55.71%.                             
[19:56:48] INFO     Rank: 0 - Epoch:33/60, Batch:23,    progress_callback.py:218
                    loss:1.230682, finished 55.74%.                             
[19:56:56] INFO     Rank: 0 - Epoch:33/60, Batch:24,    progress_callback.py:218
                    loss:1.148506, finished 55.77%.                             
[19:57:00] INFO     Rank: 0 - Contrastive loss is                 callback.py:66
                    0.619442167878151, nll_loss is                              
                    0.5109362453222275                                          
[19:57:03] INFO     Rank: 0 - Epoch:33/60, Batch:25,    progress_callback.py:218
                    loss:1.134385, finished 55.8%.                              
[19:57:09] INFO     Rank: 0 - Epoch:33/60, Batch:26,    progress_callback.py:218
                    loss:1.134448, finished 55.83%.                             
[19:57:16] INFO     Rank: 0 - Epoch:33/60, Batch:27,    progress_callback.py:218
                    loss:1.133284, finished 55.87%.                             
[19:57:24] INFO     Rank: 0 - Epoch:33/60, Batch:28,    progress_callback.py:218
                    loss:1.096229, finished 55.9%.                              
[19:57:31] INFO     Rank: 0 - Epoch:33/60, Batch:29,    progress_callback.py:218
                    loss:1.148058, finished 55.93%.                             
[19:57:39] INFO     Rank: 0 - Epoch:33/60, Batch:30,    progress_callback.py:218
                    loss:1.480503, finished 55.96%.                             
[19:57:46] INFO     Rank: 0 - Epoch:33/60, Batch:31,    progress_callback.py:218
                    loss:1.063048, finished 55.99%.                             
[19:57:56] INFO     Rank: 0 - Epoch:33/60, Batch:32,    progress_callback.py:218
                    loss:0.994727, finished 56.03%.                             
[19:58:04] INFO     Rank: 0 - Epoch:33/60, Batch:33,    progress_callback.py:218
                    loss:1.177056, finished 56.06%.                             
[19:58:11] INFO     Rank: 0 - Epoch:33/60, Batch:34,    progress_callback.py:218
                    loss:1.182096, finished 56.09%.                             
[19:58:16] INFO     Rank: 0 - Contrastive loss is                 callback.py:66
                    0.6295692443847656, nll_loss is                             
                    0.5261884212493897                                          
[19:58:17] INFO     Rank: 0 - Epoch:33/60, Batch:35,    progress_callback.py:218
                    loss:1.148127, finished 56.12%.                             
[19:58:24] INFO     Rank: 0 - Epoch:33/60, Batch:36,    progress_callback.py:218
                    loss:1.128801, finished 56.15%.                             
[19:58:32] INFO     Rank: 0 - Epoch:33/60, Batch:37,    progress_callback.py:218
                    loss:1.111345, finished 56.19%.                             
[19:58:40] INFO     Rank: 0 - Epoch:33/60, Batch:38,    progress_callback.py:218
                    loss:1.000139, finished 56.22%.                             
[19:58:50] INFO     Rank: 0 - Epoch:33/60, Batch:39,    progress_callback.py:218
                    loss:0.865217, finished 56.25%.                             
[19:59:00] INFO     Rank: 0 - Epoch:33/60, Batch:40,    progress_callback.py:218
                    loss:1.246148, finished 56.28%.                             
[19:59:10] INFO     Rank: 0 - Epoch:33/60, Batch:41,    progress_callback.py:218
                    loss:1.209121, finished 56.31%.                             
[19:59:17] INFO     Rank: 0 - Epoch:33/60, Batch:42,    progress_callback.py:218
                    loss:1.268736, finished 56.35%.                             
[19:59:26] INFO     Rank: 0 - Epoch:33/60, Batch:43,    progress_callback.py:218
                    loss:1.058636, finished 56.38%.                             
[19:59:33] INFO     Rank: 0 - Epoch:33/60, Batch:44,    progress_callback.py:218
                    loss:1.191457, finished 56.41%.                             
           INFO     Rank: 0 -                                   evaluator.py:317
                    **********Evaluation starts**********                       
[19:59:47] INFO     Rank: 0 - **********Evaluation              evaluator.py:349
                    ends**********                                              
                                                                                
           INFO     Rank: 0 - ----------Eval. results   progress_callback.py:233
                    on Epoch:33, Batch:44----------                             
           INFO     Rank: 0 -                           progress_callback.py:238
                    {"torch_ngram#ngram-overlap":                               
                    0.45161890983581543}                                        
[19:59:56] INFO     Rank: 0 - Contrastive loss is                 callback.py:66
                    0.614676433801651, nll_loss is                              
                    0.5179094493389129                                          
[19:59:57] INFO     Rank: 0 - Epoch:33/60, Batch:45,    progress_callback.py:218
                    loss:1.24626, finished 56.44%.                              
[20:00:06] INFO     Rank: 0 - Epoch:33/60, Batch:46,    progress_callback.py:218
                    loss:1.343048, finished 56.47%.                             
[20:00:13] INFO     Rank: 0 - Epoch:33/60, Batch:47,    progress_callback.py:218
                    loss:1.103205, finished 56.51%.                             
[20:00:20] INFO     Rank: 0 - Epoch:33/60, Batch:48,    progress_callback.py:218
                    loss:1.176579, finished 56.54%.                             
[20:00:27] INFO     Rank: 0 - Epoch:33/60, Batch:49,    progress_callback.py:218
                    loss:1.182387, finished 56.57%.                             
[20:00:35] INFO     Rank: 0 - Epoch:33/60, Batch:50,    progress_callback.py:218
                    loss:1.236801, finished 56.6%.                              
[20:00:42] INFO     Rank: 0 - Epoch:33/60, Batch:51,    progress_callback.py:218
                    loss:1.067103, finished 56.63%.                             
[20:00:50] INFO     Rank: 0 - Epoch:33/60, Batch:52,    progress_callback.py:218
                    loss:1.086954, finished 56.67%.                             
           INFO     Rank: 0 -                           progress_callback.py:204
                    **********Epoch:34 starts**********                         
[20:00:59] INFO     Rank: 0 - Epoch:34/60, Batch:1,     progress_callback.py:218
                    loss:1.280281, finished 56.7%.                              
[20:01:07] INFO     Rank: 0 - Epoch:34/60, Batch:2,     progress_callback.py:218
                    loss:1.091728, finished 56.73%.                             
[20:01:12] INFO     Rank: 0 - Contrastive loss is                 callback.py:66
                    0.6528814136981964, nll_loss is                             
                    0.5235611021518707                                          
[20:01:17] INFO     Rank: 0 - Epoch:34/60, Batch:3,     progress_callback.py:218
                    loss:1.196342, finished 56.76%.                             
[20:01:25] INFO     Rank: 0 - Epoch:34/60, Batch:4,     progress_callback.py:218
                    loss:1.008246, finished 56.79%.                             
[20:01:34] INFO     Rank: 0 - Epoch:34/60, Batch:5,     progress_callback.py:218
                    loss:1.130609, finished 56.83%.                             
[20:01:45] INFO     Rank: 0 - Epoch:34/60, Batch:6,     progress_callback.py:218
                    loss:1.211688, finished 56.86%.                             
[20:01:54] INFO     Rank: 0 - Epoch:34/60, Batch:7,     progress_callback.py:218
                    loss:1.289342, finished 56.89%.                             
[20:02:00] INFO     Rank: 0 - Epoch:34/60, Batch:8,     progress_callback.py:218
                    loss:1.29035, finished 56.92%.                              
[20:02:07] INFO     Rank: 0 - Epoch:34/60, Batch:9,     progress_callback.py:218
                    loss:1.387462, finished 56.96%.                             
[20:02:15] INFO     Rank: 0 - Epoch:34/60, Batch:10,    progress_callback.py:218
                    loss:1.151217, finished 56.99%.                             
[20:02:23] INFO     Rank: 0 - Epoch:34/60, Batch:11,    progress_callback.py:218
                    loss:1.232784, finished 57.02%.                             
[20:02:30] INFO     Rank: 0 - Epoch:34/60, Batch:12,    progress_callback.py:218
                    loss:1.206657, finished 57.05%.                             
[20:02:35] INFO     Rank: 0 - Contrastive loss is                 callback.py:66
                    0.6694471716880799, nll_loss is                             
                    0.5456642150878906                                          
[20:02:38] INFO     Rank: 0 - Epoch:34/60, Batch:13,    progress_callback.py:218
                    loss:1.24276, finished 57.08%.                              
[20:02:48] INFO     Rank: 0 - Epoch:34/60, Batch:14,    progress_callback.py:218
                    loss:1.161855, finished 57.12%.                             
[20:02:58] INFO     Rank: 0 - Epoch:34/60, Batch:15,    progress_callback.py:218
                    loss:1.143638, finished 57.15%.                             
[20:03:07] INFO     Rank: 0 - Epoch:34/60, Batch:16,    progress_callback.py:218
                    loss:1.319669, finished 57.18%.                             
[20:03:15] INFO     Rank: 0 - Epoch:34/60, Batch:17,    progress_callback.py:218
                    loss:0.970558, finished 57.21%.                             
[20:03:24] INFO     Rank: 0 - Epoch:34/60, Batch:18,    progress_callback.py:218
                    loss:1.20046, finished 57.24%.                              
[20:03:33] INFO     Rank: 0 - Epoch:34/60, Batch:19,    progress_callback.py:218
                    loss:1.212064, finished 57.28%.                             
[20:03:40] INFO     Rank: 0 - Epoch:34/60, Batch:20,    progress_callback.py:218
                    loss:1.000604, finished 57.31%.                             
[20:03:51] INFO     Rank: 0 - Epoch:34/60, Batch:21,    progress_callback.py:218
                    loss:1.314027, finished 57.34%.                             
[20:04:01] INFO     Rank: 0 - Epoch:34/60, Batch:22,    progress_callback.py:218
                    loss:1.16103, finished 57.37%.                              
[20:04:07] INFO     Rank: 0 - Contrastive loss is                 callback.py:66
                    0.6271670043468476, nll_loss is                             
                    0.5354346096515655                                          
[20:04:08] INFO     Rank: 0 - Epoch:34/60, Batch:23,    progress_callback.py:218
                    loss:1.14211, finished 57.4%.                               
[20:04:16] INFO     Rank: 0 - Epoch:34/60, Batch:24,    progress_callback.py:218
                    loss:1.444453, finished 57.44%.                             
[20:04:24] INFO     Rank: 0 - Epoch:34/60, Batch:25,    progress_callback.py:218
                    loss:1.089006, finished 57.47%.                             
[20:04:31] INFO     Rank: 0 - Epoch:34/60, Batch:26,    progress_callback.py:218
                    loss:1.370419, finished 57.5%.                              
[20:04:38] INFO     Rank: 0 - Epoch:34/60, Batch:27,    progress_callback.py:218
                    loss:1.379636, finished 57.53%.                             
[20:04:48] INFO     Rank: 0 - Epoch:34/60, Batch:28,    progress_callback.py:218
                    loss:1.328405, finished 57.56%.                             
[20:04:55] INFO     Rank: 0 - Epoch:34/60, Batch:29,    progress_callback.py:218
                    loss:1.238893, finished 57.6%.                              
[20:05:04] INFO     Rank: 0 - Epoch:34/60, Batch:30,    progress_callback.py:218
                    loss:0.943497, finished 57.63%.                             
[20:05:11] INFO     Rank: 0 - Epoch:34/60, Batch:31,    progress_callback.py:218
                    loss:1.272891, finished 57.66%.                             
[20:05:19] INFO     Rank: 0 - Epoch:34/60, Batch:32,    progress_callback.py:218
                    loss:1.096457, finished 57.69%.                             
           INFO     Rank: 0 -                                   evaluator.py:317
                    **********Evaluation starts**********                       
[20:05:33] INFO     Rank: 0 - **********Evaluation              evaluator.py:349
                    ends**********                                              
                                                                                
           INFO     Rank: 0 - ----------Eval. results   progress_callback.py:233
                    on Epoch:34, Batch:32----------                             
           INFO     Rank: 0 -                           progress_callback.py:238
                    {"torch_ngram#ngram-overlap":                               
                    0.4517841339111328}                                         
[20:05:37] INFO     Rank: 0 - Contrastive loss is                 callback.py:66
                    0.6526891350746155, nll_loss is                             
                    0.5786469101905822                                          
[20:05:40] INFO     Rank: 0 - Epoch:34/60, Batch:33,    progress_callback.py:218
                    loss:1.149705, finished 57.72%.                             
[20:05:49] INFO     Rank: 0 - Epoch:34/60, Batch:34,    progress_callback.py:218
                    loss:1.147219, finished 57.76%.                             
[20:05:57] INFO     Rank: 0 - Epoch:34/60, Batch:35,    progress_callback.py:218
                    loss:1.140167, finished 57.79%.                             
[20:06:07] INFO     Rank: 0 - Epoch:34/60, Batch:36,    progress_callback.py:218
                    loss:1.050097, finished 57.82%.                             
[20:06:15] INFO     Rank: 0 - Epoch:34/60, Batch:37,    progress_callback.py:218
                    loss:1.226771, finished 57.85%.                             
[20:06:22] INFO     Rank: 0 - Epoch:34/60, Batch:38,    progress_callback.py:218
                    loss:1.08878, finished 57.88%.                              
[20:06:28] INFO     Rank: 0 - Epoch:34/60, Batch:39,    progress_callback.py:218
                    loss:1.107286, finished 57.92%.                             
[20:06:40] INFO     Rank: 0 - Epoch:34/60, Batch:40,    progress_callback.py:218
                    loss:0.873664, finished 57.95%.                             
[20:06:47] INFO     Rank: 0 - Epoch:34/60, Batch:41,    progress_callback.py:218
                    loss:1.155156, finished 57.98%.                             
[20:06:54] INFO     Rank: 0 - Epoch:34/60, Batch:42,    progress_callback.py:218
                    loss:1.221294, finished 58.01%.                             
[20:06:59] INFO     Rank: 0 - Contrastive loss is                 callback.py:66
                    0.654604896903038, nll_loss is                              
                    0.4880067020654678                                          
[20:07:02] INFO     Rank: 0 - Epoch:34/60, Batch:43,    progress_callback.py:218
                    loss:1.415682, finished 58.04%.                             
[20:07:09] INFO     Rank: 0 - Epoch:34/60, Batch:44,    progress_callback.py:218
                    loss:1.134851, finished 58.08%.                             
[20:07:17] INFO     Rank: 0 - Epoch:34/60, Batch:45,    progress_callback.py:218
                    loss:1.450953, finished 58.11%.                             
[20:07:27] INFO     Rank: 0 - Epoch:34/60, Batch:46,    progress_callback.py:218
                    loss:1.038227, finished 58.14%.                             
[20:07:36] INFO     Rank: 0 - Epoch:34/60, Batch:47,    progress_callback.py:218
                    loss:0.970224, finished 58.17%.                             
[20:07:45] INFO     Rank: 0 - Epoch:34/60, Batch:48,    progress_callback.py:218
                    loss:1.078934, finished 58.21%.                             
[20:07:53] INFO     Rank: 0 - Epoch:34/60, Batch:49,    progress_callback.py:218
                    loss:1.35312, finished 58.24%.                              
[20:08:00] INFO     Rank: 0 - Epoch:34/60, Batch:50,    progress_callback.py:218
                    loss:1.222895, finished 58.27%.                             
[20:08:07] INFO     Rank: 0 - Epoch:34/60, Batch:51,    progress_callback.py:218
                    loss:1.22342, finished 58.3%.                               
[20:08:14] INFO     Rank: 0 - Epoch:34/60, Batch:52,    progress_callback.py:218
                    loss:1.337538, finished 58.33%.                             
           INFO     Rank: 0 -                           progress_callback.py:204
                    **********Epoch:35 starts**********                         
[20:08:21] INFO     Rank: 0 - Contrastive loss is                 callback.py:66
                    0.6431890338659286, nll_loss is                             
                    0.5351349085569381                                          
[20:08:25] INFO     Rank: 0 - Epoch:35/60, Batch:1,     progress_callback.py:218
                    loss:0.973078, finished 58.37%.                             
[20:08:32] INFO     Rank: 0 - Epoch:35/60, Batch:2,     progress_callback.py:218
                    loss:1.011711, finished 58.4%.                              
[20:08:41] INFO     Rank: 0 - Epoch:35/60, Batch:3,     progress_callback.py:218
                    loss:1.218414, finished 58.43%.                             
[20:08:51] INFO     Rank: 0 - Epoch:35/60, Batch:4,     progress_callback.py:218
                    loss:1.369123, finished 58.46%.                             
[20:08:59] INFO     Rank: 0 - Epoch:35/60, Batch:5,     progress_callback.py:218
                    loss:1.186774, finished 58.49%.                             
[20:09:09] INFO     Rank: 0 - Epoch:35/60, Batch:6,     progress_callback.py:218
                    loss:1.199578, finished 58.53%.                             
[20:09:18] INFO     Rank: 0 - Epoch:35/60, Batch:7,     progress_callback.py:218
                    loss:1.191095, finished 58.56%.                             
[20:09:25] INFO     Rank: 0 - Epoch:35/60, Batch:8,     progress_callback.py:218
                    loss:1.278741, finished 58.59%.                             
[20:09:33] INFO     Rank: 0 - Epoch:35/60, Batch:9,     progress_callback.py:218
                    loss:1.327397, finished 58.62%.                             
[20:09:43] INFO     Rank: 0 - Epoch:35/60, Batch:10,    progress_callback.py:218
                    loss:1.217151, finished 58.65%.                             
[20:09:49] INFO     Rank: 0 - Contrastive loss is                 callback.py:66
                    0.6600075423717499, nll_loss is                             
                    0.5687946021556854                                          
[20:09:52] INFO     Rank: 0 - Epoch:35/60, Batch:11,    progress_callback.py:218
                    loss:1.28804, finished 58.69%.                              
[20:10:03] INFO     Rank: 0 - Epoch:35/60, Batch:12,    progress_callback.py:218
                    loss:1.124933, finished 58.72%.                             
[20:10:14] INFO     Rank: 0 - Epoch:35/60, Batch:13,    progress_callback.py:218
                    loss:1.157071, finished 58.75%.                             
[20:10:22] INFO     Rank: 0 - Epoch:35/60, Batch:14,    progress_callback.py:218
                    loss:1.140236, finished 58.78%.                             
[20:10:29] INFO     Rank: 0 - Epoch:35/60, Batch:15,    progress_callback.py:218
                    loss:1.208338, finished 58.81%.                             
[20:10:37] INFO     Rank: 0 - Epoch:35/60, Batch:16,    progress_callback.py:218
                    loss:1.26104, finished 58.85%.                              
[20:10:43] INFO     Rank: 0 - Epoch:35/60, Batch:17,    progress_callback.py:218
                    loss:0.987421, finished 58.88%.                             
[20:10:51] INFO     Rank: 0 - Epoch:35/60, Batch:18,    progress_callback.py:218
                    loss:1.110444, finished 58.91%.                             
[20:10:59] INFO     Rank: 0 - Epoch:35/60, Batch:19,    progress_callback.py:218
                    loss:1.349868, finished 58.94%.                             
[20:11:07] INFO     Rank: 0 - Epoch:35/60, Batch:20,    progress_callback.py:218
                    loss:0.898371, finished 58.97%.                             
           INFO     Rank: 0 -                                   evaluator.py:317
                    **********Evaluation starts**********                       
[20:11:21] INFO     Rank: 0 - **********Evaluation              evaluator.py:349
                    ends**********                                              
                                                                                
           INFO     Rank: 0 - ----------Eval. results   progress_callback.py:233
                    on Epoch:35, Batch:20----------                             
           INFO     Rank: 0 -                           progress_callback.py:238
                    {"torch_ngram#ngram-overlap":                               
                    0.4528254270553589}                                         
[20:11:25] INFO     Rank: 0 - Contrastive loss is                 callback.py:66
                    0.6534697949886322, nll_loss is                             
                    0.48007858395576475                                         
[20:11:28] INFO     Rank: 0 - Epoch:35/60, Batch:21,    progress_callback.py:218
                    loss:1.097762, finished 59.01%.                             
[20:11:36] INFO     Rank: 0 - Epoch:35/60, Batch:22,    progress_callback.py:218
                    loss:1.282461, finished 59.04%.                             
[20:11:43] INFO     Rank: 0 - Epoch:35/60, Batch:23,    progress_callback.py:218
                    loss:1.080128, finished 59.07%.                             
[20:11:52] INFO     Rank: 0 - Epoch:35/60, Batch:24,    progress_callback.py:218
                    loss:1.088422, finished 59.1%.                              
[20:11:59] INFO     Rank: 0 - Epoch:35/60, Batch:25,    progress_callback.py:218
                    loss:1.21544, finished 59.13%.                              
[20:12:06] INFO     Rank: 0 - Epoch:35/60, Batch:26,    progress_callback.py:218
                    loss:1.107986, finished 59.17%.                             
[20:12:16] INFO     Rank: 0 - Epoch:35/60, Batch:27,    progress_callback.py:218
                    loss:1.204382, finished 59.2%.                              
[20:12:27] INFO     Rank: 0 - Epoch:35/60, Batch:28,    progress_callback.py:218
                    loss:1.152526, finished 59.23%.                             
[20:12:36] INFO     Rank: 0 - Epoch:35/60, Batch:29,    progress_callback.py:218
                    loss:1.005728, finished 59.26%.                             
[20:12:44] INFO     Rank: 0 - Epoch:35/60, Batch:30,    progress_callback.py:218
                    loss:1.171131, finished 59.29%.                             
[20:12:50] INFO     Rank: 0 - Contrastive loss is                 callback.py:66
                    0.6737836241722107, nll_loss is                             
                    0.5018045902252197                                          
[20:12:55] INFO     Rank: 0 - Epoch:35/60, Batch:31,    progress_callback.py:218
                    loss:1.447676, finished 59.33%.                             
[20:13:03] INFO     Rank: 0 - Epoch:35/60, Batch:32,    progress_callback.py:218
                    loss:1.529704, finished 59.36%.                             
[20:13:10] INFO     Rank: 0 - Epoch:35/60, Batch:33,    progress_callback.py:218
                    loss:1.036934, finished 59.39%.                             
[20:13:20] INFO     Rank: 0 - Epoch:35/60, Batch:34,    progress_callback.py:218
                    loss:1.133624, finished 59.42%.                             
[20:13:29] INFO     Rank: 0 - Epoch:35/60, Batch:35,    progress_callback.py:218
                    loss:0.991992, finished 59.46%.                             
[20:13:36] INFO     Rank: 0 - Epoch:35/60, Batch:36,    progress_callback.py:218
                    loss:0.977687, finished 59.49%.                             
[20:13:47] INFO     Rank: 0 - Epoch:35/60, Batch:37,    progress_callback.py:218
                    loss:1.222129, finished 59.52%.                             
[20:13:54] INFO     Rank: 0 - Epoch:35/60, Batch:38,    progress_callback.py:218
                    loss:0.985515, finished 59.55%.                             
[20:14:06] INFO     Rank: 0 - Epoch:35/60, Batch:39,    progress_callback.py:218
                    loss:1.297174, finished 59.58%.                             
[20:14:14] INFO     Rank: 0 - Epoch:35/60, Batch:40,    progress_callback.py:218
                    loss:1.15836, finished 59.62%.                              
[20:14:23] INFO     Rank: 0 - Contrastive loss is                 callback.py:66
                    0.6315750539302826, nll_loss is                             
                    0.4970556676387787                                          
[20:14:24] INFO     Rank: 0 - Epoch:35/60, Batch:41,    progress_callback.py:218
                    loss:0.953188, finished 59.65%.                             
[20:14:31] INFO     Rank: 0 - Epoch:35/60, Batch:42,    progress_callback.py:218
                    loss:0.963331, finished 59.68%.                             
[20:14:37] INFO     Rank: 0 - Epoch:35/60, Batch:43,    progress_callback.py:218
                    loss:1.288607, finished 59.71%.                             
[20:14:44] INFO     Rank: 0 - Epoch:35/60, Batch:44,    progress_callback.py:218
                    loss:1.15784, finished 59.74%.                              
[20:14:52] INFO     Rank: 0 - Epoch:35/60, Batch:45,    progress_callback.py:218
                    loss:1.165936, finished 59.78%.                             
[20:15:01] INFO     Rank: 0 - Epoch:35/60, Batch:46,    progress_callback.py:218
                    loss:1.081612, finished 59.81%.                             
[20:15:09] INFO     Rank: 0 - Epoch:35/60, Batch:47,    progress_callback.py:218
                    loss:1.144554, finished 59.84%.                             
[20:15:18] INFO     Rank: 0 - Epoch:35/60, Batch:48,    progress_callback.py:218
                    loss:1.365542, finished 59.87%.                             
[20:15:27] INFO     Rank: 0 - Epoch:35/60, Batch:49,    progress_callback.py:218
                    loss:0.966138, finished 59.9%.                              
[20:15:34] INFO     Rank: 0 - Epoch:35/60, Batch:50,    progress_callback.py:218
                    loss:1.090645, finished 59.94%.                             
[20:15:42] INFO     Rank: 0 - Contrastive loss is                 callback.py:66
                    0.6503714919090271, nll_loss is                             
                    0.48297556638717654                                         
[20:15:45] INFO     Rank: 0 - Epoch:35/60, Batch:51,    progress_callback.py:218
                    loss:1.109266, finished 59.97%.                             
[20:15:52] INFO     Rank: 0 - Epoch:35/60, Batch:52,    progress_callback.py:218
                    loss:1.192819, finished 60.0%.                              
           INFO     Rank: 0 -                           progress_callback.py:204
                    **********Epoch:36 starts**********                         
[20:16:00] INFO     Rank: 0 - Epoch:36/60, Batch:1,     progress_callback.py:218
                    loss:1.127897, finished 60.03%.                             
[20:16:08] INFO     Rank: 0 - Epoch:36/60, Batch:2,     progress_callback.py:218
                    loss:1.265049, finished 60.06%.                             
[20:16:15] INFO     Rank: 0 - Epoch:36/60, Batch:3,     progress_callback.py:218
                    loss:1.331362, finished 60.1%.                              
[20:16:24] INFO     Rank: 0 - Epoch:36/60, Batch:4,     progress_callback.py:218
                    loss:1.275259, finished 60.13%.                             
[20:16:31] INFO     Rank: 0 - Epoch:36/60, Batch:5,     progress_callback.py:218
                    loss:1.265392, finished 60.16%.                             
[20:16:42] INFO     Rank: 0 - Epoch:36/60, Batch:6,     progress_callback.py:218
                    loss:1.295008, finished 60.19%.                             
[20:16:51] INFO     Rank: 0 - Epoch:36/60, Batch:7,     progress_callback.py:218
                    loss:1.082579, finished 60.22%.                             
[20:16:58] INFO     Rank: 0 - Epoch:36/60, Batch:8,     progress_callback.py:218
                    loss:1.167779, finished 60.26%.                             
           INFO     Rank: 0 -                                   evaluator.py:317
                    **********Evaluation starts**********                       
[20:17:11] INFO     Rank: 0 - **********Evaluation              evaluator.py:349
                    ends**********                                              
                                                                                
           INFO     Rank: 0 - ----------Eval. results   progress_callback.py:233
                    on Epoch:36, Batch:8----------                              
           INFO     Rank: 0 -                           progress_callback.py:238
                    {"torch_ngram#ngram-overlap":                               
                    0.4516979455947876}                                         
[20:17:16] INFO     Rank: 0 - Contrastive loss is                 callback.py:66
                    0.6821652472019195, nll_loss is                             
                    0.531486052274704                                           
[20:17:17] INFO     Rank: 0 - Epoch:36/60, Batch:9,     progress_callback.py:218
                    loss:1.133371, finished 60.29%.                             
[20:17:25] INFO     Rank: 0 - Epoch:36/60, Batch:10,    progress_callback.py:218
                    loss:1.285829, finished 60.32%.                             
[20:17:33] INFO     Rank: 0 - Epoch:36/60, Batch:11,    progress_callback.py:218
                    loss:1.262809, finished 60.35%.                             
[20:17:42] INFO     Rank: 0 - Epoch:36/60, Batch:12,    progress_callback.py:218
                    loss:1.262923, finished 60.38%.                             
[20:17:51] INFO     Rank: 0 - Epoch:36/60, Batch:13,    progress_callback.py:218
                    loss:1.107906, finished 60.42%.                             
[20:18:00] INFO     Rank: 0 - Epoch:36/60, Batch:14,    progress_callback.py:218
                    loss:1.111316, finished 60.45%.                             
[20:18:08] INFO     Rank: 0 - Epoch:36/60, Batch:15,    progress_callback.py:218
                    loss:1.192154, finished 60.48%.                             
[20:18:23] INFO     Rank: 0 - Epoch:36/60, Batch:16,    progress_callback.py:218
                    loss:0.913536, finished 60.51%.                             
[20:18:31] INFO     Rank: 0 - Epoch:36/60, Batch:17,    progress_callback.py:218
                    loss:1.29251, finished 60.54%.                              
[20:18:40] INFO     Rank: 0 - Epoch:36/60, Batch:18,    progress_callback.py:218
                    loss:1.149479, finished 60.58%.                             
[20:18:45] INFO     Rank: 0 - Contrastive loss is                 callback.py:66
                    0.662020230293274, nll_loss is                              
                    0.5208197355270385                                          
[20:18:47] INFO     Rank: 0 - Epoch:36/60, Batch:19,    progress_callback.py:218
                    loss:1.249939, finished 60.61%.                             
[20:18:58] INFO     Rank: 0 - Epoch:36/60, Batch:20,    progress_callback.py:218
                    loss:1.07609, finished 60.64%.                              
[20:19:04] INFO     Rank: 0 - Epoch:36/60, Batch:21,    progress_callback.py:218
                    loss:1.146319, finished 60.67%.                             
[20:19:10] INFO     Rank: 0 - Epoch:36/60, Batch:22,    progress_callback.py:218
                    loss:1.284323, finished 60.71%.                             
[20:19:19] INFO     Rank: 0 - Epoch:36/60, Batch:23,    progress_callback.py:218
                    loss:1.053517, finished 60.74%.                             
[20:19:26] INFO     Rank: 0 - Epoch:36/60, Batch:24,    progress_callback.py:218
                    loss:1.038901, finished 60.77%.                             
[20:19:33] INFO     Rank: 0 - Epoch:36/60, Batch:25,    progress_callback.py:218
                    loss:1.245425, finished 60.8%.                              
[20:19:41] INFO     Rank: 0 - Epoch:36/60, Batch:26,    progress_callback.py:218
                    loss:1.163018, finished 60.83%.                             
[20:19:48] INFO     Rank: 0 - Epoch:36/60, Batch:27,    progress_callback.py:218
                    loss:1.213202, finished 60.87%.                             
[20:19:55] INFO     Rank: 0 - Epoch:36/60, Batch:28,    progress_callback.py:218
                    loss:1.242631, finished 60.9%.                              
[20:20:00] INFO     Rank: 0 - Contrastive loss is                 callback.py:66
                    0.6451135575771332, nll_loss is                             
                    0.4988402187824249                                          
[20:20:03] INFO     Rank: 0 - Epoch:36/60, Batch:29,    progress_callback.py:218
                    loss:0.976113, finished 60.93%.                             
[20:20:11] INFO     Rank: 0 - Epoch:36/60, Batch:30,    progress_callback.py:218
                    loss:1.179106, finished 60.96%.                             
[20:20:17] INFO     Rank: 0 - Epoch:36/60, Batch:31,    progress_callback.py:218
                    loss:1.409601, finished 60.99%.                             
[20:20:25] INFO     Rank: 0 - Epoch:36/60, Batch:32,    progress_callback.py:218
                    loss:1.190737, finished 61.03%.                             
[20:20:31] INFO     Rank: 0 - Epoch:36/60, Batch:33,    progress_callback.py:218
                    loss:1.07055, finished 61.06%.                              
[20:20:38] INFO     Rank: 0 - Epoch:36/60, Batch:34,    progress_callback.py:218
                    loss:1.345699, finished 61.09%.                             
[20:20:45] INFO     Rank: 0 - Epoch:36/60, Batch:35,    progress_callback.py:218
                    loss:0.950565, finished 61.12%.                             
[20:20:53] INFO     Rank: 0 - Epoch:36/60, Batch:36,    progress_callback.py:218
                    loss:1.101186, finished 61.15%.                             
[20:21:02] INFO     Rank: 0 - Epoch:36/60, Batch:37,    progress_callback.py:218
                    loss:1.110724, finished 61.19%.                             
[20:21:08] INFO     Rank: 0 - Epoch:36/60, Batch:38,    progress_callback.py:218
                    loss:1.103474, finished 61.22%.                             
[20:21:16] INFO     Rank: 0 - Contrastive loss is                 callback.py:66
                    0.6520600616931915, nll_loss is                             
                    0.4999720513820648                                          
[20:21:18] INFO     Rank: 0 - Epoch:36/60, Batch:39,    progress_callback.py:218
                    loss:1.058679, finished 61.25%.                             
[20:21:28] INFO     Rank: 0 - Epoch:36/60, Batch:40,    progress_callback.py:218
                    loss:1.147074, finished 61.28%.                             
[20:21:35] INFO     Rank: 0 - Epoch:36/60, Batch:41,    progress_callback.py:218
                    loss:1.195656, finished 61.31%.                             
[20:21:44] INFO     Rank: 0 - Epoch:36/60, Batch:42,    progress_callback.py:218
                    loss:1.448963, finished 61.35%.                             
[20:21:53] INFO     Rank: 0 - Epoch:36/60, Batch:43,    progress_callback.py:218
                    loss:1.092041, finished 61.38%.                             
[20:22:02] INFO     Rank: 0 - Epoch:36/60, Batch:44,    progress_callback.py:218
                    loss:1.178567, finished 61.41%.                             
[20:22:09] INFO     Rank: 0 - Epoch:36/60, Batch:45,    progress_callback.py:218
                    loss:1.246387, finished 61.44%.                             
[20:22:18] INFO     Rank: 0 - Epoch:36/60, Batch:46,    progress_callback.py:218
                    loss:1.139427, finished 61.47%.                             
[20:22:28] INFO     Rank: 0 - Epoch:36/60, Batch:47,    progress_callback.py:218
                    loss:1.227288, finished 61.51%.                             
[20:22:35] INFO     Rank: 0 - Epoch:36/60, Batch:48,    progress_callback.py:218
                    loss:0.858799, finished 61.54%.                             
           INFO     Rank: 0 -                                   evaluator.py:317
                    **********Evaluation starts**********                       
[20:22:49] INFO     Rank: 0 - **********Evaluation              evaluator.py:349
                    ends**********                                              
                                                                                
           INFO     Rank: 0 - ----------Eval. results   progress_callback.py:233
                    on Epoch:36, Batch:48----------                             
           INFO     Rank: 0 -                           progress_callback.py:238
                    {"torch_ngram#ngram-overlap":                               
                    0.4528391659259796}                                         
[20:22:54] INFO     Rank: 0 - Contrastive loss is                 callback.py:66
                    0.6662006229162216, nll_loss is                             
                    0.5031406432390213                                          
[20:22:56] INFO     Rank: 0 - Epoch:36/60, Batch:49,    progress_callback.py:218
                    loss:1.159211, finished 61.57%.                             
[20:23:02] INFO     Rank: 0 - Epoch:36/60, Batch:50,    progress_callback.py:218
                    loss:1.091408, finished 61.6%.                              
[20:23:13] INFO     Rank: 0 - Epoch:36/60, Batch:51,    progress_callback.py:218
                    loss:1.068605, finished 61.63%.                             
[20:23:21] INFO     Rank: 0 - Epoch:36/60, Batch:52,    progress_callback.py:218
                    loss:1.143636, finished 61.67%.                             
           INFO     Rank: 0 -                           progress_callback.py:204
                    **********Epoch:37 starts**********                         
[20:23:29] INFO     Rank: 0 - Epoch:37/60, Batch:1,     progress_callback.py:218
                    loss:1.218956, finished 61.7%.                              
[20:23:37] INFO     Rank: 0 - Epoch:37/60, Batch:2,     progress_callback.py:218
                    loss:1.038122, finished 61.73%.                             
[20:23:45] INFO     Rank: 0 - Epoch:37/60, Batch:3,     progress_callback.py:218
                    loss:1.182783, finished 61.76%.                             
[20:23:54] INFO     Rank: 0 - Epoch:37/60, Batch:4,     progress_callback.py:218
                    loss:1.020919, finished 61.79%.                             
[20:24:01] INFO     Rank: 0 - Epoch:37/60, Batch:5,     progress_callback.py:218
                    loss:1.071774, finished 61.83%.                             
[20:24:08] INFO     Rank: 0 - Epoch:37/60, Batch:6,     progress_callback.py:218
                    loss:1.030779, finished 61.86%.                             
[20:24:13] INFO     Rank: 0 - Contrastive loss is                 callback.py:66
                    0.613094562292099, nll_loss is                              
                    0.5244568407535553                                          
[20:24:15] INFO     Rank: 0 - Epoch:37/60, Batch:7,     progress_callback.py:218
                    loss:1.508533, finished 61.89%.                             
[20:24:21] INFO     Rank: 0 - Epoch:37/60, Batch:8,     progress_callback.py:218
                    loss:1.100031, finished 61.92%.                             
[20:24:31] INFO     Rank: 0 - Epoch:37/60, Batch:9,     progress_callback.py:218
                    loss:1.271966, finished 61.96%.                             
[20:24:41] INFO     Rank: 0 - Epoch:37/60, Batch:10,    progress_callback.py:218
                    loss:1.193758, finished 61.99%.                             
[20:24:47] INFO     Rank: 0 - Epoch:37/60, Batch:11,    progress_callback.py:218
                    loss:1.067341, finished 62.02%.                             
[20:24:56] INFO     Rank: 0 - Epoch:37/60, Batch:12,    progress_callback.py:218
                    loss:1.193432, finished 62.05%.                             
[20:25:03] INFO     Rank: 0 - Epoch:37/60, Batch:13,    progress_callback.py:218
                    loss:1.100175, finished 62.08%.                             
[20:25:10] INFO     Rank: 0 - Epoch:37/60, Batch:14,    progress_callback.py:218
                    loss:1.059181, finished 62.12%.                             
[20:25:16] INFO     Rank: 0 - Epoch:37/60, Batch:15,    progress_callback.py:218
                    loss:1.275074, finished 62.15%.                             
[20:25:22] INFO     Rank: 0 - Epoch:37/60, Batch:16,    progress_callback.py:218
                    loss:1.386099, finished 62.18%.                             
[20:25:33] INFO     Rank: 0 - Contrastive loss is                 callback.py:66
                    0.6494093239307404, nll_loss is                             
                    0.5401109278202056                                          
           INFO     Rank: 0 - Epoch:37/60, Batch:17,    progress_callback.py:218
                    loss:1.248144, finished 62.21%.                             
[20:25:42] INFO     Rank: 0 - Epoch:37/60, Batch:18,    progress_callback.py:218
                    loss:1.125502, finished 62.24%.                             
[20:25:53] INFO     Rank: 0 - Epoch:37/60, Batch:19,    progress_callback.py:218
                    loss:1.297608, finished 62.28%.                             
[20:26:00] INFO     Rank: 0 - Epoch:37/60, Batch:20,    progress_callback.py:218
                    loss:1.026786, finished 62.31%.                             
[20:26:06] INFO     Rank: 0 - Epoch:37/60, Batch:21,    progress_callback.py:218
                    loss:1.172992, finished 62.34%.                             
[20:26:16] INFO     Rank: 0 - Epoch:37/60, Batch:22,    progress_callback.py:218
                    loss:0.983375, finished 62.37%.                             
[20:26:23] INFO     Rank: 0 - Epoch:37/60, Batch:23,    progress_callback.py:218
                    loss:1.164935, finished 62.4%.                              
[20:26:32] INFO     Rank: 0 - Epoch:37/60, Batch:24,    progress_callback.py:218
                    loss:1.114831, finished 62.44%.                             
[20:26:38] INFO     Rank: 0 - Epoch:37/60, Batch:25,    progress_callback.py:218
                    loss:1.189035, finished 62.47%.                             
[20:26:45] INFO     Rank: 0 - Epoch:37/60, Batch:26,    progress_callback.py:218
                    loss:1.27955, finished 62.5%.                               
[20:26:50] INFO     Rank: 0 - Contrastive loss is                 callback.py:66
                    0.6541314840316772, nll_loss is                             
                    0.5196179032325745                                          
[20:26:54] INFO     Rank: 0 - Epoch:37/60, Batch:27,    progress_callback.py:218
                    loss:1.38288, finished 62.53%.                              
[20:27:02] INFO     Rank: 0 - Epoch:37/60, Batch:28,    progress_callback.py:218
                    loss:0.976063, finished 62.56%.                             
[20:27:09] INFO     Rank: 0 - Epoch:37/60, Batch:29,    progress_callback.py:218
                    loss:1.164374, finished 62.6%.                              
[20:27:16] INFO     Rank: 0 - Epoch:37/60, Batch:30,    progress_callback.py:218
                    loss:1.300659, finished 62.63%.                             
[20:27:25] INFO     Rank: 0 - Epoch:37/60, Batch:31,    progress_callback.py:218
                    loss:1.309168, finished 62.66%.                             
[20:27:32] INFO     Rank: 0 - Epoch:37/60, Batch:32,    progress_callback.py:218
                    loss:1.388898, finished 62.69%.                             
[20:27:39] INFO     Rank: 0 - Epoch:37/60, Batch:33,    progress_callback.py:218
                    loss:1.165485, finished 62.72%.                             
[20:27:47] INFO     Rank: 0 - Epoch:37/60, Batch:34,    progress_callback.py:218
                    loss:1.262132, finished 62.76%.                             
[20:27:55] INFO     Rank: 0 - Epoch:37/60, Batch:35,    progress_callback.py:218
                    loss:1.072812, finished 62.79%.                             
[20:28:04] INFO     Rank: 0 - Epoch:37/60, Batch:36,    progress_callback.py:218
                    loss:0.940363, finished 62.82%.                             
           INFO     Rank: 0 -                                   evaluator.py:317
                    **********Evaluation starts**********                       
[20:28:17] INFO     Rank: 0 - **********Evaluation              evaluator.py:349
                    ends**********                                              
                                                                                
           INFO     Rank: 0 - ----------Eval. results   progress_callback.py:233
                    on Epoch:37, Batch:36----------                             
           INFO     Rank: 0 -                           progress_callback.py:238
                    {"torch_ngram#ngram-overlap":                               
                    0.45153000950813293}                                        
[20:28:23] INFO     Rank: 0 - Contrastive loss is                 callback.py:66
                    0.6752139747142791, nll_loss is                             
                    0.49007830023765564                                         
[20:28:25] INFO     Rank: 0 - Epoch:37/60, Batch:37,    progress_callback.py:218
                    loss:1.072969, finished 62.85%.                             
[20:28:32] INFO     Rank: 0 - Epoch:37/60, Batch:38,    progress_callback.py:218
                    loss:1.194394, finished 62.88%.                             
[20:28:41] INFO     Rank: 0 - Epoch:37/60, Batch:39,    progress_callback.py:218
                    loss:1.186988, finished 62.92%.                             
[20:28:47] INFO     Rank: 0 - Epoch:37/60, Batch:40,    progress_callback.py:218
                    loss:1.028848, finished 62.95%.                             
[20:28:57] INFO     Rank: 0 - Epoch:37/60, Batch:41,    progress_callback.py:218
                    loss:1.203875, finished 62.98%.                             
[20:29:05] INFO     Rank: 0 - Epoch:37/60, Batch:42,    progress_callback.py:218
                    loss:0.877774, finished 63.01%.                             
[20:29:12] INFO     Rank: 0 - Epoch:37/60, Batch:43,    progress_callback.py:218
                    loss:1.279975, finished 63.04%.                             
[20:29:22] INFO     Rank: 0 - Epoch:37/60, Batch:44,    progress_callback.py:218
                    loss:1.101698, finished 63.08%.                             
[20:29:30] INFO     Rank: 0 - Epoch:37/60, Batch:45,    progress_callback.py:218
                    loss:1.396337, finished 63.11%.                             
[20:29:37] INFO     Rank: 0 - Epoch:37/60, Batch:46,    progress_callback.py:218
                    loss:1.091168, finished 63.14%.                             
[20:29:43] INFO     Rank: 0 - Contrastive loss is                 callback.py:66
                    0.6586109161376953, nll_loss is                             
                    0.49496004581451414                                         
[20:29:46] INFO     Rank: 0 - Epoch:37/60, Batch:47,    progress_callback.py:218
                    loss:1.174652, finished 63.17%.                             
[20:29:55] INFO     Rank: 0 - Epoch:37/60, Batch:48,    progress_callback.py:218
                    loss:1.118314, finished 63.21%.                             
[20:30:02] INFO     Rank: 0 - Epoch:37/60, Batch:49,    progress_callback.py:218
                    loss:1.183083, finished 63.24%.                             
[20:30:10] INFO     Rank: 0 - Epoch:37/60, Batch:50,    progress_callback.py:218
                    loss:1.136057, finished 63.27%.                             
[20:30:18] INFO     Rank: 0 - Epoch:37/60, Batch:51,    progress_callback.py:218
                    loss:1.250806, finished 63.3%.                              
[20:30:24] INFO     Rank: 0 - Epoch:37/60, Batch:52,    progress_callback.py:218
                    loss:1.205164, finished 63.33%.                             
           INFO     Rank: 0 -                           progress_callback.py:204
                    **********Epoch:38 starts**********                         
[20:30:36] INFO     Rank: 0 - Epoch:38/60, Batch:1,     progress_callback.py:218
                    loss:0.924649, finished 63.37%.                             
[20:30:43] INFO     Rank: 0 - Epoch:38/60, Batch:2,     progress_callback.py:218
                    loss:1.252489, finished 63.4%.                              
[20:30:52] INFO     Rank: 0 - Epoch:38/60, Batch:3,     progress_callback.py:218
                    loss:1.177216, finished 63.43%.                             
[20:31:00] INFO     Rank: 0 - Epoch:38/60, Batch:4,     progress_callback.py:218
                    loss:1.150127, finished 63.46%.                             
[20:31:05] INFO     Rank: 0 - Contrastive loss is                 callback.py:66
                    0.6211524039506913, nll_loss is                             
                    0.5159321874380112                                          
[20:31:06] INFO     Rank: 0 - Epoch:38/60, Batch:5,     progress_callback.py:218
                    loss:0.972941, finished 63.49%.                             
[20:31:13] INFO     Rank: 0 - Epoch:38/60, Batch:6,     progress_callback.py:218
                    loss:1.32594, finished 63.53%.                              
[20:31:21] INFO     Rank: 0 - Epoch:38/60, Batch:7,     progress_callback.py:218
                    loss:1.254626, finished 63.56%.                             
[20:31:29] INFO     Rank: 0 - Epoch:38/60, Batch:8,     progress_callback.py:218
                    loss:1.135505, finished 63.59%.                             
[20:31:36] INFO     Rank: 0 - Epoch:38/60, Batch:9,     progress_callback.py:218
                    loss:1.187503, finished 63.62%.                             
[20:31:44] INFO     Rank: 0 - Epoch:38/60, Batch:10,    progress_callback.py:218
                    loss:0.999282, finished 63.65%.                             
[20:31:52] INFO     Rank: 0 - Epoch:38/60, Batch:11,    progress_callback.py:218
                    loss:1.189648, finished 63.69%.                             
[20:32:02] INFO     Rank: 0 - Epoch:38/60, Batch:12,    progress_callback.py:218
                    loss:1.147637, finished 63.72%.                             
[20:32:08] INFO     Rank: 0 - Epoch:38/60, Batch:13,    progress_callback.py:218
                    loss:1.13012, finished 63.75%.                              
[20:32:19] INFO     Rank: 0 - Epoch:38/60, Batch:14,    progress_callback.py:218
                    loss:1.192181, finished 63.78%.                             
[20:32:26] INFO     Rank: 0 - Contrastive loss is                 callback.py:66
                    0.6532968759536744, nll_loss is                             
                    0.49401092529296875                                         
[20:32:27] INFO     Rank: 0 - Epoch:38/60, Batch:15,    progress_callback.py:218
                    loss:0.910636, finished 63.81%.                             
[20:32:35] INFO     Rank: 0 - Epoch:38/60, Batch:16,    progress_callback.py:218
                    loss:1.369802, finished 63.85%.                             
[20:32:42] INFO     Rank: 0 - Epoch:38/60, Batch:17,    progress_callback.py:218
                    loss:1.318194, finished 63.88%.                             
[20:32:52] INFO     Rank: 0 - Epoch:38/60, Batch:18,    progress_callback.py:218
                    loss:1.220892, finished 63.91%.                             
[20:32:59] INFO     Rank: 0 - Epoch:38/60, Batch:19,    progress_callback.py:218
                    loss:0.993839, finished 63.94%.                             
[20:33:06] INFO     Rank: 0 - Epoch:38/60, Batch:20,    progress_callback.py:218
                    loss:1.167361, finished 63.97%.                             
[20:33:14] INFO     Rank: 0 - Epoch:38/60, Batch:21,    progress_callback.py:218
                    loss:1.163885, finished 64.01%.                             
[20:33:21] INFO     Rank: 0 - Epoch:38/60, Batch:22,    progress_callback.py:218
                    loss:1.042439, finished 64.04%.                             
[20:33:29] INFO     Rank: 0 - Epoch:38/60, Batch:23,    progress_callback.py:218
                    loss:1.235764, finished 64.07%.                             
[20:33:38] INFO     Rank: 0 - Epoch:38/60, Batch:24,    progress_callback.py:218
                    loss:0.963483, finished 64.1%.                              
           INFO     Rank: 0 -                                   evaluator.py:317
                    **********Evaluation starts**********                       
[20:33:50] INFO     Rank: 0 - **********Evaluation              evaluator.py:349
                    ends**********                                              
                                                                                
           INFO     Rank: 0 - ----------Eval. results   progress_callback.py:233
                    on Epoch:38, Batch:24----------                             
           INFO     Rank: 0 -                           progress_callback.py:238
                    {"torch_ngram#ngram-overlap":                               
                    0.45211949944496155}                                        
[20:33:58] INFO     Rank: 0 - Contrastive loss is                 callback.py:66
                    0.661599200963974, nll_loss is                              
                    0.5102258205413819                                          
           INFO     Rank: 0 - Epoch:38/60, Batch:25,    progress_callback.py:218
                    loss:1.242592, finished 64.13%.                             
[20:34:10] INFO     Rank: 0 - Epoch:38/60, Batch:26,    progress_callback.py:218
                    loss:1.32444, finished 64.17%.                              
[20:34:18] INFO     Rank: 0 - Epoch:38/60, Batch:27,    progress_callback.py:218
                    loss:1.109001, finished 64.2%.                              
[20:34:25] INFO     Rank: 0 - Epoch:38/60, Batch:28,    progress_callback.py:218
                    loss:1.190984, finished 64.23%.                             
[20:34:33] INFO     Rank: 0 - Epoch:38/60, Batch:29,    progress_callback.py:218
                    loss:1.329467, finished 64.26%.                             
[20:34:41] INFO     Rank: 0 - Epoch:38/60, Batch:30,    progress_callback.py:218
                    loss:1.172691, finished 64.29%.                             
[20:34:51] INFO     Rank: 0 - Epoch:38/60, Batch:31,    progress_callback.py:218
                    loss:1.146558, finished 64.33%.                             
[20:35:00] INFO     Rank: 0 - Epoch:38/60, Batch:32,    progress_callback.py:218
                    loss:1.440615, finished 64.36%.                             
[20:35:08] INFO     Rank: 0 - Epoch:38/60, Batch:33,    progress_callback.py:218
                    loss:0.959676, finished 64.39%.                             
[20:35:14] INFO     Rank: 0 - Epoch:38/60, Batch:34,    progress_callback.py:218
                    loss:1.151953, finished 64.42%.                             
[20:35:20] INFO     Rank: 0 - Contrastive loss is                 callback.py:66
                    0.6654669642448425, nll_loss is                             
                    0.5503372490406037                                          
[20:35:21] INFO     Rank: 0 - Epoch:38/60, Batch:35,    progress_callback.py:218
                    loss:1.332658, finished 64.46%.                             
[20:35:30] INFO     Rank: 0 - Epoch:38/60, Batch:36,    progress_callback.py:218
                    loss:1.162235, finished 64.49%.                             
[20:35:39] INFO     Rank: 0 - Epoch:38/60, Batch:37,    progress_callback.py:218
                    loss:1.222576, finished 64.52%.                             
[20:35:46] INFO     Rank: 0 - Epoch:38/60, Batch:38,    progress_callback.py:218
                    loss:1.251081, finished 64.55%.                             
[20:35:54] INFO     Rank: 0 - Epoch:38/60, Batch:39,    progress_callback.py:218
                    loss:1.194602, finished 64.58%.                             
[20:36:02] INFO     Rank: 0 - Epoch:38/60, Batch:40,    progress_callback.py:218
                    loss:1.258567, finished 64.62%.                             
[20:36:11] INFO     Rank: 0 - Epoch:38/60, Batch:41,    progress_callback.py:218
                    loss:1.079052, finished 64.65%.                             
[20:36:20] INFO     Rank: 0 - Epoch:38/60, Batch:42,    progress_callback.py:218
                    loss:1.327055, finished 64.68%.                             
[20:36:27] INFO     Rank: 0 - Epoch:38/60, Batch:43,    progress_callback.py:218
                    loss:0.985764, finished 64.71%.                             
[20:36:33] INFO     Rank: 0 - Epoch:38/60, Batch:44,    progress_callback.py:218
                    loss:1.358412, finished 64.74%.                             
[20:36:38] INFO     Rank: 0 - Contrastive loss is                 callback.py:66
                    0.6806686758995056, nll_loss is                             
                    0.5150317192077637                                          
[20:36:42] INFO     Rank: 0 - Epoch:38/60, Batch:45,    progress_callback.py:218
                    loss:1.117661, finished 64.78%.                             
[20:36:51] INFO     Rank: 0 - Epoch:38/60, Batch:46,    progress_callback.py:218
                    loss:1.117985, finished 64.81%.                             
[20:37:00] INFO     Rank: 0 - Epoch:38/60, Batch:47,    progress_callback.py:218
                    loss:1.090389, finished 64.84%.                             
[20:37:10] INFO     Rank: 0 - Epoch:38/60, Batch:48,    progress_callback.py:218
                    loss:1.326354, finished 64.87%.                             
[20:37:25] INFO     Rank: 0 - Epoch:38/60, Batch:49,    progress_callback.py:218
                    loss:1.150938, finished 64.9%.                              
[20:37:31] INFO     Rank: 0 - Epoch:38/60, Batch:50,    progress_callback.py:218
                    loss:1.326725, finished 64.94%.                             
[20:37:37] INFO     Rank: 0 - Epoch:38/60, Batch:51,    progress_callback.py:218
                    loss:1.174307, finished 64.97%.                             
[20:37:45] INFO     Rank: 0 - Epoch:38/60, Batch:52,    progress_callback.py:218
                    loss:1.15055, finished 65.0%.                               
           INFO     Rank: 0 -                           progress_callback.py:204
                    **********Epoch:39 starts**********                         
[20:37:55] INFO     Rank: 0 - Epoch:39/60, Batch:1,     progress_callback.py:218
                    loss:1.277107, finished 65.03%.                             
[20:38:05] INFO     Rank: 0 - Epoch:39/60, Batch:2,     progress_callback.py:218
                    loss:1.046885, finished 65.06%.                             
[20:38:10] INFO     Rank: 0 - Contrastive loss is                 callback.py:66
                    0.6790455996990203, nll_loss is                             
                    0.5054838001728058                                          
[20:38:11] INFO     Rank: 0 - Epoch:39/60, Batch:3,     progress_callback.py:218
                    loss:1.184055, finished 65.1%.                              
[20:38:19] INFO     Rank: 0 - Epoch:39/60, Batch:4,     progress_callback.py:218
                    loss:1.019572, finished 65.13%.                             
[20:38:27] INFO     Rank: 0 - Epoch:39/60, Batch:5,     progress_callback.py:218
                    loss:0.886951, finished 65.16%.                             
[20:38:34] INFO     Rank: 0 - Epoch:39/60, Batch:6,     progress_callback.py:218
                    loss:1.315031, finished 65.19%.                             
[20:38:44] INFO     Rank: 0 - Epoch:39/60, Batch:7,     progress_callback.py:218
                    loss:1.18635, finished 65.22%.                              
[20:38:55] INFO     Rank: 0 - Epoch:39/60, Batch:8,     progress_callback.py:218
                    loss:1.271844, finished 65.26%.                             
[20:39:05] INFO     Rank: 0 - Epoch:39/60, Batch:9,     progress_callback.py:218
                    loss:1.138833, finished 65.29%.                             
[20:39:12] INFO     Rank: 0 - Epoch:39/60, Batch:10,    progress_callback.py:218
                    loss:1.224218, finished 65.32%.                             
[20:39:20] INFO     Rank: 0 - Epoch:39/60, Batch:11,    progress_callback.py:218
                    loss:1.060341, finished 65.35%.                             
[20:39:26] INFO     Rank: 0 - Epoch:39/60, Batch:12,    progress_callback.py:218
                    loss:1.195986, finished 65.38%.                             
           INFO     Rank: 0 -                                   evaluator.py:317
                    **********Evaluation starts**********                       
[20:39:39] INFO     Rank: 0 - **********Evaluation              evaluator.py:349
                    ends**********                                              
                                                                                
           INFO     Rank: 0 - ----------Eval. results   progress_callback.py:233
                    on Epoch:39, Batch:12----------                             
           INFO     Rank: 0 -                           progress_callback.py:238
                    {"torch_ngram#ngram-overlap":                               
                    0.4524165093898773}                                         
[20:39:45] INFO     Rank: 0 - Contrastive loss is                 callback.py:66
                    0.655765813589096, nll_loss is                              
                    0.49823877215385437                                         
[20:39:47] INFO     Rank: 0 - Epoch:39/60, Batch:13,    progress_callback.py:218
                    loss:1.240919, finished 65.42%.                             
[20:39:56] INFO     Rank: 0 - Epoch:39/60, Batch:14,    progress_callback.py:218
                    loss:1.359457, finished 65.45%.                             
[20:40:05] INFO     Rank: 0 - Epoch:39/60, Batch:15,    progress_callback.py:218
                    loss:1.3099, finished 65.48%.                               
[20:40:13] INFO     Rank: 0 - Epoch:39/60, Batch:16,    progress_callback.py:218
                    loss:1.127538, finished 65.51%.                             
[20:40:22] INFO     Rank: 0 - Epoch:39/60, Batch:17,    progress_callback.py:218
                    loss:1.100673, finished 65.54%.                             
[20:40:30] INFO     Rank: 0 - Epoch:39/60, Batch:18,    progress_callback.py:218
                    loss:1.241164, finished 65.58%.                             
[20:40:36] INFO     Rank: 0 - Epoch:39/60, Batch:19,    progress_callback.py:218
                    loss:1.157907, finished 65.61%.                             
[20:40:44] INFO     Rank: 0 - Epoch:39/60, Batch:20,    progress_callback.py:218
                    loss:1.037243, finished 65.64%.                             
[20:40:52] INFO     Rank: 0 - Epoch:39/60, Batch:21,    progress_callback.py:218
                    loss:1.065809, finished 65.67%.                             
[20:41:00] INFO     Rank: 0 - Epoch:39/60, Batch:22,    progress_callback.py:218
                    loss:1.083214, finished 65.71%.                             
[20:41:06] INFO     Rank: 0 - Contrastive loss is                 callback.py:66
                    0.6480714440345764, nll_loss is                             
                    0.5097355484962464                                          
[20:41:08] INFO     Rank: 0 - Epoch:39/60, Batch:23,    progress_callback.py:218
                    loss:1.095166, finished 65.74%.                             
[20:41:14] INFO     Rank: 0 - Epoch:39/60, Batch:24,    progress_callback.py:218
                    loss:1.031487, finished 65.77%.                             
[20:41:22] INFO     Rank: 0 - Epoch:39/60, Batch:25,    progress_callback.py:218
                    loss:1.17662, finished 65.8%.                               
[20:41:32] INFO     Rank: 0 - Epoch:39/60, Batch:26,    progress_callback.py:218
                    loss:1.11996, finished 65.83%.                              
[20:41:39] INFO     Rank: 0 - Epoch:39/60, Batch:27,    progress_callback.py:218
                    loss:1.137049, finished 65.87%.                             
[20:41:49] INFO     Rank: 0 - Epoch:39/60, Batch:28,    progress_callback.py:218
                    loss:1.082988, finished 65.9%.                              
[20:41:57] INFO     Rank: 0 - Epoch:39/60, Batch:29,    progress_callback.py:218
                    loss:1.254778, finished 65.93%.                             
[20:42:06] INFO     Rank: 0 - Epoch:39/60, Batch:30,    progress_callback.py:218
                    loss:1.158976, finished 65.96%.                             
[20:42:13] INFO     Rank: 0 - Epoch:39/60, Batch:31,    progress_callback.py:218
                    loss:1.117771, finished 65.99%.                             
[20:42:19] INFO     Rank: 0 - Epoch:39/60, Batch:32,    progress_callback.py:218
                    loss:1.105252, finished 66.03%.                             
[20:42:27] INFO     Rank: 0 - Contrastive loss is                 callback.py:66
                    0.6181369483470917, nll_loss is                             
                    0.4964870512485504                                          
[20:42:28] INFO     Rank: 0 - Epoch:39/60, Batch:33,    progress_callback.py:218
                    loss:0.961359, finished 66.06%.                             
[20:42:37] INFO     Rank: 0 - Epoch:39/60, Batch:34,    progress_callback.py:218
                    loss:1.411403, finished 66.09%.                             
[20:42:45] INFO     Rank: 0 - Epoch:39/60, Batch:35,    progress_callback.py:218
                    loss:1.277652, finished 66.12%.                             
[20:42:54] INFO     Rank: 0 - Epoch:39/60, Batch:36,    progress_callback.py:218
                    loss:1.079989, finished 66.15%.                             
[20:43:05] INFO     Rank: 0 - Epoch:39/60, Batch:37,    progress_callback.py:218
                    loss:1.15758, finished 66.19%.                              
[20:43:12] INFO     Rank: 0 - Epoch:39/60, Batch:38,    progress_callback.py:218
                    loss:1.240383, finished 66.22%.                             
[20:43:21] INFO     Rank: 0 - Epoch:39/60, Batch:39,    progress_callback.py:218
                    loss:1.07945, finished 66.25%.                              
[20:43:28] INFO     Rank: 0 - Epoch:39/60, Batch:40,    progress_callback.py:218
                    loss:0.90318, finished 66.28%.                              
[20:43:37] INFO     Rank: 0 - Epoch:39/60, Batch:41,    progress_callback.py:218
                    loss:0.968073, finished 66.31%.                             
[20:43:45] INFO     Rank: 0 - Epoch:39/60, Batch:42,    progress_callback.py:218
                    loss:1.336515, finished 66.35%.                             
[20:43:49] INFO     Rank: 0 - Contrastive loss is                 callback.py:66
                    0.6334716558456421, nll_loss is                             
                    0.5225504219532013                                          
[20:43:52] INFO     Rank: 0 - Epoch:39/60, Batch:43,    progress_callback.py:218
                    loss:1.105996, finished 66.38%.                             
[20:44:01] INFO     Rank: 0 - Epoch:39/60, Batch:44,    progress_callback.py:218
                    loss:1.011605, finished 66.41%.                             
[20:44:08] INFO     Rank: 0 - Epoch:39/60, Batch:45,    progress_callback.py:218
                    loss:1.255269, finished 66.44%.                             
[20:44:15] INFO     Rank: 0 - Epoch:39/60, Batch:46,    progress_callback.py:218
                    loss:1.103816, finished 66.47%.                             
[20:44:23] INFO     Rank: 0 - Epoch:39/60, Batch:47,    progress_callback.py:218
                    loss:1.011355, finished 66.51%.                             
[20:44:31] INFO     Rank: 0 - Epoch:39/60, Batch:48,    progress_callback.py:218
                    loss:1.250982, finished 66.54%.                             
[20:44:37] INFO     Rank: 0 - Epoch:39/60, Batch:49,    progress_callback.py:218
                    loss:1.393711, finished 66.57%.                             
[20:44:48] INFO     Rank: 0 - Epoch:39/60, Batch:50,    progress_callback.py:218
                    loss:1.12182, finished 66.6%.                               
[20:44:58] INFO     Rank: 0 - Epoch:39/60, Batch:51,    progress_callback.py:218
                    loss:1.059184, finished 66.63%.                             
[20:45:07] INFO     Rank: 0 - Epoch:39/60, Batch:52,    progress_callback.py:218
                    loss:0.95033, finished 66.67%.                              
           INFO     Rank: 0 -                                   evaluator.py:317
                    **********Evaluation starts**********                       
[20:45:20] INFO     Rank: 0 - **********Evaluation              evaluator.py:349
                    ends**********                                              
                                                                                
           INFO     Rank: 0 - ----------Eval. results   progress_callback.py:233
                    on Epoch:39, Batch:52----------                             
           INFO     Rank: 0 -                           progress_callback.py:238
                    {"torch_ngram#ngram-overlap":                               
                    0.4528316855430603}                                         
           INFO     Rank: 0 -                           progress_callback.py:204
                    **********Epoch:40 starts**********                         
[20:45:25] INFO     Rank: 0 - Contrastive loss is                 callback.py:66
                    0.6302146077156067, nll_loss is                             
                    0.50708566904068                                            
[20:45:26] INFO     Rank: 0 - Epoch:40/60, Batch:1,     progress_callback.py:218
                    loss:1.21493, finished 66.7%.                               
[20:45:35] INFO     Rank: 0 - Epoch:40/60, Batch:2,     progress_callback.py:218
                    loss:1.172047, finished 66.73%.                             
[20:45:45] INFO     Rank: 0 - Epoch:40/60, Batch:3,     progress_callback.py:218
                    loss:1.02717, finished 66.76%.                              
[20:46:03] INFO     Rank: 0 - Epoch:40/60, Batch:4,     progress_callback.py:218
                    loss:1.250107, finished 66.79%.                             
[20:46:12] INFO     Rank: 0 - Epoch:40/60, Batch:5,     progress_callback.py:218
                    loss:1.188837, finished 66.83%.                             
[20:46:19] INFO     Rank: 0 - Epoch:40/60, Batch:6,     progress_callback.py:218
                    loss:1.209663, finished 66.86%.                             
[20:46:24] INFO     Rank: 0 - Epoch:40/60, Batch:7,     progress_callback.py:218
                    loss:0.977721, finished 66.89%.                             
[20:46:31] INFO     Rank: 0 - Epoch:40/60, Batch:8,     progress_callback.py:218
                    loss:1.192902, finished 66.92%.                             
[20:46:40] INFO     Rank: 0 - Epoch:40/60, Batch:9,     progress_callback.py:218
                    loss:0.873185, finished 66.96%.                             
[20:46:48] INFO     Rank: 0 - Epoch:40/60, Batch:10,    progress_callback.py:218
                    loss:1.104876, finished 66.99%.                             
[20:46:55] INFO     Rank: 0 - Contrastive loss is                 callback.py:66
                    0.5967577815055847, nll_loss is                             
                    0.5274322509765625                                          
[20:46:56] INFO     Rank: 0 - Epoch:40/60, Batch:11,    progress_callback.py:218
                    loss:1.245393, finished 67.02%.                             
[20:47:03] INFO     Rank: 0 - Epoch:40/60, Batch:12,    progress_callback.py:218
                    loss:1.000508, finished 67.05%.                             
[20:47:14] INFO     Rank: 0 - Epoch:40/60, Batch:13,    progress_callback.py:218
                    loss:1.243894, finished 67.08%.                             
[20:47:23] INFO     Rank: 0 - Epoch:40/60, Batch:14,    progress_callback.py:218
                    loss:1.030154, finished 67.12%.                             
[20:47:32] INFO     Rank: 0 - Epoch:40/60, Batch:15,    progress_callback.py:218
                    loss:1.115506, finished 67.15%.                             
[20:47:40] INFO     Rank: 0 - Epoch:40/60, Batch:16,    progress_callback.py:218
                    loss:0.982396, finished 67.18%.                             
[20:47:49] INFO     Rank: 0 - Epoch:40/60, Batch:17,    progress_callback.py:218
                    loss:1.026487, finished 67.21%.                             
[20:47:58] INFO     Rank: 0 - Epoch:40/60, Batch:18,    progress_callback.py:218
                    loss:1.222233, finished 67.24%.                             
[20:48:05] INFO     Rank: 0 - Epoch:40/60, Batch:19,    progress_callback.py:218
                    loss:0.960726, finished 67.28%.                             
[20:48:16] INFO     Rank: 0 - Epoch:40/60, Batch:20,    progress_callback.py:218
                    loss:1.04625, finished 67.31%.                              
[20:48:22] INFO     Rank: 0 - Contrastive loss is                 callback.py:66
                    0.5992459714412689, nll_loss is                             
                    0.4632995665073395                                          
[20:48:23] INFO     Rank: 0 - Epoch:40/60, Batch:21,    progress_callback.py:218
                    loss:0.997302, finished 67.34%.                             
[20:48:30] INFO     Rank: 0 - Epoch:40/60, Batch:22,    progress_callback.py:218
                    loss:1.212523, finished 67.37%.                             
[20:48:38] INFO     Rank: 0 - Epoch:40/60, Batch:23,    progress_callback.py:218
                    loss:0.982594, finished 67.4%.                              
[20:48:46] INFO     Rank: 0 - Epoch:40/60, Batch:24,    progress_callback.py:218
                    loss:0.920748, finished 67.44%.                             
[20:48:53] INFO     Rank: 0 - Epoch:40/60, Batch:25,    progress_callback.py:218
                    loss:1.234968, finished 67.47%.                             
[20:49:00] INFO     Rank: 0 - Epoch:40/60, Batch:26,    progress_callback.py:218
                    loss:1.251019, finished 67.5%.                              
[20:49:09] INFO     Rank: 0 - Epoch:40/60, Batch:27,    progress_callback.py:218
                    loss:1.044272, finished 67.53%.                             
[20:49:15] INFO     Rank: 0 - Epoch:40/60, Batch:28,    progress_callback.py:218
                    loss:1.383492, finished 67.56%.                             
[20:49:25] INFO     Rank: 0 - Epoch:40/60, Batch:29,    progress_callback.py:218
                    loss:0.987052, finished 67.6%.                              
[20:49:32] INFO     Rank: 0 - Epoch:40/60, Batch:30,    progress_callback.py:218
                    loss:0.835802, finished 67.63%.                             
[20:49:36] INFO     Rank: 0 - Contrastive loss is                 callback.py:66
                    0.6202702313661576, nll_loss is                             
                    0.491170397400856                                           
[20:49:40] INFO     Rank: 0 - Epoch:40/60, Batch:31,    progress_callback.py:218
                    loss:1.261936, finished 67.66%.                             
[20:49:50] INFO     Rank: 0 - Epoch:40/60, Batch:32,    progress_callback.py:218
                    loss:1.256931, finished 67.69%.                             
[20:49:58] INFO     Rank: 0 - Epoch:40/60, Batch:33,    progress_callback.py:218
                    loss:1.085077, finished 67.72%.                             
[20:50:07] INFO     Rank: 0 - Epoch:40/60, Batch:34,    progress_callback.py:218
                    loss:0.958314, finished 67.76%.                             
[20:50:15] INFO     Rank: 0 - Epoch:40/60, Batch:35,    progress_callback.py:218
                    loss:1.261331, finished 67.79%.                             
[20:50:24] INFO     Rank: 0 - Epoch:40/60, Batch:36,    progress_callback.py:218
                    loss:1.342755, finished 67.82%.                             
[20:50:31] INFO     Rank: 0 - Epoch:40/60, Batch:37,    progress_callback.py:218
                    loss:1.168331, finished 67.85%.                             
[20:50:39] INFO     Rank: 0 - Epoch:40/60, Batch:38,    progress_callback.py:218
                    loss:1.213646, finished 67.88%.                             
[20:50:47] INFO     Rank: 0 - Epoch:40/60, Batch:39,    progress_callback.py:218
                    loss:1.309524, finished 67.92%.                             
[20:50:56] INFO     Rank: 0 - Epoch:40/60, Batch:40,    progress_callback.py:218
                    loss:1.084751, finished 67.95%.                             
           INFO     Rank: 0 -                                   evaluator.py:317
                    **********Evaluation starts**********                       
[20:51:07] INFO     Rank: 0 - **********Evaluation              evaluator.py:349
                    ends**********                                              
                                                                                
           INFO     Rank: 0 - ----------Eval. results   progress_callback.py:233
                    on Epoch:40, Batch:40----------                             
           INFO     Rank: 0 -                           progress_callback.py:238
                    {"torch_ngram#ngram-overlap":                               
                    0.45150062441825867}                                        
[20:51:12] INFO     Rank: 0 - Contrastive loss is                 callback.py:66
                    0.6719719856977463, nll_loss is                             
                    0.5123123317956925                                          
[20:51:16] INFO     Rank: 0 - Epoch:40/60, Batch:41,    progress_callback.py:218
                    loss:1.162184, finished 67.98%.                             
[20:51:25] INFO     Rank: 0 - Epoch:40/60, Batch:42,    progress_callback.py:218
                    loss:1.298344, finished 68.01%.                             
[20:51:34] INFO     Rank: 0 - Epoch:40/60, Batch:43,    progress_callback.py:218
                    loss:1.246505, finished 68.04%.                             
[20:51:44] INFO     Rank: 0 - Epoch:40/60, Batch:44,    progress_callback.py:218
                    loss:0.96478, finished 68.08%.                              
[20:51:51] INFO     Rank: 0 - Epoch:40/60, Batch:45,    progress_callback.py:218
                    loss:1.070348, finished 68.11%.                             
[20:52:00] INFO     Rank: 0 - Epoch:40/60, Batch:46,    progress_callback.py:218
                    loss:1.216639, finished 68.14%.                             
[20:52:07] INFO     Rank: 0 - Epoch:40/60, Batch:47,    progress_callback.py:218
                    loss:1.12311, finished 68.17%.                              
[20:52:14] INFO     Rank: 0 - Epoch:40/60, Batch:48,    progress_callback.py:218
                    loss:1.193674, finished 68.21%.                             
[20:52:21] INFO     Rank: 0 - Epoch:40/60, Batch:49,    progress_callback.py:218
                    loss:1.137127, finished 68.24%.                             
[20:52:29] INFO     Rank: 0 - Epoch:40/60, Batch:50,    progress_callback.py:218
                    loss:1.389332, finished 68.27%.                             
[20:52:34] INFO     Rank: 0 - Contrastive loss is                 callback.py:66
                    0.6529381960630417, nll_loss is                             
                    0.5219180434942245                                          
[20:52:36] INFO     Rank: 0 - Epoch:40/60, Batch:51,    progress_callback.py:218
                    loss:1.108704, finished 68.3%.                              
[20:52:43] INFO     Rank: 0 - Epoch:40/60, Batch:52,    progress_callback.py:218
                    loss:1.183962, finished 68.33%.                             
           INFO     Rank: 0 -                           progress_callback.py:204
                    **********Epoch:41 starts**********                         
[20:52:51] INFO     Rank: 0 - Epoch:41/60, Batch:1,     progress_callback.py:218
                    loss:1.381836, finished 68.37%.                             
[20:52:59] INFO     Rank: 0 - Epoch:41/60, Batch:2,     progress_callback.py:218
                    loss:1.057198, finished 68.4%.                              
[20:53:07] INFO     Rank: 0 - Epoch:41/60, Batch:3,     progress_callback.py:218
                    loss:1.269096, finished 68.43%.                             
[20:53:15] INFO     Rank: 0 - Epoch:41/60, Batch:4,     progress_callback.py:218
                    loss:1.261251, finished 68.46%.                             
[20:53:23] INFO     Rank: 0 - Epoch:41/60, Batch:5,     progress_callback.py:218
                    loss:1.293305, finished 68.49%.                             
[20:53:30] INFO     Rank: 0 - Epoch:41/60, Batch:6,     progress_callback.py:218
                    loss:1.022068, finished 68.53%.                             
[20:53:41] INFO     Rank: 0 - Epoch:41/60, Batch:7,     progress_callback.py:218
                    loss:1.17488, finished 68.56%.                              
[20:53:49] INFO     Rank: 0 - Epoch:41/60, Batch:8,     progress_callback.py:218
                    loss:1.215499, finished 68.59%.                             
[20:53:54] INFO     Rank: 0 - Contrastive loss is                 callback.py:66
                    0.6720548629760742, nll_loss is                             
                    0.5481869339942932                                          
[20:53:55] INFO     Rank: 0 - Epoch:41/60, Batch:9,     progress_callback.py:218
                    loss:1.343321, finished 68.62%.                             
[20:54:02] INFO     Rank: 0 - Epoch:41/60, Batch:10,    progress_callback.py:218
                    loss:1.282718, finished 68.65%.                             
[20:54:09] INFO     Rank: 0 - Epoch:41/60, Batch:11,    progress_callback.py:218
                    loss:1.434946, finished 68.69%.                             
[20:54:22] INFO     Rank: 0 - Epoch:41/60, Batch:12,    progress_callback.py:218
                    loss:1.240598, finished 68.72%.                             
[20:54:30] INFO     Rank: 0 - Epoch:41/60, Batch:13,    progress_callback.py:218
                    loss:0.93199, finished 68.75%.                              
[20:54:37] INFO     Rank: 0 - Epoch:41/60, Batch:14,    progress_callback.py:218
                    loss:1.002931, finished 68.78%.                             
[20:54:44] INFO     Rank: 0 - Epoch:41/60, Batch:15,    progress_callback.py:218
                    loss:1.038828, finished 68.81%.                             
[20:54:52] INFO     Rank: 0 - Epoch:41/60, Batch:16,    progress_callback.py:218
                    loss:1.080878, finished 68.85%.                             
[20:55:05] INFO     Rank: 0 - Epoch:41/60, Batch:17,    progress_callback.py:218
                    loss:1.42159, finished 68.88%.                              
[20:55:11] INFO     Rank: 0 - Epoch:41/60, Batch:18,    progress_callback.py:218
                    loss:1.183396, finished 68.91%.                             
[20:55:18] INFO     Rank: 0 - Contrastive loss is                 callback.py:66
                    0.658134126663208, nll_loss is                              
                    0.5258417665958405                                          
[20:55:20] INFO     Rank: 0 - Epoch:41/60, Batch:19,    progress_callback.py:218
                    loss:1.221884, finished 68.94%.                             
[20:55:29] INFO     Rank: 0 - Epoch:41/60, Batch:20,    progress_callback.py:218
                    loss:1.017522, finished 68.97%.                             
[20:55:36] INFO     Rank: 0 - Epoch:41/60, Batch:21,    progress_callback.py:218
                    loss:0.892951, finished 69.01%.                             
[20:55:43] INFO     Rank: 0 - Epoch:41/60, Batch:22,    progress_callback.py:218
                    loss:1.516448, finished 69.04%.                             
[20:55:50] INFO     Rank: 0 - Epoch:41/60, Batch:23,    progress_callback.py:218
                    loss:1.452079, finished 69.07%.                             
[20:55:57] INFO     Rank: 0 - Epoch:41/60, Batch:24,    progress_callback.py:218
                    loss:1.197473, finished 69.1%.                              
[20:56:05] INFO     Rank: 0 - Epoch:41/60, Batch:25,    progress_callback.py:218
                    loss:1.240756, finished 69.13%.                             
[20:56:16] INFO     Rank: 0 - Epoch:41/60, Batch:26,    progress_callback.py:218
                    loss:1.029998, finished 69.17%.                             
[20:56:23] INFO     Rank: 0 - Epoch:41/60, Batch:27,    progress_callback.py:218
                    loss:1.103221, finished 69.2%.                              
[20:56:30] INFO     Rank: 0 - Epoch:41/60, Batch:28,    progress_callback.py:218
                    loss:1.117521, finished 69.23%.                             
           INFO     Rank: 0 -                                   evaluator.py:317
                    **********Evaluation starts**********                       
[20:56:43] INFO     Rank: 0 - **********Evaluation              evaluator.py:349
                    ends**********                                              
                                                                                
           INFO     Rank: 0 - ----------Eval. results   progress_callback.py:233
                    on Epoch:41, Batch:28----------                             
           INFO     Rank: 0 -                           progress_callback.py:238
                    {"torch_ngram#ngram-overlap":                               
                    0.4529983401298523}                                         
[20:56:51] INFO     Rank: 0 - Contrastive loss is                 callback.py:66
                    0.6336913883686066, nll_loss is                             
                    0.5446710646152496                                          
           INFO     Rank: 0 - Epoch:41/60, Batch:29,    progress_callback.py:218
                    loss:1.215655, finished 69.26%.                             
[20:57:00] INFO     Rank: 0 - Epoch:41/60, Batch:30,    progress_callback.py:218
                    loss:1.258742, finished 69.29%.                             
[20:57:06] INFO     Rank: 0 - Epoch:41/60, Batch:31,    progress_callback.py:218
                    loss:1.000568, finished 69.33%.                             
[20:57:16] INFO     Rank: 0 - Epoch:41/60, Batch:32,    progress_callback.py:218
                    loss:1.195147, finished 69.36%.                             
[20:57:24] INFO     Rank: 0 - Epoch:41/60, Batch:33,    progress_callback.py:218
                    loss:1.002963, finished 69.39%.                             
[20:57:35] INFO     Rank: 0 - Epoch:41/60, Batch:34,    progress_callback.py:218
                    loss:1.188438, finished 69.42%.                             
[20:57:44] INFO     Rank: 0 - Epoch:41/60, Batch:35,    progress_callback.py:218
                    loss:1.184479, finished 69.46%.                             
[20:57:53] INFO     Rank: 0 - Epoch:41/60, Batch:36,    progress_callback.py:218
                    loss:1.370679, finished 69.49%.                             
[20:58:00] INFO     Rank: 0 - Epoch:41/60, Batch:37,    progress_callback.py:218
                    loss:0.882333, finished 69.52%.                             
[20:58:08] INFO     Rank: 0 - Epoch:41/60, Batch:38,    progress_callback.py:218
                    loss:0.921204, finished 69.55%.                             
[20:58:17] INFO     Rank: 0 - Contrastive loss is                 callback.py:66
                    0.6224200934171676, nll_loss is                             
                    0.4713036328554153                                          
[20:58:18] INFO     Rank: 0 - Epoch:41/60, Batch:39,    progress_callback.py:218
                    loss:0.932683, finished 69.58%.                             
[20:58:28] INFO     Rank: 0 - Epoch:41/60, Batch:40,    progress_callback.py:218
                    loss:1.10239, finished 69.62%.                              
[20:58:37] INFO     Rank: 0 - Epoch:41/60, Batch:41,    progress_callback.py:218
                    loss:0.994916, finished 69.65%.                             
[20:58:44] INFO     Rank: 0 - Epoch:41/60, Batch:42,    progress_callback.py:218
                    loss:1.080152, finished 69.68%.                             
[20:58:50] INFO     Rank: 0 - Epoch:41/60, Batch:43,    progress_callback.py:218
                    loss:1.147169, finished 69.71%.                             
[20:58:58] INFO     Rank: 0 - Epoch:41/60, Batch:44,    progress_callback.py:218
                    loss:1.35681, finished 69.74%.                              
[20:59:05] INFO     Rank: 0 - Epoch:41/60, Batch:45,    progress_callback.py:218
                    loss:0.954092, finished 69.78%.                             
[20:59:16] INFO     Rank: 0 - Epoch:41/60, Batch:46,    progress_callback.py:218
                    loss:1.103667, finished 69.81%.                             
[20:59:23] INFO     Rank: 0 - Epoch:41/60, Batch:47,    progress_callback.py:218
                    loss:1.30265, finished 69.84%.                              
[20:59:32] INFO     Rank: 0 - Epoch:41/60, Batch:48,    progress_callback.py:218
                    loss:1.178957, finished 69.87%.                             
[20:59:38] INFO     Rank: 0 - Contrastive loss is                 callback.py:66
                    0.645032274723053, nll_loss is                              
                    0.48886709213256835                                         
[20:59:40] INFO     Rank: 0 - Epoch:41/60, Batch:49,    progress_callback.py:218
                    loss:1.11819, finished 69.9%.                               
[20:59:47] INFO     Rank: 0 - Epoch:41/60, Batch:50,    progress_callback.py:218
                    loss:0.961899, finished 69.94%.                             
[20:59:53] INFO     Rank: 0 - Epoch:41/60, Batch:51,    progress_callback.py:218
                    loss:0.897047, finished 69.97%.                             
[21:00:01] INFO     Rank: 0 - Epoch:41/60, Batch:52,    progress_callback.py:218
                    loss:0.971209, finished 70.0%.                              
           INFO     Rank: 0 -                           progress_callback.py:204
                    **********Epoch:42 starts**********                         
[21:00:08] INFO     Rank: 0 - Epoch:42/60, Batch:1,     progress_callback.py:218
                    loss:1.330383, finished 70.03%.                             
[21:00:15] INFO     Rank: 0 - Epoch:42/60, Batch:2,     progress_callback.py:218
                    loss:1.109452, finished 70.06%.                             
[21:00:23] INFO     Rank: 0 - Epoch:42/60, Batch:3,     progress_callback.py:218
                    loss:1.026258, finished 70.1%.                              
[21:00:32] INFO     Rank: 0 - Epoch:42/60, Batch:4,     progress_callback.py:218
                    loss:1.279898, finished 70.13%.                             
[21:00:39] INFO     Rank: 0 - Epoch:42/60, Batch:5,     progress_callback.py:218
                    loss:1.116995, finished 70.16%.                             
[21:00:47] INFO     Rank: 0 - Epoch:42/60, Batch:6,     progress_callback.py:218
                    loss:1.176817, finished 70.19%.                             
[21:00:51] INFO     Rank: 0 - Contrastive loss is                 callback.py:66
                    0.637196272611618, nll_loss is                              
                    0.48231721520423887                                         
[21:00:55] INFO     Rank: 0 - Epoch:42/60, Batch:7,     progress_callback.py:218
                    loss:1.325177, finished 70.22%.                             
[21:01:03] INFO     Rank: 0 - Epoch:42/60, Batch:8,     progress_callback.py:218
                    loss:1.120299, finished 70.26%.                             
[21:01:11] INFO     Rank: 0 - Epoch:42/60, Batch:9,     progress_callback.py:218
                    loss:1.206975, finished 70.29%.                             
[21:01:18] INFO     Rank: 0 - Epoch:42/60, Batch:10,    progress_callback.py:218
                    loss:1.128069, finished 70.32%.                             
[21:01:28] INFO     Rank: 0 - Epoch:42/60, Batch:11,    progress_callback.py:218
                    loss:1.127742, finished 70.35%.                             
[21:01:36] INFO     Rank: 0 - Epoch:42/60, Batch:12,    progress_callback.py:218
                    loss:1.238608, finished 70.38%.                             
[21:01:43] INFO     Rank: 0 - Epoch:42/60, Batch:13,    progress_callback.py:218
                    loss:1.102767, finished 70.42%.                             
[21:01:54] INFO     Rank: 0 - Epoch:42/60, Batch:14,    progress_callback.py:218
                    loss:1.221579, finished 70.45%.                             
[21:02:03] INFO     Rank: 0 - Epoch:42/60, Batch:15,    progress_callback.py:218
                    loss:0.863947, finished 70.48%.                             
[21:02:11] INFO     Rank: 0 - Epoch:42/60, Batch:16,    progress_callback.py:218
                    loss:1.176335, finished 70.51%.                             
           INFO     Rank: 0 -                                   evaluator.py:317
                    **********Evaluation starts**********                       
[21:02:24] INFO     Rank: 0 - **********Evaluation              evaluator.py:349
                    ends**********                                              
                                                                                
           INFO     Rank: 0 - ----------Eval. results   progress_callback.py:233
                    on Epoch:42, Batch:16----------                             
           INFO     Rank: 0 -                           progress_callback.py:238
                    {"torch_ngram#ngram-overlap":                               
                    0.45307040214538574}                                        
 ============= save model at results/2023-03-29-15_17_50_221845/epoch-42_step-2200.pt ============= 
save hyperparams in  results/2023-03-29-15_17_50_221845/hyperparams.txt
[21:02:31] INFO     Rank: 0 - Contrastive loss is                 callback.py:66
                    0.6416270196437835, nll_loss is                             
                    0.49732770323753356                                         
[21:02:33] INFO     Rank: 0 - Epoch:42/60, Batch:17,    progress_callback.py:218
                    loss:1.203225, finished 70.54%.                             
[21:02:42] INFO     Rank: 0 - Epoch:42/60, Batch:18,    progress_callback.py:218
                    loss:1.122758, finished 70.58%.                             
[21:02:53] INFO     Rank: 0 - Epoch:42/60, Batch:19,    progress_callback.py:218
                    loss:1.125272, finished 70.61%.                             
[21:03:02] INFO     Rank: 0 - Epoch:42/60, Batch:20,    progress_callback.py:218
                    loss:1.477131, finished 70.64%.                             
[21:03:08] INFO     Rank: 0 - Epoch:42/60, Batch:21,    progress_callback.py:218
                    loss:1.154585, finished 70.67%.                             
[21:03:14] INFO     Rank: 0 - Epoch:42/60, Batch:22,    progress_callback.py:218
                    loss:1.286104, finished 70.71%.                             
[21:03:22] INFO     Rank: 0 - Epoch:42/60, Batch:23,    progress_callback.py:218
                    loss:1.0812, finished 70.74%.                               
[21:03:30] INFO     Rank: 0 - Epoch:42/60, Batch:24,    progress_callback.py:218
                    loss:1.080315, finished 70.77%.                             
[21:03:37] INFO     Rank: 0 - Epoch:42/60, Batch:25,    progress_callback.py:218
                    loss:0.970208, finished 70.8%.                              
[21:03:45] INFO     Rank: 0 - Epoch:42/60, Batch:26,    progress_callback.py:218
                    loss:0.855361, finished 70.83%.                             
[21:03:53] INFO     Rank: 0 - Contrastive loss is                 callback.py:66
                    0.6418096959590912, nll_loss is                             
                    0.516809630393982                                           
           INFO     Rank: 0 - Epoch:42/60, Batch:27,    progress_callback.py:218
                    loss:1.433259, finished 70.87%.                             
[21:04:01] INFO     Rank: 0 - Epoch:42/60, Batch:28,    progress_callback.py:218
                    loss:1.227099, finished 70.9%.                              
[21:04:09] INFO     Rank: 0 - Epoch:42/60, Batch:29,    progress_callback.py:218
                    loss:1.127763, finished 70.93%.                             
[21:04:17] INFO     Rank: 0 - Epoch:42/60, Batch:30,    progress_callback.py:218
                    loss:1.12166, finished 70.96%.                              
[21:04:24] INFO     Rank: 0 - Epoch:42/60, Batch:31,    progress_callback.py:218
                    loss:1.143799, finished 70.99%.                             
[21:04:31] INFO     Rank: 0 - Epoch:42/60, Batch:32,    progress_callback.py:218
                    loss:1.267094, finished 71.03%.                             
[21:04:39] INFO     Rank: 0 - Epoch:42/60, Batch:33,    progress_callback.py:218
                    loss:1.036872, finished 71.06%.                             
[21:04:47] INFO     Rank: 0 - Epoch:42/60, Batch:34,    progress_callback.py:218
                    loss:1.06775, finished 71.09%.                              
[21:04:54] INFO     Rank: 0 - Epoch:42/60, Batch:35,    progress_callback.py:218
                    loss:1.024911, finished 71.12%.                             
[21:05:02] INFO     Rank: 0 - Epoch:42/60, Batch:36,    progress_callback.py:218
                    loss:1.321245, finished 71.15%.                             
[21:05:09] INFO     Rank: 0 - Contrastive loss is                 callback.py:66
                    0.6203809320926666, nll_loss is                             
                    0.5273175060749054                                          
[21:05:10] INFO     Rank: 0 - Epoch:42/60, Batch:37,    progress_callback.py:218
                    loss:1.138791, finished 71.19%.                             
[21:05:16] INFO     Rank: 0 - Epoch:42/60, Batch:38,    progress_callback.py:218
                    loss:1.105192, finished 71.22%.                             
[21:05:25] INFO     Rank: 0 - Epoch:42/60, Batch:39,    progress_callback.py:218
                    loss:1.287715, finished 71.25%.                             
[21:05:33] INFO     Rank: 0 - Epoch:42/60, Batch:40,    progress_callback.py:218
                    loss:1.124821, finished 71.28%.                             
[21:05:40] INFO     Rank: 0 - Epoch:42/60, Batch:41,    progress_callback.py:218
                    loss:0.863393, finished 71.31%.                             
[21:05:48] INFO     Rank: 0 - Epoch:42/60, Batch:42,    progress_callback.py:218
                    loss:1.2386, finished 71.35%.                               
[21:05:58] INFO     Rank: 0 - Epoch:42/60, Batch:43,    progress_callback.py:218
                    loss:1.166814, finished 71.38%.                             
[21:06:05] INFO     Rank: 0 - Epoch:42/60, Batch:44,    progress_callback.py:218
                    loss:1.099337, finished 71.41%.                             
[21:06:12] INFO     Rank: 0 - Epoch:42/60, Batch:45,    progress_callback.py:218
                    loss:1.106079, finished 71.44%.                             
[21:06:19] INFO     Rank: 0 - Epoch:42/60, Batch:46,    progress_callback.py:218
                    loss:1.239202, finished 71.47%.                             
[21:06:24] INFO     Rank: 0 - Contrastive loss is                 callback.py:66
                    0.6624203443527221, nll_loss is                             
                    0.47732542753219603                                         
[21:06:27] INFO     Rank: 0 - Epoch:42/60, Batch:47,    progress_callback.py:218
                    loss:1.166305, finished 71.51%.                             
[21:06:38] INFO     Rank: 0 - Epoch:42/60, Batch:48,    progress_callback.py:218
                    loss:1.180896, finished 71.54%.                             
[21:06:50] INFO     Rank: 0 - Epoch:42/60, Batch:49,    progress_callback.py:218
                    loss:1.237854, finished 71.57%.                             
[21:07:00] INFO     Rank: 0 - Epoch:42/60, Batch:50,    progress_callback.py:218
                    loss:1.346213, finished 71.6%.                              
[21:07:08] INFO     Rank: 0 - Epoch:42/60, Batch:51,    progress_callback.py:218
                    loss:1.106949, finished 71.63%.                             
[21:07:17] INFO     Rank: 0 - Epoch:42/60, Batch:52,    progress_callback.py:218
                    loss:1.136485, finished 71.67%.                             
           INFO     Rank: 0 -                           progress_callback.py:204
                    **********Epoch:43 starts**********                         
[21:07:23] INFO     Rank: 0 - Epoch:43/60, Batch:1,     progress_callback.py:218
                    loss:1.064389, finished 71.7%.                              
[21:07:32] INFO     Rank: 0 - Epoch:43/60, Batch:2,     progress_callback.py:218
                    loss:1.161352, finished 71.73%.                             
[21:07:39] INFO     Rank: 0 - Epoch:43/60, Batch:3,     progress_callback.py:218
                    loss:1.103409, finished 71.76%.                             
[21:07:47] INFO     Rank: 0 - Epoch:43/60, Batch:4,     progress_callback.py:218
                    loss:0.861825, finished 71.79%.                             
           INFO     Rank: 0 -                                   evaluator.py:317
                    **********Evaluation starts**********                       
[21:08:00] INFO     Rank: 0 - **********Evaluation              evaluator.py:349
                    ends**********                                              
                                                                                
           INFO     Rank: 0 - ----------Eval. results   progress_callback.py:233
                    on Epoch:43, Batch:4----------                              
           INFO     Rank: 0 -                           progress_callback.py:238
                    {"torch_ngram#ngram-overlap":                               
                    0.45288020372390747}                                        
[21:08:04] INFO     Rank: 0 - Contrastive loss is                 callback.py:66
                    0.6398106873035431, nll_loss is                             
                    0.5092897713184357                                          
[21:08:08] INFO     Rank: 0 - Epoch:43/60, Batch:5,     progress_callback.py:218
                    loss:1.291634, finished 71.83%.                             
[21:08:16] INFO     Rank: 0 - Epoch:43/60, Batch:6,     progress_callback.py:218
                    loss:1.350555, finished 71.86%.                             
[21:08:24] INFO     Rank: 0 - Epoch:43/60, Batch:7,     progress_callback.py:218
                    loss:1.06927, finished 71.89%.                              
[21:08:31] INFO     Rank: 0 - Epoch:43/60, Batch:8,     progress_callback.py:218
                    loss:1.212826, finished 71.92%.                             
[21:08:38] INFO     Rank: 0 - Epoch:43/60, Batch:9,     progress_callback.py:218
                    loss:1.044966, finished 71.96%.                             
[21:08:46] INFO     Rank: 0 - Epoch:43/60, Batch:10,    progress_callback.py:218
                    loss:1.132226, finished 71.99%.                             
[21:08:52] INFO     Rank: 0 - Epoch:43/60, Batch:11,    progress_callback.py:218
                    loss:1.107012, finished 72.02%.                             
[21:08:59] INFO     Rank: 0 - Epoch:43/60, Batch:12,    progress_callback.py:218
                    loss:1.063289, finished 72.05%.                             
[21:09:07] INFO     Rank: 0 - Epoch:43/60, Batch:13,    progress_callback.py:218
                    loss:1.066865, finished 72.08%.                             
[21:09:17] INFO     Rank: 0 - Epoch:43/60, Batch:14,    progress_callback.py:218
                    loss:1.276077, finished 72.12%.                             
[21:09:24] INFO     Rank: 0 - Contrastive loss is                 callback.py:66
                    0.6339073240756988, nll_loss is                             
                    0.5180888235569                                             
[21:09:25] INFO     Rank: 0 - Epoch:43/60, Batch:15,    progress_callback.py:218
                    loss:1.196874, finished 72.15%.                             
[21:09:33] INFO     Rank: 0 - Epoch:43/60, Batch:16,    progress_callback.py:218
                    loss:1.165606, finished 72.18%.                             
[21:09:45] INFO     Rank: 0 - Epoch:43/60, Batch:17,    progress_callback.py:218
                    loss:1.119934, finished 72.21%.                             
[21:09:52] INFO     Rank: 0 - Epoch:43/60, Batch:18,    progress_callback.py:218
                    loss:1.139607, finished 72.24%.                             
[21:10:01] INFO     Rank: 0 - Epoch:43/60, Batch:19,    progress_callback.py:218
                    loss:1.20562, finished 72.28%.                              
[21:10:09] INFO     Rank: 0 - Epoch:43/60, Batch:20,    progress_callback.py:218
                    loss:1.217574, finished 72.31%.                             
[21:10:17] INFO     Rank: 0 - Epoch:43/60, Batch:21,    progress_callback.py:218
                    loss:1.136104, finished 72.34%.                             
[21:10:23] INFO     Rank: 0 - Epoch:43/60, Batch:22,    progress_callback.py:218
                    loss:1.13959, finished 72.37%.                              
[21:10:31] INFO     Rank: 0 - Epoch:43/60, Batch:23,    progress_callback.py:218
                    loss:1.064327, finished 72.4%.                              
[21:10:38] INFO     Rank: 0 - Epoch:43/60, Batch:24,    progress_callback.py:218
                    loss:1.130032, finished 72.44%.                             
[21:10:43] INFO     Rank: 0 - Contrastive loss is                 callback.py:66
                    0.6305493295192719, nll_loss is                             
                    0.5095724046230317                                          
[21:10:45] INFO     Rank: 0 - Epoch:43/60, Batch:25,    progress_callback.py:218
                    loss:1.082824, finished 72.47%.                             
[21:10:51] INFO     Rank: 0 - Epoch:43/60, Batch:26,    progress_callback.py:218
                    loss:1.143076, finished 72.5%.                              
[21:11:00] INFO     Rank: 0 - Epoch:43/60, Batch:27,    progress_callback.py:218
                    loss:1.338764, finished 72.53%.                             
[21:11:09] INFO     Rank: 0 - Epoch:43/60, Batch:28,    progress_callback.py:218
                    loss:1.126558, finished 72.56%.                             
[21:11:17] INFO     Rank: 0 - Epoch:43/60, Batch:29,    progress_callback.py:218
                    loss:1.319949, finished 72.6%.                              
[21:11:25] INFO     Rank: 0 - Epoch:43/60, Batch:30,    progress_callback.py:218
                    loss:1.064821, finished 72.63%.                             
[21:11:33] INFO     Rank: 0 - Epoch:43/60, Batch:31,    progress_callback.py:218
                    loss:1.159894, finished 72.66%.                             
[21:11:40] INFO     Rank: 0 - Epoch:43/60, Batch:32,    progress_callback.py:218
                    loss:1.137385, finished 72.69%.                             
[21:11:47] INFO     Rank: 0 - Epoch:43/60, Batch:33,    progress_callback.py:218
                    loss:1.250203, finished 72.72%.                             
[21:11:55] INFO     Rank: 0 - Epoch:43/60, Batch:34,    progress_callback.py:218
                    loss:0.959195, finished 72.76%.                             
[21:12:02] INFO     Rank: 0 - Contrastive loss is                 callback.py:66
                    0.6634739577770233, nll_loss is                             
                    0.5104438602924347                                          
[21:12:04] INFO     Rank: 0 - Epoch:43/60, Batch:35,    progress_callback.py:218
                    loss:1.239334, finished 72.79%.                             
[21:12:16] INFO     Rank: 0 - Epoch:43/60, Batch:36,    progress_callback.py:218
                    loss:1.065798, finished 72.82%.                             
[21:12:24] INFO     Rank: 0 - Epoch:43/60, Batch:37,    progress_callback.py:218
                    loss:1.172937, finished 72.85%.                             
[21:12:31] INFO     Rank: 0 - Epoch:43/60, Batch:38,    progress_callback.py:218
                    loss:1.113612, finished 72.88%.                             
[21:12:39] INFO     Rank: 0 - Epoch:43/60, Batch:39,    progress_callback.py:218
                    loss:1.159505, finished 72.92%.                             
[21:12:45] INFO     Rank: 0 - Epoch:43/60, Batch:40,    progress_callback.py:218
                    loss:1.180761, finished 72.95%.                             
[21:12:52] INFO     Rank: 0 - Epoch:43/60, Batch:41,    progress_callback.py:218
                    loss:1.210945, finished 72.98%.                             
[21:13:01] INFO     Rank: 0 - Epoch:43/60, Batch:42,    progress_callback.py:218
                    loss:0.844386, finished 73.01%.                             
[21:13:08] INFO     Rank: 0 - Epoch:43/60, Batch:43,    progress_callback.py:218
                    loss:1.20269, finished 73.04%.                              
[21:13:16] INFO     Rank: 0 - Epoch:43/60, Batch:44,    progress_callback.py:218
                    loss:1.287443, finished 73.08%.                             
           INFO     Rank: 0 -                                   evaluator.py:317
                    **********Evaluation starts**********                       
[21:13:29] INFO     Rank: 0 - **********Evaluation              evaluator.py:349
                    ends**********                                              
                                                                                
           INFO     Rank: 0 - ----------Eval. results   progress_callback.py:233
                    on Epoch:43, Batch:44----------                             
           INFO     Rank: 0 -                           progress_callback.py:238
                    {"torch_ngram#ngram-overlap":                               
                    0.4522271156311035}                                         
[21:13:34] INFO     Rank: 0 - Contrastive loss is                 callback.py:66
                    0.6567706733942031, nll_loss is                             
                    0.48625461757183075                                         
[21:13:35] INFO     Rank: 0 - Epoch:43/60, Batch:45,    progress_callback.py:218
                    loss:1.192176, finished 73.11%.                             
[21:13:43] INFO     Rank: 0 - Epoch:43/60, Batch:46,    progress_callback.py:218
                    loss:0.98336, finished 73.14%.                              
[21:13:50] INFO     Rank: 0 - Epoch:43/60, Batch:47,    progress_callback.py:218
                    loss:1.330703, finished 73.17%.                             
[21:13:58] INFO     Rank: 0 - Epoch:43/60, Batch:48,    progress_callback.py:218
                    loss:1.135178, finished 73.21%.                             
[21:14:07] INFO     Rank: 0 - Epoch:43/60, Batch:49,    progress_callback.py:218
                    loss:1.080451, finished 73.24%.                             
[21:14:14] INFO     Rank: 0 - Epoch:43/60, Batch:50,    progress_callback.py:218
                    loss:1.156014, finished 73.27%.                             
[21:14:23] INFO     Rank: 0 - Epoch:43/60, Batch:51,    progress_callback.py:218
                    loss:1.153587, finished 73.3%.                              
[21:14:30] INFO     Rank: 0 - Epoch:43/60, Batch:52,    progress_callback.py:218
                    loss:1.211685, finished 73.33%.                             
           INFO     Rank: 0 -                           progress_callback.py:204
                    **********Epoch:44 starts**********                         
[21:14:36] INFO     Rank: 0 - Epoch:44/60, Batch:1,     progress_callback.py:218
                    loss:0.976897, finished 73.37%.                             
[21:14:46] INFO     Rank: 0 - Epoch:44/60, Batch:2,     progress_callback.py:218
                    loss:1.28813, finished 73.4%.                               
[21:14:52] INFO     Rank: 0 - Contrastive loss is                 callback.py:66
                    0.6595991790294647, nll_loss is                             
                    0.4868925929069519                                          
[21:14:53] INFO     Rank: 0 - Epoch:44/60, Batch:3,     progress_callback.py:218
                    loss:1.148912, finished 73.43%.                             
[21:15:02] INFO     Rank: 0 - Epoch:44/60, Batch:4,     progress_callback.py:218
                    loss:1.147155, finished 73.46%.                             
[21:15:10] INFO     Rank: 0 - Epoch:44/60, Batch:5,     progress_callback.py:218
                    loss:1.177351, finished 73.49%.                             
[21:15:15] INFO     Rank: 0 - Epoch:44/60, Batch:6,     progress_callback.py:218
                    loss:1.307623, finished 73.53%.                             
[21:15:24] INFO     Rank: 0 - Epoch:44/60, Batch:7,     progress_callback.py:218
                    loss:1.384104, finished 73.56%.                             
[21:15:30] INFO     Rank: 0 - Epoch:44/60, Batch:8,     progress_callback.py:218
                    loss:1.153973, finished 73.59%.                             
[21:15:38] INFO     Rank: 0 - Epoch:44/60, Batch:9,     progress_callback.py:218
                    loss:1.122142, finished 73.62%.                             
[21:15:47] INFO     Rank: 0 - Epoch:44/60, Batch:10,    progress_callback.py:218
                    loss:1.130635, finished 73.65%.                             
[21:15:53] INFO     Rank: 0 - Epoch:44/60, Batch:11,    progress_callback.py:218
                    loss:1.178436, finished 73.69%.                             
[21:16:06] INFO     Rank: 0 - Epoch:44/60, Batch:12,    progress_callback.py:218
                    loss:0.941026, finished 73.72%.                             
[21:16:10] INFO     Rank: 0 - Contrastive loss is                 callback.py:66
                    0.6768387734889985, nll_loss is                             
                    0.5216883242130279                                          
[21:16:14] INFO     Rank: 0 - Epoch:44/60, Batch:13,    progress_callback.py:218
                    loss:1.442826, finished 73.75%.                             
[21:16:21] INFO     Rank: 0 - Epoch:44/60, Batch:14,    progress_callback.py:218
                    loss:0.978088, finished 73.78%.                             
[21:16:29] INFO     Rank: 0 - Epoch:44/60, Batch:15,    progress_callback.py:218
                    loss:1.086837, finished 73.81%.                             
[21:16:39] INFO     Rank: 0 - Epoch:44/60, Batch:16,    progress_callback.py:218
                    loss:1.065252, finished 73.85%.                             
[21:16:47] INFO     Rank: 0 - Epoch:44/60, Batch:17,    progress_callback.py:218
                    loss:1.002483, finished 73.88%.                             
[21:16:54] INFO     Rank: 0 - Epoch:44/60, Batch:18,    progress_callback.py:218
                    loss:1.136777, finished 73.91%.                             
[21:17:02] INFO     Rank: 0 - Epoch:44/60, Batch:19,    progress_callback.py:218
                    loss:1.097272, finished 73.94%.                             
[21:17:10] INFO     Rank: 0 - Epoch:44/60, Batch:20,    progress_callback.py:218
                    loss:1.157188, finished 73.97%.                             
[21:17:18] INFO     Rank: 0 - Epoch:44/60, Batch:21,    progress_callback.py:218
                    loss:1.071048, finished 74.01%.                             
[21:17:25] INFO     Rank: 0 - Epoch:44/60, Batch:22,    progress_callback.py:218
                    loss:1.199599, finished 74.04%.                             
[21:17:30] INFO     Rank: 0 - Contrastive loss is                 callback.py:66
                    0.6178893387317658, nll_loss is                             
                    0.47366322875022887                                         
[21:17:32] INFO     Rank: 0 - Epoch:44/60, Batch:23,    progress_callback.py:218
                    loss:1.120983, finished 74.07%.                             
[21:17:39] INFO     Rank: 0 - Epoch:44/60, Batch:24,    progress_callback.py:218
                    loss:1.069152, finished 74.1%.                              
[21:17:46] INFO     Rank: 0 - Epoch:44/60, Batch:25,    progress_callback.py:218
                    loss:1.332271, finished 74.13%.                             
[21:17:54] INFO     Rank: 0 - Epoch:44/60, Batch:26,    progress_callback.py:218
                    loss:1.168255, finished 74.17%.                             
[21:18:03] INFO     Rank: 0 - Epoch:44/60, Batch:27,    progress_callback.py:218
                    loss:0.97012, finished 74.2%.                               
[21:18:12] INFO     Rank: 0 - Epoch:44/60, Batch:28,    progress_callback.py:218
                    loss:1.197972, finished 74.23%.                             
[21:18:21] INFO     Rank: 0 - Epoch:44/60, Batch:29,    progress_callback.py:218
                    loss:1.285842, finished 74.26%.                             
[21:18:30] INFO     Rank: 0 - Epoch:44/60, Batch:30,    progress_callback.py:218
                    loss:1.088137, finished 74.29%.                             
[21:18:38] INFO     Rank: 0 - Epoch:44/60, Batch:31,    progress_callback.py:218
                    loss:1.267375, finished 74.33%.                             
[21:18:44] INFO     Rank: 0 - Epoch:44/60, Batch:32,    progress_callback.py:218
                    loss:1.241652, finished 74.36%.                             
           INFO     Rank: 0 -                                   evaluator.py:317
                    **********Evaluation starts**********                       
[21:18:57] INFO     Rank: 0 - **********Evaluation              evaluator.py:349
                    ends**********                                              
                                                                                
           INFO     Rank: 0 - ----------Eval. results   progress_callback.py:233
                    on Epoch:44, Batch:32----------                             
           INFO     Rank: 0 -                           progress_callback.py:238
                    {"torch_ngram#ngram-overlap":                               
                    0.4516277313232422}                                         
[21:19:03] INFO     Rank: 0 - Contrastive loss is                 callback.py:66
                    0.6560563027858735, nll_loss is                             
                    0.5121448814868927                                          
[21:19:05] INFO     Rank: 0 - Epoch:44/60, Batch:33,    progress_callback.py:218
                    loss:1.061235, finished 74.39%.                             
[21:19:12] INFO     Rank: 0 - Epoch:44/60, Batch:34,    progress_callback.py:218
                    loss:1.4102, finished 74.42%.                               
[21:19:20] INFO     Rank: 0 - Epoch:44/60, Batch:35,    progress_callback.py:218
                    loss:1.370662, finished 74.46%.                             
[21:19:29] INFO     Rank: 0 - Epoch:44/60, Batch:36,    progress_callback.py:218
                    loss:1.018281, finished 74.49%.                             
[21:19:39] INFO     Rank: 0 - Epoch:44/60, Batch:37,    progress_callback.py:218
                    loss:1.046922, finished 74.52%.                             
[21:19:48] INFO     Rank: 0 - Epoch:44/60, Batch:38,    progress_callback.py:218
                    loss:1.099793, finished 74.55%.                             
[21:19:56] INFO     Rank: 0 - Epoch:44/60, Batch:39,    progress_callback.py:218
                    loss:1.22077, finished 74.58%.                              
[21:20:04] INFO     Rank: 0 - Epoch:44/60, Batch:40,    progress_callback.py:218
                    loss:1.233083, finished 74.62%.                             
[21:20:11] INFO     Rank: 0 - Epoch:44/60, Batch:41,    progress_callback.py:218
                    loss:1.090565, finished 74.65%.                             
[21:20:20] INFO     Rank: 0 - Epoch:44/60, Batch:42,    progress_callback.py:218
                    loss:1.174824, finished 74.68%.                             
[21:20:26] INFO     Rank: 0 - Contrastive loss is                 callback.py:66
                    0.6520060300827026, nll_loss is                             
                    0.5138393640518188                                          
[21:20:28] INFO     Rank: 0 - Epoch:44/60, Batch:43,    progress_callback.py:218
                    loss:0.993354, finished 74.71%.                             
[21:20:36] INFO     Rank: 0 - Epoch:44/60, Batch:44,    progress_callback.py:218
                    loss:1.185051, finished 74.74%.                             
[21:20:42] INFO     Rank: 0 - Epoch:44/60, Batch:45,    progress_callback.py:218
                    loss:1.1071, finished 74.78%.                               
[21:20:48] INFO     Rank: 0 - Epoch:44/60, Batch:46,    progress_callback.py:218
                    loss:0.855392, finished 74.81%.                             
[21:20:56] INFO     Rank: 0 - Epoch:44/60, Batch:47,    progress_callback.py:218
                    loss:1.358526, finished 74.84%.                             
[21:21:04] INFO     Rank: 0 - Epoch:44/60, Batch:48,    progress_callback.py:218
                    loss:1.205198, finished 74.87%.                             
[21:21:15] INFO     Rank: 0 - Epoch:44/60, Batch:49,    progress_callback.py:218
                    loss:0.948368, finished 74.9%.                              
[21:21:23] INFO     Rank: 0 - Epoch:44/60, Batch:50,    progress_callback.py:218
                    loss:0.913821, finished 74.94%.                             
[21:21:33] INFO     Rank: 0 - Epoch:44/60, Batch:51,    progress_callback.py:218
                    loss:1.158664, finished 74.97%.                             
[21:21:39] INFO     Rank: 0 - Epoch:44/60, Batch:52,    progress_callback.py:218
                    loss:1.571918, finished 75.0%.                              
           INFO     Rank: 0 -                           progress_callback.py:204
                    **********Epoch:45 starts**********                         
[21:21:45] INFO     Rank: 0 - Contrastive loss is                 callback.py:66
                    0.6524690479040146, nll_loss is                             
                    0.4838687151670456                                          
[21:21:46] INFO     Rank: 0 - Epoch:45/60, Batch:1,     progress_callback.py:218
                    loss:1.05934, finished 75.03%.                              
[21:21:55] INFO     Rank: 0 - Epoch:45/60, Batch:2,     progress_callback.py:218
                    loss:0.893233, finished 75.06%.                             
[21:22:04] INFO     Rank: 0 - Epoch:45/60, Batch:3,     progress_callback.py:218
                    loss:1.155852, finished 75.1%.                              
[21:22:12] INFO     Rank: 0 - Epoch:45/60, Batch:4,     progress_callback.py:218
                    loss:0.94934, finished 75.13%.                              
[21:22:24] INFO     Rank: 0 - Epoch:45/60, Batch:5,     progress_callback.py:218
                    loss:1.076825, finished 75.16%.                             
[21:22:35] INFO     Rank: 0 - Epoch:45/60, Batch:6,     progress_callback.py:218
                    loss:1.353519, finished 75.19%.                             
[21:22:43] INFO     Rank: 0 - Epoch:45/60, Batch:7,     progress_callback.py:218
                    loss:1.066031, finished 75.22%.                             
[21:22:54] INFO     Rank: 0 - Epoch:45/60, Batch:8,     progress_callback.py:218
                    loss:1.120311, finished 75.26%.                             
[21:23:05] INFO     Rank: 0 - Epoch:45/60, Batch:9,     progress_callback.py:218
                    loss:1.287736, finished 75.29%.                             
[21:23:13] INFO     Rank: 0 - Epoch:45/60, Batch:10,    progress_callback.py:218
                    loss:1.217014, finished 75.32%.                             
[21:23:18] INFO     Rank: 0 - Contrastive loss is                 callback.py:66
                    0.6380615770816803, nll_loss is                             
                    0.48399149179458617                                         
[21:23:21] INFO     Rank: 0 - Epoch:45/60, Batch:11,    progress_callback.py:218
                    loss:1.10067, finished 75.35%.                              
[21:23:31] INFO     Rank: 0 - Epoch:45/60, Batch:12,    progress_callback.py:218
                    loss:1.070471, finished 75.38%.                             
[21:23:41] INFO     Rank: 0 - Epoch:45/60, Batch:13,    progress_callback.py:218
                    loss:1.104751, finished 75.42%.                             
[21:23:48] INFO     Rank: 0 - Epoch:45/60, Batch:14,    progress_callback.py:218
                    loss:1.188513, finished 75.45%.                             
[21:23:58] INFO     Rank: 0 - Epoch:45/60, Batch:15,    progress_callback.py:218
                    loss:1.037916, finished 75.48%.                             
[21:24:06] INFO     Rank: 0 - Epoch:45/60, Batch:16,    progress_callback.py:218
                    loss:1.01146, finished 75.51%.                              
[21:24:12] INFO     Rank: 0 - Epoch:45/60, Batch:17,    progress_callback.py:218
                    loss:1.142354, finished 75.54%.                             
[21:24:18] INFO     Rank: 0 - Epoch:45/60, Batch:18,    progress_callback.py:218
                    loss:1.358084, finished 75.58%.                             
[21:24:26] INFO     Rank: 0 - Epoch:45/60, Batch:19,    progress_callback.py:218
                    loss:1.301829, finished 75.61%.                             
[21:24:33] INFO     Rank: 0 - Epoch:45/60, Batch:20,    progress_callback.py:218
                    loss:1.094849, finished 75.64%.                             
           INFO     Rank: 0 -                                   evaluator.py:317
                    **********Evaluation starts**********                       
[21:24:47] INFO     Rank: 0 - **********Evaluation              evaluator.py:349
                    ends**********                                              
                                                                                
           INFO     Rank: 0 - ----------Eval. results   progress_callback.py:233
                    on Epoch:45, Batch:20----------                             
           INFO     Rank: 0 -                           progress_callback.py:238
                    {"torch_ngram#ngram-overlap":                               
                    0.44982343912124634}                                        
[21:24:52] INFO     Rank: 0 - Contrastive loss is                 callback.py:66
                    0.6402628302574158, nll_loss is                             
                    0.49749767780303955                                         
[21:24:54] INFO     Rank: 0 - Epoch:45/60, Batch:21,    progress_callback.py:218
                    loss:1.067378, finished 75.67%.                             
[21:25:02] INFO     Rank: 0 - Epoch:45/60, Batch:22,    progress_callback.py:218
                    loss:1.153256, finished 75.71%.                             
[21:25:08] INFO     Rank: 0 - Epoch:45/60, Batch:23,    progress_callback.py:218
                    loss:1.057617, finished 75.74%.                             
[21:25:17] INFO     Rank: 0 - Epoch:45/60, Batch:24,    progress_callback.py:218
                    loss:0.988274, finished 75.77%.                             
[21:25:24] INFO     Rank: 0 - Epoch:45/60, Batch:25,    progress_callback.py:218
                    loss:1.052287, finished 75.8%.                              
[21:25:31] INFO     Rank: 0 - Epoch:45/60, Batch:26,    progress_callback.py:218
                    loss:1.08891, finished 75.83%.                              
[21:25:42] INFO     Rank: 0 - Epoch:45/60, Batch:27,    progress_callback.py:218
                    loss:1.186807, finished 75.87%.                             
[21:25:48] INFO     Rank: 0 - Epoch:45/60, Batch:28,    progress_callback.py:218
                    loss:1.090981, finished 75.9%.                              
[21:25:58] INFO     Rank: 0 - Epoch:45/60, Batch:29,    progress_callback.py:218
                    loss:1.266447, finished 75.93%.                             
[21:26:06] INFO     Rank: 0 - Epoch:45/60, Batch:30,    progress_callback.py:218
                    loss:1.324577, finished 75.96%.                             
[21:26:17] INFO     Rank: 0 - Contrastive loss is                 callback.py:66
                    0.6181507408618927, nll_loss is                             
                    0.5253266096115112                                          
           INFO     Rank: 0 - Epoch:45/60, Batch:31,    progress_callback.py:218
                    loss:1.225616, finished 75.99%.                             
[21:26:24] INFO     Rank: 0 - Epoch:45/60, Batch:32,    progress_callback.py:218
                    loss:1.078064, finished 76.03%.                             
[21:26:31] INFO     Rank: 0 - Epoch:45/60, Batch:33,    progress_callback.py:218
                    loss:1.219337, finished 76.06%.                             
[21:26:38] INFO     Rank: 0 - Epoch:45/60, Batch:34,    progress_callback.py:218
                    loss:1.095037, finished 76.09%.                             
[21:26:44] INFO     Rank: 0 - Epoch:45/60, Batch:35,    progress_callback.py:218
                    loss:1.444224, finished 76.12%.                             
[21:26:55] INFO     Rank: 0 - Epoch:45/60, Batch:36,    progress_callback.py:218
                    loss:1.039261, finished 76.15%.                             
[21:27:03] INFO     Rank: 0 - Epoch:45/60, Batch:37,    progress_callback.py:218
                    loss:1.012806, finished 76.19%.                             
[21:27:14] INFO     Rank: 0 - Epoch:45/60, Batch:38,    progress_callback.py:218
                    loss:1.034831, finished 76.22%.                             
[21:27:23] INFO     Rank: 0 - Epoch:45/60, Batch:39,    progress_callback.py:218
                    loss:1.141859, finished 76.25%.                             
[21:27:30] INFO     Rank: 0 - Epoch:45/60, Batch:40,    progress_callback.py:218
                    loss:1.425332, finished 76.28%.                             
[21:27:37] INFO     Rank: 0 - Contrastive loss is                 callback.py:66
                    0.6652433335781097, nll_loss is                             
                    0.4876863777637482                                          
[21:27:40] INFO     Rank: 0 - Epoch:45/60, Batch:41,    progress_callback.py:218
                    loss:1.038546, finished 76.31%.                             
[21:27:47] INFO     Rank: 0 - Epoch:45/60, Batch:42,    progress_callback.py:218
                    loss:1.01032, finished 76.35%.                              
[21:27:56] INFO     Rank: 0 - Epoch:45/60, Batch:43,    progress_callback.py:218
                    loss:1.046251, finished 76.38%.                             
[21:28:06] INFO     Rank: 0 - Epoch:45/60, Batch:44,    progress_callback.py:218
                    loss:1.091306, finished 76.41%.                             
[21:28:13] INFO     Rank: 0 - Epoch:45/60, Batch:45,    progress_callback.py:218
                    loss:1.216349, finished 76.44%.                             
[21:28:23] INFO     Rank: 0 - Epoch:45/60, Batch:46,    progress_callback.py:218
                    loss:1.107247, finished 76.47%.                             
[21:28:30] INFO     Rank: 0 - Epoch:45/60, Batch:47,    progress_callback.py:218
                    loss:0.894585, finished 76.51%.                             
[21:28:38] INFO     Rank: 0 - Epoch:45/60, Batch:48,    progress_callback.py:218
                    loss:1.057292, finished 76.54%.                             
[21:28:45] INFO     Rank: 0 - Epoch:45/60, Batch:49,    progress_callback.py:218
                    loss:1.304102, finished 76.57%.                             
[21:28:52] INFO     Rank: 0 - Epoch:45/60, Batch:50,    progress_callback.py:218
                    loss:1.232317, finished 76.6%.                              
[21:28:59] INFO     Rank: 0 - Contrastive loss is                 callback.py:66
                    0.6308119833469391, nll_loss is                             
                    0.46835814118385316                                         
           INFO     Rank: 0 - Epoch:45/60, Batch:51,    progress_callback.py:218
                    loss:1.031931, finished 76.63%.                             
[21:29:10] INFO     Rank: 0 - Epoch:45/60, Batch:52,    progress_callback.py:218
                    loss:1.207744, finished 76.67%.                             
           INFO     Rank: 0 -                           progress_callback.py:204
                    **********Epoch:46 starts**********                         
[21:29:17] INFO     Rank: 0 - Epoch:46/60, Batch:1,     progress_callback.py:218
                    loss:0.973956, finished 76.7%.                              
[21:29:25] INFO     Rank: 0 - Epoch:46/60, Batch:2,     progress_callback.py:218
                    loss:1.139155, finished 76.73%.                             
[21:29:32] INFO     Rank: 0 - Epoch:46/60, Batch:3,     progress_callback.py:218
                    loss:1.236653, finished 76.76%.                             
[21:29:39] INFO     Rank: 0 - Epoch:46/60, Batch:4,     progress_callback.py:218
                    loss:1.170425, finished 76.79%.                             
[21:29:45] INFO     Rank: 0 - Epoch:46/60, Batch:5,     progress_callback.py:218
                    loss:1.246655, finished 76.83%.                             
[21:29:57] INFO     Rank: 0 - Epoch:46/60, Batch:6,     progress_callback.py:218
                    loss:1.011045, finished 76.86%.                             
[21:30:05] INFO     Rank: 0 - Epoch:46/60, Batch:7,     progress_callback.py:218
                    loss:1.009753, finished 76.89%.                             
[21:30:13] INFO     Rank: 0 - Epoch:46/60, Batch:8,     progress_callback.py:218
                    loss:1.258282, finished 76.92%.                             
           INFO     Rank: 0 -                                   evaluator.py:317
                    **********Evaluation starts**********                       
[21:30:27] INFO     Rank: 0 - **********Evaluation              evaluator.py:349
                    ends**********                                              
                                                                                
           INFO     Rank: 0 - ----------Eval. results   progress_callback.py:233
                    on Epoch:46, Batch:8----------                              
           INFO     Rank: 0 -                           progress_callback.py:238
                    {"torch_ngram#ngram-overlap":                               
                    0.4523794949054718}                                         
[21:30:32] INFO     Rank: 0 - Contrastive loss is                 callback.py:66
                    0.6253323018550873, nll_loss is                             
                    0.5084565639495849                                          
[21:30:37] INFO     Rank: 0 - Epoch:46/60, Batch:9,     progress_callback.py:218
                    loss:1.084222, finished 76.96%.                             
[21:30:46] INFO     Rank: 0 - Epoch:46/60, Batch:10,    progress_callback.py:218
                    loss:1.01841, finished 76.99%.                              
[21:30:53] INFO     Rank: 0 - Epoch:46/60, Batch:11,    progress_callback.py:218
                    loss:0.92616, finished 77.02%.                              
[21:31:00] INFO     Rank: 0 - Epoch:46/60, Batch:12,    progress_callback.py:218
                    loss:1.082304, finished 77.05%.                             
[21:31:08] INFO     Rank: 0 - Epoch:46/60, Batch:13,    progress_callback.py:218
                    loss:1.103543, finished 77.08%.                             
[21:31:17] INFO     Rank: 0 - Epoch:46/60, Batch:14,    progress_callback.py:218
                    loss:1.079278, finished 77.12%.                             
[21:31:27] INFO     Rank: 0 - Epoch:46/60, Batch:15,    progress_callback.py:218
                    loss:1.104482, finished 77.15%.                             
[21:31:37] INFO     Rank: 0 - Epoch:46/60, Batch:16,    progress_callback.py:218
                    loss:1.427614, finished 77.18%.                             
[21:31:44] INFO     Rank: 0 - Epoch:46/60, Batch:17,    progress_callback.py:218
                    loss:1.302325, finished 77.21%.                             
[21:31:54] INFO     Rank: 0 - Epoch:46/60, Batch:18,    progress_callback.py:218
                    loss:1.51576, finished 77.24%.                              
[21:32:03] INFO     Rank: 0 - Contrastive loss is                 callback.py:66
                    0.657748156785965, nll_loss is                              
                    0.49596613049507143                                         
[21:32:05] INFO     Rank: 0 - Epoch:46/60, Batch:19,    progress_callback.py:218
                    loss:0.977266, finished 77.28%.                             
[21:32:13] INFO     Rank: 0 - Epoch:46/60, Batch:20,    progress_callback.py:218
                    loss:1.064748, finished 77.31%.                             
[21:32:27] INFO     Rank: 0 - Epoch:46/60, Batch:21,    progress_callback.py:218
                    loss:1.175035, finished 77.34%.                             
[21:32:34] INFO     Rank: 0 - Epoch:46/60, Batch:22,    progress_callback.py:218
                    loss:1.312644, finished 77.37%.                             
[21:32:43] INFO     Rank: 0 - Epoch:46/60, Batch:23,    progress_callback.py:218
                    loss:1.297277, finished 77.4%.                              
[21:32:49] INFO     Rank: 0 - Epoch:46/60, Batch:24,    progress_callback.py:218
                    loss:1.168084, finished 77.44%.                             
[21:32:58] INFO     Rank: 0 - Epoch:46/60, Batch:25,    progress_callback.py:218
                    loss:1.023434, finished 77.47%.                             
[21:33:06] INFO     Rank: 0 - Epoch:46/60, Batch:26,    progress_callback.py:218
                    loss:1.066153, finished 77.5%.                              
[21:33:12] INFO     Rank: 0 - Epoch:46/60, Batch:27,    progress_callback.py:218
                    loss:1.190983, finished 77.53%.                             
[21:33:21] INFO     Rank: 0 - Epoch:46/60, Batch:28,    progress_callback.py:218
                    loss:1.204855, finished 77.56%.                             
[21:33:27] INFO     Rank: 0 - Contrastive loss is                 callback.py:66
                    0.6622203648090362, nll_loss is                             
                    0.5043180286884308                                          
[21:33:28] INFO     Rank: 0 - Epoch:46/60, Batch:29,    progress_callback.py:218
                    loss:1.16217, finished 77.6%.                               
[21:33:36] INFO     Rank: 0 - Epoch:46/60, Batch:30,    progress_callback.py:218
                    loss:1.488289, finished 77.63%.                             
[21:33:44] INFO     Rank: 0 - Epoch:46/60, Batch:31,    progress_callback.py:218
                    loss:1.08433, finished 77.66%.                              
[21:33:52] INFO     Rank: 0 - Epoch:46/60, Batch:32,    progress_callback.py:218
                    loss:1.193274, finished 77.69%.                             
[21:34:00] INFO     Rank: 0 - Epoch:46/60, Batch:33,    progress_callback.py:218
                    loss:1.359073, finished 77.72%.                             
[21:34:08] INFO     Rank: 0 - Epoch:46/60, Batch:34,    progress_callback.py:218
                    loss:1.043625, finished 77.76%.                             
[21:34:17] INFO     Rank: 0 - Epoch:46/60, Batch:35,    progress_callback.py:218
                    loss:1.067159, finished 77.79%.                             
[21:34:25] INFO     Rank: 0 - Epoch:46/60, Batch:36,    progress_callback.py:218
                    loss:0.79429, finished 77.82%.                              
[21:34:34] INFO     Rank: 0 - Epoch:46/60, Batch:37,    progress_callback.py:218
                    loss:1.039229, finished 77.85%.                             
[21:34:41] INFO     Rank: 0 - Epoch:46/60, Batch:38,    progress_callback.py:218
                    loss:1.042705, finished 77.88%.                             
[21:34:47] INFO     Rank: 0 - Contrastive loss is                 callback.py:66
                    0.6516822576522827, nll_loss is                             
                    0.48124241828918457                                         
           INFO     Rank: 0 - Epoch:46/60, Batch:39,    progress_callback.py:218
                    loss:1.217274, finished 77.92%.                             
[21:34:54] INFO     Rank: 0 - Epoch:46/60, Batch:40,    progress_callback.py:218
                    loss:1.075594, finished 77.95%.                             
[21:35:03] INFO     Rank: 0 - Epoch:46/60, Batch:41,    progress_callback.py:218
                    loss:1.129527, finished 77.98%.                             
[21:35:12] INFO     Rank: 0 - Epoch:46/60, Batch:42,    progress_callback.py:218
                    loss:1.191468, finished 78.01%.                             
[21:35:20] INFO     Rank: 0 - Epoch:46/60, Batch:43,    progress_callback.py:218
                    loss:1.105542, finished 78.04%.                             
[21:35:29] INFO     Rank: 0 - Epoch:46/60, Batch:44,    progress_callback.py:218
                    loss:1.285123, finished 78.08%.                             
[21:35:36] INFO     Rank: 0 - Epoch:46/60, Batch:45,    progress_callback.py:218
                    loss:0.916859, finished 78.11%.                             
[21:35:44] INFO     Rank: 0 - Epoch:46/60, Batch:46,    progress_callback.py:218
                    loss:0.961244, finished 78.14%.                             
[21:35:52] INFO     Rank: 0 - Epoch:46/60, Batch:47,    progress_callback.py:218
                    loss:1.024023, finished 78.17%.                             
[21:35:59] INFO     Rank: 0 - Epoch:46/60, Batch:48,    progress_callback.py:218
                    loss:1.383173, finished 78.21%.                             
           INFO     Rank: 0 -                                   evaluator.py:317
                    **********Evaluation starts**********                       
[21:36:15] INFO     Rank: 0 - **********Evaluation              evaluator.py:349
                    ends**********                                              
                                                                                
           INFO     Rank: 0 - ----------Eval. results   progress_callback.py:233
                    on Epoch:46, Batch:48----------                             
           INFO     Rank: 0 -                           progress_callback.py:238
                    {"torch_ngram#ngram-overlap":                               
                    0.4524676501750946}                                         
[21:36:21] INFO     Rank: 0 - Contrastive loss is                 callback.py:66
                    0.6384856045246124, nll_loss is                             
                    0.4739712953567505                                          
[21:36:22] INFO     Rank: 0 - Epoch:46/60, Batch:49,    progress_callback.py:218
                    loss:1.052016, finished 78.24%.                             
[21:36:31] INFO     Rank: 0 - Epoch:46/60, Batch:50,    progress_callback.py:218
                    loss:0.99582, finished 78.27%.                              
[21:36:42] INFO     Rank: 0 - Epoch:46/60, Batch:51,    progress_callback.py:218
                    loss:1.136801, finished 78.3%.                              
[21:36:51] INFO     Rank: 0 - Epoch:46/60, Batch:52,    progress_callback.py:218
                    loss:1.318469, finished 78.33%.                             
           INFO     Rank: 0 -                           progress_callback.py:204
                    **********Epoch:47 starts**********                         
[21:36:58] INFO     Rank: 0 - Epoch:47/60, Batch:1,     progress_callback.py:218
                    loss:1.14196, finished 78.37%.                              
[21:37:08] INFO     Rank: 0 - Epoch:47/60, Batch:2,     progress_callback.py:218
                    loss:1.059606, finished 78.4%.                              
[21:37:17] INFO     Rank: 0 - Epoch:47/60, Batch:3,     progress_callback.py:218
                    loss:1.026914, finished 78.43%.                             
[21:37:25] INFO     Rank: 0 - Epoch:47/60, Batch:4,     progress_callback.py:218
                    loss:0.954726, finished 78.46%.                             
[21:37:34] INFO     Rank: 0 - Epoch:47/60, Batch:5,     progress_callback.py:218
                    loss:1.189909, finished 78.49%.                             
[21:37:42] INFO     Rank: 0 - Epoch:47/60, Batch:6,     progress_callback.py:218
                    loss:1.247836, finished 78.53%.                             
[21:37:46] INFO     Rank: 0 - Contrastive loss is                 callback.py:66
                    0.6528854072093964, nll_loss is                             
                    0.4827478289604187                                          
[21:37:49] INFO     Rank: 0 - Epoch:47/60, Batch:7,     progress_callback.py:218
                    loss:1.284291, finished 78.56%.                             
[21:37:56] INFO     Rank: 0 - Epoch:47/60, Batch:8,     progress_callback.py:218
                    loss:0.983764, finished 78.59%.                             
[21:38:05] INFO     Rank: 0 - Epoch:47/60, Batch:9,     progress_callback.py:218
                    loss:1.236845, finished 78.62%.                             
[21:38:14] INFO     Rank: 0 - Epoch:47/60, Batch:10,    progress_callback.py:218
                    loss:1.115747, finished 78.65%.                             
[21:38:25] INFO     Rank: 0 - Epoch:47/60, Batch:11,    progress_callback.py:218
                    loss:1.089331, finished 78.69%.                             
[21:38:33] INFO     Rank: 0 - Epoch:47/60, Batch:12,    progress_callback.py:218
                    loss:1.265836, finished 78.72%.                             
[21:38:41] INFO     Rank: 0 - Epoch:47/60, Batch:13,    progress_callback.py:218
                    loss:1.186431, finished 78.75%.                             
[21:38:49] INFO     Rank: 0 - Epoch:47/60, Batch:14,    progress_callback.py:218
                    loss:1.200367, finished 78.78%.                             
[21:38:55] INFO     Rank: 0 - Epoch:47/60, Batch:15,    progress_callback.py:218
                    loss:1.026067, finished 78.81%.                             
[21:39:02] INFO     Rank: 0 - Epoch:47/60, Batch:16,    progress_callback.py:218
                    loss:1.055304, finished 78.85%.                             
[21:39:07] INFO     Rank: 0 - Contrastive loss is                 callback.py:66
                    0.6523511946201325, nll_loss is                             
                    0.4747191727161407                                          
[21:39:12] INFO     Rank: 0 - Epoch:47/60, Batch:17,    progress_callback.py:218
                    loss:1.111012, finished 78.88%.                             
[21:39:18] INFO     Rank: 0 - Epoch:47/60, Batch:18,    progress_callback.py:218
                    loss:1.222073, finished 78.91%.                             
[21:39:24] INFO     Rank: 0 - Epoch:47/60, Batch:19,    progress_callback.py:218
                    loss:1.119323, finished 78.94%.                             
[21:39:32] INFO     Rank: 0 - Epoch:47/60, Batch:20,    progress_callback.py:218
                    loss:1.002463, finished 78.97%.                             
[21:39:41] INFO     Rank: 0 - Epoch:47/60, Batch:21,    progress_callback.py:218
                    loss:1.198995, finished 79.01%.                             
[21:39:49] INFO     Rank: 0 - Epoch:47/60, Batch:22,    progress_callback.py:218
                    loss:0.979769, finished 79.04%.                             
[21:39:57] INFO     Rank: 0 - Epoch:47/60, Batch:23,    progress_callback.py:218
                    loss:0.946462, finished 79.07%.                             
[21:40:04] INFO     Rank: 0 - Epoch:47/60, Batch:24,    progress_callback.py:218
                    loss:1.258304, finished 79.1%.                              
[21:40:12] INFO     Rank: 0 - Epoch:47/60, Batch:25,    progress_callback.py:218
                    loss:1.160575, finished 79.13%.                             
[21:40:20] INFO     Rank: 0 - Epoch:47/60, Batch:26,    progress_callback.py:218
                    loss:1.207582, finished 79.17%.                             
[21:40:26] INFO     Rank: 0 - Contrastive loss is                 callback.py:66
                    0.6356081813573837, nll_loss is                             
                    0.4721762865781784                                          
[21:40:30] INFO     Rank: 0 - Epoch:47/60, Batch:27,    progress_callback.py:218
                    loss:0.982297, finished 79.2%.                              
[21:40:37] INFO     Rank: 0 - Epoch:47/60, Batch:28,    progress_callback.py:218
                    loss:0.844449, finished 79.23%.                             
[21:40:48] INFO     Rank: 0 - Epoch:47/60, Batch:29,    progress_callback.py:218
                    loss:1.164623, finished 79.26%.                             
[21:40:58] INFO     Rank: 0 - Epoch:47/60, Batch:30,    progress_callback.py:218
                    loss:0.933931, finished 79.29%.                             
[21:41:06] INFO     Rank: 0 - Epoch:47/60, Batch:31,    progress_callback.py:218
                    loss:1.407486, finished 79.33%.                             
[21:41:18] INFO     Rank: 0 - Epoch:47/60, Batch:32,    progress_callback.py:218
                    loss:1.106422, finished 79.36%.                             
[21:41:26] INFO     Rank: 0 - Epoch:47/60, Batch:33,    progress_callback.py:218
                    loss:1.280413, finished 79.39%.                             
[21:41:35] INFO     Rank: 0 - Epoch:47/60, Batch:34,    progress_callback.py:218
                    loss:1.241468, finished 79.42%.                             
[21:41:44] INFO     Rank: 0 - Epoch:47/60, Batch:35,    progress_callback.py:218
                    loss:1.119343, finished 79.46%.                             
[21:41:50] INFO     Rank: 0 - Epoch:47/60, Batch:36,    progress_callback.py:218
                    loss:1.235002, finished 79.49%.                             
           INFO     Rank: 0 -                                   evaluator.py:317
                    **********Evaluation starts**********                       
[21:42:04] INFO     Rank: 0 - **********Evaluation              evaluator.py:349
                    ends**********                                              
                                                                                
           INFO     Rank: 0 - ----------Eval. results   progress_callback.py:233
                    on Epoch:47, Batch:36----------                             
           INFO     Rank: 0 -                           progress_callback.py:238
                    {"torch_ngram#ngram-overlap":                               
                    0.45289382338523865}                                        
[21:42:10] INFO     Rank: 0 - Contrastive loss is                 callback.py:66
                    0.6612578868865967, nll_loss is                             
                    0.49650131464004515                                         
[21:42:15] INFO     Rank: 0 - Epoch:47/60, Batch:37,    progress_callback.py:218
                    loss:1.244454, finished 79.52%.                             
[21:42:23] INFO     Rank: 0 - Epoch:47/60, Batch:38,    progress_callback.py:218
                    loss:1.099699, finished 79.55%.                             
[21:42:32] INFO     Rank: 0 - Epoch:47/60, Batch:39,    progress_callback.py:218
                    loss:1.244621, finished 79.58%.                             
[21:42:41] INFO     Rank: 0 - Epoch:47/60, Batch:40,    progress_callback.py:218
                    loss:1.281207, finished 79.62%.                             
[21:42:51] INFO     Rank: 0 - Epoch:47/60, Batch:41,    progress_callback.py:218
                    loss:0.822744, finished 79.65%.                             
[21:43:01] INFO     Rank: 0 - Epoch:47/60, Batch:42,    progress_callback.py:218
                    loss:1.19982, finished 79.68%.                              
[21:43:10] INFO     Rank: 0 - Epoch:47/60, Batch:43,    progress_callback.py:218
                    loss:1.077093, finished 79.71%.                             
[21:43:17] INFO     Rank: 0 - Epoch:47/60, Batch:44,    progress_callback.py:218
                    loss:1.023738, finished 79.74%.                             
[21:43:26] INFO     Rank: 0 - Epoch:47/60, Batch:45,    progress_callback.py:218
                    loss:1.185995, finished 79.78%.                             
[21:43:35] INFO     Rank: 0 - Epoch:47/60, Batch:46,    progress_callback.py:218
                    loss:1.169861, finished 79.81%.                             
[21:43:44] INFO     Rank: 0 - Contrastive loss is                 callback.py:66
                    0.6576440632343292, nll_loss is                             
                    0.45847604274749754                                         
           INFO     Rank: 0 - Epoch:47/60, Batch:47,    progress_callback.py:218
                    loss:1.056423, finished 79.84%.                             
[21:43:55] INFO     Rank: 0 - Epoch:47/60, Batch:48,    progress_callback.py:218
                    loss:1.167663, finished 79.87%.                             
[21:44:03] INFO     Rank: 0 - Epoch:47/60, Batch:49,    progress_callback.py:218
                    loss:0.98228, finished 79.9%.                               
[21:44:11] INFO     Rank: 0 - Epoch:47/60, Batch:50,    progress_callback.py:218
                    loss:1.094239, finished 79.94%.                             
[21:44:21] INFO     Rank: 0 - Epoch:47/60, Batch:51,    progress_callback.py:218
                    loss:1.178577, finished 79.97%.                             
[21:44:28] INFO     Rank: 0 - Epoch:47/60, Batch:52,    progress_callback.py:218
                    loss:1.254654, finished 80.0%.                              
           INFO     Rank: 0 -                           progress_callback.py:204
                    **********Epoch:48 starts**********                         
[21:44:36] INFO     Rank: 0 - Epoch:48/60, Batch:1,     progress_callback.py:218
                    loss:1.070175, finished 80.03%.                             
[21:44:45] INFO     Rank: 0 - Epoch:48/60, Batch:2,     progress_callback.py:218
                    loss:1.209312, finished 80.06%.                             
[21:44:53] INFO     Rank: 0 - Epoch:48/60, Batch:3,     progress_callback.py:218
                    loss:1.09449, finished 80.1%.                               
[21:45:03] INFO     Rank: 0 - Epoch:48/60, Batch:4,     progress_callback.py:218
                    loss:1.220902, finished 80.13%.                             
[21:45:12] INFO     Rank: 0 - Contrastive loss is                 callback.py:66
                    0.6566655516624451, nll_loss is                             
                    0.5183256804943085                                          
           INFO     Rank: 0 - Epoch:48/60, Batch:5,     progress_callback.py:218
                    loss:1.47762, finished 80.16%.                              
[21:45:19] INFO     Rank: 0 - Epoch:48/60, Batch:6,     progress_callback.py:218
                    loss:1.124016, finished 80.19%.                             
[21:45:28] INFO     Rank: 0 - Epoch:48/60, Batch:7,     progress_callback.py:218
                    loss:0.990013, finished 80.22%.                             
[21:45:37] INFO     Rank: 0 - Epoch:48/60, Batch:8,     progress_callback.py:218
                    loss:1.158571, finished 80.26%.                             
[21:45:48] INFO     Rank: 0 - Epoch:48/60, Batch:9,     progress_callback.py:218
                    loss:0.98777, finished 80.29%.                              
[21:45:58] INFO     Rank: 0 - Epoch:48/60, Batch:10,    progress_callback.py:218
                    loss:1.133345, finished 80.32%.                             
[21:46:07] INFO     Rank: 0 - Epoch:48/60, Batch:11,    progress_callback.py:218
                    loss:0.980417, finished 80.35%.                             
[21:46:14] INFO     Rank: 0 - Epoch:48/60, Batch:12,    progress_callback.py:218
                    loss:1.088384, finished 80.38%.                             
[21:46:20] INFO     Rank: 0 - Epoch:48/60, Batch:13,    progress_callback.py:218
                    loss:1.231379, finished 80.42%.                             
[21:46:27] INFO     Rank: 0 - Epoch:48/60, Batch:14,    progress_callback.py:218
                    loss:1.106365, finished 80.45%.                             
[21:46:32] INFO     Rank: 0 - Contrastive loss is                 callback.py:66
                    0.6120918273925782, nll_loss is                             
                    0.4830483376979828                                          
[21:46:35] INFO     Rank: 0 - Epoch:48/60, Batch:15,    progress_callback.py:218
                    loss:1.151141, finished 80.48%.                             
[21:46:48] INFO     Rank: 0 - Epoch:48/60, Batch:16,    progress_callback.py:218
                    loss:1.043167, finished 80.51%.                             
[21:46:54] INFO     Rank: 0 - Epoch:48/60, Batch:17,    progress_callback.py:218
                    loss:1.158114, finished 80.54%.                             
[21:47:00] INFO     Rank: 0 - Epoch:48/60, Batch:18,    progress_callback.py:218
                    loss:1.166475, finished 80.58%.                             
[21:47:09] INFO     Rank: 0 - Epoch:48/60, Batch:19,    progress_callback.py:218
                    loss:1.153943, finished 80.61%.                             
[21:47:17] INFO     Rank: 0 - Epoch:48/60, Batch:20,    progress_callback.py:218
                    loss:1.022396, finished 80.64%.                             
[21:47:24] INFO     Rank: 0 - Epoch:48/60, Batch:21,    progress_callback.py:218
                    loss:0.845504, finished 80.67%.                             
[21:47:33] INFO     Rank: 0 - Epoch:48/60, Batch:22,    progress_callback.py:218
                    loss:1.05148, finished 80.71%.                              
[21:47:40] INFO     Rank: 0 - Epoch:48/60, Batch:23,    progress_callback.py:218
                    loss:1.164729, finished 80.74%.                             
[21:47:46] INFO     Rank: 0 - Epoch:48/60, Batch:24,    progress_callback.py:218
                    loss:1.124561, finished 80.77%.                             
           INFO     Rank: 0 -                                   evaluator.py:317
                    **********Evaluation starts**********                       
[21:48:00] INFO     Rank: 0 - **********Evaluation              evaluator.py:349
                    ends**********                                              
                                                                                
           INFO     Rank: 0 - ----------Eval. results   progress_callback.py:233
                    on Epoch:48, Batch:24----------                             
           INFO     Rank: 0 -                           progress_callback.py:238
                    {"torch_ngram#ngram-overlap":                               
                    0.4528431296348572}                                         
[21:48:07] INFO     Rank: 0 - Contrastive loss is                 callback.py:66
                    0.6220533162355423, nll_loss is                             
                    0.47241881787776946                                         
           INFO     Rank: 0 - Epoch:48/60, Batch:25,    progress_callback.py:218
                    loss:1.214354, finished 80.8%.                              
[21:48:17] INFO     Rank: 0 - Epoch:48/60, Batch:26,    progress_callback.py:218
                    loss:1.18861, finished 80.83%.                              
[21:48:27] INFO     Rank: 0 - Epoch:48/60, Batch:27,    progress_callback.py:218
                    loss:1.128925, finished 80.87%.                             
[21:48:36] INFO     Rank: 0 - Epoch:48/60, Batch:28,    progress_callback.py:218
                    loss:0.953805, finished 80.9%.                              
[21:48:45] INFO     Rank: 0 - Epoch:48/60, Batch:29,    progress_callback.py:218
                    loss:1.169904, finished 80.93%.                             
[21:48:51] INFO     Rank: 0 - Epoch:48/60, Batch:30,    progress_callback.py:218
                    loss:1.01497, finished 80.96%.                              
[21:48:57] INFO     Rank: 0 - Epoch:48/60, Batch:31,    progress_callback.py:218
                    loss:1.061772, finished 80.99%.                             
[21:49:04] INFO     Rank: 0 - Epoch:48/60, Batch:32,    progress_callback.py:218
                    loss:1.169054, finished 81.03%.                             
[21:49:11] INFO     Rank: 0 - Epoch:48/60, Batch:33,    progress_callback.py:218
                    loss:1.183267, finished 81.06%.                             
[21:49:17] INFO     Rank: 0 - Epoch:48/60, Batch:34,    progress_callback.py:218
                    loss:1.14235, finished 81.09%.                              
[21:49:26] INFO     Rank: 0 - Contrastive loss is                 callback.py:66
                    0.6461438119411469, nll_loss is                             
                    0.470247745513916                                           
           INFO     Rank: 0 - Epoch:48/60, Batch:35,    progress_callback.py:218
                    loss:1.151258, finished 81.12%.                             
[21:49:36] INFO     Rank: 0 - Epoch:48/60, Batch:36,    progress_callback.py:218
                    loss:1.273844, finished 81.15%.                             
[21:49:42] INFO     Rank: 0 - Epoch:48/60, Batch:37,    progress_callback.py:218
                    loss:1.202017, finished 81.19%.                             
[21:49:51] INFO     Rank: 0 - Epoch:48/60, Batch:38,    progress_callback.py:218
                    loss:1.161004, finished 81.22%.                             
[21:49:58] INFO     Rank: 0 - Epoch:48/60, Batch:39,    progress_callback.py:218
                    loss:1.045838, finished 81.25%.                             
[21:50:07] INFO     Rank: 0 - Epoch:48/60, Batch:40,    progress_callback.py:218
                    loss:0.947076, finished 81.28%.                             
[21:50:15] INFO     Rank: 0 - Epoch:48/60, Batch:41,    progress_callback.py:218
                    loss:1.361683, finished 81.31%.                             
[21:50:22] INFO     Rank: 0 - Epoch:48/60, Batch:42,    progress_callback.py:218
                    loss:0.93873, finished 81.35%.                              
[21:50:30] INFO     Rank: 0 - Epoch:48/60, Batch:43,    progress_callback.py:218
                    loss:1.076102, finished 81.38%.                             
[21:50:37] INFO     Rank: 0 - Epoch:48/60, Batch:44,    progress_callback.py:218
                    loss:1.078881, finished 81.41%.                             
[21:50:47] INFO     Rank: 0 - Contrastive loss is                 callback.py:66
                    0.6401353597640991, nll_loss is                             
                    0.45878676772117616                                         
           INFO     Rank: 0 - Epoch:48/60, Batch:45,    progress_callback.py:218
                    loss:0.904047, finished 81.44%.                             
[21:50:54] INFO     Rank: 0 - Epoch:48/60, Batch:46,    progress_callback.py:218
                    loss:1.165297, finished 81.47%.                             
[21:51:00] INFO     Rank: 0 - Epoch:48/60, Batch:47,    progress_callback.py:218
                    loss:1.116689, finished 81.51%.                             
[21:51:08] INFO     Rank: 0 - Epoch:48/60, Batch:48,    progress_callback.py:218
                    loss:1.197925, finished 81.54%.                             
[21:51:16] INFO     Rank: 0 - Epoch:48/60, Batch:49,    progress_callback.py:218
                    loss:1.362397, finished 81.57%.                             
[21:51:27] INFO     Rank: 0 - Epoch:48/60, Batch:50,    progress_callback.py:218
                    loss:1.187448, finished 81.6%.                              
[21:51:35] INFO     Rank: 0 - Epoch:48/60, Batch:51,    progress_callback.py:218
                    loss:1.062668, finished 81.63%.                             
[21:51:41] INFO     Rank: 0 - Epoch:48/60, Batch:52,    progress_callback.py:218
                    loss:0.918519, finished 81.67%.                             
           INFO     Rank: 0 -                           progress_callback.py:204
                    **********Epoch:49 starts**********                         
[21:51:49] INFO     Rank: 0 - Epoch:49/60, Batch:1,     progress_callback.py:218
                    loss:1.089708, finished 81.7%.                              
[21:51:56] INFO     Rank: 0 - Epoch:49/60, Batch:2,     progress_callback.py:218
                    loss:1.123714, finished 81.73%.                             
[21:52:02] INFO     Rank: 0 - Contrastive loss is                 callback.py:66
                    0.6537592351436615, nll_loss is                             
                    0.4726090967655182                                          
[21:52:04] INFO     Rank: 0 - Epoch:49/60, Batch:3,     progress_callback.py:218
                    loss:1.03932, finished 81.76%.                              
[21:52:14] INFO     Rank: 0 - Epoch:49/60, Batch:4,     progress_callback.py:218
                    loss:1.155811, finished 81.79%.                             
[21:52:23] INFO     Rank: 0 - Epoch:49/60, Batch:5,     progress_callback.py:218
                    loss:1.254354, finished 81.83%.                             
[21:52:33] INFO     Rank: 0 - Epoch:49/60, Batch:6,     progress_callback.py:218
                    loss:0.909719, finished 81.86%.                             
[21:52:42] INFO     Rank: 0 - Epoch:49/60, Batch:7,     progress_callback.py:218
                    loss:0.828743, finished 81.89%.                             
[21:52:50] INFO     Rank: 0 - Epoch:49/60, Batch:8,     progress_callback.py:218
                    loss:0.960221, finished 81.92%.                             
[21:52:56] INFO     Rank: 0 - Epoch:49/60, Batch:9,     progress_callback.py:218
                    loss:1.180559, finished 81.96%.                             
[21:53:07] INFO     Rank: 0 - Epoch:49/60, Batch:10,    progress_callback.py:218
                    loss:1.306175, finished 81.99%.                             
[21:53:18] INFO     Rank: 0 - Epoch:49/60, Batch:11,    progress_callback.py:218
                    loss:1.089788, finished 82.02%.                             
[21:53:24] INFO     Rank: 0 - Epoch:49/60, Batch:12,    progress_callback.py:218
                    loss:1.223961, finished 82.05%.                             
[21:53:25] INFO     Rank: 0 -                                   evaluator.py:317
                    **********Evaluation starts**********                       
[21:53:39] INFO     Rank: 0 - **********Evaluation              evaluator.py:349
                    ends**********                                              
                                                                                
           INFO     Rank: 0 - ----------Eval. results   progress_callback.py:233
                    on Epoch:49, Batch:12----------                             
           INFO     Rank: 0 -                           progress_callback.py:238
                    {"torch_ngram#ngram-overlap":                               
                    0.45239996910095215}                                        
[21:53:44] INFO     Rank: 0 - Contrastive loss is                 callback.py:66
                    0.6282838016748429, nll_loss is                             
                    0.48178633153438566                                         
[21:53:46] INFO     Rank: 0 - Epoch:49/60, Batch:13,    progress_callback.py:218
                    loss:1.191369, finished 82.08%.                             
[21:53:56] INFO     Rank: 0 - Epoch:49/60, Batch:14,    progress_callback.py:218
                    loss:0.928558, finished 82.12%.                             
[21:54:07] INFO     Rank: 0 - Epoch:49/60, Batch:15,    progress_callback.py:218
                    loss:0.913221, finished 82.15%.                             
[21:54:17] INFO     Rank: 0 - Epoch:49/60, Batch:16,    progress_callback.py:218
                    loss:1.153292, finished 82.18%.                             
[21:54:26] INFO     Rank: 0 - Epoch:49/60, Batch:17,    progress_callback.py:218
                    loss:1.120325, finished 82.21%.                             
[21:54:33] INFO     Rank: 0 - Epoch:49/60, Batch:18,    progress_callback.py:218
                    loss:0.965537, finished 82.24%.                             
[21:54:43] INFO     Rank: 0 - Epoch:49/60, Batch:19,    progress_callback.py:218
                    loss:0.917383, finished 82.28%.                             
[21:54:51] INFO     Rank: 0 - Epoch:49/60, Batch:20,    progress_callback.py:218
                    loss:0.981399, finished 82.31%.                             
[21:55:00] INFO     Rank: 0 - Epoch:49/60, Batch:21,    progress_callback.py:218
                    loss:1.216372, finished 82.34%.                             
[21:55:07] INFO     Rank: 0 - Epoch:49/60, Batch:22,    progress_callback.py:218
                    loss:1.2805, finished 82.37%.                               
[21:55:13] INFO     Rank: 0 - Contrastive loss is                 callback.py:66
                    0.5778121590614319, nll_loss is                             
                    0.4505181789398193                                          
[21:55:14] INFO     Rank: 0 - Epoch:49/60, Batch:23,    progress_callback.py:218
                    loss:0.806716, finished 82.4%.                              
[21:55:24] INFO     Rank: 0 - Epoch:49/60, Batch:24,    progress_callback.py:218
                    loss:1.082427, finished 82.44%.                             
[21:55:33] INFO     Rank: 0 - Epoch:49/60, Batch:25,    progress_callback.py:218
                    loss:0.98017, finished 82.47%.                              
[21:55:43] INFO     Rank: 0 - Epoch:49/60, Batch:26,    progress_callback.py:218
                    loss:1.024257, finished 82.5%.                              
[21:55:51] INFO     Rank: 0 - Epoch:49/60, Batch:27,    progress_callback.py:218
                    loss:1.149034, finished 82.53%.                             
[21:56:01] INFO     Rank: 0 - Epoch:49/60, Batch:28,    progress_callback.py:218
                    loss:1.314577, finished 82.56%.                             
[21:56:08] INFO     Rank: 0 - Epoch:49/60, Batch:29,    progress_callback.py:218
                    loss:1.165026, finished 82.6%.                              
[21:56:18] INFO     Rank: 0 - Epoch:49/60, Batch:30,    progress_callback.py:218
                    loss:1.112112, finished 82.63%.                             
[21:56:24] INFO     Rank: 0 - Epoch:49/60, Batch:31,    progress_callback.py:218
                    loss:1.152837, finished 82.66%.                             
[21:56:33] INFO     Rank: 0 - Epoch:49/60, Batch:32,    progress_callback.py:218
                    loss:1.528599, finished 82.69%.                             
[21:56:41] INFO     Rank: 0 - Contrastive loss is                 callback.py:66
                    0.6639923572540283, nll_loss is                             
                    0.4988516211509705                                          
           INFO     Rank: 0 - Epoch:49/60, Batch:33,    progress_callback.py:218
                    loss:1.119401, finished 82.72%.                             
[21:56:48] INFO     Rank: 0 - Epoch:49/60, Batch:34,    progress_callback.py:218
                    loss:1.257119, finished 82.76%.                             
[21:56:56] INFO     Rank: 0 - Epoch:49/60, Batch:35,    progress_callback.py:218
                    loss:1.095375, finished 82.79%.                             
[21:57:02] INFO     Rank: 0 - Epoch:49/60, Batch:36,    progress_callback.py:218
                    loss:1.139393, finished 82.82%.                             
[21:57:18] INFO     Rank: 0 - Epoch:49/60, Batch:37,    progress_callback.py:218
                    loss:1.044233, finished 82.85%.                             
[21:57:25] INFO     Rank: 0 - Epoch:49/60, Batch:38,    progress_callback.py:218
                    loss:1.254144, finished 82.88%.                             
[21:57:33] INFO     Rank: 0 - Epoch:49/60, Batch:39,    progress_callback.py:218
                    loss:1.128092, finished 82.92%.                             
[21:57:40] INFO     Rank: 0 - Epoch:49/60, Batch:40,    progress_callback.py:218
                    loss:1.088615, finished 82.95%.                             
[21:57:47] INFO     Rank: 0 - Epoch:49/60, Batch:41,    progress_callback.py:218
                    loss:1.219359, finished 82.98%.                             
[21:57:55] INFO     Rank: 0 - Epoch:49/60, Batch:42,    progress_callback.py:218
                    loss:1.233449, finished 83.01%.                             
[21:58:02] INFO     Rank: 0 - Contrastive loss is                 callback.py:66
                    0.6544559001922607, nll_loss is                             
                    0.5045975923538208                                          
[21:58:03] INFO     Rank: 0 - Epoch:49/60, Batch:43,    progress_callback.py:218
                    loss:1.130756, finished 83.04%.                             
[21:58:12] INFO     Rank: 0 - Epoch:49/60, Batch:44,    progress_callback.py:218
                    loss:1.066792, finished 83.08%.                             
[21:58:19] INFO     Rank: 0 - Epoch:49/60, Batch:45,    progress_callback.py:218
                    loss:1.047277, finished 83.11%.                             
[21:58:26] INFO     Rank: 0 - Epoch:49/60, Batch:46,    progress_callback.py:218
                    loss:0.963366, finished 83.14%.                             
[21:58:33] INFO     Rank: 0 - Epoch:49/60, Batch:47,    progress_callback.py:218
                    loss:1.172212, finished 83.17%.                             
[21:58:42] INFO     Rank: 0 - Epoch:49/60, Batch:48,    progress_callback.py:218
                    loss:1.119611, finished 83.21%.                             
[21:58:53] INFO     Rank: 0 - Epoch:49/60, Batch:49,    progress_callback.py:218
                    loss:1.230209, finished 83.24%.                             
[21:59:01] INFO     Rank: 0 - Epoch:49/60, Batch:50,    progress_callback.py:218
                    loss:1.222669, finished 83.27%.                             
[21:59:08] INFO     Rank: 0 - Epoch:49/60, Batch:51,    progress_callback.py:218
                    loss:1.37582, finished 83.3%.                               
[21:59:16] INFO     Rank: 0 - Epoch:49/60, Batch:52,    progress_callback.py:218
                    loss:1.369841, finished 83.33%.                             
           INFO     Rank: 0 -                                   evaluator.py:317
                    **********Evaluation starts**********                       
[21:59:31] INFO     Rank: 0 - **********Evaluation              evaluator.py:349
                    ends**********                                              
                                                                                
           INFO     Rank: 0 - ----------Eval. results   progress_callback.py:233
                    on Epoch:49, Batch:52----------                             
           INFO     Rank: 0 -                           progress_callback.py:238
                    {"torch_ngram#ngram-overlap":                               
                    0.4522080421447754}                                         
           INFO     Rank: 0 -                           progress_callback.py:204
                    **********Epoch:50 starts**********                         
[21:59:36] INFO     Rank: 0 - Contrastive loss is                 callback.py:66
                    0.6817797899246216, nll_loss is                             
                    0.505299985408783                                           
[21:59:41] INFO     Rank: 0 - Epoch:50/60, Batch:1,     progress_callback.py:218
                    loss:1.303001, finished 83.37%.                             
[21:59:48] INFO     Rank: 0 - Epoch:50/60, Batch:2,     progress_callback.py:218
                    loss:1.045612, finished 83.4%.                              
[21:59:58] INFO     Rank: 0 - Epoch:50/60, Batch:3,     progress_callback.py:218
                    loss:1.011678, finished 83.43%.                             
[22:00:04] INFO     Rank: 0 - Epoch:50/60, Batch:4,     progress_callback.py:218
                    loss:1.241332, finished 83.46%.                             
[22:00:13] INFO     Rank: 0 - Epoch:50/60, Batch:5,     progress_callback.py:218
                    loss:0.861163, finished 83.49%.                             
[22:00:20] INFO     Rank: 0 - Epoch:50/60, Batch:6,     progress_callback.py:218
                    loss:1.36125, finished 83.53%.                              
[22:00:29] INFO     Rank: 0 - Epoch:50/60, Batch:7,     progress_callback.py:218
                    loss:1.143671, finished 83.56%.                             
[22:00:38] INFO     Rank: 0 - Epoch:50/60, Batch:8,     progress_callback.py:218
                    loss:0.967724, finished 83.59%.                             
[22:00:45] INFO     Rank: 0 - Epoch:50/60, Batch:9,     progress_callback.py:218
                    loss:1.049191, finished 83.62%.                             
[22:00:53] INFO     Rank: 0 - Epoch:50/60, Batch:10,    progress_callback.py:218
                    loss:1.112136, finished 83.65%.                             
[22:00:58] INFO     Rank: 0 - Contrastive loss is                 callback.py:66
                    0.6085599958896637, nll_loss is                             
                    0.48908398151397703                                         
[22:01:01] INFO     Rank: 0 - Epoch:50/60, Batch:11,    progress_callback.py:218
                    loss:1.182683, finished 83.69%.                             
[22:01:08] INFO     Rank: 0 - Epoch:50/60, Batch:12,    progress_callback.py:218
                    loss:1.101334, finished 83.72%.                             
[22:01:15] INFO     Rank: 0 - Epoch:50/60, Batch:13,    progress_callback.py:218
                    loss:1.343862, finished 83.75%.                             
[22:01:26] INFO     Rank: 0 - Epoch:50/60, Batch:14,    progress_callback.py:218
                    loss:1.01799, finished 83.78%.                              
[22:01:34] INFO     Rank: 0 - Epoch:50/60, Batch:15,    progress_callback.py:218
                    loss:1.329164, finished 83.81%.                             
[22:01:41] INFO     Rank: 0 - Epoch:50/60, Batch:16,    progress_callback.py:218
                    loss:1.104825, finished 83.85%.                             
[22:01:48] INFO     Rank: 0 - Epoch:50/60, Batch:17,    progress_callback.py:218
                    loss:1.210955, finished 83.88%.                             
[22:01:55] INFO     Rank: 0 - Epoch:50/60, Batch:18,    progress_callback.py:218
                    loss:1.122117, finished 83.91%.                             
[22:02:02] INFO     Rank: 0 - Epoch:50/60, Batch:19,    progress_callback.py:218
                    loss:1.189568, finished 83.94%.                             
[22:02:10] INFO     Rank: 0 - Epoch:50/60, Batch:20,    progress_callback.py:218
                    loss:1.073629, finished 83.97%.                             
[22:02:17] INFO     Rank: 0 - Contrastive loss is                 callback.py:66
                    0.6714028954505921, nll_loss is                             
                    0.47441973686218264                                         
[22:02:21] INFO     Rank: 0 - Epoch:50/60, Batch:21,    progress_callback.py:218
                    loss:0.964781, finished 84.01%.                             
[22:02:28] INFO     Rank: 0 - Epoch:50/60, Batch:22,    progress_callback.py:218
                    loss:1.16391, finished 84.04%.                              
[22:02:37] INFO     Rank: 0 - Epoch:50/60, Batch:23,    progress_callback.py:218
                    loss:1.018341, finished 84.07%.                             
[22:02:44] INFO     Rank: 0 - Epoch:50/60, Batch:24,    progress_callback.py:218
                    loss:1.029286, finished 84.1%.                              
[22:02:52] INFO     Rank: 0 - Epoch:50/60, Batch:25,    progress_callback.py:218
                    loss:1.139424, finished 84.13%.                             
[22:03:00] INFO     Rank: 0 - Epoch:50/60, Batch:26,    progress_callback.py:218
                    loss:1.207874, finished 84.17%.                             
[22:03:09] INFO     Rank: 0 - Epoch:50/60, Batch:27,    progress_callback.py:218
                    loss:1.295121, finished 84.2%.                              
[22:03:19] INFO     Rank: 0 - Epoch:50/60, Batch:28,    progress_callback.py:218
                    loss:0.957969, finished 84.23%.                             
[22:03:29] INFO     Rank: 0 - Epoch:50/60, Batch:29,    progress_callback.py:218
                    loss:1.191905, finished 84.26%.                             
[22:03:35] INFO     Rank: 0 - Epoch:50/60, Batch:30,    progress_callback.py:218
                    loss:1.156066, finished 84.29%.                             
[22:03:41] INFO     Rank: 0 - Contrastive loss is                 callback.py:66
                    0.6414160668849945, nll_loss is                             
                    0.4712364494800568                                          
[22:03:43] INFO     Rank: 0 - Epoch:50/60, Batch:31,    progress_callback.py:218
                    loss:0.966628, finished 84.33%.                             
[22:03:52] INFO     Rank: 0 - Epoch:50/60, Batch:32,    progress_callback.py:218
                    loss:1.153275, finished 84.36%.                             
[22:04:01] INFO     Rank: 0 - Epoch:50/60, Batch:33,    progress_callback.py:218
                    loss:1.170448, finished 84.39%.                             
[22:04:11] INFO     Rank: 0 - Epoch:50/60, Batch:34,    progress_callback.py:218
                    loss:1.274025, finished 84.42%.                             
[22:04:19] INFO     Rank: 0 - Epoch:50/60, Batch:35,    progress_callback.py:218
                    loss:1.212456, finished 84.46%.                             
[22:04:26] INFO     Rank: 0 - Epoch:50/60, Batch:36,    progress_callback.py:218
                    loss:1.077067, finished 84.49%.                             
[22:04:34] INFO     Rank: 0 - Epoch:50/60, Batch:37,    progress_callback.py:218
                    loss:1.175023, finished 84.52%.                             
[22:04:43] INFO     Rank: 0 - Epoch:50/60, Batch:38,    progress_callback.py:218
                    loss:1.307947, finished 84.55%.                             
[22:04:53] INFO     Rank: 0 - Epoch:50/60, Batch:39,    progress_callback.py:218
                    loss:1.164818, finished 84.58%.                             
[22:05:01] INFO     Rank: 0 - Epoch:50/60, Batch:40,    progress_callback.py:218
                    loss:1.134088, finished 84.62%.                             
           INFO     Rank: 0 -                                   evaluator.py:317
                    **********Evaluation starts**********                       
[22:05:15] INFO     Rank: 0 - **********Evaluation              evaluator.py:349
                    ends**********                                              
                                                                                
           INFO     Rank: 0 - ----------Eval. results   progress_callback.py:233
                    on Epoch:50, Batch:40----------                             
           INFO     Rank: 0 -                           progress_callback.py:238
                    {"torch_ngram#ngram-overlap":                               
                    0.4531700313091278}                                         
 ============= save model at results/2023-03-29-15_17_50_221845/epoch-50_step-2640.pt ============= 
save hyperparams in  results/2023-03-29-15_17_50_221845/hyperparams.txt
[22:05:23] INFO     Rank: 0 - Contrastive loss is                 callback.py:66
                    0.6921952486038208, nll_loss is                             
                    0.48189874887466433                                         
           INFO     Rank: 0 - Epoch:50/60, Batch:41,    progress_callback.py:218
                    loss:1.071793, finished 84.65%.                             
[22:05:33] INFO     Rank: 0 - Epoch:50/60, Batch:42,    progress_callback.py:218
                    loss:1.17695, finished 84.68%.                              
[22:05:42] INFO     Rank: 0 - Epoch:50/60, Batch:43,    progress_callback.py:218
                    loss:1.224786, finished 84.71%.                             
[22:05:51] INFO     Rank: 0 - Epoch:50/60, Batch:44,    progress_callback.py:218
                    loss:1.153911, finished 84.74%.                             
[22:05:59] INFO     Rank: 0 - Epoch:50/60, Batch:45,    progress_callback.py:218
                    loss:1.120533, finished 84.78%.                             
[22:06:06] INFO     Rank: 0 - Epoch:50/60, Batch:46,    progress_callback.py:218
                    loss:1.170328, finished 84.81%.                             
[22:06:15] INFO     Rank: 0 - Epoch:50/60, Batch:47,    progress_callback.py:218
                    loss:1.197145, finished 84.84%.                             
[22:06:25] INFO     Rank: 0 - Epoch:50/60, Batch:48,    progress_callback.py:218
                    loss:1.246975, finished 84.87%.                             
[22:06:33] INFO     Rank: 0 - Epoch:50/60, Batch:49,    progress_callback.py:218
                    loss:0.91704, finished 84.9%.                               
[22:06:40] INFO     Rank: 0 - Epoch:50/60, Batch:50,    progress_callback.py:218
                    loss:1.262149, finished 84.94%.                             
[22:06:48] INFO     Rank: 0 - Contrastive loss is                 callback.py:66
                    0.6362480163574219, nll_loss is                             
                    0.5273051738739014                                          
           INFO     Rank: 0 - Epoch:50/60, Batch:51,    progress_callback.py:218
                    loss:1.165714, finished 84.97%.                             
[22:06:56] INFO     Rank: 0 - Epoch:50/60, Batch:52,    progress_callback.py:218
                    loss:1.12395, finished 85.0%.                               
           INFO     Rank: 0 -                           progress_callback.py:204
                    **********Epoch:51 starts**********                         
[22:07:02] INFO     Rank: 0 - Epoch:51/60, Batch:1,     progress_callback.py:218
                    loss:1.068884, finished 85.03%.                             
[22:07:11] INFO     Rank: 0 - Epoch:51/60, Batch:2,     progress_callback.py:218
                    loss:0.829501, finished 85.06%.                             
[22:07:18] INFO     Rank: 0 - Epoch:51/60, Batch:3,     progress_callback.py:218
                    loss:1.245105, finished 85.1%.                              
[22:07:26] INFO     Rank: 0 - Epoch:51/60, Batch:4,     progress_callback.py:218
                    loss:1.091884, finished 85.13%.                             
[22:07:33] INFO     Rank: 0 - Epoch:51/60, Batch:5,     progress_callback.py:218
                    loss:1.261142, finished 85.16%.                             
[22:07:42] INFO     Rank: 0 - Epoch:51/60, Batch:6,     progress_callback.py:218
                    loss:0.813479, finished 85.19%.                             
[22:07:50] INFO     Rank: 0 - Epoch:51/60, Batch:7,     progress_callback.py:218
                    loss:1.197453, finished 85.22%.                             
[22:07:57] INFO     Rank: 0 - Epoch:51/60, Batch:8,     progress_callback.py:218
                    loss:1.183401, finished 85.26%.                             
[22:08:02] INFO     Rank: 0 - Contrastive loss is                 callback.py:66
                    0.620348984003067, nll_loss is                              
                    0.45622760653495786                                         
[22:08:05] INFO     Rank: 0 - Epoch:51/60, Batch:9,     progress_callback.py:218
                    loss:0.950966, finished 85.29%.                             
[22:08:13] INFO     Rank: 0 - Epoch:51/60, Batch:10,    progress_callback.py:218
                    loss:1.25271, finished 85.32%.                              
[22:08:21] INFO     Rank: 0 - Epoch:51/60, Batch:11,    progress_callback.py:218
                    loss:1.063587, finished 85.35%.                             
[22:08:28] INFO     Rank: 0 - Epoch:51/60, Batch:12,    progress_callback.py:218
                    loss:1.118726, finished 85.38%.                             
[22:08:36] INFO     Rank: 0 - Epoch:51/60, Batch:13,    progress_callback.py:218
                    loss:1.125232, finished 85.42%.                             
[22:08:45] INFO     Rank: 0 - Epoch:51/60, Batch:14,    progress_callback.py:218
                    loss:1.115654, finished 85.45%.                             
[22:08:52] INFO     Rank: 0 - Epoch:51/60, Batch:15,    progress_callback.py:218
                    loss:1.03807, finished 85.48%.                              
[22:09:00] INFO     Rank: 0 - Epoch:51/60, Batch:16,    progress_callback.py:218
                    loss:0.994908, finished 85.51%.                             
[22:09:06] INFO     Rank: 0 - Epoch:51/60, Batch:17,    progress_callback.py:218
                    loss:1.173325, finished 85.54%.                             
[22:09:16] INFO     Rank: 0 - Epoch:51/60, Batch:18,    progress_callback.py:218
                    loss:0.993096, finished 85.58%.                             
[22:09:20] INFO     Rank: 0 - Contrastive loss is                 callback.py:66
                    0.6138598799705506, nll_loss is                             
                    0.463863468170166                                           
[22:09:23] INFO     Rank: 0 - Epoch:51/60, Batch:19,    progress_callback.py:218
                    loss:0.901925, finished 85.61%.                             
[22:09:31] INFO     Rank: 0 - Epoch:51/60, Batch:20,    progress_callback.py:218
                    loss:0.959464, finished 85.64%.                             
[22:09:43] INFO     Rank: 0 - Epoch:51/60, Batch:21,    progress_callback.py:218
                    loss:1.048448, finished 85.67%.                             
[22:09:51] INFO     Rank: 0 - Epoch:51/60, Batch:22,    progress_callback.py:218
                    loss:1.273447, finished 85.71%.                             
[22:09:58] INFO     Rank: 0 - Epoch:51/60, Batch:23,    progress_callback.py:218
                    loss:1.002511, finished 85.74%.                             
[22:10:06] INFO     Rank: 0 - Epoch:51/60, Batch:24,    progress_callback.py:218
                    loss:1.12077, finished 85.77%.                              
[22:10:12] INFO     Rank: 0 - Epoch:51/60, Batch:25,    progress_callback.py:218
                    loss:1.283305, finished 85.8%.                              
[22:10:21] INFO     Rank: 0 - Epoch:51/60, Batch:26,    progress_callback.py:218
                    loss:1.474173, finished 85.83%.                             
[22:10:33] INFO     Rank: 0 - Epoch:51/60, Batch:27,    progress_callback.py:218
                    loss:1.0654, finished 85.87%.                               
[22:10:40] INFO     Rank: 0 - Epoch:51/60, Batch:28,    progress_callback.py:218
                    loss:1.035665, finished 85.9%.                              
           INFO     Rank: 0 -                                   evaluator.py:317
                    **********Evaluation starts**********                       
[22:10:52] INFO     Rank: 0 - **********Evaluation              evaluator.py:349
                    ends**********                                              
                                                                                
           INFO     Rank: 0 - ----------Eval. results   progress_callback.py:233
                    on Epoch:51, Batch:28----------                             
           INFO     Rank: 0 -                           progress_callback.py:238
                    {"torch_ngram#ngram-overlap":                               
                    0.4522554576396942}                                         
[22:11:00] INFO     Rank: 0 - Contrastive loss is                 callback.py:66
                    0.6480014026165009, nll_loss is                             
                    0.5000171780586242                                          
[22:11:01] INFO     Rank: 0 - Epoch:51/60, Batch:29,    progress_callback.py:218
                    loss:1.217003, finished 85.93%.                             
[22:11:10] INFO     Rank: 0 - Epoch:51/60, Batch:30,    progress_callback.py:218
                    loss:1.141589, finished 85.96%.                             
[22:11:21] INFO     Rank: 0 - Epoch:51/60, Batch:31,    progress_callback.py:218
                    loss:1.028689, finished 85.99%.                             
[22:11:30] INFO     Rank: 0 - Epoch:51/60, Batch:32,    progress_callback.py:218
                    loss:1.144245, finished 86.03%.                             
[22:11:39] INFO     Rank: 0 - Epoch:51/60, Batch:33,    progress_callback.py:218
                    loss:0.936568, finished 86.06%.                             
[22:11:46] INFO     Rank: 0 - Epoch:51/60, Batch:34,    progress_callback.py:218
                    loss:0.981364, finished 86.09%.                             
[22:11:56] INFO     Rank: 0 - Epoch:51/60, Batch:35,    progress_callback.py:218
                    loss:1.114138, finished 86.12%.                             
[22:12:04] INFO     Rank: 0 - Epoch:51/60, Batch:36,    progress_callback.py:218
                    loss:0.990302, finished 86.15%.                             
[22:12:11] INFO     Rank: 0 - Epoch:51/60, Batch:37,    progress_callback.py:218
                    loss:1.303661, finished 86.19%.                             
[22:12:20] INFO     Rank: 0 - Epoch:51/60, Batch:38,    progress_callback.py:218
                    loss:1.207275, finished 86.22%.                             
[22:12:31] INFO     Rank: 0 - Contrastive loss is                 callback.py:66
                    0.625445282459259, nll_loss is                              
                    0.4677875339984894                                          
           INFO     Rank: 0 - Epoch:51/60, Batch:39,    progress_callback.py:218
                    loss:1.084497, finished 86.25%.                             
[22:12:38] INFO     Rank: 0 - Epoch:51/60, Batch:40,    progress_callback.py:218
                    loss:0.969052, finished 86.28%.                             
[22:12:47] INFO     Rank: 0 - Epoch:51/60, Batch:41,    progress_callback.py:218
                    loss:1.119602, finished 86.31%.                             
[22:12:54] INFO     Rank: 0 - Epoch:51/60, Batch:42,    progress_callback.py:218
                    loss:1.11076, finished 86.35%.                              
[22:13:01] INFO     Rank: 0 - Epoch:51/60, Batch:43,    progress_callback.py:218
                    loss:1.042454, finished 86.38%.                             
[22:13:08] INFO     Rank: 0 - Epoch:51/60, Batch:44,    progress_callback.py:218
                    loss:1.137129, finished 86.41%.                             
[22:13:17] INFO     Rank: 0 - Epoch:51/60, Batch:45,    progress_callback.py:218
                    loss:1.125285, finished 86.44%.                             
[22:13:25] INFO     Rank: 0 - Epoch:51/60, Batch:46,    progress_callback.py:218
                    loss:1.204346, finished 86.47%.                             
[22:13:33] INFO     Rank: 0 - Epoch:51/60, Batch:47,    progress_callback.py:218
                    loss:1.082733, finished 86.51%.                             
[22:13:43] INFO     Rank: 0 - Epoch:51/60, Batch:48,    progress_callback.py:218
                    loss:1.096706, finished 86.54%.                             
[22:13:47] INFO     Rank: 0 - Contrastive loss is                 callback.py:66
                    0.6284203112125397, nll_loss is                             
                    0.46073521971702575                                         
[22:13:51] INFO     Rank: 0 - Epoch:51/60, Batch:49,    progress_callback.py:218
                    loss:1.003487, finished 86.57%.                             
[22:14:00] INFO     Rank: 0 - Epoch:51/60, Batch:50,    progress_callback.py:218
                    loss:1.11421, finished 86.6%.                               
[22:14:09] INFO     Rank: 0 - Epoch:51/60, Batch:51,    progress_callback.py:218
                    loss:1.278091, finished 86.63%.                             
[22:14:18] INFO     Rank: 0 - Epoch:51/60, Batch:52,    progress_callback.py:218
                    loss:1.257243, finished 86.67%.                             
           INFO     Rank: 0 -                           progress_callback.py:204
                    **********Epoch:52 starts**********                         
[22:14:25] INFO     Rank: 0 - Epoch:52/60, Batch:1,     progress_callback.py:218
                    loss:0.921544, finished 86.7%.                              
[22:14:32] INFO     Rank: 0 - Epoch:52/60, Batch:2,     progress_callback.py:218
                    loss:1.106089, finished 86.73%.                             
[22:14:40] INFO     Rank: 0 - Epoch:52/60, Batch:3,     progress_callback.py:218
                    loss:1.090677, finished 86.76%.                             
[22:14:48] INFO     Rank: 0 - Epoch:52/60, Batch:4,     progress_callback.py:218
                    loss:0.91574, finished 86.79%.                              
[22:14:55] INFO     Rank: 0 - Epoch:52/60, Batch:5,     progress_callback.py:218
                    loss:1.179576, finished 86.83%.                             
[22:15:03] INFO     Rank: 0 - Epoch:52/60, Batch:6,     progress_callback.py:218
                    loss:0.977831, finished 86.86%.                             
[22:15:09] INFO     Rank: 0 - Contrastive loss is                 callback.py:66
                    0.6375542670488358, nll_loss is                             
                    0.47896861135959623                                         
[22:15:10] INFO     Rank: 0 - Epoch:52/60, Batch:7,     progress_callback.py:218
                    loss:1.324227, finished 86.89%.                             
[22:15:17] INFO     Rank: 0 - Epoch:52/60, Batch:8,     progress_callback.py:218
                    loss:1.195148, finished 86.92%.                             
[22:15:25] INFO     Rank: 0 - Epoch:52/60, Batch:9,     progress_callback.py:218
                    loss:1.180616, finished 86.96%.                             
[22:15:32] INFO     Rank: 0 - Epoch:52/60, Batch:10,    progress_callback.py:218
                    loss:0.830116, finished 86.99%.                             
[22:15:40] INFO     Rank: 0 - Epoch:52/60, Batch:11,    progress_callback.py:218
                    loss:1.221941, finished 87.02%.                             
[22:15:46] INFO     Rank: 0 - Epoch:52/60, Batch:12,    progress_callback.py:218
                    loss:1.075005, finished 87.05%.                             
[22:15:59] INFO     Rank: 0 - Epoch:52/60, Batch:13,    progress_callback.py:218
                    loss:0.948821, finished 87.08%.                             
[22:16:07] INFO     Rank: 0 - Epoch:52/60, Batch:14,    progress_callback.py:218
                    loss:1.218045, finished 87.12%.                             
[22:16:15] INFO     Rank: 0 - Epoch:52/60, Batch:15,    progress_callback.py:218
                    loss:1.259695, finished 87.15%.                             
[22:16:22] INFO     Rank: 0 - Epoch:52/60, Batch:16,    progress_callback.py:218
                    loss:0.994225, finished 87.18%.                             
           INFO     Rank: 0 -                                   evaluator.py:317
                    **********Evaluation starts**********                       
[22:16:36] INFO     Rank: 0 - **********Evaluation              evaluator.py:349
                    ends**********                                              
                                                                                
           INFO     Rank: 0 - ----------Eval. results   progress_callback.py:233
                    on Epoch:52, Batch:16----------                             
           INFO     Rank: 0 -                           progress_callback.py:238
                    {"torch_ngram#ngram-overlap":                               
                    0.4525310695171356}                                         
[22:16:41] INFO     Rank: 0 - Contrastive loss is                 callback.py:66
                    0.6209627568721772, nll_loss is                             
                    0.4876092135906219                                          
[22:16:44] INFO     Rank: 0 - Epoch:52/60, Batch:17,    progress_callback.py:218
                    loss:1.162108, finished 87.21%.                             
[22:16:52] INFO     Rank: 0 - Epoch:52/60, Batch:18,    progress_callback.py:218
                    loss:1.180269, finished 87.24%.                             
[22:17:00] INFO     Rank: 0 - Epoch:52/60, Batch:19,    progress_callback.py:218
                    loss:1.121764, finished 87.28%.                             
[22:17:07] INFO     Rank: 0 - Epoch:52/60, Batch:20,    progress_callback.py:218
                    loss:0.953397, finished 87.31%.                             
[22:17:14] INFO     Rank: 0 - Epoch:52/60, Batch:21,    progress_callback.py:218
                    loss:1.326801, finished 87.34%.                             
[22:17:22] INFO     Rank: 0 - Epoch:52/60, Batch:22,    progress_callback.py:218
                    loss:1.177373, finished 87.37%.                             
[22:17:31] INFO     Rank: 0 - Epoch:52/60, Batch:23,    progress_callback.py:218
                    loss:1.030618, finished 87.4%.                              
[22:17:39] INFO     Rank: 0 - Epoch:52/60, Batch:24,    progress_callback.py:218
                    loss:1.167134, finished 87.44%.                             
[22:17:48] INFO     Rank: 0 - Epoch:52/60, Batch:25,    progress_callback.py:218
                    loss:1.087342, finished 87.47%.                             
[22:17:56] INFO     Rank: 0 - Epoch:52/60, Batch:26,    progress_callback.py:218
                    loss:1.054911, finished 87.5%.                              
[22:18:03] INFO     Rank: 0 - Contrastive loss is                 callback.py:66
                    0.6385485291481018, nll_loss is                             
                    0.49429712295532224                                         
           INFO     Rank: 0 - Epoch:52/60, Batch:27,    progress_callback.py:218
                    loss:1.228848, finished 87.53%.                             
[22:18:10] INFO     Rank: 0 - Epoch:52/60, Batch:28,    progress_callback.py:218
                    loss:1.155557, finished 87.56%.                             
[22:18:18] INFO     Rank: 0 - Epoch:52/60, Batch:29,    progress_callback.py:218
                    loss:1.134913, finished 87.6%.                              
[22:18:24] INFO     Rank: 0 - Epoch:52/60, Batch:30,    progress_callback.py:218
                    loss:0.98542, finished 87.63%.                              
[22:18:31] INFO     Rank: 0 - Epoch:52/60, Batch:31,    progress_callback.py:218
                    loss:1.338847, finished 87.66%.                             
[22:18:41] INFO     Rank: 0 - Epoch:52/60, Batch:32,    progress_callback.py:218
                    loss:1.050815, finished 87.69%.                             
[22:18:49] INFO     Rank: 0 - Epoch:52/60, Batch:33,    progress_callback.py:218
                    loss:1.212769, finished 87.72%.                             
[22:18:58] INFO     Rank: 0 - Epoch:52/60, Batch:34,    progress_callback.py:218
                    loss:1.182137, finished 87.76%.                             
[22:19:10] INFO     Rank: 0 - Epoch:52/60, Batch:35,    progress_callback.py:218
                    loss:1.277458, finished 87.79%.                             
[22:19:17] INFO     Rank: 0 - Epoch:52/60, Batch:36,    progress_callback.py:218
                    loss:1.094566, finished 87.82%.                             
[22:19:23] INFO     Rank: 0 - Contrastive loss is                 callback.py:66
                    0.6694970250129699, nll_loss is                             
                    0.4917390584945679                                          
[22:19:24] INFO     Rank: 0 - Epoch:52/60, Batch:37,    progress_callback.py:218
                    loss:1.179878, finished 87.85%.                             
[22:19:34] INFO     Rank: 0 - Epoch:52/60, Batch:38,    progress_callback.py:218
                    loss:1.175086, finished 87.88%.                             
[22:19:44] INFO     Rank: 0 - Epoch:52/60, Batch:39,    progress_callback.py:218
                    loss:1.139558, finished 87.92%.                             
[22:19:53] INFO     Rank: 0 - Epoch:52/60, Batch:40,    progress_callback.py:218
                    loss:1.187502, finished 87.95%.                             
[22:20:04] INFO     Rank: 0 - Epoch:52/60, Batch:41,    progress_callback.py:218
                    loss:1.195055, finished 87.98%.                             
[22:20:11] INFO     Rank: 0 - Epoch:52/60, Batch:42,    progress_callback.py:218
                    loss:1.384283, finished 88.01%.                             
[22:20:20] INFO     Rank: 0 - Epoch:52/60, Batch:43,    progress_callback.py:218
                    loss:0.970064, finished 88.04%.                             
[22:20:33] INFO     Rank: 0 - Epoch:52/60, Batch:44,    progress_callback.py:218
                    loss:1.150748, finished 88.08%.                             
[22:20:40] INFO     Rank: 0 - Epoch:52/60, Batch:45,    progress_callback.py:218
                    loss:0.998295, finished 88.11%.                             
[22:20:48] INFO     Rank: 0 - Epoch:52/60, Batch:46,    progress_callback.py:218
                    loss:1.151243, finished 88.14%.                             
[22:20:55] INFO     Rank: 0 - Contrastive loss is                 callback.py:66
                    0.6618094682693482, nll_loss is                             
                    0.46143109202384947                                         
[22:20:56] INFO     Rank: 0 - Epoch:52/60, Batch:47,    progress_callback.py:218
                    loss:0.880571, finished 88.17%.                             
[22:21:05] INFO     Rank: 0 - Epoch:52/60, Batch:48,    progress_callback.py:218
                    loss:1.029747, finished 88.21%.                             
[22:21:14] INFO     Rank: 0 - Epoch:52/60, Batch:49,    progress_callback.py:218
                    loss:0.891677, finished 88.24%.                             
[22:21:22] INFO     Rank: 0 - Epoch:52/60, Batch:50,    progress_callback.py:218
                    loss:1.026572, finished 88.27%.                             
[22:21:29] INFO     Rank: 0 - Epoch:52/60, Batch:51,    progress_callback.py:218
                    loss:1.206102, finished 88.3%.                              
[22:21:36] INFO     Rank: 0 - Epoch:52/60, Batch:52,    progress_callback.py:218
                    loss:1.066511, finished 88.33%.                             
           INFO     Rank: 0 -                           progress_callback.py:204
                    **********Epoch:53 starts**********                         
[22:21:43] INFO     Rank: 0 - Epoch:53/60, Batch:1,     progress_callback.py:218
                    loss:1.046511, finished 88.37%.                             
[22:21:50] INFO     Rank: 0 - Epoch:53/60, Batch:2,     progress_callback.py:218
                    loss:1.179144, finished 88.4%.                              
[22:21:57] INFO     Rank: 0 - Epoch:53/60, Batch:3,     progress_callback.py:218
                    loss:0.953194, finished 88.43%.                             
[22:22:05] INFO     Rank: 0 - Epoch:53/60, Batch:4,     progress_callback.py:218
                    loss:1.286967, finished 88.46%.                             
           INFO     Rank: 0 -                                   evaluator.py:317
                    **********Evaluation starts**********                       
[22:22:19] INFO     Rank: 0 - **********Evaluation              evaluator.py:349
                    ends**********                                              
                                                                                
           INFO     Rank: 0 - ----------Eval. results   progress_callback.py:233
                    on Epoch:53, Batch:4----------                              
           INFO     Rank: 0 -                           progress_callback.py:238
                    {"torch_ngram#ngram-overlap":                               
                    0.4526449739933014}                                         
[22:22:28] INFO     Rank: 0 - Contrastive loss is                 callback.py:66
                    0.608673369884491, nll_loss is                              
                    0.4573875665664673                                          
[22:22:29] INFO     Rank: 0 - Epoch:53/60, Batch:5,     progress_callback.py:218
                    loss:0.974185, finished 88.49%.                             
[22:22:38] INFO     Rank: 0 - Epoch:53/60, Batch:6,     progress_callback.py:218
                    loss:0.957989, finished 88.53%.                             
[22:22:47] INFO     Rank: 0 - Epoch:53/60, Batch:7,     progress_callback.py:218
                    loss:1.150195, finished 88.56%.                             
[22:22:54] INFO     Rank: 0 - Epoch:53/60, Batch:8,     progress_callback.py:218
                    loss:1.092867, finished 88.59%.                             
[22:23:02] INFO     Rank: 0 - Epoch:53/60, Batch:9,     progress_callback.py:218
                    loss:1.129844, finished 88.62%.                             
[22:23:09] INFO     Rank: 0 - Epoch:53/60, Batch:10,    progress_callback.py:218
                    loss:1.257299, finished 88.65%.                             
[22:23:18] INFO     Rank: 0 - Epoch:53/60, Batch:11,    progress_callback.py:218
                    loss:1.078748, finished 88.69%.                             
[22:23:28] INFO     Rank: 0 - Epoch:53/60, Batch:12,    progress_callback.py:218
                    loss:1.189559, finished 88.72%.                             
[22:23:34] INFO     Rank: 0 - Epoch:53/60, Batch:13,    progress_callback.py:218
                    loss:1.31714, finished 88.75%.                              
[22:23:43] INFO     Rank: 0 - Epoch:53/60, Batch:14,    progress_callback.py:218
                    loss:1.235709, finished 88.78%.                             
[22:23:50] INFO     Rank: 0 - Contrastive loss is                 callback.py:66
                    0.6454461872577667, nll_loss is                             
                    0.5025955736637115                                          
[22:23:51] INFO     Rank: 0 - Epoch:53/60, Batch:15,    progress_callback.py:218
                    loss:1.071068, finished 88.81%.                             
[22:24:03] INFO     Rank: 0 - Epoch:53/60, Batch:16,    progress_callback.py:218
                    loss:1.01461, finished 88.85%.                              
[22:24:10] INFO     Rank: 0 - Epoch:53/60, Batch:17,    progress_callback.py:218
                    loss:1.090718, finished 88.88%.                             
[22:24:18] INFO     Rank: 0 - Epoch:53/60, Batch:18,    progress_callback.py:218
                    loss:1.163686, finished 88.91%.                             
[22:24:25] INFO     Rank: 0 - Epoch:53/60, Batch:19,    progress_callback.py:218
                    loss:1.256103, finished 88.94%.                             
[22:24:35] INFO     Rank: 0 - Epoch:53/60, Batch:20,    progress_callback.py:218
                    loss:1.068625, finished 88.97%.                             
[22:24:42] INFO     Rank: 0 - Epoch:53/60, Batch:21,    progress_callback.py:218
                    loss:1.063543, finished 89.01%.                             
[22:24:50] INFO     Rank: 0 - Epoch:53/60, Batch:22,    progress_callback.py:218
                    loss:1.114467, finished 89.04%.                             
[22:24:58] INFO     Rank: 0 - Epoch:53/60, Batch:23,    progress_callback.py:218
                    loss:1.293866, finished 89.07%.                             
[22:25:05] INFO     Rank: 0 - Epoch:53/60, Batch:24,    progress_callback.py:218
                    loss:0.962136, finished 89.1%.                              
[22:25:11] INFO     Rank: 0 - Contrastive loss is                 callback.py:66
                    0.6332716107368469, nll_loss is                             
                    0.45744296312332156                                         
[22:25:15] INFO     Rank: 0 - Epoch:53/60, Batch:25,    progress_callback.py:218
                    loss:0.879392, finished 89.13%.                             
[22:25:28] INFO     Rank: 0 - Epoch:53/60, Batch:26,    progress_callback.py:218
                    loss:1.099904, finished 89.17%.                             
[22:25:35] INFO     Rank: 0 - Epoch:53/60, Batch:27,    progress_callback.py:218
                    loss:1.059745, finished 89.2%.                              
[22:25:45] INFO     Rank: 0 - Epoch:53/60, Batch:28,    progress_callback.py:218
                    loss:1.273335, finished 89.23%.                             
[22:25:52] INFO     Rank: 0 - Epoch:53/60, Batch:29,    progress_callback.py:218
                    loss:1.074677, finished 89.26%.                             
[22:26:00] INFO     Rank: 0 - Epoch:53/60, Batch:30,    progress_callback.py:218
                    loss:1.073703, finished 89.29%.                             
[22:26:06] INFO     Rank: 0 - Epoch:53/60, Batch:31,    progress_callback.py:218
                    loss:1.214057, finished 89.33%.                             
[22:26:13] INFO     Rank: 0 - Epoch:53/60, Batch:32,    progress_callback.py:218
                    loss:1.100705, finished 89.36%.                             
[22:26:22] INFO     Rank: 0 - Epoch:53/60, Batch:33,    progress_callback.py:218
                    loss:1.29828, finished 89.39%.                              
[22:26:29] INFO     Rank: 0 - Epoch:53/60, Batch:34,    progress_callback.py:218
                    loss:1.069589, finished 89.42%.                             
[22:26:34] INFO     Rank: 0 - Contrastive loss is                 callback.py:66
                    0.657499474287033, nll_loss is                              
                    0.4645396053791046                                          
[22:26:35] INFO     Rank: 0 - Epoch:53/60, Batch:35,    progress_callback.py:218
                    loss:0.956396, finished 89.46%.                             
[22:26:43] INFO     Rank: 0 - Epoch:53/60, Batch:36,    progress_callback.py:218
                    loss:0.890544, finished 89.49%.                             
[22:26:51] INFO     Rank: 0 - Epoch:53/60, Batch:37,    progress_callback.py:218
                    loss:0.884646, finished 89.52%.                             
[22:27:00] INFO     Rank: 0 - Epoch:53/60, Batch:38,    progress_callback.py:218
                    loss:1.11599, finished 89.55%.                              
[22:27:09] INFO     Rank: 0 - Epoch:53/60, Batch:39,    progress_callback.py:218
                    loss:1.10305, finished 89.58%.                              
[22:27:19] INFO     Rank: 0 - Epoch:53/60, Batch:40,    progress_callback.py:218
                    loss:1.17335, finished 89.62%.                              
[22:27:28] INFO     Rank: 0 - Epoch:53/60, Batch:41,    progress_callback.py:218
                    loss:1.2058, finished 89.65%.                               
[22:27:37] INFO     Rank: 0 - Epoch:53/60, Batch:42,    progress_callback.py:218
                    loss:0.886098, finished 89.68%.                             
[22:27:46] INFO     Rank: 0 - Epoch:53/60, Batch:43,    progress_callback.py:218
                    loss:1.161238, finished 89.71%.                             
[22:27:54] INFO     Rank: 0 - Epoch:53/60, Batch:44,    progress_callback.py:218
                    loss:1.043262, finished 89.74%.                             
           INFO     Rank: 0 -                                   evaluator.py:317
                    **********Evaluation starts**********                       
[22:28:08] INFO     Rank: 0 - **********Evaluation              evaluator.py:349
                    ends**********                                              
                                                                                
           INFO     Rank: 0 - ----------Eval. results   progress_callback.py:233
                    on Epoch:53, Batch:44----------                             
           INFO     Rank: 0 -                           progress_callback.py:238
                    {"torch_ngram#ngram-overlap":                               
                    0.45031067728996277}                                        
[22:28:13] INFO     Rank: 0 - Contrastive loss is                 callback.py:66
                    0.6236730068922043, nll_loss is                             
                    0.4556569367647171                                          
[22:28:16] INFO     Rank: 0 - Epoch:53/60, Batch:45,    progress_callback.py:218
                    loss:1.329321, finished 89.78%.                             
[22:28:24] INFO     Rank: 0 - Epoch:53/60, Batch:46,    progress_callback.py:218
                    loss:1.021041, finished 89.81%.                             
[22:28:32] INFO     Rank: 0 - Epoch:53/60, Batch:47,    progress_callback.py:218
                    loss:0.947763, finished 89.84%.                             
[22:28:41] INFO     Rank: 0 - Epoch:53/60, Batch:48,    progress_callback.py:218
                    loss:1.125219, finished 89.87%.                             
[22:28:51] INFO     Rank: 0 - Epoch:53/60, Batch:49,    progress_callback.py:218
                    loss:0.998224, finished 89.9%.                              
[22:28:59] INFO     Rank: 0 - Epoch:53/60, Batch:50,    progress_callback.py:218
                    loss:1.022709, finished 89.94%.                             
[22:29:07] INFO     Rank: 0 - Epoch:53/60, Batch:51,    progress_callback.py:218
                    loss:1.164878, finished 89.97%.                             
[22:29:16] INFO     Rank: 0 - Epoch:53/60, Batch:52,    progress_callback.py:218
                    loss:1.100011, finished 90.0%.                              
           INFO     Rank: 0 -                           progress_callback.py:204
                    **********Epoch:54 starts**********                         
[22:29:23] INFO     Rank: 0 - Epoch:54/60, Batch:1,     progress_callback.py:218
                    loss:1.084609, finished 90.03%.                             
[22:29:32] INFO     Rank: 0 - Epoch:54/60, Batch:2,     progress_callback.py:218
                    loss:1.008305, finished 90.06%.                             
[22:29:38] INFO     Rank: 0 - Contrastive loss is                 callback.py:66
                    0.5977660715579987, nll_loss is                             
                    0.46117348670959474                                         
[22:29:41] INFO     Rank: 0 - Epoch:54/60, Batch:3,     progress_callback.py:218
                    loss:1.116636, finished 90.1%.                              
[22:29:47] INFO     Rank: 0 - Epoch:54/60, Batch:4,     progress_callback.py:218
                    loss:0.973914, finished 90.13%.                             
[22:29:54] INFO     Rank: 0 - Epoch:54/60, Batch:5,     progress_callback.py:218
                    loss:1.18726, finished 90.16%.                              
[22:30:02] INFO     Rank: 0 - Epoch:54/60, Batch:6,     progress_callback.py:218
                    loss:1.090691, finished 90.19%.                             
[22:30:09] INFO     Rank: 0 - Epoch:54/60, Batch:7,     progress_callback.py:218
                    loss:1.074463, finished 90.22%.                             
[22:30:15] INFO     Rank: 0 - Epoch:54/60, Batch:8,     progress_callback.py:218
                    loss:1.371065, finished 90.26%.                             
[22:30:25] INFO     Rank: 0 - Epoch:54/60, Batch:9,     progress_callback.py:218
                    loss:1.02243, finished 90.29%.                              
[22:30:32] INFO     Rank: 0 - Epoch:54/60, Batch:10,    progress_callback.py:218
                    loss:1.23104, finished 90.32%.                              
[22:30:39] INFO     Rank: 0 - Epoch:54/60, Batch:11,    progress_callback.py:218
                    loss:1.046296, finished 90.35%.                             
[22:30:47] INFO     Rank: 0 - Epoch:54/60, Batch:12,    progress_callback.py:218
                    loss:1.116795, finished 90.38%.                             
[22:30:51] INFO     Rank: 0 - Contrastive loss is                 callback.py:66
                    0.6607617974281311, nll_loss is                             
                    0.4632413983345032                                          
[22:30:53] INFO     Rank: 0 - Epoch:54/60, Batch:13,    progress_callback.py:218
                    loss:1.126077, finished 90.42%.                             
[22:31:00] INFO     Rank: 0 - Epoch:54/60, Batch:14,    progress_callback.py:218
                    loss:1.056565, finished 90.45%.                             
[22:31:07] INFO     Rank: 0 - Epoch:54/60, Batch:15,    progress_callback.py:218
                    loss:1.126204, finished 90.48%.                             
[22:31:14] INFO     Rank: 0 - Epoch:54/60, Batch:16,    progress_callback.py:218
                    loss:1.170804, finished 90.51%.                             
[22:31:24] INFO     Rank: 0 - Epoch:54/60, Batch:17,    progress_callback.py:218
                    loss:1.133742, finished 90.54%.                             
[22:31:31] INFO     Rank: 0 - Epoch:54/60, Batch:18,    progress_callback.py:218
                    loss:1.140898, finished 90.58%.                             
[22:31:38] INFO     Rank: 0 - Epoch:54/60, Batch:19,    progress_callback.py:218
                    loss:1.149649, finished 90.61%.                             
[22:31:46] INFO     Rank: 0 - Epoch:54/60, Batch:20,    progress_callback.py:218
                    loss:0.952771, finished 90.64%.                             
[22:31:54] INFO     Rank: 0 - Epoch:54/60, Batch:21,    progress_callback.py:218
                    loss:1.173884, finished 90.67%.                             
[22:32:02] INFO     Rank: 0 - Epoch:54/60, Batch:22,    progress_callback.py:218
                    loss:1.04354, finished 90.71%.                              
[22:32:08] INFO     Rank: 0 - Contrastive loss is                 callback.py:66
                    0.6274851500988007, nll_loss is                             
                    0.4649134695529938                                          
[22:32:10] INFO     Rank: 0 - Epoch:54/60, Batch:23,    progress_callback.py:218
                    loss:0.97593, finished 90.74%.                              
[22:32:16] INFO     Rank: 0 - Epoch:54/60, Batch:24,    progress_callback.py:218
                    loss:1.411884, finished 90.77%.                             
[22:32:26] INFO     Rank: 0 - Epoch:54/60, Batch:25,    progress_callback.py:218
                    loss:1.057851, finished 90.8%.                              
[22:32:33] INFO     Rank: 0 - Epoch:54/60, Batch:26,    progress_callback.py:218
                    loss:1.050556, finished 90.83%.                             
[22:32:41] INFO     Rank: 0 - Epoch:54/60, Batch:27,    progress_callback.py:218
                    loss:1.079538, finished 90.87%.                             
[22:32:49] INFO     Rank: 0 - Epoch:54/60, Batch:28,    progress_callback.py:218
                    loss:1.117414, finished 90.9%.                              
[22:32:57] INFO     Rank: 0 - Epoch:54/60, Batch:29,    progress_callback.py:218
                    loss:1.02644, finished 90.93%.                              
[22:33:06] INFO     Rank: 0 - Epoch:54/60, Batch:30,    progress_callback.py:218
                    loss:1.124273, finished 90.96%.                             
[22:33:14] INFO     Rank: 0 - Epoch:54/60, Batch:31,    progress_callback.py:218
                    loss:1.056677, finished 90.99%.                             
[22:33:25] INFO     Rank: 0 - Epoch:54/60, Batch:32,    progress_callback.py:218
                    loss:1.343213, finished 91.03%.                             
           INFO     Rank: 0 -                                   evaluator.py:317
                    **********Evaluation starts**********                       
[22:33:39] INFO     Rank: 0 - **********Evaluation              evaluator.py:349
                    ends**********                                              
                                                                                
           INFO     Rank: 0 - ----------Eval. results   progress_callback.py:233
                    on Epoch:54, Batch:32----------                             
           INFO     Rank: 0 -                           progress_callback.py:238
                    {"torch_ngram#ngram-overlap":                               
                    0.4504227638244629}                                         
[22:33:45] INFO     Rank: 0 - Contrastive loss is                 callback.py:66
                    0.6448805749416351, nll_loss is                             
                    0.499464339017868                                           
[22:33:46] INFO     Rank: 0 - Epoch:54/60, Batch:33,    progress_callback.py:218
                    loss:1.175604, finished 91.06%.                             
[22:33:53] INFO     Rank: 0 - Epoch:54/60, Batch:34,    progress_callback.py:218
                    loss:1.173186, finished 91.09%.                             
[22:34:03] INFO     Rank: 0 - Epoch:54/60, Batch:35,    progress_callback.py:218
                    loss:1.136663, finished 91.12%.                             
[22:34:12] INFO     Rank: 0 - Epoch:54/60, Batch:36,    progress_callback.py:218
                    loss:1.020882, finished 91.15%.                             
[22:34:20] INFO     Rank: 0 - Epoch:54/60, Batch:37,    progress_callback.py:218
                    loss:1.231669, finished 91.19%.                             
[22:34:27] INFO     Rank: 0 - Epoch:54/60, Batch:38,    progress_callback.py:218
                    loss:1.118564, finished 91.22%.                             
[22:34:33] INFO     Rank: 0 - Epoch:54/60, Batch:39,    progress_callback.py:218
                    loss:0.920918, finished 91.25%.                             
[22:34:42] INFO     Rank: 0 - Epoch:54/60, Batch:40,    progress_callback.py:218
                    loss:1.243297, finished 91.28%.                             
[22:34:50] INFO     Rank: 0 - Epoch:54/60, Batch:41,    progress_callback.py:218
                    loss:1.158702, finished 91.31%.                             
[22:35:00] INFO     Rank: 0 - Epoch:54/60, Batch:42,    progress_callback.py:218
                    loss:0.865716, finished 91.35%.                             
[22:35:09] INFO     Rank: 0 - Contrastive loss is                 callback.py:66
                    0.6489420503377914, nll_loss is                             
                    0.4560427337884903                                          
           INFO     Rank: 0 - Epoch:54/60, Batch:43,    progress_callback.py:218
                    loss:1.180251, finished 91.38%.                             
[22:35:16] INFO     Rank: 0 - Epoch:54/60, Batch:44,    progress_callback.py:218
                    loss:1.165891, finished 91.41%.                             
[22:35:26] INFO     Rank: 0 - Epoch:54/60, Batch:45,    progress_callback.py:218
                    loss:1.139341, finished 91.44%.                             
[22:35:35] INFO     Rank: 0 - Epoch:54/60, Batch:46,    progress_callback.py:218
                    loss:1.147971, finished 91.47%.                             
[22:35:45] INFO     Rank: 0 - Epoch:54/60, Batch:47,    progress_callback.py:218
                    loss:1.047538, finished 91.51%.                             
[22:35:52] INFO     Rank: 0 - Epoch:54/60, Batch:48,    progress_callback.py:218
                    loss:1.260784, finished 91.54%.                             
[22:36:00] INFO     Rank: 0 - Epoch:54/60, Batch:49,    progress_callback.py:218
                    loss:1.323398, finished 91.57%.                             
[22:36:13] INFO     Rank: 0 - Epoch:54/60, Batch:50,    progress_callback.py:218
                    loss:0.976097, finished 91.6%.                              
[22:36:23] INFO     Rank: 0 - Epoch:54/60, Batch:51,    progress_callback.py:218
                    loss:0.987519, finished 91.63%.                             
[22:36:29] INFO     Rank: 0 - Epoch:54/60, Batch:52,    progress_callback.py:218
                    loss:1.183351, finished 91.67%.                             
           INFO     Rank: 0 -                           progress_callback.py:204
                    **********Epoch:55 starts**********                         
[22:36:37] INFO     Rank: 0 - Contrastive loss is                 callback.py:66
                    0.6297990500926971, nll_loss is                             
                    0.509952187538147                                           
[22:36:38] INFO     Rank: 0 - Epoch:55/60, Batch:1,     progress_callback.py:218
                    loss:1.165623, finished 91.7%.                              
[22:36:45] INFO     Rank: 0 - Epoch:55/60, Batch:2,     progress_callback.py:218
                    loss:1.112002, finished 91.73%.                             
[22:36:53] INFO     Rank: 0 - Epoch:55/60, Batch:3,     progress_callback.py:218
                    loss:0.922484, finished 91.76%.                             
[22:37:04] INFO     Rank: 0 - Epoch:55/60, Batch:4,     progress_callback.py:218
                    loss:1.035588, finished 91.79%.                             
[22:37:11] INFO     Rank: 0 - Epoch:55/60, Batch:5,     progress_callback.py:218
                    loss:1.305125, finished 91.83%.                             
[22:37:18] INFO     Rank: 0 - Epoch:55/60, Batch:6,     progress_callback.py:218
                    loss:1.059361, finished 91.86%.                             
[22:37:26] INFO     Rank: 0 - Epoch:55/60, Batch:7,     progress_callback.py:218
                    loss:1.039471, finished 91.89%.                             
[22:37:38] INFO     Rank: 0 - Epoch:55/60, Batch:8,     progress_callback.py:218
                    loss:1.366706, finished 91.92%.                             
[22:37:47] INFO     Rank: 0 - Epoch:55/60, Batch:9,     progress_callback.py:218
                    loss:1.043683, finished 91.96%.                             
[22:37:53] INFO     Rank: 0 - Epoch:55/60, Batch:10,    progress_callback.py:218
                    loss:1.119074, finished 91.99%.                             
[22:37:58] INFO     Rank: 0 - Contrastive loss is                 callback.py:66
                    0.6243506133556366, nll_loss is                             
                    0.49040407538414                                            
[22:38:01] INFO     Rank: 0 - Epoch:55/60, Batch:11,    progress_callback.py:218
                    loss:1.144053, finished 92.02%.                             
[22:38:09] INFO     Rank: 0 - Epoch:55/60, Batch:12,    progress_callback.py:218
                    loss:1.07701, finished 92.05%.                              
[22:38:24] INFO     Rank: 0 - Epoch:55/60, Batch:13,    progress_callback.py:218
                    loss:1.114628, finished 92.08%.                             
[22:38:34] INFO     Rank: 0 - Epoch:55/60, Batch:14,    progress_callback.py:218
                    loss:1.137863, finished 92.12%.                             
[22:38:41] INFO     Rank: 0 - Epoch:55/60, Batch:15,    progress_callback.py:218
                    loss:1.229287, finished 92.15%.                             
[22:38:49] INFO     Rank: 0 - Epoch:55/60, Batch:16,    progress_callback.py:218
                    loss:1.107825, finished 92.18%.                             
[22:38:58] INFO     Rank: 0 - Epoch:55/60, Batch:17,    progress_callback.py:218
                    loss:1.087516, finished 92.21%.                             
[22:39:07] INFO     Rank: 0 - Epoch:55/60, Batch:18,    progress_callback.py:218
                    loss:0.967124, finished 92.24%.                             
[22:39:15] INFO     Rank: 0 - Epoch:55/60, Batch:19,    progress_callback.py:218
                    loss:1.172164, finished 92.28%.                             
[22:39:24] INFO     Rank: 0 - Epoch:55/60, Batch:20,    progress_callback.py:218
                    loss:1.243425, finished 92.31%.                             
           INFO     Rank: 0 -                                   evaluator.py:317
                    **********Evaluation starts**********                       
[22:39:37] INFO     Rank: 0 - **********Evaluation              evaluator.py:349
                    ends**********                                              
                                                                                
           INFO     Rank: 0 - ----------Eval. results   progress_callback.py:233
                    on Epoch:55, Batch:20----------                             
           INFO     Rank: 0 -                           progress_callback.py:238
                    {"torch_ngram#ngram-overlap":                               
                    0.4504581391811371}                                         
[22:39:43] INFO     Rank: 0 - Contrastive loss is                 callback.py:66
                    0.6479235410690307, nll_loss is                             
                    0.4963555932044983                                          
[22:39:46] INFO     Rank: 0 - Epoch:55/60, Batch:21,    progress_callback.py:218
                    loss:1.30595, finished 92.34%.                              
[22:39:55] INFO     Rank: 0 - Epoch:55/60, Batch:22,    progress_callback.py:218
                    loss:1.064743, finished 92.37%.                             
[22:40:03] INFO     Rank: 0 - Epoch:55/60, Batch:23,    progress_callback.py:218
                    loss:1.101413, finished 92.4%.                              
[22:40:11] INFO     Rank: 0 - Epoch:55/60, Batch:24,    progress_callback.py:218
                    loss:1.133078, finished 92.44%.                             
[22:40:19] INFO     Rank: 0 - Epoch:55/60, Batch:25,    progress_callback.py:218
                    loss:1.528691, finished 92.47%.                             
[22:40:30] INFO     Rank: 0 - Epoch:55/60, Batch:26,    progress_callback.py:218
                    loss:1.024082, finished 92.5%.                              
[22:40:36] INFO     Rank: 0 - Epoch:55/60, Batch:27,    progress_callback.py:218
                    loss:1.172106, finished 92.53%.                             
[22:40:43] INFO     Rank: 0 - Epoch:55/60, Batch:28,    progress_callback.py:218
                    loss:1.072277, finished 92.56%.                             
[22:40:50] INFO     Rank: 0 - Epoch:55/60, Batch:29,    progress_callback.py:218
                    loss:1.06532, finished 92.6%.                               
[22:40:58] INFO     Rank: 0 - Epoch:55/60, Batch:30,    progress_callback.py:218
                    loss:1.037259, finished 92.63%.                             
[22:41:04] INFO     Rank: 0 - Contrastive loss is                 callback.py:66
                    0.6287969678640366, nll_loss is                             
                    0.5049696117639542                                          
[22:41:05] INFO     Rank: 0 - Epoch:55/60, Batch:31,    progress_callback.py:218
                    loss:1.138697, finished 92.66%.                             
[22:41:13] INFO     Rank: 0 - Epoch:55/60, Batch:32,    progress_callback.py:218
                    loss:1.080271, finished 92.69%.                             
[22:41:19] INFO     Rank: 0 - Epoch:55/60, Batch:33,    progress_callback.py:218
                    loss:1.255341, finished 92.72%.                             
[22:41:28] INFO     Rank: 0 - Epoch:55/60, Batch:34,    progress_callback.py:218
                    loss:1.101694, finished 92.76%.                             
[22:41:35] INFO     Rank: 0 - Epoch:55/60, Batch:35,    progress_callback.py:218
                    loss:0.956502, finished 92.79%.                             
[22:41:43] INFO     Rank: 0 - Epoch:55/60, Batch:36,    progress_callback.py:218
                    loss:1.120416, finished 92.82%.                             
[22:41:49] INFO     Rank: 0 - Epoch:55/60, Batch:37,    progress_callback.py:218
                    loss:0.956424, finished 92.85%.                             
[22:41:57] INFO     Rank: 0 - Epoch:55/60, Batch:38,    progress_callback.py:218
                    loss:1.017606, finished 92.88%.                             
[22:42:06] INFO     Rank: 0 - Epoch:55/60, Batch:39,    progress_callback.py:218
                    loss:1.134894, finished 92.92%.                             
[22:42:14] INFO     Rank: 0 - Epoch:55/60, Batch:40,    progress_callback.py:218
                    loss:1.10499, finished 92.95%.                              
[22:42:22] INFO     Rank: 0 - Contrastive loss is                 callback.py:66
                    0.6143189549446106, nll_loss is                             
                    0.46827192306518556                                         
[22:42:23] INFO     Rank: 0 - Epoch:55/60, Batch:41,    progress_callback.py:218
                    loss:1.097772, finished 92.98%.                             
[22:42:29] INFO     Rank: 0 - Epoch:55/60, Batch:42,    progress_callback.py:218
                    loss:1.161045, finished 93.01%.                             
[22:42:37] INFO     Rank: 0 - Epoch:55/60, Batch:43,    progress_callback.py:218
                    loss:1.000244, finished 93.04%.                             
[22:42:46] INFO     Rank: 0 - Epoch:55/60, Batch:44,    progress_callback.py:218
                    loss:1.00194, finished 93.08%.                              
[22:42:52] INFO     Rank: 0 - Epoch:55/60, Batch:45,    progress_callback.py:218
                    loss:1.168826, finished 93.11%.                             
[22:43:01] INFO     Rank: 0 - Epoch:55/60, Batch:46,    progress_callback.py:218
                    loss:1.149081, finished 93.14%.                             
[22:43:08] INFO     Rank: 0 - Epoch:55/60, Batch:47,    progress_callback.py:218
                    loss:1.031878, finished 93.17%.                             
[22:43:17] INFO     Rank: 0 - Epoch:55/60, Batch:48,    progress_callback.py:218
                    loss:0.758747, finished 93.21%.                             
[22:43:27] INFO     Rank: 0 - Epoch:55/60, Batch:49,    progress_callback.py:218
                    loss:1.009732, finished 93.24%.                             
[22:43:35] INFO     Rank: 0 - Epoch:55/60, Batch:50,    progress_callback.py:218
                    loss:1.216, finished 93.27%.                                
[22:43:41] INFO     Rank: 0 - Contrastive loss is                 callback.py:66
                    0.6221086025238037, nll_loss is                             
                    0.4374170660972595                                          
[22:43:42] INFO     Rank: 0 - Epoch:55/60, Batch:51,    progress_callback.py:218
                    loss:1.097765, finished 93.3%.                              
[22:43:51] INFO     Rank: 0 - Epoch:55/60, Batch:52,    progress_callback.py:218
                    loss:1.275211, finished 93.33%.                             
           INFO     Rank: 0 -                           progress_callback.py:204
                    **********Epoch:56 starts**********                         
[22:43:59] INFO     Rank: 0 - Epoch:56/60, Batch:1,     progress_callback.py:218
                    loss:1.237727, finished 93.37%.                             
[22:44:12] INFO     Rank: 0 - Epoch:56/60, Batch:2,     progress_callback.py:218
                    loss:1.007097, finished 93.4%.                              
[22:44:21] INFO     Rank: 0 - Epoch:56/60, Batch:3,     progress_callback.py:218
                    loss:1.129842, finished 93.43%.                             
[22:44:30] INFO     Rank: 0 - Epoch:56/60, Batch:4,     progress_callback.py:218
                    loss:1.153004, finished 93.46%.                             
[22:44:42] INFO     Rank: 0 - Epoch:56/60, Batch:5,     progress_callback.py:218
                    loss:1.097577, finished 93.49%.                             
[22:44:49] INFO     Rank: 0 - Epoch:56/60, Batch:6,     progress_callback.py:218
                    loss:1.019295, finished 93.53%.                             
[22:44:58] INFO     Rank: 0 - Epoch:56/60, Batch:7,     progress_callback.py:218
                    loss:1.2212, finished 93.56%.                               
[22:45:05] INFO     Rank: 0 - Epoch:56/60, Batch:8,     progress_callback.py:218
                    loss:1.153788, finished 93.59%.                             
           INFO     Rank: 0 -                                   evaluator.py:317
                    **********Evaluation starts**********                       
[22:45:18] INFO     Rank: 0 - **********Evaluation              evaluator.py:349
                    ends**********                                              
                                                                                
           INFO     Rank: 0 - ----------Eval. results   progress_callback.py:233
                    on Epoch:56, Batch:8----------                              
           INFO     Rank: 0 -                           progress_callback.py:238
                    {"torch_ngram#ngram-overlap":                               
                    0.4504666328430176}                                         
[22:45:26] INFO     Rank: 0 - Contrastive loss is                 callback.py:66
                    0.6817098379135131, nll_loss is                             
                    0.4645915627479553                                          
[22:45:27] INFO     Rank: 0 - Epoch:56/60, Batch:9,     progress_callback.py:218
                    loss:1.168273, finished 93.62%.                             
[22:45:36] INFO     Rank: 0 - Epoch:56/60, Batch:10,    progress_callback.py:218
                    loss:0.96939, finished 93.65%.                              
[22:45:42] INFO     Rank: 0 - Epoch:56/60, Batch:11,    progress_callback.py:218
                    loss:1.172925, finished 93.69%.                             
[22:45:52] INFO     Rank: 0 - Epoch:56/60, Batch:12,    progress_callback.py:218
                    loss:1.081779, finished 93.72%.                             
[22:45:58] INFO     Rank: 0 - Epoch:56/60, Batch:13,    progress_callback.py:218
                    loss:0.892346, finished 93.75%.                             
[22:46:06] INFO     Rank: 0 - Epoch:56/60, Batch:14,    progress_callback.py:218
                    loss:1.332843, finished 93.78%.                             
[22:46:15] INFO     Rank: 0 - Epoch:56/60, Batch:15,    progress_callback.py:218
                    loss:1.098551, finished 93.81%.                             
[22:46:26] INFO     Rank: 0 - Epoch:56/60, Batch:16,    progress_callback.py:218
                    loss:1.195663, finished 93.85%.                             
[22:46:34] INFO     Rank: 0 - Epoch:56/60, Batch:17,    progress_callback.py:218
                    loss:0.987292, finished 93.88%.                             
[22:46:41] INFO     Rank: 0 - Epoch:56/60, Batch:18,    progress_callback.py:218
                    loss:1.070889, finished 93.91%.                             
[22:46:48] INFO     Rank: 0 - Contrastive loss is                 callback.py:66
                    0.6419787466526031, nll_loss is                             
                    0.4698589563369751                                          
           INFO     Rank: 0 - Epoch:56/60, Batch:19,    progress_callback.py:218
                    loss:1.316699, finished 93.94%.                             
[22:46:57] INFO     Rank: 0 - Epoch:56/60, Batch:20,    progress_callback.py:218
                    loss:1.068657, finished 93.97%.                             
[22:47:04] INFO     Rank: 0 - Epoch:56/60, Batch:21,    progress_callback.py:218
                    loss:1.442578, finished 94.01%.                             
[22:47:13] INFO     Rank: 0 - Epoch:56/60, Batch:22,    progress_callback.py:218
                    loss:1.328028, finished 94.04%.                             
[22:47:22] INFO     Rank: 0 - Epoch:56/60, Batch:23,    progress_callback.py:218
                    loss:0.79535, finished 94.07%.                              
[22:47:32] INFO     Rank: 0 - Epoch:56/60, Batch:24,    progress_callback.py:218
                    loss:0.864581, finished 94.1%.                              
[22:47:39] INFO     Rank: 0 - Epoch:56/60, Batch:25,    progress_callback.py:218
                    loss:1.198665, finished 94.13%.                             
[22:47:46] INFO     Rank: 0 - Epoch:56/60, Batch:26,    progress_callback.py:218
                    loss:1.22227, finished 94.17%.                              
[22:47:52] INFO     Rank: 0 - Epoch:56/60, Batch:27,    progress_callback.py:218
                    loss:1.157881, finished 94.2%.                              
[22:48:01] INFO     Rank: 0 - Epoch:56/60, Batch:28,    progress_callback.py:218
                    loss:1.323927, finished 94.23%.                             
[22:48:10] INFO     Rank: 0 - Contrastive loss is                 callback.py:66
                    0.6788605332374573, nll_loss is                             
                    0.4643869519233704                                          
[22:48:11] INFO     Rank: 0 - Epoch:56/60, Batch:29,    progress_callback.py:218
                    loss:1.030538, finished 94.26%.                             
[22:48:18] INFO     Rank: 0 - Epoch:56/60, Batch:30,    progress_callback.py:218
                    loss:1.313621, finished 94.29%.                             
[22:48:27] INFO     Rank: 0 - Epoch:56/60, Batch:31,    progress_callback.py:218
                    loss:1.201102, finished 94.33%.                             
[22:48:34] INFO     Rank: 0 - Epoch:56/60, Batch:32,    progress_callback.py:218
                    loss:1.176279, finished 94.36%.                             
[22:48:44] INFO     Rank: 0 - Epoch:56/60, Batch:33,    progress_callback.py:218
                    loss:1.091396, finished 94.39%.                             
[22:48:55] INFO     Rank: 0 - Epoch:56/60, Batch:34,    progress_callback.py:218
                    loss:1.180146, finished 94.42%.                             
[22:49:12] INFO     Rank: 0 - Epoch:56/60, Batch:35,    progress_callback.py:218
                    loss:1.19314, finished 94.46%.                              
[22:49:22] INFO     Rank: 0 - Epoch:56/60, Batch:36,    progress_callback.py:218
                    loss:1.201473, finished 94.49%.                             
[22:49:32] INFO     Rank: 0 - Epoch:56/60, Batch:37,    progress_callback.py:218
                    loss:1.034624, finished 94.52%.                             
[22:49:39] INFO     Rank: 0 - Epoch:56/60, Batch:38,    progress_callback.py:218
                    loss:1.094779, finished 94.55%.                             
[22:49:45] INFO     Rank: 0 - Contrastive loss is                 callback.py:66
                    0.708786404132843, nll_loss is                              
                    0.46480042934417726                                         
[22:49:47] INFO     Rank: 0 - Epoch:56/60, Batch:39,    progress_callback.py:218
                    loss:1.249309, finished 94.58%.                             
[22:49:54] INFO     Rank: 0 - Epoch:56/60, Batch:40,    progress_callback.py:218
                    loss:1.381231, finished 94.62%.                             
[22:50:04] INFO     Rank: 0 - Epoch:56/60, Batch:41,    progress_callback.py:218
                    loss:1.066958, finished 94.65%.                             
[22:50:14] INFO     Rank: 0 - Epoch:56/60, Batch:42,    progress_callback.py:218
                    loss:1.045072, finished 94.68%.                             
[22:50:23] INFO     Rank: 0 - Epoch:56/60, Batch:43,    progress_callback.py:218
                    loss:1.106104, finished 94.71%.                             
[22:50:34] INFO     Rank: 0 - Epoch:56/60, Batch:44,    progress_callback.py:218
                    loss:1.013824, finished 94.74%.                             
[22:50:44] INFO     Rank: 0 - Epoch:56/60, Batch:45,    progress_callback.py:218
                    loss:1.164655, finished 94.78%.                             
[22:50:51] INFO     Rank: 0 - Epoch:56/60, Batch:46,    progress_callback.py:218
                    loss:1.278439, finished 94.81%.                             
[22:50:59] INFO     Rank: 0 - Epoch:56/60, Batch:47,    progress_callback.py:218
                    loss:1.03312, finished 94.84%.                              
[22:51:06] INFO     Rank: 0 - Epoch:56/60, Batch:48,    progress_callback.py:218
                    loss:1.063709, finished 94.87%.                             
           INFO     Rank: 0 -                                   evaluator.py:317
                    **********Evaluation starts**********                       
[22:51:19] INFO     Rank: 0 - **********Evaluation              evaluator.py:349
                    ends**********                                              
                                                                                
           INFO     Rank: 0 - ----------Eval. results   progress_callback.py:233
                    on Epoch:56, Batch:48----------                             
           INFO     Rank: 0 -                           progress_callback.py:238
                    {"torch_ngram#ngram-overlap":                               
                    0.4516661465167999}                                         
[22:51:24] INFO     Rank: 0 - Contrastive loss is                 callback.py:66
                    0.6439745426177979, nll_loss is                             
                    0.48618892431259153                                         
[22:51:26] INFO     Rank: 0 - Epoch:56/60, Batch:49,    progress_callback.py:218
                    loss:1.148522, finished 94.9%.                              
[22:51:34] INFO     Rank: 0 - Epoch:56/60, Batch:50,    progress_callback.py:218
                    loss:1.140156, finished 94.94%.                             
[22:51:42] INFO     Rank: 0 - Epoch:56/60, Batch:51,    progress_callback.py:218
                    loss:1.375669, finished 94.97%.                             
[22:51:54] INFO     Rank: 0 - Epoch:56/60, Batch:52,    progress_callback.py:218
                    loss:1.026039, finished 95.0%.                              
           INFO     Rank: 0 -                           progress_callback.py:204
                    **********Epoch:57 starts**********                         
[22:52:02] INFO     Rank: 0 - Epoch:57/60, Batch:1,     progress_callback.py:218
                    loss:1.047212, finished 95.03%.                             
[22:52:09] INFO     Rank: 0 - Epoch:57/60, Batch:2,     progress_callback.py:218
                    loss:1.066745, finished 95.06%.                             
[22:52:16] INFO     Rank: 0 - Epoch:57/60, Batch:3,     progress_callback.py:218
                    loss:1.181648, finished 95.1%.                              
[22:52:24] INFO     Rank: 0 - Epoch:57/60, Batch:4,     progress_callback.py:218
                    loss:1.205396, finished 95.13%.                             
[22:52:35] INFO     Rank: 0 - Epoch:57/60, Batch:5,     progress_callback.py:218
                    loss:1.404184, finished 95.16%.                             
[22:52:44] INFO     Rank: 0 - Epoch:57/60, Batch:6,     progress_callback.py:218
                    loss:1.213333, finished 95.19%.                             
[22:52:49] INFO     Rank: 0 - Contrastive loss is                 callback.py:66
                    0.7070264637470245, nll_loss is                             
                    0.5036898791790009                                          
[22:52:51] INFO     Rank: 0 - Epoch:57/60, Batch:7,     progress_callback.py:218
                    loss:1.446782, finished 95.22%.                             
[22:53:00] INFO     Rank: 0 - Epoch:57/60, Batch:8,     progress_callback.py:218
                    loss:1.274112, finished 95.26%.                             
[22:53:08] INFO     Rank: 0 - Epoch:57/60, Batch:9,     progress_callback.py:218
                    loss:1.073735, finished 95.29%.                             
[22:53:17] INFO     Rank: 0 - Epoch:57/60, Batch:10,    progress_callback.py:218
                    loss:1.018084, finished 95.32%.                             
[22:53:26] INFO     Rank: 0 - Epoch:57/60, Batch:11,    progress_callback.py:218
                    loss:1.034206, finished 95.35%.                             
[22:53:32] INFO     Rank: 0 - Epoch:57/60, Batch:12,    progress_callback.py:218
                    loss:1.140231, finished 95.38%.                             
[22:53:41] INFO     Rank: 0 - Epoch:57/60, Batch:13,    progress_callback.py:218
                    loss:1.086464, finished 95.42%.                             
[22:53:49] INFO     Rank: 0 - Epoch:57/60, Batch:14,    progress_callback.py:218
                    loss:1.146446, finished 95.45%.                             
[22:53:56] INFO     Rank: 0 - Epoch:57/60, Batch:15,    progress_callback.py:218
                    loss:1.103502, finished 95.48%.                             
[22:54:05] INFO     Rank: 0 - Epoch:57/60, Batch:16,    progress_callback.py:218
                    loss:0.857847, finished 95.51%.                             
[22:54:13] INFO     Rank: 0 - Contrastive loss is                 callback.py:66
                    0.5912491619586945, nll_loss is                             
                    0.47340848445892336                                         
[22:54:14] INFO     Rank: 0 - Epoch:57/60, Batch:17,    progress_callback.py:218
                    loss:0.91195, finished 95.54%.                              
[22:54:22] INFO     Rank: 0 - Epoch:57/60, Batch:18,    progress_callback.py:218
                    loss:1.108925, finished 95.58%.                             
[22:54:31] INFO     Rank: 0 - Epoch:57/60, Batch:19,    progress_callback.py:218
                    loss:1.102154, finished 95.61%.                             
[22:54:40] INFO     Rank: 0 - Epoch:57/60, Batch:20,    progress_callback.py:218
                    loss:1.020653, finished 95.64%.                             
[22:54:48] INFO     Rank: 0 - Epoch:57/60, Batch:21,    progress_callback.py:218
                    loss:1.284756, finished 95.67%.                             
[22:54:57] INFO     Rank: 0 - Epoch:57/60, Batch:22,    progress_callback.py:218
                    loss:1.077638, finished 95.71%.                             
[22:55:04] INFO     Rank: 0 - Epoch:57/60, Batch:23,    progress_callback.py:218
                    loss:1.047988, finished 95.74%.                             
[22:55:14] INFO     Rank: 0 - Epoch:57/60, Batch:24,    progress_callback.py:218
                    loss:1.310174, finished 95.77%.                             
[22:55:22] INFO     Rank: 0 - Epoch:57/60, Batch:25,    progress_callback.py:218
                    loss:1.188135, finished 95.8%.                              
[22:55:36] INFO     Rank: 0 - Epoch:57/60, Batch:26,    progress_callback.py:218
                    loss:1.133921, finished 95.83%.                             
[22:55:41] INFO     Rank: 0 - Contrastive loss is                 callback.py:66
                    0.6619669795036316, nll_loss is                             
                    0.47592915296554567                                         
[22:55:45] INFO     Rank: 0 - Epoch:57/60, Batch:27,    progress_callback.py:218
                    loss:1.104618, finished 95.87%.                             
[22:55:54] INFO     Rank: 0 - Epoch:57/60, Batch:28,    progress_callback.py:218
                    loss:1.033296, finished 95.9%.                              
[22:56:02] INFO     Rank: 0 - Epoch:57/60, Batch:29,    progress_callback.py:218
                    loss:1.145595, finished 95.93%.                             
[22:56:08] INFO     Rank: 0 - Epoch:57/60, Batch:30,    progress_callback.py:218
                    loss:1.246711, finished 95.96%.                             
[22:56:18] INFO     Rank: 0 - Epoch:57/60, Batch:31,    progress_callback.py:218
                    loss:1.052193, finished 95.99%.                             
[22:56:27] INFO     Rank: 0 - Epoch:57/60, Batch:32,    progress_callback.py:218
                    loss:1.189736, finished 96.03%.                             
[22:56:35] INFO     Rank: 0 - Epoch:57/60, Batch:33,    progress_callback.py:218
                    loss:1.200566, finished 96.06%.                             
[22:56:48] INFO     Rank: 0 - Epoch:57/60, Batch:34,    progress_callback.py:218
                    loss:1.402239, finished 96.09%.                             
[22:56:56] INFO     Rank: 0 - Epoch:57/60, Batch:35,    progress_callback.py:218
                    loss:1.356845, finished 96.12%.                             
[22:57:04] INFO     Rank: 0 - Epoch:57/60, Batch:36,    progress_callback.py:218
                    loss:1.099231, finished 96.15%.                             
           INFO     Rank: 0 -                                   evaluator.py:317
                    **********Evaluation starts**********                       
[22:57:17] INFO     Rank: 0 - **********Evaluation              evaluator.py:349
                    ends**********                                              
                                                                                
           INFO     Rank: 0 - ----------Eval. results   progress_callback.py:233
                    on Epoch:57, Batch:36----------                             
           INFO     Rank: 0 -                           progress_callback.py:238
                    {"torch_ngram#ngram-overlap":                               
                    0.4503914713859558}                                         
[22:57:24] INFO     Rank: 0 - Contrastive loss is                 callback.py:66
                    0.6639531254768372, nll_loss is                             
                    0.53090398311615                                            
           INFO     Rank: 0 - Epoch:57/60, Batch:37,    progress_callback.py:218
                    loss:1.22216, finished 96.19%.                              
[22:57:35] INFO     Rank: 0 - Epoch:57/60, Batch:38,    progress_callback.py:218
                    loss:1.215484, finished 96.22%.                             
[22:57:45] INFO     Rank: 0 - Epoch:57/60, Batch:39,    progress_callback.py:218
                    loss:0.986597, finished 96.25%.                             
[22:57:56] INFO     Rank: 0 - Epoch:57/60, Batch:40,    progress_callback.py:218
                    loss:1.145086, finished 96.28%.                             
[22:58:04] INFO     Rank: 0 - Epoch:57/60, Batch:41,    progress_callback.py:218
                    loss:1.242199, finished 96.31%.                             
[22:58:12] INFO     Rank: 0 - Epoch:57/60, Batch:42,    progress_callback.py:218
                    loss:1.056248, finished 96.35%.                             
[22:58:20] INFO     Rank: 0 - Epoch:57/60, Batch:43,    progress_callback.py:218
                    loss:1.048746, finished 96.38%.                             
[22:58:32] INFO     Rank: 0 - Epoch:57/60, Batch:44,    progress_callback.py:218
                    loss:0.75518, finished 96.41%.                              
[22:58:39] INFO     Rank: 0 - Epoch:57/60, Batch:45,    progress_callback.py:218
                    loss:1.191339, finished 96.44%.                             
[22:58:45] INFO     Rank: 0 - Epoch:57/60, Batch:46,    progress_callback.py:218
                    loss:0.91079, finished 96.47%.                              
[22:58:54] INFO     Rank: 0 - Contrastive loss is                 callback.py:66
                    0.6279085636138916, nll_loss is                             
                    0.42691470980644225                                         
[22:58:55] INFO     Rank: 0 - Epoch:57/60, Batch:47,    progress_callback.py:218
                    loss:0.996564, finished 96.51%.                             
[22:59:07] INFO     Rank: 0 - Epoch:57/60, Batch:48,    progress_callback.py:218
                    loss:1.096581, finished 96.54%.                             
[22:59:16] INFO     Rank: 0 - Epoch:57/60, Batch:49,    progress_callback.py:218
                    loss:1.19117, finished 96.57%.                              
[22:59:27] INFO     Rank: 0 - Epoch:57/60, Batch:50,    progress_callback.py:218
                    loss:1.176293, finished 96.6%.                              
[22:59:33] INFO     Rank: 0 - Epoch:57/60, Batch:51,    progress_callback.py:218
                    loss:1.173432, finished 96.63%.                             
[22:59:40] INFO     Rank: 0 - Epoch:57/60, Batch:52,    progress_callback.py:218
                    loss:1.211735, finished 96.67%.                             
           INFO     Rank: 0 -                           progress_callback.py:204
                    **********Epoch:58 starts**********                         
[22:59:48] INFO     Rank: 0 - Epoch:58/60, Batch:1,     progress_callback.py:218
                    loss:1.299728, finished 96.7%.                              
[22:59:55] INFO     Rank: 0 - Epoch:58/60, Batch:2,     progress_callback.py:218
                    loss:1.316083, finished 96.73%.                             
[23:00:03] INFO     Rank: 0 - Epoch:58/60, Batch:3,     progress_callback.py:218
                    loss:0.960066, finished 96.76%.                             
[23:00:11] INFO     Rank: 0 - Epoch:58/60, Batch:4,     progress_callback.py:218
                    loss:0.97327, finished 96.79%.                              
[23:00:16] INFO     Rank: 0 - Contrastive loss is                 callback.py:66
                    0.685902863740921, nll_loss is                              
                    0.46630041003227235                                         
[23:00:19] INFO     Rank: 0 - Epoch:58/60, Batch:5,     progress_callback.py:218
                    loss:1.123675, finished 96.83%.                             
[23:00:29] INFO     Rank: 0 - Epoch:58/60, Batch:6,     progress_callback.py:218
                    loss:1.124633, finished 96.86%.                             
[23:00:36] INFO     Rank: 0 - Epoch:58/60, Batch:7,     progress_callback.py:218
                    loss:1.324427, finished 96.89%.                             
[23:00:46] INFO     Rank: 0 - Epoch:58/60, Batch:8,     progress_callback.py:218
                    loss:0.818725, finished 96.92%.                             
[23:00:53] INFO     Rank: 0 - Epoch:58/60, Batch:9,     progress_callback.py:218
                    loss:1.261019, finished 96.96%.                             
[23:01:05] INFO     Rank: 0 - Epoch:58/60, Batch:10,    progress_callback.py:218
                    loss:1.077099, finished 96.99%.                             
[23:01:15] INFO     Rank: 0 - Epoch:58/60, Batch:11,    progress_callback.py:218
                    loss:1.371157, finished 97.02%.                             
[23:01:24] INFO     Rank: 0 - Epoch:58/60, Batch:12,    progress_callback.py:218
                    loss:0.988662, finished 97.05%.                             
[23:01:32] INFO     Rank: 0 - Epoch:58/60, Batch:13,    progress_callback.py:218
                    loss:1.048543, finished 97.08%.                             
[23:01:38] INFO     Rank: 0 - Epoch:58/60, Batch:14,    progress_callback.py:218
                    loss:1.269328, finished 97.12%.                             
[23:01:45] INFO     Rank: 0 - Contrastive loss is                 callback.py:66
                    0.6656791210174561, nll_loss is                             
                    0.4715742111206055                                          
[23:01:47] INFO     Rank: 0 - Epoch:58/60, Batch:15,    progress_callback.py:218
                    loss:1.08894, finished 97.15%.                              
[23:01:58] INFO     Rank: 0 - Epoch:58/60, Batch:16,    progress_callback.py:218
                    loss:1.101229, finished 97.18%.                             
[23:02:09] INFO     Rank: 0 - Epoch:58/60, Batch:17,    progress_callback.py:218
                    loss:1.15187, finished 97.21%.                              
[23:02:19] INFO     Rank: 0 - Epoch:58/60, Batch:18,    progress_callback.py:218
                    loss:1.210955, finished 97.24%.                             
[23:02:31] INFO     Rank: 0 - Epoch:58/60, Batch:19,    progress_callback.py:218
                    loss:1.208231, finished 97.28%.                             
[23:02:38] INFO     Rank: 0 - Epoch:58/60, Batch:20,    progress_callback.py:218
                    loss:1.23563, finished 97.31%.                              
[23:02:44] INFO     Rank: 0 - Epoch:58/60, Batch:21,    progress_callback.py:218
                    loss:1.062674, finished 97.34%.                             
[23:02:52] INFO     Rank: 0 - Epoch:58/60, Batch:22,    progress_callback.py:218
                    loss:0.884308, finished 97.37%.                             
[23:02:59] INFO     Rank: 0 - Epoch:58/60, Batch:23,    progress_callback.py:218
                    loss:1.047989, finished 97.4%.                              
[23:03:06] INFO     Rank: 0 - Epoch:58/60, Batch:24,    progress_callback.py:218
                    loss:1.151743, finished 97.44%.                             
           INFO     Rank: 0 -                                   evaluator.py:317
                    **********Evaluation starts**********                       
[23:03:19] INFO     Rank: 0 - **********Evaluation              evaluator.py:349
                    ends**********                                              
                                                                                
           INFO     Rank: 0 - ----------Eval. results   progress_callback.py:233
                    on Epoch:58, Batch:24----------                             
           INFO     Rank: 0 -                           progress_callback.py:238
                    {"torch_ngram#ngram-overlap":                               
                    0.45007726550102234}                                        
[23:03:23] INFO     Rank: 0 - Contrastive loss is                 callback.py:66
                    0.6526914954185485, nll_loss is                             
                    0.4624232292175293                                          
[23:03:29] INFO     Rank: 0 - Epoch:58/60, Batch:25,    progress_callback.py:218
                    loss:1.096519, finished 97.47%.                             
[23:03:36] INFO     Rank: 0 - Epoch:58/60, Batch:26,    progress_callback.py:218
                    loss:1.042932, finished 97.5%.                              
[23:03:44] INFO     Rank: 0 - Epoch:58/60, Batch:27,    progress_callback.py:218
                    loss:1.021239, finished 97.53%.                             
[23:03:52] INFO     Rank: 0 - Epoch:58/60, Batch:28,    progress_callback.py:218
                    loss:1.151324, finished 97.56%.                             
[23:03:59] INFO     Rank: 0 - Epoch:58/60, Batch:29,    progress_callback.py:218
                    loss:1.110935, finished 97.6%.                              
[23:04:07] INFO     Rank: 0 - Epoch:58/60, Batch:30,    progress_callback.py:218
                    loss:1.104918, finished 97.63%.                             
[23:04:14] INFO     Rank: 0 - Epoch:58/60, Batch:31,    progress_callback.py:218
                    loss:1.099036, finished 97.66%.                             
[23:04:22] INFO     Rank: 0 - Epoch:58/60, Batch:32,    progress_callback.py:218
                    loss:1.210265, finished 97.69%.                             
[23:04:29] INFO     Rank: 0 - Epoch:58/60, Batch:33,    progress_callback.py:218
                    loss:1.053093, finished 97.72%.                             
[23:04:36] INFO     Rank: 0 - Epoch:58/60, Batch:34,    progress_callback.py:218
                    loss:1.177251, finished 97.76%.                             
[23:04:45] INFO     Rank: 0 - Contrastive loss is                 callback.py:66
                    0.6390983104705811, nll_loss is                             
                    0.4683390736579895                                          
[23:04:46] INFO     Rank: 0 - Epoch:58/60, Batch:35,    progress_callback.py:218
                    loss:1.103381, finished 97.79%.                             
[23:04:54] INFO     Rank: 0 - Epoch:58/60, Batch:36,    progress_callback.py:218
                    loss:0.966012, finished 97.82%.                             
[23:05:01] INFO     Rank: 0 - Epoch:58/60, Batch:37,    progress_callback.py:218
                    loss:1.206847, finished 97.85%.                             
[23:05:10] INFO     Rank: 0 - Epoch:58/60, Batch:38,    progress_callback.py:218
                    loss:1.103027, finished 97.88%.                             
[23:05:16] INFO     Rank: 0 - Epoch:58/60, Batch:39,    progress_callback.py:218
                    loss:1.030373, finished 97.92%.                             
[23:05:24] INFO     Rank: 0 - Epoch:58/60, Batch:40,    progress_callback.py:218
                    loss:1.100289, finished 97.95%.                             
[23:05:32] INFO     Rank: 0 - Epoch:58/60, Batch:41,    progress_callback.py:218
                    loss:0.892099, finished 97.98%.                             
[23:05:39] INFO     Rank: 0 - Epoch:58/60, Batch:42,    progress_callback.py:218
                    loss:0.924388, finished 98.01%.                             
[23:05:48] INFO     Rank: 0 - Epoch:58/60, Batch:43,    progress_callback.py:218
                    loss:1.074435, finished 98.04%.                             
[23:05:56] INFO     Rank: 0 - Epoch:58/60, Batch:44,    progress_callback.py:218
                    loss:1.108541, finished 98.08%.                             
[23:06:02] INFO     Rank: 0 - Contrastive loss is                 callback.py:66
                    0.6156825840473175, nll_loss is                             
                    0.4390209138393402                                          
[23:06:04] INFO     Rank: 0 - Epoch:58/60, Batch:45,    progress_callback.py:218
                    loss:1.141025, finished 98.11%.                             
[23:06:12] INFO     Rank: 0 - Epoch:58/60, Batch:46,    progress_callback.py:218
                    loss:1.16933, finished 98.14%.                              
[23:06:20] INFO     Rank: 0 - Epoch:58/60, Batch:47,    progress_callback.py:218
                    loss:1.171041, finished 98.17%.                             
[23:06:28] INFO     Rank: 0 - Epoch:58/60, Batch:48,    progress_callback.py:218
                    loss:1.091067, finished 98.21%.                             
[23:06:36] INFO     Rank: 0 - Epoch:58/60, Batch:49,    progress_callback.py:218
                    loss:1.102485, finished 98.24%.                             
[23:06:43] INFO     Rank: 0 - Epoch:58/60, Batch:50,    progress_callback.py:218
                    loss:0.943704, finished 98.27%.                             
[23:06:55] INFO     Rank: 0 - Epoch:58/60, Batch:51,    progress_callback.py:218
                    loss:0.752455, finished 98.3%.                              
[23:07:05] INFO     Rank: 0 - Epoch:58/60, Batch:52,    progress_callback.py:218
                    loss:1.100488, finished 98.33%.                             
           INFO     Rank: 0 -                           progress_callback.py:204
                    **********Epoch:59 starts**********                         
[23:07:13] INFO     Rank: 0 - Epoch:59/60, Batch:1,     progress_callback.py:218
                    loss:1.117759, finished 98.37%.                             
[23:07:21] INFO     Rank: 0 - Epoch:59/60, Batch:2,     progress_callback.py:218
                    loss:1.070284, finished 98.4%.                              
[23:07:28] INFO     Rank: 0 - Contrastive loss is                 callback.py:66
                    0.6002963185310364, nll_loss is                             
                    0.46330159306526186                                         
           INFO     Rank: 0 - Epoch:59/60, Batch:3,     progress_callback.py:218
                    loss:1.117365, finished 98.43%.                             
[23:07:36] INFO     Rank: 0 - Epoch:59/60, Batch:4,     progress_callback.py:218
                    loss:1.129112, finished 98.46%.                             
[23:07:47] INFO     Rank: 0 - Epoch:59/60, Batch:5,     progress_callback.py:218
                    loss:1.122754, finished 98.49%.                             
[23:07:55] INFO     Rank: 0 - Epoch:59/60, Batch:6,     progress_callback.py:218
                    loss:1.033818, finished 98.53%.                             
[23:08:02] INFO     Rank: 0 - Epoch:59/60, Batch:7,     progress_callback.py:218
                    loss:1.106196, finished 98.56%.                             
[23:08:11] INFO     Rank: 0 - Epoch:59/60, Batch:8,     progress_callback.py:218
                    loss:0.932092, finished 98.59%.                             
[23:08:19] INFO     Rank: 0 - Epoch:59/60, Batch:9,     progress_callback.py:218
                    loss:1.059713, finished 98.62%.                             
[23:08:28] INFO     Rank: 0 - Epoch:59/60, Batch:10,    progress_callback.py:218
                    loss:0.979651, finished 98.65%.                             
[23:08:36] INFO     Rank: 0 - Epoch:59/60, Batch:11,    progress_callback.py:218
                    loss:1.069809, finished 98.69%.                             
[23:08:45] INFO     Rank: 0 - Epoch:59/60, Batch:12,    progress_callback.py:218
                    loss:1.173196, finished 98.72%.                             
           INFO     Rank: 0 -                                   evaluator.py:317
                    **********Evaluation starts**********                       
[23:09:00] INFO     Rank: 0 - **********Evaluation              evaluator.py:349
                    ends**********                                              
                                                                                
           INFO     Rank: 0 - ----------Eval. results   progress_callback.py:233
                    on Epoch:59, Batch:12----------                             
           INFO     Rank: 0 -                           progress_callback.py:238
                    {"torch_ngram#ngram-overlap":                               
                    0.450314462184906}                                          
[23:09:05] INFO     Rank: 0 - Contrastive loss is                 callback.py:66
                    0.618947696685791, nll_loss is                              
                    0.46885305643081665                                         
[23:09:07] INFO     Rank: 0 - Epoch:59/60, Batch:13,    progress_callback.py:218
                    loss:1.271665, finished 98.75%.                             
[23:09:17] INFO     Rank: 0 - Epoch:59/60, Batch:14,    progress_callback.py:218
                    loss:0.818779, finished 98.78%.                             
[23:09:26] INFO     Rank: 0 - Epoch:59/60, Batch:15,    progress_callback.py:218
                    loss:1.20388, finished 98.81%.                              
[23:09:34] INFO     Rank: 0 - Epoch:59/60, Batch:16,    progress_callback.py:218
                    loss:1.237108, finished 98.85%.                             
[23:09:41] INFO     Rank: 0 - Epoch:59/60, Batch:17,    progress_callback.py:218
                    loss:1.048699, finished 98.88%.                             
[23:09:54] INFO     Rank: 0 - Epoch:59/60, Batch:18,    progress_callback.py:218
                    loss:0.880997, finished 98.91%.                             
[23:10:01] INFO     Rank: 0 - Epoch:59/60, Batch:19,    progress_callback.py:218
                    loss:1.173025, finished 98.94%.                             
[23:10:08] INFO     Rank: 0 - Epoch:59/60, Batch:20,    progress_callback.py:218
                    loss:0.988985, finished 98.97%.                             
[23:10:16] INFO     Rank: 0 - Epoch:59/60, Batch:21,    progress_callback.py:218
                    loss:1.085088, finished 99.01%.                             
[23:10:25] INFO     Rank: 0 - Epoch:59/60, Batch:22,    progress_callback.py:218
                    loss:1.003501, finished 99.04%.                             
[23:10:32] INFO     Rank: 0 - Contrastive loss is                 callback.py:66
                    0.6311621516942978, nll_loss is                             
                    0.43041599690914156                                         
[23:10:33] INFO     Rank: 0 - Epoch:59/60, Batch:23,    progress_callback.py:218
                    loss:1.175719, finished 99.07%.                             
[23:10:40] INFO     Rank: 0 - Epoch:59/60, Batch:24,    progress_callback.py:218
                    loss:1.017093, finished 99.1%.                              
[23:10:47] INFO     Rank: 0 - Epoch:59/60, Batch:25,    progress_callback.py:218
                    loss:0.916923, finished 99.13%.                             
[23:10:59] INFO     Rank: 0 - Epoch:59/60, Batch:26,    progress_callback.py:218
                    loss:1.293066, finished 99.17%.                             
[23:11:09] INFO     Rank: 0 - Epoch:59/60, Batch:27,    progress_callback.py:218
                    loss:1.202616, finished 99.2%.                              
[23:11:19] INFO     Rank: 0 - Epoch:59/60, Batch:28,    progress_callback.py:218
                    loss:0.988567, finished 99.23%.                             
[23:11:30] INFO     Rank: 0 - Epoch:59/60, Batch:29,    progress_callback.py:218
                    loss:1.083827, finished 99.26%.                             
[23:11:37] INFO     Rank: 0 - Epoch:59/60, Batch:30,    progress_callback.py:218
                    loss:1.192723, finished 99.29%.                             
[23:11:53] INFO     Rank: 0 - Epoch:59/60, Batch:31,    progress_callback.py:218
                    loss:1.153761, finished 99.33%.                             
[23:12:02] INFO     Rank: 0 - Epoch:59/60, Batch:32,    progress_callback.py:218
                    loss:1.249271, finished 99.36%.                             
[23:12:07] INFO     Rank: 0 - Contrastive loss is                 callback.py:66
                    0.646624743938446, nll_loss is                              
                    0.4698738634586334                                          
[23:12:10] INFO     Rank: 0 - Epoch:59/60, Batch:33,    progress_callback.py:218
                    loss:1.06714, finished 99.39%.                              
[23:12:19] INFO     Rank: 0 - Epoch:59/60, Batch:34,    progress_callback.py:218
                    loss:1.184756, finished 99.42%.                             
[23:12:26] INFO     Rank: 0 - Epoch:59/60, Batch:35,    progress_callback.py:218
                    loss:1.115859, finished 99.46%.                             
[23:12:36] INFO     Rank: 0 - Epoch:59/60, Batch:36,    progress_callback.py:218
                    loss:1.3252, finished 99.49%.                               
[23:12:45] INFO     Rank: 0 - Epoch:59/60, Batch:37,    progress_callback.py:218
                    loss:1.310827, finished 99.52%.                             
[23:12:52] INFO     Rank: 0 - Epoch:59/60, Batch:38,    progress_callback.py:218
                    loss:1.20364, finished 99.55%.                              
[23:13:03] INFO     Rank: 0 - Epoch:59/60, Batch:39,    progress_callback.py:218
                    loss:0.921883, finished 99.58%.                             
[23:13:13] INFO     Rank: 0 - Epoch:59/60, Batch:40,    progress_callback.py:218
                    loss:0.91301, finished 99.62%.                              
[23:13:22] INFO     Rank: 0 - Epoch:59/60, Batch:41,    progress_callback.py:218
                    loss:0.946595, finished 99.65%.                             
[23:13:30] INFO     Rank: 0 - Epoch:59/60, Batch:42,    progress_callback.py:218
                    loss:1.119231, finished 99.68%.                             
[23:13:34] INFO     Rank: 0 - Contrastive loss is                 callback.py:66
                    0.637557989358902, nll_loss is                              
                    0.4614554762840271                                          
[23:13:37] INFO     Rank: 0 - Epoch:59/60, Batch:43,    progress_callback.py:218
                    loss:0.949132, finished 99.71%.                             
[23:13:45] INFO     Rank: 0 - Epoch:59/60, Batch:44,    progress_callback.py:218
                    loss:0.94985, finished 99.74%.                              
[23:13:52] INFO     Rank: 0 - Epoch:59/60, Batch:45,    progress_callback.py:218
                    loss:1.19634, finished 99.78%.                              
[23:14:00] INFO     Rank: 0 - Epoch:59/60, Batch:46,    progress_callback.py:218
                    loss:1.196268, finished 99.81%.                             
[23:14:08] INFO     Rank: 0 - Epoch:59/60, Batch:47,    progress_callback.py:218
                    loss:1.309767, finished 99.84%.                             
[23:14:15] INFO     Rank: 0 - Epoch:59/60, Batch:48,    progress_callback.py:218
                    loss:1.093454, finished 99.87%.                             
[23:14:21] INFO     Rank: 0 - Epoch:59/60, Batch:49,    progress_callback.py:218
                    loss:1.260218, finished 99.9%.                              
[23:14:31] INFO     Rank: 0 - Epoch:59/60, Batch:50,    progress_callback.py:218
                    loss:0.970123, finished 99.94%.                             
[23:14:38] INFO     Rank: 0 - Epoch:59/60, Batch:51,    progress_callback.py:218
                    loss:1.082177, finished 99.97%.                             
[23:14:45] INFO     Rank: 0 - Epoch:59/60, Batch:52,    progress_callback.py:218
                    loss:1.058858, finished 100.0%.                             
           INFO     Rank: 0 -                                   evaluator.py:317
                    **********Evaluation starts**********                       
[23:14:59] INFO     Rank: 0 - **********Evaluation              evaluator.py:349
                    ends**********                                              
                                                                                
           INFO     Rank: 0 - ----------Eval. results   progress_callback.py:233
                    on Epoch:59, Batch:52----------                             
           INFO     Rank: 0 -                           progress_callback.py:238
                    {"torch_ngram#ngram-overlap":                               
                    0.45011869072914124}                                        
/home/bingxing2/gpuuser356/.conda/envs/CoNT_py37/lib/python3.7/site-packages/transformers/models/t5/tokenization_t5_fast.py:166: FutureWarning: This tokenizer was incorrectly instantiated with a model max length of 512 which will be corrected in Transformers v5.
For now, this behavior is kept to avoid breaking backwards compatibility when padding/encoding with `truncation is True`.
- Be aware that you SHOULD NOT rely on t5-small automatically truncating your input to 512 when padding/encoding.
- If you want to encode/pad to sequences longer than 512 you can either instantiate this tokenizer with `model_max_length` or pass `max_length` when encoding/padding.
- To avoid this warning, please instantiate this tokenizer with `model_max_length` set to your preferred value.
  FutureWarning,
/home/bingxing2/gpuuser356/.conda/envs/CoNT_py37/lib/python3.7/site-packages/transformers/generation_beam_search.py:198: UserWarning: Passing `max_length` to BeamSearchScorer is deprecated and has no effect. `max_length` should be passed directly to `beam_search(...)`, `beam_sample(...)`, or `group_beam_search(...)`.
  "Passing `max_length` to BeamSearchScorer is deprecated and has no effect. "
/home/bingxing2/gpuuser356/.conda/envs/CoNT_py37/lib/python3.7/site-packages/transformers/models/t5/tokenization_t5_fast.py:166: FutureWarning: This tokenizer was incorrectly instantiated with a model max length of 512 which will be corrected in Transformers v5.
For now, this behavior is kept to avoid breaking backwards compatibility when padding/encoding with `truncation is True`.
- Be aware that you SHOULD NOT rely on t5-small automatically truncating your input to 512 when padding/encoding.
- If you want to encode/pad to sequences longer than 512 you can either instantiate this tokenizer with `model_max_length` or pass `max_length` when encoding/padding.
- To avoid this warning, please instantiate this tokenizer with `model_max_length` set to your preferred value.
  FutureWarning,
/home/bingxing2/gpuuser356/.conda/envs/CoNT_py37/lib/python3.7/site-packages/transformers/generation_beam_search.py:198: UserWarning: Passing `max_length` to BeamSearchScorer is deprecated and has no effect. `max_length` should be passed directly to `beam_search(...)`, `beam_sample(...)`, or `group_beam_search(...)`.
  "Passing `max_length` to BeamSearchScorer is deprecated and has no effect. "
/home/bingxing2/gpuuser356/.conda/envs/CoNT_py37/lib/python3.7/site-packages/transformers/models/t5/tokenization_t5_fast.py:166: FutureWarning: This tokenizer was incorrectly instantiated with a model max length of 512 which will be corrected in Transformers v5.
For now, this behavior is kept to avoid breaking backwards compatibility when padding/encoding with `truncation is True`.
- Be aware that you SHOULD NOT rely on t5-small automatically truncating your input to 512 when padding/encoding.
- If you want to encode/pad to sequences longer than 512 you can either instantiate this tokenizer with `model_max_length` or pass `max_length` when encoding/padding.
- To avoid this warning, please instantiate this tokenizer with `model_max_length` set to your preferred value.
  FutureWarning,
/home/bingxing2/gpuuser356/.conda/envs/CoNT_py37/lib/python3.7/site-packages/transformers/generation_beam_search.py:198: UserWarning: Passing `max_length` to BeamSearchScorer is deprecated and has no effect. `max_length` should be passed directly to `beam_search(...)`, `beam_sample(...)`, or `group_beam_search(...)`.
  "Passing `max_length` to BeamSearchScorer is deprecated and has no effect. "
/home/bingxing2/gpuuser356/.conda/envs/CoNT_py37/lib/python3.7/site-packages/transformers/models/t5/tokenization_t5_fast.py:166: FutureWarning: This tokenizer was incorrectly instantiated with a model max length of 512 which will be corrected in Transformers v5.
For now, this behavior is kept to avoid breaking backwards compatibility when padding/encoding with `truncation is True`.
- Be aware that you SHOULD NOT rely on t5-small automatically truncating your input to 512 when padding/encoding.
- If you want to encode/pad to sequences longer than 512 you can either instantiate this tokenizer with `model_max_length` or pass `max_length` when encoding/padding.
- To avoid this warning, please instantiate this tokenizer with `model_max_length` set to your preferred value.
  FutureWarning,
/home/bingxing2/gpuuser356/.conda/envs/CoNT_py37/lib/python3.7/site-packages/transformers/generation_beam_search.py:198: UserWarning: Passing `max_length` to BeamSearchScorer is deprecated and has no effect. `max_length` should be passed directly to `beam_search(...)`, `beam_sample(...)`, or `group_beam_search(...)`.
  "Passing `max_length` to BeamSearchScorer is deprecated and has no effect. "
