========== Contrastive learning based training... ==========
[11:17:58] INFO     The checkpoint will be saved in this folder   callback.py:20
                    for this time: 2023-03-27-11_17_48_518372                   
加载 results/2023-03-01-01_03_41_214561/epoch-3_step-1200.pt
[11:21:04] WARNING  Rank: 0 -                                         ddp.py:530
                                                                                
                    fucking hei                                                 
                                                                                
                                                                                
CoNTGenerator(
  (generator): T5ForConditionalGeneration(
    (shared): Embedding(32128, 512)
    (encoder): T5Stack(
      (embed_tokens): Embedding(32128, 512)
      (block): ModuleList(
        (0): T5Block(
          (layer): ModuleList(
            (0): T5LayerSelfAttention(
              (SelfAttention): T5Attention(
                (q): Linear(in_features=512, out_features=512, bias=False)
                (k): Linear(in_features=512, out_features=512, bias=False)
                (v): Linear(in_features=512, out_features=512, bias=False)
                (o): Linear(in_features=512, out_features=512, bias=False)
                (relative_attention_bias): Embedding(32, 8)
              )
              (layer_norm): T5LayerNorm()
              (dropout): Dropout(p=0.1, inplace=False)
            )
            (1): T5LayerFF(
              (DenseReluDense): T5DenseActDense(
                (wi): Linear(in_features=512, out_features=2048, bias=False)
                (wo): Linear(in_features=2048, out_features=512, bias=False)
                (dropout): Dropout(p=0.1, inplace=False)
                (act): ReLU()
              )
              (layer_norm): T5LayerNorm()
              (dropout): Dropout(p=0.1, inplace=False)
            )
          )
        )
        (1): T5Block(
          (layer): ModuleList(
            (0): T5LayerSelfAttention(
              (SelfAttention): T5Attention(
                (q): Linear(in_features=512, out_features=512, bias=False)
                (k): Linear(in_features=512, out_features=512, bias=False)
                (v): Linear(in_features=512, out_features=512, bias=False)
                (o): Linear(in_features=512, out_features=512, bias=False)
              )
              (layer_norm): T5LayerNorm()
              (dropout): Dropout(p=0.1, inplace=False)
            )
            (1): T5LayerFF(
              (DenseReluDense): T5DenseActDense(
                (wi): Linear(in_features=512, out_features=2048, bias=False)
                (wo): Linear(in_features=2048, out_features=512, bias=False)
                (dropout): Dropout(p=0.1, inplace=False)
                (act): ReLU()
              )
              (layer_norm): T5LayerNorm()
              (dropout): Dropout(p=0.1, inplace=False)
            )
          )
        )
        (2): T5Block(
          (layer): ModuleList(
            (0): T5LayerSelfAttention(
              (SelfAttention): T5Attention(
                (q): Linear(in_features=512, out_features=512, bias=False)
                (k): Linear(in_features=512, out_features=512, bias=False)
                (v): Linear(in_features=512, out_features=512, bias=False)
                (o): Linear(in_features=512, out_features=512, bias=False)
              )
              (layer_norm): T5LayerNorm()
              (dropout): Dropout(p=0.1, inplace=False)
            )
            (1): T5LayerFF(
              (DenseReluDense): T5DenseActDense(
                (wi): Linear(in_features=512, out_features=2048, bias=False)
                (wo): Linear(in_features=2048, out_features=512, bias=False)
                (dropout): Dropout(p=0.1, inplace=False)
                (act): ReLU()
              )
              (layer_norm): T5LayerNorm()
              (dropout): Dropout(p=0.1, inplace=False)
            )
          )
        )
        (3): T5Block(
          (layer): ModuleList(
            (0): T5LayerSelfAttention(
              (SelfAttention): T5Attention(
                (q): Linear(in_features=512, out_features=512, bias=False)
                (k): Linear(in_features=512, out_features=512, bias=False)
                (v): Linear(in_features=512, out_features=512, bias=False)
                (o): Linear(in_features=512, out_features=512, bias=False)
              )
              (layer_norm): T5LayerNorm()
              (dropout): Dropout(p=0.1, inplace=False)
            )
            (1): T5LayerFF(
              (DenseReluDense): T5DenseActDense(
                (wi): Linear(in_features=512, out_features=2048, bias=False)
                (wo): Linear(in_features=2048, out_features=512, bias=False)
                (dropout): Dropout(p=0.1, inplace=False)
                (act): ReLU()
              )
              (layer_norm): T5LayerNorm()
              (dropout): Dropout(p=0.1, inplace=False)
            )
          )
        )
        (4): T5Block(
          (layer): ModuleList(
            (0): T5LayerSelfAttention(
              (SelfAttention): T5Attention(
                (q): Linear(in_features=512, out_features=512, bias=False)
                (k): Linear(in_features=512, out_features=512, bias=False)
                (v): Linear(in_features=512, out_features=512, bias=False)
                (o): Linear(in_features=512, out_features=512, bias=False)
              )
              (layer_norm): T5LayerNorm()
              (dropout): Dropout(p=0.1, inplace=False)
            )
            (1): T5LayerFF(
              (DenseReluDense): T5DenseActDense(
                (wi): Linear(in_features=512, out_features=2048, bias=False)
                (wo): Linear(in_features=2048, out_features=512, bias=False)
                (dropout): Dropout(p=0.1, inplace=False)
                (act): ReLU()
              )
              (layer_norm): T5LayerNorm()
              (dropout): Dropout(p=0.1, inplace=False)
            )
          )
        )
        (5): T5Block(
          (layer): ModuleList(
            (0): T5LayerSelfAttention(
              (SelfAttention): T5Attention(
                (q): Linear(in_features=512, out_features=512, bias=False)
                (k): Linear(in_features=512, out_features=512, bias=False)
                (v): Linear(in_features=512, out_features=512, bias=False)
                (o): Linear(in_features=512, out_features=512, bias=False)
              )
              (layer_norm): T5LayerNorm()
              (dropout): Dropout(p=0.1, inplace=False)
            )
            (1): T5LayerFF(
              (DenseReluDense): T5DenseActDense(
                (wi): Linear(in_features=512, out_features=2048, bias=False)
                (wo): Linear(in_features=2048, out_features=512, bias=False)
                (dropout): Dropout(p=0.1, inplace=False)
                (act): ReLU()
              )
              (layer_norm): T5LayerNorm()
              (dropout): Dropout(p=0.1, inplace=False)
            )
          )
        )
      )
      (final_layer_norm): T5LayerNorm()
      (dropout): Dropout(p=0.1, inplace=False)
    )
    (decoder): T5Stack(
      (embed_tokens): Embedding(32128, 512)
      (block): ModuleList(
        (0): T5Block(
          (layer): ModuleList(
            (0): T5LayerSelfAttention(
              (SelfAttention): T5Attention(
                (q): Linear(in_features=512, out_features=512, bias=False)
                (k): Linear(in_features=512, out_features=512, bias=False)
                (v): Linear(in_features=512, out_features=512, bias=False)
                (o): Linear(in_features=512, out_features=512, bias=False)
                (relative_attention_bias): Embedding(32, 8)
              )
              (layer_norm): T5LayerNorm()
              (dropout): Dropout(p=0.1, inplace=False)
            )
            (1): T5LayerCrossAttention(
              (EncDecAttention): T5Attention(
                (q): Linear(in_features=512, out_features=512, bias=False)
                (k): Linear(in_features=512, out_features=512, bias=False)
                (v): Linear(in_features=512, out_features=512, bias=False)
                (o): Linear(in_features=512, out_features=512, bias=False)
              )
              (layer_norm): T5LayerNorm()
              (dropout): Dropout(p=0.1, inplace=False)
            )
            (2): T5LayerFF(
              (DenseReluDense): T5DenseActDense(
                (wi): Linear(in_features=512, out_features=2048, bias=False)
                (wo): Linear(in_features=2048, out_features=512, bias=False)
                (dropout): Dropout(p=0.1, inplace=False)
                (act): ReLU()
              )
              (layer_norm): T5LayerNorm()
              (dropout): Dropout(p=0.1, inplace=False)
            )
          )
        )
        (1): T5Block(
          (layer): ModuleList(
            (0): T5LayerSelfAttention(
              (SelfAttention): T5Attention(
                (q): Linear(in_features=512, out_features=512, bias=False)
                (k): Linear(in_features=512, out_features=512, bias=False)
                (v): Linear(in_features=512, out_features=512, bias=False)
                (o): Linear(in_features=512, out_features=512, bias=False)
              )
              (layer_norm): T5LayerNorm()
              (dropout): Dropout(p=0.1, inplace=False)
            )
            (1): T5LayerCrossAttention(
              (EncDecAttention): T5Attention(
                (q): Linear(in_features=512, out_features=512, bias=False)
                (k): Linear(in_features=512, out_features=512, bias=False)
                (v): Linear(in_features=512, out_features=512, bias=False)
                (o): Linear(in_features=512, out_features=512, bias=False)
              )
              (layer_norm): T5LayerNorm()
              (dropout): Dropout(p=0.1, inplace=False)
            )
            (2): T5LayerFF(
              (DenseReluDense): T5DenseActDense(
                (wi): Linear(in_features=512, out_features=2048, bias=False)
                (wo): Linear(in_features=2048, out_features=512, bias=False)
                (dropout): Dropout(p=0.1, inplace=False)
                (act): ReLU()
              )
              (layer_norm): T5LayerNorm()
              (dropout): Dropout(p=0.1, inplace=False)
            )
          )
        )
        (2): T5Block(
          (layer): ModuleList(
            (0): T5LayerSelfAttention(
              (SelfAttention): T5Attention(
                (q): Linear(in_features=512, out_features=512, bias=False)
                (k): Linear(in_features=512, out_features=512, bias=False)
                (v): Linear(in_features=512, out_features=512, bias=False)
                (o): Linear(in_features=512, out_features=512, bias=False)
              )
              (layer_norm): T5LayerNorm()
              (dropout): Dropout(p=0.1, inplace=False)
            )
            (1): T5LayerCrossAttention(
              (EncDecAttention): T5Attention(
                (q): Linear(in_features=512, out_features=512, bias=False)
                (k): Linear(in_features=512, out_features=512, bias=False)
                (v): Linear(in_features=512, out_features=512, bias=False)
                (o): Linear(in_features=512, out_features=512, bias=False)
              )
              (layer_norm): T5LayerNorm()
              (dropout): Dropout(p=0.1, inplace=False)
            )
            (2): T5LayerFF(
              (DenseReluDense): T5DenseActDense(
                (wi): Linear(in_features=512, out_features=2048, bias=False)
                (wo): Linear(in_features=2048, out_features=512, bias=False)
                (dropout): Dropout(p=0.1, inplace=False)
                (act): ReLU()
              )
              (layer_norm): T5LayerNorm()
              (dropout): Dropout(p=0.1, inplace=False)
            )
          )
        )
        (3): T5Block(
          (layer): ModuleList(
            (0): T5LayerSelfAttention(
              (SelfAttention): T5Attention(
                (q): Linear(in_features=512, out_features=512, bias=False)
                (k): Linear(in_features=512, out_features=512, bias=False)
                (v): Linear(in_features=512, out_features=512, bias=False)
                (o): Linear(in_features=512, out_features=512, bias=False)
              )
              (layer_norm): T5LayerNorm()
              (dropout): Dropout(p=0.1, inplace=False)
            )
            (1): T5LayerCrossAttention(
              (EncDecAttention): T5Attention(
                (q): Linear(in_features=512, out_features=512, bias=False)
                (k): Linear(in_features=512, out_features=512, bias=False)
                (v): Linear(in_features=512, out_features=512, bias=False)
                (o): Linear(in_features=512, out_features=512, bias=False)
              )
              (layer_norm): T5LayerNorm()
              (dropout): Dropout(p=0.1, inplace=False)
            )
            (2): T5LayerFF(
              (DenseReluDense): T5DenseActDense(
                (wi): Linear(in_features=512, out_features=2048, bias=False)
                (wo): Linear(in_features=2048, out_features=512, bias=False)
                (dropout): Dropout(p=0.1, inplace=False)
                (act): ReLU()
              )
              (layer_norm): T5LayerNorm()
              (dropout): Dropout(p=0.1, inplace=False)
            )
          )
        )
        (4): T5Block(
          (layer): ModuleList(
            (0): T5LayerSelfAttention(
              (SelfAttention): T5Attention(
                (q): Linear(in_features=512, out_features=512, bias=False)
                (k): Linear(in_features=512, out_features=512, bias=False)
                (v): Linear(in_features=512, out_features=512, bias=False)
                (o): Linear(in_features=512, out_features=512, bias=False)
              )
              (layer_norm): T5LayerNorm()
              (dropout): Dropout(p=0.1, inplace=False)
            )
            (1): T5LayerCrossAttention(
              (EncDecAttention): T5Attention(
                (q): Linear(in_features=512, out_features=512, bias=False)
                (k): Linear(in_features=512, out_features=512, bias=False)
                (v): Linear(in_features=512, out_features=512, bias=False)
                (o): Linear(in_features=512, out_features=512, bias=False)
              )
              (layer_norm): T5LayerNorm()
              (dropout): Dropout(p=0.1, inplace=False)
            )
            (2): T5LayerFF(
              (DenseReluDense): T5DenseActDense(
                (wi): Linear(in_features=512, out_features=2048, bias=False)
                (wo): Linear(in_features=2048, out_features=512, bias=False)
                (dropout): Dropout(p=0.1, inplace=False)
                (act): ReLU()
              )
              (layer_norm): T5LayerNorm()
              (dropout): Dropout(p=0.1, inplace=False)
            )
          )
        )
        (5): T5Block(
          (layer): ModuleList(
            (0): T5LayerSelfAttention(
              (SelfAttention): T5Attention(
                (q): Linear(in_features=512, out_features=512, bias=False)
                (k): Linear(in_features=512, out_features=512, bias=False)
                (v): Linear(in_features=512, out_features=512, bias=False)
                (o): Linear(in_features=512, out_features=512, bias=False)
              )
              (layer_norm): T5LayerNorm()
              (dropout): Dropout(p=0.1, inplace=False)
            )
            (1): T5LayerCrossAttention(
              (EncDecAttention): T5Attention(
                (q): Linear(in_features=512, out_features=512, bias=False)
                (k): Linear(in_features=512, out_features=512, bias=False)
                (v): Linear(in_features=512, out_features=512, bias=False)
                (o): Linear(in_features=512, out_features=512, bias=False)
              )
              (layer_norm): T5LayerNorm()
              (dropout): Dropout(p=0.1, inplace=False)
            )
            (2): T5LayerFF(
              (DenseReluDense): T5DenseActDense(
                (wi): Linear(in_features=512, out_features=2048, bias=False)
                (wo): Linear(in_features=2048, out_features=512, bias=False)
                (dropout): Dropout(p=0.1, inplace=False)
                (act): ReLU()
              )
              (layer_norm): T5LayerNorm()
              (dropout): Dropout(p=0.1, inplace=False)
            )
          )
        )
      )
      (final_layer_norm): T5LayerNorm()
      (dropout): Dropout(p=0.1, inplace=False)
    )
    (lm_head): Linear(in_features=512, out_features=32128, bias=False)
  )
  (linear_layer): Linear(in_features=512, out_features=512, bias=True)
  (loss_fct): CrossEntropyLoss()
)



<class 'model.model.CoNTGenerator'>



           INFO     Rank: 0 - Running evaluator sanity check for  trainer.py:661
                    2 batches.                                                  
           INFO     Rank: 0 -                                   evaluator.py:317
                    **********Evaluation starts**********                       
[11:21:13] INFO     Rank: 0 - **********Evaluation              evaluator.py:349
                    ends**********                                              
                                                                                
           INFO     Rank: 0 -                           progress_callback.py:204
                    **********Epoch:0 starts**********                          
[11:21:25] INFO     Rank: 0 - Contrastive loss is                 callback.py:66
                    0.9768465757369995, nll_loss is                             
                    1.666162133216858                                           
[11:21:26] INFO     Rank: 0 - Epoch:0/80, Batch:1,      progress_callback.py:218
                    loss:2.643009, finished 0.03%.                              
[11:21:38] INFO     Rank: 0 - Epoch:0/80, Batch:2,      progress_callback.py:218
                    loss:3.092755, finished 0.06%.                              
[11:21:54] INFO     Rank: 0 - Epoch:0/80, Batch:3,      progress_callback.py:218
                    loss:3.012131, finished 0.09%.                              
[11:22:04] INFO     Rank: 0 - Epoch:0/80, Batch:4,      progress_callback.py:218
                    loss:2.864455, finished 0.12%.                              
[11:22:17] INFO     Rank: 0 - Epoch:0/80, Batch:5,      progress_callback.py:218
                    loss:2.549764, finished 0.15%.                              
[11:22:32] INFO     Rank: 0 - Epoch:0/80, Batch:6,      progress_callback.py:218
                    loss:3.033788, finished 0.18%.                              
[11:22:43] INFO     Rank: 0 - Epoch:0/80, Batch:7,      progress_callback.py:218
                    loss:2.643384, finished 0.21%.                              
[11:22:56] INFO     Rank: 0 - Epoch:0/80, Batch:8,      progress_callback.py:218
                    loss:2.388954, finished 0.24%.                              
[11:23:08] INFO     Rank: 0 - Epoch:0/80, Batch:9,      progress_callback.py:218
                    loss:2.831863, finished 0.27%.                              
[11:23:18] INFO     Rank: 0 - Epoch:0/80, Batch:10,     progress_callback.py:218
                    loss:2.793208, finished 0.3%.                               
[11:23:27] INFO     Rank: 0 - Contrastive loss is                 callback.py:66
                    0.9951992988586426, nll_loss is                             
                    1.8117700815200806                                          
[11:23:29] INFO     Rank: 0 - Epoch:0/80, Batch:11,     progress_callback.py:218
                    loss:2.859393, finished 0.33%.                              
[11:23:39] INFO     Rank: 0 - Epoch:0/80, Batch:12,     progress_callback.py:218
                    loss:3.115306, finished 0.36%.                              
[11:23:50] INFO     Rank: 0 - Epoch:0/80, Batch:13,     progress_callback.py:218
                    loss:1.912493, finished 0.39%.                              
[11:24:07] INFO     Rank: 0 - Epoch:0/80, Batch:14,     progress_callback.py:218
                    loss:2.542025, finished 0.42%.                              
[11:24:18] INFO     Rank: 0 - Epoch:0/80, Batch:15,     progress_callback.py:218
                    loss:2.73857, finished 0.45%.                               
[11:24:30] INFO     Rank: 0 - Epoch:0/80, Batch:16,     progress_callback.py:218
                    loss:2.202628, finished 0.48%.                              
[11:24:40] INFO     Rank: 0 - Epoch:0/80, Batch:17,     progress_callback.py:218
                    loss:2.014325, finished 0.51%.                              
[11:24:51] INFO     Rank: 0 - Epoch:0/80, Batch:18,     progress_callback.py:218
                    loss:2.134728, finished 0.54%.                              
[11:25:05] INFO     Rank: 0 - Epoch:0/80, Batch:19,     progress_callback.py:218
                    loss:2.791837, finished 0.57%.                              
[11:25:17] INFO     Rank: 0 - Epoch:0/80, Batch:20,     progress_callback.py:218
                    loss:2.295327, finished 0.6%.                               
[11:25:25] INFO     Rank: 0 - Contrastive loss is                 callback.py:66
                    0.9309675693511963, nll_loss is                             
                    1.4647813081741332                                          
[11:25:28] INFO     Rank: 0 - Epoch:0/80, Batch:21,     progress_callback.py:218
                    loss:2.210248, finished 0.62%.                              
[11:25:37] INFO     Rank: 0 - Epoch:0/80, Batch:22,     progress_callback.py:218
                    loss:2.614796, finished 0.65%.                              
[11:25:51] INFO     Rank: 0 - Epoch:0/80, Batch:23,     progress_callback.py:218
                    loss:2.033794, finished 0.68%.                              
[11:26:02] INFO     Rank: 0 - Epoch:0/80, Batch:24,     progress_callback.py:218
                    loss:3.089747, finished 0.71%.                              
[11:26:15] INFO     Rank: 0 - Epoch:0/80, Batch:25,     progress_callback.py:218
                    loss:2.645368, finished 0.74%.                              
[11:26:28] INFO     Rank: 0 - Epoch:0/80, Batch:26,     progress_callback.py:218
                    loss:2.210779, finished 0.77%.                              
[11:26:40] INFO     Rank: 0 - Epoch:0/80, Batch:27,     progress_callback.py:218
                    loss:2.435748, finished 0.8%.                               
[11:26:51] INFO     Rank: 0 - Epoch:0/80, Batch:28,     progress_callback.py:218
                    loss:2.023008, finished 0.83%.                              
[11:27:07] INFO     Rank: 0 - Epoch:0/80, Batch:29,     progress_callback.py:218
                    loss:2.141175, finished 0.86%.                              
[11:27:20] INFO     Rank: 0 - Epoch:0/80, Batch:30,     progress_callback.py:218
                    loss:2.656434, finished 0.89%.                              
[11:27:29] INFO     Rank: 0 - Contrastive loss is                 callback.py:66
                    0.891063642501831, nll_loss is                              
                    1.4959832429885864                                          
[11:27:34] INFO     Rank: 0 - Epoch:0/80, Batch:31,     progress_callback.py:218
                    loss:2.019619, finished 0.92%.                              
[11:27:44] INFO     Rank: 0 - Epoch:0/80, Batch:32,     progress_callback.py:218
                    loss:2.438163, finished 0.95%.                              
[11:27:54] INFO     Rank: 0 - Epoch:0/80, Batch:33,     progress_callback.py:218
                    loss:2.162459, finished 0.98%.                              
[11:28:05] INFO     Rank: 0 - Epoch:0/80, Batch:34,     progress_callback.py:218
                    loss:2.351351, finished 1.01%.                              
[11:28:19] INFO     Rank: 0 - Epoch:0/80, Batch:35,     progress_callback.py:218
                    loss:2.312568, finished 1.04%.                              
[11:28:29] INFO     Rank: 0 - Epoch:0/80, Batch:36,     progress_callback.py:218
                    loss:2.033326, finished 1.07%.                              
[11:28:40] INFO     Rank: 0 - Epoch:0/80, Batch:37,     progress_callback.py:218
                    loss:2.606781, finished 1.1%.                               
[11:28:49] INFO     Rank: 0 - Epoch:0/80, Batch:38,     progress_callback.py:218
                    loss:1.871526, finished 1.13%.                              
[11:29:01] INFO     Rank: 0 - Epoch:0/80, Batch:39,     progress_callback.py:218
                    loss:1.944039, finished 1.16%.                              
[11:29:17] INFO     Rank: 0 - Epoch:0/80, Batch:40,     progress_callback.py:218
                    loss:1.918263, finished 1.19%.                              
           INFO     Rank: 0 -                                   evaluator.py:317
                    **********Evaluation starts**********                       
[11:29:30] INFO     Rank: 0 - **********Evaluation              evaluator.py:349
                    ends**********                                              
                                                                                
           INFO     Rank: 0 - ----------Eval. results   progress_callback.py:233
                    on Epoch:0, Batch:40----------                              
           INFO     Rank: 0 -                           progress_callback.py:238
                    {"torch_ngram#ngram-overlap":                               
                    0.44091469049453735}                                        
 ============= save model at results/2023-03-27-11_17_48_518372/epoch-0_step-40.pt ============= 
[11:29:40] INFO     Rank: 0 - Contrastive loss is                 callback.py:66
                    0.8309268236160279, nll_loss is                             
                    1.3596553206443787                                          
[11:29:42] INFO     Rank: 0 - Epoch:0/80, Batch:41,     progress_callback.py:218
                    loss:2.267345, finished 1.22%.                              
[11:29:47] INFO     Rank: 0 - Epoch:0/80, Batch:42,     progress_callback.py:218
                    loss:3.347672, finished 1.25%.                              
           INFO     Rank: 0 -                           progress_callback.py:204
                    **********Epoch:1 starts**********                          
[11:29:57] INFO     Rank: 0 - Epoch:1/80, Batch:1,      progress_callback.py:218
                    loss:1.980308, finished 1.28%.                              
[11:30:07] INFO     Rank: 0 - Epoch:1/80, Batch:2,      progress_callback.py:218
                    loss:1.896866, finished 1.31%.                              
[11:30:20] INFO     Rank: 0 - Epoch:1/80, Batch:3,      progress_callback.py:218
                    loss:2.000295, finished 1.34%.                              
[11:30:33] INFO     Rank: 0 - Epoch:1/80, Batch:4,      progress_callback.py:218
                    loss:2.383704, finished 1.37%.                              
[11:30:43] INFO     Rank: 0 - Epoch:1/80, Batch:5,      progress_callback.py:218
                    loss:2.458145, finished 1.4%.                               
[11:30:52] INFO     Rank: 0 - Epoch:1/80, Batch:6,      progress_callback.py:218
                    loss:1.912031, finished 1.43%.                              
[11:31:02] INFO     Rank: 0 - Epoch:1/80, Batch:7,      progress_callback.py:218
                    loss:2.010738, finished 1.46%.                              
[11:31:14] INFO     Rank: 0 - Epoch:1/80, Batch:8,      progress_callback.py:218
                    loss:2.090115, finished 1.49%.                              
[11:31:27] INFO     Rank: 0 - Contrastive loss is                 callback.py:66
                    0.8352817356586456, nll_loss is                             
                    1.3832996428012847                                          
[11:31:29] INFO     Rank: 0 - Epoch:1/80, Batch:9,      progress_callback.py:218
                    loss:2.105939, finished 1.52%.                              
[11:31:40] INFO     Rank: 0 - Epoch:1/80, Batch:10,     progress_callback.py:218
                    loss:1.878201, finished 1.55%.                              
[11:31:50] INFO     Rank: 0 - Epoch:1/80, Batch:11,     progress_callback.py:218
                    loss:2.2619, finished 1.58%.                                
[11:32:02] INFO     Rank: 0 - Epoch:1/80, Batch:12,     progress_callback.py:218
                    loss:2.203694, finished 1.61%.                              
[11:32:11] INFO     Rank: 0 - Epoch:1/80, Batch:13,     progress_callback.py:218
                    loss:2.152695, finished 1.64%.                              
[11:32:25] INFO     Rank: 0 - Epoch:1/80, Batch:14,     progress_callback.py:218
                    loss:1.8303, finished 1.67%.                                
[11:32:35] INFO     Rank: 0 - Epoch:1/80, Batch:15,     progress_callback.py:218
                    loss:1.905109, finished 1.7%.                               
[11:32:47] INFO     Rank: 0 - Epoch:1/80, Batch:16,     progress_callback.py:218
                    loss:1.99282, finished 1.73%.                               
[11:32:58] INFO     Rank: 0 - Epoch:1/80, Batch:17,     progress_callback.py:218
                    loss:1.911386, finished 1.76%.                              
[11:33:09] INFO     Rank: 0 - Epoch:1/80, Batch:18,     progress_callback.py:218
                    loss:1.919833, finished 1.79%.                              
[11:33:25] INFO     Rank: 0 - Contrastive loss is                 callback.py:66
                    0.8022396266460419, nll_loss is                             
                    1.2182286441326142                                          
[11:33:39] INFO     Rank: 0 - Epoch:1/80, Batch:19,     progress_callback.py:218
                    loss:2.148744, finished 1.82%.                              
[11:33:55] INFO     Rank: 0 - Epoch:1/80, Batch:20,     progress_callback.py:218
                    loss:1.697017, finished 1.85%.                              
[11:34:10] INFO     Rank: 0 - Epoch:1/80, Batch:21,     progress_callback.py:218
                    loss:2.35206, finished 1.88%.                               
[11:34:31] INFO     Rank: 0 - Epoch:1/80, Batch:22,     progress_callback.py:218
                    loss:2.083666, finished 1.9%.                               
[11:34:46] INFO     Rank: 0 - Epoch:1/80, Batch:23,     progress_callback.py:218
                    loss:1.994298, finished 1.93%.                              
[11:34:55] INFO     Rank: 0 - Epoch:1/80, Batch:24,     progress_callback.py:218
                    loss:2.287404, finished 1.96%.                              
[11:35:04] INFO     Rank: 0 - Epoch:1/80, Batch:25,     progress_callback.py:218
                    loss:2.220527, finished 1.99%.                              
[11:35:14] INFO     Rank: 0 - Epoch:1/80, Batch:26,     progress_callback.py:218
                    loss:2.352079, finished 2.02%.                              
[11:35:28] INFO     Rank: 0 - Epoch:1/80, Batch:27,     progress_callback.py:218
                    loss:2.25396, finished 2.05%.                               
[11:35:37] INFO     Rank: 0 - Epoch:1/80, Batch:28,     progress_callback.py:218
                    loss:2.1791, finished 2.08%.                                
[11:35:48] INFO     Rank: 0 - Contrastive loss is                 callback.py:66
                    0.8434253215789795, nll_loss is                             
                    1.2980718970298768                                          
           INFO     Rank: 0 - Epoch:1/80, Batch:29,     progress_callback.py:218
                    loss:1.994861, finished 2.11%.                              
[11:35:57] INFO     Rank: 0 - Epoch:1/80, Batch:30,     progress_callback.py:218
                    loss:2.609317, finished 2.14%.                              
[11:36:06] INFO     Rank: 0 - Epoch:1/80, Batch:31,     progress_callback.py:218
                    loss:2.303799, finished 2.17%.                              
[11:36:14] INFO     Rank: 0 - Epoch:1/80, Batch:32,     progress_callback.py:218
                    loss:1.918586, finished 2.2%.                               
[11:36:24] INFO     Rank: 0 - Epoch:1/80, Batch:33,     progress_callback.py:218
                    loss:2.317585, finished 2.23%.                              
[11:36:32] INFO     Rank: 0 - Epoch:1/80, Batch:34,     progress_callback.py:218
                    loss:2.180026, finished 2.26%.                              
[11:36:42] INFO     Rank: 0 - Epoch:1/80, Batch:35,     progress_callback.py:218
                    loss:1.821374, finished 2.29%.                              
[11:36:52] INFO     Rank: 0 - Epoch:1/80, Batch:36,     progress_callback.py:218
                    loss:1.801818, finished 2.32%.                              
[11:37:01] INFO     Rank: 0 - Epoch:1/80, Batch:37,     progress_callback.py:218
                    loss:1.936276, finished 2.35%.                              
[11:37:10] INFO     Rank: 0 - Epoch:1/80, Batch:38,     progress_callback.py:218
                    loss:1.513225, finished 2.38%.                              
           INFO     Rank: 0 -                                   evaluator.py:317
                    **********Evaluation starts**********                       
[11:37:22] INFO     Rank: 0 - **********Evaluation              evaluator.py:349
                    ends**********                                              
                                                                                
           INFO     Rank: 0 - ----------Eval. results   progress_callback.py:233
                    on Epoch:1, Batch:38----------                              
           INFO     Rank: 0 -                           progress_callback.py:238
                    {"torch_ngram#ngram-overlap":                               
                    0.4424639940261841}                                         
 ============= save model at results/2023-03-27-11_17_48_518372/epoch-1_step-80.pt ============= 
[11:37:30] INFO     Rank: 0 - Contrastive loss is                 callback.py:66
                    0.7863684237003327, nll_loss is                             
                    1.2771559536457062                                          
[11:37:31] INFO     Rank: 0 - Epoch:1/80, Batch:39,     progress_callback.py:218
                    loss:2.233238, finished 2.41%.                              
[11:37:40] INFO     Rank: 0 - Epoch:1/80, Batch:40,     progress_callback.py:218
                    loss:2.053753, finished 2.44%.                              
[11:37:51] INFO     Rank: 0 - Epoch:1/80, Batch:41,     progress_callback.py:218
                    loss:1.565657, finished 2.47%.                              
[11:37:54] INFO     Rank: 0 - Epoch:1/80, Batch:42,     progress_callback.py:218
                    loss:1.797536, finished 2.5%.                               
           INFO     Rank: 0 -                           progress_callback.py:204
                    **********Epoch:2 starts**********                          
[11:38:02] INFO     Rank: 0 - Epoch:2/80, Batch:1,      progress_callback.py:218
                    loss:2.073711, finished 2.53%.                              
[11:38:10] INFO     Rank: 0 - Epoch:2/80, Batch:2,      progress_callback.py:218
                    loss:2.074386, finished 2.56%.                              
[11:38:18] INFO     Rank: 0 - Epoch:2/80, Batch:3,      progress_callback.py:218
                    loss:1.847087, finished 2.59%.                              
[11:38:27] INFO     Rank: 0 - Epoch:2/80, Batch:4,      progress_callback.py:218
                    loss:1.925251, finished 2.62%.                              
[11:38:35] INFO     Rank: 0 - Epoch:2/80, Batch:5,      progress_callback.py:218
                    loss:2.218916, finished 2.65%.                              
[11:38:45] INFO     Rank: 0 - Epoch:2/80, Batch:6,      progress_callback.py:218
                    loss:2.1184, finished 2.68%.                                
[11:38:55] INFO     Rank: 0 - Contrastive loss is                 callback.py:66
                    0.7857569992542267, nll_loss is                             
                    1.2473492562770843                                          
[11:38:56] INFO     Rank: 0 - Epoch:2/80, Batch:7,      progress_callback.py:218
                    loss:2.656365, finished 2.71%.                              
[11:39:04] INFO     Rank: 0 - Epoch:2/80, Batch:8,      progress_callback.py:218
                    loss:1.766284, finished 2.74%.                              
[11:39:12] INFO     Rank: 0 - Epoch:2/80, Batch:9,      progress_callback.py:218
                    loss:2.593449, finished 2.77%.                              
[11:39:22] INFO     Rank: 0 - Epoch:2/80, Batch:10,     progress_callback.py:218
                    loss:1.890437, finished 2.8%.                               
[11:39:30] INFO     Rank: 0 - Epoch:2/80, Batch:11,     progress_callback.py:218
                    loss:2.046656, finished 2.83%.                              
[11:39:43] INFO     Rank: 0 - Epoch:2/80, Batch:12,     progress_callback.py:218
                    loss:1.821208, finished 2.86%.                              
[11:39:55] INFO     Rank: 0 - Epoch:2/80, Batch:13,     progress_callback.py:218
                    loss:2.179642, finished 2.89%.                              
[11:40:05] INFO     Rank: 0 - Epoch:2/80, Batch:14,     progress_callback.py:218
                    loss:2.012295, finished 2.92%.                              
[11:40:15] INFO     Rank: 0 - Epoch:2/80, Batch:15,     progress_callback.py:218
                    loss:1.930501, finished 2.95%.                              
[11:40:23] INFO     Rank: 0 - Epoch:2/80, Batch:16,     progress_callback.py:218
                    loss:2.705249, finished 2.98%.                              
[11:40:30] INFO     Rank: 0 - Contrastive loss is                 callback.py:66
                    0.7788395941257477, nll_loss is                             
                    1.3218725264072417                                          
[11:40:31] INFO     Rank: 0 - Epoch:2/80, Batch:17,     progress_callback.py:218
                    loss:2.061399, finished 3.01%.                              
[11:40:39] INFO     Rank: 0 - Epoch:2/80, Batch:18,     progress_callback.py:218
                    loss:1.791411, finished 3.04%.                              
[11:40:47] INFO     Rank: 0 - Epoch:2/80, Batch:19,     progress_callback.py:218
                    loss:2.594166, finished 3.07%.                              
[11:41:01] INFO     Rank: 0 - Epoch:2/80, Batch:20,     progress_callback.py:218
                    loss:2.285984, finished 3.1%.                               
[11:41:10] INFO     Rank: 0 - Epoch:2/80, Batch:21,     progress_callback.py:218
                    loss:1.703562, finished 3.12%.                              
[11:41:19] INFO     Rank: 0 - Epoch:2/80, Batch:22,     progress_callback.py:218
                    loss:2.046037, finished 3.15%.                              
[11:41:27] INFO     Rank: 0 - Epoch:2/80, Batch:23,     progress_callback.py:218
                    loss:2.050982, finished 3.18%.                              
[11:41:36] INFO     Rank: 0 - Epoch:2/80, Batch:24,     progress_callback.py:218
                    loss:2.153486, finished 3.21%.                              
[11:41:45] INFO     Rank: 0 - Epoch:2/80, Batch:25,     progress_callback.py:218
                    loss:2.40217, finished 3.24%.                               
[11:41:54] INFO     Rank: 0 - Epoch:2/80, Batch:26,     progress_callback.py:218
                    loss:1.831224, finished 3.27%.                              
[11:42:03] INFO     Rank: 0 - Contrastive loss is                 callback.py:66
                    0.8066838085651398, nll_loss is                             
                    1.3011005461215972                                          
[11:42:06] INFO     Rank: 0 - Epoch:2/80, Batch:27,     progress_callback.py:218
                    loss:2.218822, finished 3.3%.                               
[11:42:15] INFO     Rank: 0 - Epoch:2/80, Batch:28,     progress_callback.py:218
                    loss:2.253719, finished 3.33%.                              
[11:42:22] INFO     Rank: 0 - Epoch:2/80, Batch:29,     progress_callback.py:218
                    loss:1.661822, finished 3.36%.                              
[11:42:33] INFO     Rank: 0 - Epoch:2/80, Batch:30,     progress_callback.py:218
                    loss:1.351516, finished 3.39%.                              
[11:42:41] INFO     Rank: 0 - Epoch:2/80, Batch:31,     progress_callback.py:218
                    loss:2.105874, finished 3.42%.                              
[11:42:50] INFO     Rank: 0 - Epoch:2/80, Batch:32,     progress_callback.py:218
                    loss:1.947305, finished 3.45%.                              
[11:42:59] INFO     Rank: 0 - Epoch:2/80, Batch:33,     progress_callback.py:218
                    loss:1.799757, finished 3.48%.                              
[11:43:08] INFO     Rank: 0 - Epoch:2/80, Batch:34,     progress_callback.py:218
                    loss:2.107804, finished 3.51%.                              
[11:43:16] INFO     Rank: 0 - Epoch:2/80, Batch:35,     progress_callback.py:218
                    loss:2.616031, finished 3.54%.                              
[11:43:26] INFO     Rank: 0 - Epoch:2/80, Batch:36,     progress_callback.py:218
                    loss:2.056217, finished 3.57%.                              
           INFO     Rank: 0 -                                   evaluator.py:317
                    **********Evaluation starts**********                       
[11:43:38] INFO     Rank: 0 - **********Evaluation              evaluator.py:349
                    ends**********                                              
                                                                                
           INFO     Rank: 0 - ----------Eval. results   progress_callback.py:233
                    on Epoch:2, Batch:36----------                              
           INFO     Rank: 0 -                           progress_callback.py:238
                    {"torch_ngram#ngram-overlap":                               
                    0.44392910599708557}                                        
 ============= save model at results/2023-03-27-11_17_48_518372/epoch-2_step-120.pt ============= 
[11:43:46] INFO     Rank: 0 - Contrastive loss is                 callback.py:66
                    0.7879022061824799, nll_loss is                             
                    1.2104815661907196                                          
[11:43:47] INFO     Rank: 0 - Epoch:2/80, Batch:37,     progress_callback.py:218
                    loss:2.083793, finished 3.6%.                               
[11:43:56] INFO     Rank: 0 - Epoch:2/80, Batch:38,     progress_callback.py:218
                    loss:2.031706, finished 3.63%.                              
[11:44:10] INFO     Rank: 0 - Epoch:2/80, Batch:39,     progress_callback.py:218
                    loss:1.845761, finished 3.66%.                              
[11:44:19] INFO     Rank: 0 - Epoch:2/80, Batch:40,     progress_callback.py:218
                    loss:1.892081, finished 3.69%.                              
[11:44:27] INFO     Rank: 0 - Epoch:2/80, Batch:41,     progress_callback.py:218
                    loss:1.999962, finished 3.72%.                              
[11:44:30] INFO     Rank: 0 - Epoch:2/80, Batch:42,     progress_callback.py:218
                    loss:1.336099, finished 3.75%.                              
           INFO     Rank: 0 -                           progress_callback.py:204
                    **********Epoch:3 starts**********                          
[11:44:39] INFO     Rank: 0 - Epoch:3/80, Batch:1,      progress_callback.py:218
                    loss:2.021542, finished 3.78%.                              
[11:44:51] INFO     Rank: 0 - Epoch:3/80, Batch:2,      progress_callback.py:218
                    loss:2.033459, finished 3.81%.                              
[11:45:02] INFO     Rank: 0 - Epoch:3/80, Batch:3,      progress_callback.py:218
                    loss:2.033924, finished 3.84%.                              
[11:45:16] INFO     Rank: 0 - Epoch:3/80, Batch:4,      progress_callback.py:218
                    loss:2.546071, finished 3.87%.                              
[11:45:23] INFO     Rank: 0 - Contrastive loss is                 callback.py:66
                    0.768828672170639, nll_loss is                              
                    1.2063257277011872                                          
[11:45:25] INFO     Rank: 0 - Epoch:3/80, Batch:5,      progress_callback.py:218
                    loss:2.010941, finished 3.9%.                               
[11:45:32] INFO     Rank: 0 - Epoch:3/80, Batch:6,      progress_callback.py:218
                    loss:2.187979, finished 3.93%.                              
[11:45:40] INFO     Rank: 0 - Epoch:3/80, Batch:7,      progress_callback.py:218
                    loss:2.153377, finished 3.96%.                              
[11:45:49] INFO     Rank: 0 - Epoch:3/80, Batch:8,      progress_callback.py:218
                    loss:2.227888, finished 3.99%.                              
[11:45:57] INFO     Rank: 0 - Epoch:3/80, Batch:9,      progress_callback.py:218
                    loss:2.178893, finished 4.02%.                              
[11:46:05] INFO     Rank: 0 - Epoch:3/80, Batch:10,     progress_callback.py:218
                    loss:1.952046, finished 4.05%.                              
[11:46:18] INFO     Rank: 0 - Epoch:3/80, Batch:11,     progress_callback.py:218
                    loss:1.524092, finished 4.08%.                              
[11:46:26] INFO     Rank: 0 - Epoch:3/80, Batch:12,     progress_callback.py:218
                    loss:2.183, finished 4.11%.                                 
[11:46:33] INFO     Rank: 0 - Epoch:3/80, Batch:13,     progress_callback.py:218
                    loss:1.832308, finished 4.14%.                              
[11:46:41] INFO     Rank: 0 - Epoch:3/80, Batch:14,     progress_callback.py:218
                    loss:1.843166, finished 4.17%.                              
[11:46:48] INFO     Rank: 0 - Contrastive loss is                 callback.py:66
                    0.7717852890491486, nll_loss is                             
                    1.2718343555927276                                          
[11:46:51] INFO     Rank: 0 - Epoch:3/80, Batch:15,     progress_callback.py:218
                    loss:2.353447, finished 4.2%.                               
[11:47:02] INFO     Rank: 0 - Epoch:3/80, Batch:16,     progress_callback.py:218
                    loss:2.002551, finished 4.23%.                              
[11:47:10] INFO     Rank: 0 - Epoch:3/80, Batch:17,     progress_callback.py:218
                    loss:2.127067, finished 4.26%.                              
[11:47:21] INFO     Rank: 0 - Epoch:3/80, Batch:18,     progress_callback.py:218
                    loss:2.368717, finished 4.29%.                              
[11:47:29] INFO     Rank: 0 - Epoch:3/80, Batch:19,     progress_callback.py:218
                    loss:2.062123, finished 4.32%.                              
[11:47:39] INFO     Rank: 0 - Epoch:3/80, Batch:20,     progress_callback.py:218
                    loss:2.374461, finished 4.35%.                              
[11:47:50] INFO     Rank: 0 - Epoch:3/80, Batch:21,     progress_callback.py:218
                    loss:2.032373, finished 4.38%.                              
[11:47:59] INFO     Rank: 0 - Epoch:3/80, Batch:22,     progress_callback.py:218
                    loss:1.993171, finished 4.4%.                               
[11:48:08] INFO     Rank: 0 - Epoch:3/80, Batch:23,     progress_callback.py:218
                    loss:1.841434, finished 4.43%.                              
[11:48:20] INFO     Rank: 0 - Epoch:3/80, Batch:24,     progress_callback.py:218
                    loss:1.840592, finished 4.46%.                              
[11:48:28] INFO     Rank: 0 - Contrastive loss is                 callback.py:66
                    0.7908884346485138, nll_loss is                             
                    1.25857213139534                                            
[11:48:29] INFO     Rank: 0 - Epoch:3/80, Batch:25,     progress_callback.py:218
                    loss:1.852118, finished 4.49%.                              
[11:48:38] INFO     Rank: 0 - Epoch:3/80, Batch:26,     progress_callback.py:218
                    loss:2.470912, finished 4.52%.                              
[11:48:47] INFO     Rank: 0 - Epoch:3/80, Batch:27,     progress_callback.py:218
                    loss:1.659496, finished 4.55%.                              
[11:48:55] INFO     Rank: 0 - Epoch:3/80, Batch:28,     progress_callback.py:218
                    loss:2.117165, finished 4.58%.                              
[11:49:03] INFO     Rank: 0 - Epoch:3/80, Batch:29,     progress_callback.py:218
                    loss:2.024594, finished 4.61%.                              
[11:49:13] INFO     Rank: 0 - Epoch:3/80, Batch:30,     progress_callback.py:218
                    loss:2.58711, finished 4.64%.                               
[11:49:23] INFO     Rank: 0 - Epoch:3/80, Batch:31,     progress_callback.py:218
                    loss:2.278895, finished 4.67%.                              
[11:49:33] INFO     Rank: 0 - Epoch:3/80, Batch:32,     progress_callback.py:218
                    loss:1.679152, finished 4.7%.                               
[11:49:42] INFO     Rank: 0 - Epoch:3/80, Batch:33,     progress_callback.py:218
                    loss:2.149523, finished 4.73%.                              
[11:49:51] INFO     Rank: 0 - Epoch:3/80, Batch:34,     progress_callback.py:218
                    loss:1.153225, finished 4.76%.                              
           INFO     Rank: 0 -                                   evaluator.py:317
                    **********Evaluation starts**********                       
[11:50:04] INFO     Rank: 0 - **********Evaluation              evaluator.py:349
                    ends**********                                              
                                                                                
           INFO     Rank: 0 - ----------Eval. results   progress_callback.py:233
                    on Epoch:3, Batch:34----------                              
           INFO     Rank: 0 -                           progress_callback.py:238
                    {"torch_ngram#ngram-overlap":                               
                    0.4455941319465637}                                         
 ============= save model at results/2023-03-27-11_17_48_518372/epoch-3_step-160.pt ============= 
save hyperparams in  results/2023-03-27-11_17_48_518372/hyperparams.txt
[11:50:12] INFO     Rank: 0 - Contrastive loss is                 callback.py:66
                    0.7791307210922241, nll_loss is                             
                    1.1944209456443786                                          
[11:50:14] INFO     Rank: 0 - Epoch:3/80, Batch:35,     progress_callback.py:218
                    loss:1.615447, finished 4.79%.                              
[11:50:23] INFO     Rank: 0 - Epoch:3/80, Batch:36,     progress_callback.py:218
                    loss:1.800357, finished 4.82%.                              
[11:50:34] INFO     Rank: 0 - Epoch:3/80, Batch:37,     progress_callback.py:218
                    loss:2.080835, finished 4.85%.                              
[11:50:43] INFO     Rank: 0 - Epoch:3/80, Batch:38,     progress_callback.py:218
                    loss:2.040182, finished 4.88%.                              
[11:50:52] INFO     Rank: 0 - Epoch:3/80, Batch:39,     progress_callback.py:218
                    loss:1.335268, finished 4.91%.                              
[11:51:00] INFO     Rank: 0 - Epoch:3/80, Batch:40,     progress_callback.py:218
                    loss:1.294855, finished 4.94%.                              
[11:51:09] INFO     Rank: 0 - Epoch:3/80, Batch:41,     progress_callback.py:218
                    loss:1.897223, finished 4.97%.                              
[11:51:13] INFO     Rank: 0 - Epoch:3/80, Batch:42,     progress_callback.py:218
                    loss:2.37503, finished 5.0%.                                
           INFO     Rank: 0 -                           progress_callback.py:204
                    **********Epoch:4 starts**********                          
[11:51:21] INFO     Rank: 0 - Epoch:4/80, Batch:1,      progress_callback.py:218
                    loss:2.020649, finished 5.03%.                              
[11:51:35] INFO     Rank: 0 - Epoch:4/80, Batch:2,      progress_callback.py:218
                    loss:1.952599, finished 5.06%.                              
[11:51:42] INFO     Rank: 0 - Contrastive loss is                 callback.py:66
                    0.7367481231689453, nll_loss is                             
                    1.1538819432258607                                          
[11:51:44] INFO     Rank: 0 - Epoch:4/80, Batch:3,      progress_callback.py:218
                    loss:2.109302, finished 5.09%.                              
[11:51:51] INFO     Rank: 0 - Epoch:4/80, Batch:4,      progress_callback.py:218
                    loss:1.852477, finished 5.12%.                              
[11:52:01] INFO     Rank: 0 - Epoch:4/80, Batch:5,      progress_callback.py:218
                    loss:2.560945, finished 5.15%.                              
[11:52:11] INFO     Rank: 0 - Epoch:4/80, Batch:6,      progress_callback.py:218
                    loss:1.855091, finished 5.18%.                              
[11:52:20] INFO     Rank: 0 - Epoch:4/80, Batch:7,      progress_callback.py:218
                    loss:2.047429, finished 5.21%.                              
[11:52:29] INFO     Rank: 0 - Epoch:4/80, Batch:8,      progress_callback.py:218
                    loss:1.985769, finished 5.24%.                              
[11:52:42] INFO     Rank: 0 - Epoch:4/80, Batch:9,      progress_callback.py:218
                    loss:1.354593, finished 5.27%.                              
[11:52:51] INFO     Rank: 0 - Epoch:4/80, Batch:10,     progress_callback.py:218
                    loss:2.185508, finished 5.3%.                               
[11:53:00] INFO     Rank: 0 - Epoch:4/80, Batch:11,     progress_callback.py:218
                    loss:2.415541, finished 5.33%.                              
[11:53:08] INFO     Rank: 0 - Epoch:4/80, Batch:12,     progress_callback.py:218
                    loss:2.183552, finished 5.36%.                              
[11:53:14] INFO     Rank: 0 - Contrastive loss is                 callback.py:66
                    0.7649380624294281, nll_loss is                             
                    1.252468329668045                                           
[11:53:17] INFO     Rank: 0 - Epoch:4/80, Batch:13,     progress_callback.py:218
                    loss:1.733159, finished 5.39%.                              
[11:53:25] INFO     Rank: 0 - Epoch:4/80, Batch:14,     progress_callback.py:218
                    loss:2.150161, finished 5.42%.                              
[11:53:38] INFO     Rank: 0 - Epoch:4/80, Batch:15,     progress_callback.py:218
                    loss:2.011331, finished 5.45%.                              
[11:53:47] INFO     Rank: 0 - Epoch:4/80, Batch:16,     progress_callback.py:218
                    loss:1.652126, finished 5.48%.                              
[11:53:55] INFO     Rank: 0 - Epoch:4/80, Batch:17,     progress_callback.py:218
                    loss:2.10784, finished 5.51%.                               
[11:54:04] INFO     Rank: 0 - Epoch:4/80, Batch:18,     progress_callback.py:218
                    loss:2.385518, finished 5.54%.                              
[11:54:16] INFO     Rank: 0 - Epoch:4/80, Batch:19,     progress_callback.py:218
                    loss:1.608964, finished 5.57%.                              
[11:54:26] INFO     Rank: 0 - Epoch:4/80, Batch:20,     progress_callback.py:218
                    loss:1.673959, finished 5.6%.                               
[11:54:33] INFO     Rank: 0 - Epoch:4/80, Batch:21,     progress_callback.py:218
                    loss:1.992976, finished 5.62%.                              
[11:54:43] INFO     Rank: 0 - Epoch:4/80, Batch:22,     progress_callback.py:218
                    loss:2.252763, finished 5.65%.                              
[11:54:50] INFO     Rank: 0 - Contrastive loss is                 callback.py:66
                    0.7294023931026459, nll_loss is                             
                    1.2796572625637055                                          
[11:54:55] INFO     Rank: 0 - Epoch:4/80, Batch:23,     progress_callback.py:218
                    loss:2.254959, finished 5.68%.                              
[11:55:04] INFO     Rank: 0 - Epoch:4/80, Batch:24,     progress_callback.py:218
                    loss:1.937927, finished 5.71%.                              
[11:55:12] INFO     Rank: 0 - Epoch:4/80, Batch:25,     progress_callback.py:218
                    loss:1.841646, finished 5.74%.                              
[11:55:22] INFO     Rank: 0 - Epoch:4/80, Batch:26,     progress_callback.py:218
                    loss:1.93365, finished 5.77%.                               
[11:55:31] INFO     Rank: 0 - Epoch:4/80, Batch:27,     progress_callback.py:218
                    loss:2.147264, finished 5.8%.                               
[11:55:42] INFO     Rank: 0 - Epoch:4/80, Batch:28,     progress_callback.py:218
                    loss:1.654979, finished 5.83%.                              
[11:55:50] INFO     Rank: 0 - Epoch:4/80, Batch:29,     progress_callback.py:218
                    loss:1.861631, finished 5.86%.                              
[11:55:58] INFO     Rank: 0 - Epoch:4/80, Batch:30,     progress_callback.py:218
                    loss:2.300511, finished 5.89%.                              
[11:56:07] INFO     Rank: 0 - Epoch:4/80, Batch:31,     progress_callback.py:218
                    loss:1.684454, finished 5.92%.                              
[11:56:16] INFO     Rank: 0 - Epoch:4/80, Batch:32,     progress_callback.py:218
                    loss:1.811371, finished 5.95%.                              
           INFO     Rank: 0 -                                   evaluator.py:317
                    **********Evaluation starts**********                       
[11:56:28] INFO     Rank: 0 - **********Evaluation              evaluator.py:349
                    ends**********                                              
                                                                                
           INFO     Rank: 0 - ----------Eval. results   progress_callback.py:233
                    on Epoch:4, Batch:32----------                              
           INFO     Rank: 0 -                           progress_callback.py:238
                    {"torch_ngram#ngram-overlap":                               
                    0.4443364441394806}                                         
 ============= save model at results/2023-03-27-11_17_48_518372/epoch-4_step-200.pt ============= 
save hyperparams in  results/2023-03-27-11_17_48_518372/hyperparams.txt
[11:56:37] INFO     Rank: 0 - Contrastive loss is                 callback.py:66
                    0.729865950345993, nll_loss is                              
                    1.159941703081131                                           
[11:56:38] INFO     Rank: 0 - Epoch:4/80, Batch:33,     progress_callback.py:218
                    loss:1.724643, finished 5.98%.                              
[11:56:48] INFO     Rank: 0 - Epoch:4/80, Batch:34,     progress_callback.py:218
                    loss:1.751501, finished 6.01%.                              
[11:56:56] INFO     Rank: 0 - Epoch:4/80, Batch:35,     progress_callback.py:218
                    loss:1.918366, finished 6.04%.                              
[11:57:05] INFO     Rank: 0 - Epoch:4/80, Batch:36,     progress_callback.py:218
                    loss:1.527191, finished 6.07%.                              
[11:57:17] INFO     Rank: 0 - Epoch:4/80, Batch:37,     progress_callback.py:218
                    loss:1.63067, finished 6.1%.                                
[11:57:34] INFO     Rank: 0 - Epoch:4/80, Batch:38,     progress_callback.py:218
                    loss:2.240232, finished 6.13%.                              
[11:57:57] INFO     Rank: 0 - Epoch:4/80, Batch:39,     progress_callback.py:218
                    loss:1.89201, finished 6.16%.                               
[11:58:13] INFO     Rank: 0 - Epoch:4/80, Batch:40,     progress_callback.py:218
                    loss:2.023932, finished 6.19%.                              
[11:58:36] INFO     Rank: 0 - Epoch:4/80, Batch:41,     progress_callback.py:218
                    loss:1.822496, finished 6.22%.                              
[11:58:43] INFO     Rank: 0 - Epoch:4/80, Batch:42,     progress_callback.py:218
                    loss:2.049831, finished 6.25%.                              
           INFO     Rank: 0 -                           progress_callback.py:204
                    **********Epoch:5 starts**********                          
[11:59:01] INFO     Rank: 0 - Contrastive loss is                 callback.py:66
                    0.7415570199489594, nll_loss is                             
                    1.1252914130687715                                          
[11:59:11] INFO     Rank: 0 - Epoch:5/80, Batch:1,      progress_callback.py:218
                    loss:1.812255, finished 6.28%.                              
[11:59:20] INFO     Rank: 0 - Epoch:5/80, Batch:2,      progress_callback.py:218
                    loss:1.455386, finished 6.31%.                              
[11:59:30] INFO     Rank: 0 - Epoch:5/80, Batch:3,      progress_callback.py:218
                    loss:1.700159, finished 6.34%.                              
[11:59:38] INFO     Rank: 0 - Epoch:5/80, Batch:4,      progress_callback.py:218
                    loss:1.809964, finished 6.37%.                              
[11:59:46] INFO     Rank: 0 - Epoch:5/80, Batch:5,      progress_callback.py:218
                    loss:2.204441, finished 6.4%.                               
[11:59:54] INFO     Rank: 0 - Epoch:5/80, Batch:6,      progress_callback.py:218
                    loss:1.9697, finished 6.43%.                                
[12:00:02] INFO     Rank: 0 - Epoch:5/80, Batch:7,      progress_callback.py:218
                    loss:1.689457, finished 6.46%.                              
[12:00:12] INFO     Rank: 0 - Epoch:5/80, Batch:8,      progress_callback.py:218
                    loss:2.010987, finished 6.49%.                              
[12:00:21] INFO     Rank: 0 - Epoch:5/80, Batch:9,      progress_callback.py:218
                    loss:2.023188, finished 6.52%.                              
[12:00:29] INFO     Rank: 0 - Epoch:5/80, Batch:10,     progress_callback.py:218
                    loss:2.037443, finished 6.55%.                              
[12:00:35] INFO     Rank: 0 - Contrastive loss is                 callback.py:66
                    0.7244838237762451, nll_loss is                             
                    1.1481262683868407                                          
[12:00:38] INFO     Rank: 0 - Epoch:5/80, Batch:11,     progress_callback.py:218
                    loss:1.825375, finished 6.58%.                              
[12:00:46] INFO     Rank: 0 - Epoch:5/80, Batch:12,     progress_callback.py:218
                    loss:1.993702, finished 6.61%.                              
[12:00:55] INFO     Rank: 0 - Epoch:5/80, Batch:13,     progress_callback.py:218
                    loss:2.241515, finished 6.64%.                              
[12:01:03] INFO     Rank: 0 - Epoch:5/80, Batch:14,     progress_callback.py:218
                    loss:1.884085, finished 6.67%.                              
[12:01:15] INFO     Rank: 0 - Epoch:5/80, Batch:15,     progress_callback.py:218
                    loss:2.215577, finished 6.7%.                               
[12:01:28] INFO     Rank: 0 - Epoch:5/80, Batch:16,     progress_callback.py:218
                    loss:1.587793, finished 6.73%.                              
[12:01:38] INFO     Rank: 0 - Epoch:5/80, Batch:17,     progress_callback.py:218
                    loss:2.01785, finished 6.76%.                               
[12:01:47] INFO     Rank: 0 - Epoch:5/80, Batch:18,     progress_callback.py:218
                    loss:1.567611, finished 6.79%.                              
[12:01:55] INFO     Rank: 0 - Epoch:5/80, Batch:19,     progress_callback.py:218
                    loss:1.743752, finished 6.82%.                              
[12:02:04] INFO     Rank: 0 - Epoch:5/80, Batch:20,     progress_callback.py:218
                    loss:1.884562, finished 6.85%.                              
[12:02:12] INFO     Rank: 0 - Contrastive loss is                 callback.py:66
                    0.7118941187858582, nll_loss is                             
                    1.171447741985321                                           
[12:02:14] INFO     Rank: 0 - Epoch:5/80, Batch:21,     progress_callback.py:218
                    loss:1.696972, finished 6.88%.                              
[12:02:25] INFO     Rank: 0 - Epoch:5/80, Batch:22,     progress_callback.py:218
                    loss:1.503445, finished 6.9%.                               
[12:02:33] INFO     Rank: 0 - Epoch:5/80, Batch:23,     progress_callback.py:218
                    loss:2.0142, finished 6.93%.                                
[12:02:43] INFO     Rank: 0 - Epoch:5/80, Batch:24,     progress_callback.py:218
                    loss:1.503742, finished 6.96%.                              
[12:02:51] INFO     Rank: 0 - Epoch:5/80, Batch:25,     progress_callback.py:218
                    loss:1.788551, finished 6.99%.                              
[12:03:00] INFO     Rank: 0 - Epoch:5/80, Batch:26,     progress_callback.py:218
                    loss:1.55545, finished 7.02%.                               
[12:03:08] INFO     Rank: 0 - Epoch:5/80, Batch:27,     progress_callback.py:218
                    loss:1.580924, finished 7.05%.                              
[12:03:19] INFO     Rank: 0 - Epoch:5/80, Batch:28,     progress_callback.py:218
                    loss:1.646041, finished 7.08%.                              
[12:03:31] INFO     Rank: 0 - Epoch:5/80, Batch:29,     progress_callback.py:218
                    loss:2.219199, finished 7.11%.                              
[12:03:40] INFO     Rank: 0 - Epoch:5/80, Batch:30,     progress_callback.py:218
                    loss:1.700896, finished 7.14%.                              
           INFO     Rank: 0 -                                   evaluator.py:317
                    **********Evaluation starts**********                       
[12:03:53] INFO     Rank: 0 - **********Evaluation              evaluator.py:349
                    ends**********                                              
                                                                                
           INFO     Rank: 0 - ----------Eval. results   progress_callback.py:233
                    on Epoch:5, Batch:30----------                              
           INFO     Rank: 0 -                           progress_callback.py:238
                    {"torch_ngram#ngram-overlap":                               
                    0.4421806037425995}                                         
[12:03:59] INFO     Rank: 0 - Contrastive loss is                 callback.py:66
                    0.6835583925247193, nll_loss is                             
                    1.0506304025650024                                          
[12:04:03] INFO     Rank: 0 - Epoch:5/80, Batch:31,     progress_callback.py:218
                    loss:1.829441, finished 7.17%.                              
[12:04:12] INFO     Rank: 0 - Epoch:5/80, Batch:32,     progress_callback.py:218
                    loss:1.776576, finished 7.2%.                               
[12:04:20] INFO     Rank: 0 - Epoch:5/80, Batch:33,     progress_callback.py:218
                    loss:1.972395, finished 7.23%.                              
[12:04:34] INFO     Rank: 0 - Epoch:5/80, Batch:34,     progress_callback.py:218
                    loss:1.594643, finished 7.26%.                              
[12:04:42] INFO     Rank: 0 - Epoch:5/80, Batch:35,     progress_callback.py:218
                    loss:2.059835, finished 7.29%.                              
[12:04:51] INFO     Rank: 0 - Epoch:5/80, Batch:36,     progress_callback.py:218
                    loss:1.369526, finished 7.32%.                              
[12:04:58] INFO     Rank: 0 - Epoch:5/80, Batch:37,     progress_callback.py:218
                    loss:1.4515, finished 7.35%.                                
[12:05:07] INFO     Rank: 0 - Epoch:5/80, Batch:38,     progress_callback.py:218
                    loss:1.625095, finished 7.38%.                              
[12:05:16] INFO     Rank: 0 - Epoch:5/80, Batch:39,     progress_callback.py:218
                    loss:1.994351, finished 7.41%.                              
[12:05:25] INFO     Rank: 0 - Epoch:5/80, Batch:40,     progress_callback.py:218
                    loss:2.022189, finished 7.44%.                              
[12:05:34] INFO     Rank: 0 - Contrastive loss is                 callback.py:66
                    0.6996445238590241, nll_loss is                             
                    1.0717740952968597                                          
[12:05:35] INFO     Rank: 0 - Epoch:5/80, Batch:41,     progress_callback.py:218
                    loss:1.848078, finished 7.47%.                              
[12:05:37] INFO     Rank: 0 - Epoch:5/80, Batch:42,     progress_callback.py:218
                    loss:1.766363, finished 7.5%.                               
           INFO     Rank: 0 -                           progress_callback.py:204
                    **********Epoch:6 starts**********                          
[12:05:47] INFO     Rank: 0 - Epoch:6/80, Batch:1,      progress_callback.py:218
                    loss:1.491767, finished 7.53%.                              
[12:05:55] INFO     Rank: 0 - Epoch:6/80, Batch:2,      progress_callback.py:218
                    loss:1.450567, finished 7.56%.                              
[12:06:05] INFO     Rank: 0 - Epoch:6/80, Batch:3,      progress_callback.py:218
                    loss:1.687129, finished 7.59%.                              
[12:06:17] INFO     Rank: 0 - Epoch:6/80, Batch:4,      progress_callback.py:218
                    loss:1.938065, finished 7.62%.                              
[12:06:25] INFO     Rank: 0 - Epoch:6/80, Batch:5,      progress_callback.py:218
                    loss:1.59952, finished 7.65%.                               
[12:06:35] INFO     Rank: 0 - Epoch:6/80, Batch:6,      progress_callback.py:218
                    loss:1.774588, finished 7.68%.                              
[12:06:45] INFO     Rank: 0 - Epoch:6/80, Batch:7,      progress_callback.py:218
                    loss:1.688603, finished 7.71%.                              
[12:06:54] INFO     Rank: 0 - Epoch:6/80, Batch:8,      progress_callback.py:218
                    loss:1.932008, finished 7.74%.                              
[12:07:00] INFO     Rank: 0 - Contrastive loss is                 callback.py:66
                    0.7118094623088836, nll_loss is                             
                    1.003182405233383                                           
[12:07:03] INFO     Rank: 0 - Epoch:6/80, Batch:9,      progress_callback.py:218
                    loss:1.821308, finished 7.77%.                              
[12:07:12] INFO     Rank: 0 - Epoch:6/80, Batch:10,     progress_callback.py:218
                    loss:1.778089, finished 7.8%.                               
[12:07:20] INFO     Rank: 0 - Epoch:6/80, Batch:11,     progress_callback.py:218
                    loss:2.382449, finished 7.83%.                              
[12:07:29] INFO     Rank: 0 - Epoch:6/80, Batch:12,     progress_callback.py:218
                    loss:2.17417, finished 7.86%.                               
[12:07:42] INFO     Rank: 0 - Epoch:6/80, Batch:13,     progress_callback.py:218
                    loss:1.577087, finished 7.89%.                              
[12:07:58] INFO     Rank: 0 - Epoch:6/80, Batch:14,     progress_callback.py:218
                    loss:1.995041, finished 7.92%.                              
[12:08:08] INFO     Rank: 0 - Epoch:6/80, Batch:15,     progress_callback.py:218
                    loss:1.941987, finished 7.95%.                              
[12:08:18] INFO     Rank: 0 - Epoch:6/80, Batch:16,     progress_callback.py:218
                    loss:2.340939, finished 7.98%.                              
[12:08:27] INFO     Rank: 0 - Epoch:6/80, Batch:17,     progress_callback.py:218
                    loss:1.860221, finished 8.01%.                              
[12:08:40] INFO     Rank: 0 - Epoch:6/80, Batch:18,     progress_callback.py:218
                    loss:2.362924, finished 8.04%.                              
[12:08:47] INFO     Rank: 0 - Contrastive loss is                 callback.py:66
                    0.7437796533107758, nll_loss is                             
                    1.2816082417964936                                          
[12:08:51] INFO     Rank: 0 - Epoch:6/80, Batch:19,     progress_callback.py:218
                    loss:1.840972, finished 8.07%.                              
[12:09:00] INFO     Rank: 0 - Epoch:6/80, Batch:20,     progress_callback.py:218
                    loss:1.993159, finished 8.1%.                               
[12:09:09] INFO     Rank: 0 - Epoch:6/80, Batch:21,     progress_callback.py:218
                    loss:1.611263, finished 8.12%.                              
[12:09:17] INFO     Rank: 0 - Epoch:6/80, Batch:22,     progress_callback.py:218
                    loss:1.993296, finished 8.15%.                              
[12:09:27] INFO     Rank: 0 - Epoch:6/80, Batch:23,     progress_callback.py:218
                    loss:1.571875, finished 8.18%.                              
[12:09:41] INFO     Rank: 0 - Epoch:6/80, Batch:24,     progress_callback.py:218
                    loss:1.713395, finished 8.21%.                              
[12:09:51] INFO     Rank: 0 - Epoch:6/80, Batch:25,     progress_callback.py:218
                    loss:1.821121, finished 8.24%.                              
[12:09:59] INFO     Rank: 0 - Epoch:6/80, Batch:26,     progress_callback.py:218
                    loss:1.917726, finished 8.27%.                              
[12:10:10] INFO     Rank: 0 - Epoch:6/80, Batch:27,     progress_callback.py:218
                    loss:1.482832, finished 8.3%.                               
[12:10:21] INFO     Rank: 0 - Epoch:6/80, Batch:28,     progress_callback.py:218
                    loss:1.335612, finished 8.33%.                              
           INFO     Rank: 0 -                                   evaluator.py:317
                    **********Evaluation starts**********                       
[12:10:35] INFO     Rank: 0 - **********Evaluation              evaluator.py:349
                    ends**********                                              
                                                                                
           INFO     Rank: 0 - ----------Eval. results   progress_callback.py:233
                    on Epoch:6, Batch:28----------                              
           INFO     Rank: 0 -                           progress_callback.py:238
                    {"torch_ngram#ngram-overlap":                               
                    0.44416478276252747}                                        
 ============= save model at results/2023-03-27-11_17_48_518372/epoch-6_step-280.pt ============= 
save hyperparams in  results/2023-03-27-11_17_48_518372/hyperparams.txt
[12:10:49] INFO     Rank: 0 - Contrastive loss is                 callback.py:66
                    0.6766386270523072, nll_loss is                             
                    1.0354981780052186                                          
           INFO     Rank: 0 - Epoch:6/80, Batch:29,     progress_callback.py:218
                    loss:1.681088, finished 8.36%.                              
[12:10:59] INFO     Rank: 0 - Epoch:6/80, Batch:30,     progress_callback.py:218
                    loss:1.896427, finished 8.39%.                              
[12:11:09] INFO     Rank: 0 - Epoch:6/80, Batch:31,     progress_callback.py:218
                    loss:1.811047, finished 8.42%.                              
[12:11:18] INFO     Rank: 0 - Epoch:6/80, Batch:32,     progress_callback.py:218
                    loss:1.802236, finished 8.45%.                              
[12:11:27] INFO     Rank: 0 - Epoch:6/80, Batch:33,     progress_callback.py:218
                    loss:1.91015, finished 8.48%.                               
[12:11:36] INFO     Rank: 0 - Epoch:6/80, Batch:34,     progress_callback.py:218
                    loss:2.414868, finished 8.51%.                              
[12:11:46] INFO     Rank: 0 - Epoch:6/80, Batch:35,     progress_callback.py:218
                    loss:1.622729, finished 8.54%.                              
[12:11:57] INFO     Rank: 0 - Epoch:6/80, Batch:36,     progress_callback.py:218
                    loss:1.449603, finished 8.57%.                              
[12:12:04] INFO     Rank: 0 - Epoch:6/80, Batch:37,     progress_callback.py:218
                    loss:1.957205, finished 8.6%.                               
[12:12:13] INFO     Rank: 0 - Epoch:6/80, Batch:38,     progress_callback.py:218
                    loss:2.125468, finished 8.63%.                              
[12:12:21] INFO     Rank: 0 - Contrastive loss is                 callback.py:66
                    0.7206237196922303, nll_loss is                             
                    1.1946967244148254                                          
[12:12:23] INFO     Rank: 0 - Epoch:6/80, Batch:39,     progress_callback.py:218
                    loss:2.163471, finished 8.66%.                              
[12:12:31] INFO     Rank: 0 - Epoch:6/80, Batch:40,     progress_callback.py:218
                    loss:1.833012, finished 8.69%.                              
[12:12:39] INFO     Rank: 0 - Epoch:6/80, Batch:41,     progress_callback.py:218
                    loss:1.512829, finished 8.72%.                              
[12:12:42] INFO     Rank: 0 - Epoch:6/80, Batch:42,     progress_callback.py:218
                    loss:1.730161, finished 8.75%.                              
           INFO     Rank: 0 -                           progress_callback.py:204
                    **********Epoch:7 starts**********                          
[12:12:56] INFO     Rank: 0 - Epoch:7/80, Batch:1,      progress_callback.py:218
                    loss:2.078821, finished 8.78%.                              
[12:13:04] INFO     Rank: 0 - Epoch:7/80, Batch:2,      progress_callback.py:218
                    loss:1.284389, finished 8.81%.                              
[12:13:18] INFO     Rank: 0 - Epoch:7/80, Batch:3,      progress_callback.py:218
                    loss:1.313516, finished 8.84%.                              
[12:13:26] INFO     Rank: 0 - Epoch:7/80, Batch:4,      progress_callback.py:218
                    loss:1.784227, finished 8.87%.                              
[12:13:34] INFO     Rank: 0 - Epoch:7/80, Batch:5,      progress_callback.py:218
                    loss:2.238961, finished 8.9%.                               
[12:13:43] INFO     Rank: 0 - Epoch:7/80, Batch:6,      progress_callback.py:218
                    loss:1.935054, finished 8.93%.                              
[12:13:53] INFO     Rank: 0 - Contrastive loss is                 callback.py:66
                    0.6987674236297607, nll_loss is                             
                    1.049151349067688                                           
[12:13:54] INFO     Rank: 0 - Epoch:7/80, Batch:7,      progress_callback.py:218
                    loss:1.768218, finished 8.96%.                              
[12:14:03] INFO     Rank: 0 - Epoch:7/80, Batch:8,      progress_callback.py:218
                    loss:1.648343, finished 8.99%.                              
[12:14:12] INFO     Rank: 0 - Epoch:7/80, Batch:9,      progress_callback.py:218
                    loss:1.878502, finished 9.02%.                              
[12:14:21] INFO     Rank: 0 - Epoch:7/80, Batch:10,     progress_callback.py:218
                    loss:1.753034, finished 9.05%.                              
[12:14:31] INFO     Rank: 0 - Epoch:7/80, Batch:11,     progress_callback.py:218
                    loss:1.969044, finished 9.08%.                              
[12:14:39] INFO     Rank: 0 - Epoch:7/80, Batch:12,     progress_callback.py:218
                    loss:1.911923, finished 9.11%.                              
[12:14:49] INFO     Rank: 0 - Epoch:7/80, Batch:13,     progress_callback.py:218
                    loss:1.811215, finished 9.14%.                              
[12:15:02] INFO     Rank: 0 - Epoch:7/80, Batch:14,     progress_callback.py:218
                    loss:1.748755, finished 9.17%.                              
[12:15:11] INFO     Rank: 0 - Epoch:7/80, Batch:15,     progress_callback.py:218
                    loss:1.445581, finished 9.2%.                               
[12:15:19] INFO     Rank: 0 - Epoch:7/80, Batch:16,     progress_callback.py:218
                    loss:1.834505, finished 9.23%.                              
[12:15:26] INFO     Rank: 0 - Contrastive loss is                 callback.py:66
                    0.7187598705291748, nll_loss is                             
                    1.089678704738617                                           
[12:15:27] INFO     Rank: 0 - Epoch:7/80, Batch:17,     progress_callback.py:218
                    loss:2.083484, finished 9.26%.                              
[12:15:37] INFO     Rank: 0 - Epoch:7/80, Batch:18,     progress_callback.py:218
                    loss:1.546111, finished 9.29%.                              
[12:15:46] INFO     Rank: 0 - Epoch:7/80, Batch:19,     progress_callback.py:218
                    loss:1.645949, finished 9.32%.                              
[12:16:01] INFO     Rank: 0 - Epoch:7/80, Batch:20,     progress_callback.py:218
                    loss:1.463594, finished 9.35%.                              
[12:16:08] INFO     Rank: 0 - Epoch:7/80, Batch:21,     progress_callback.py:218
                    loss:1.796174, finished 9.38%.                              
[12:16:16] INFO     Rank: 0 - Epoch:7/80, Batch:22,     progress_callback.py:218
                    loss:1.635596, finished 9.4%.                               
[12:16:23] INFO     Rank: 0 - Epoch:7/80, Batch:23,     progress_callback.py:218
                    loss:1.965553, finished 9.43%.                              
[12:16:33] INFO     Rank: 0 - Epoch:7/80, Batch:24,     progress_callback.py:218
                    loss:1.581964, finished 9.46%.                              
[12:16:41] INFO     Rank: 0 - Epoch:7/80, Batch:25,     progress_callback.py:218
                    loss:2.007827, finished 9.49%.                              
[12:16:50] INFO     Rank: 0 - Epoch:7/80, Batch:26,     progress_callback.py:218
                    loss:1.738344, finished 9.52%.                              
           INFO     Rank: 0 -                                   evaluator.py:317
                    **********Evaluation starts**********                       
[12:17:02] INFO     Rank: 0 - **********Evaluation              evaluator.py:349
                    ends**********                                              
                                                                                
           INFO     Rank: 0 - ----------Eval. results   progress_callback.py:233
                    on Epoch:7, Batch:26----------                              
           INFO     Rank: 0 -                           progress_callback.py:238
                    {"torch_ngram#ngram-overlap":                               
                    0.4461650252342224}                                         
 ============= save model at results/2023-03-27-11_17_48_518372/epoch-7_step-320.pt ============= 
save hyperparams in  results/2023-03-27-11_17_48_518372/hyperparams.txt
[12:17:10] INFO     Rank: 0 - Contrastive loss is                 callback.py:66
                    0.6978633046150208, nll_loss is                             
                    1.02357075214386                                            
[12:17:13] INFO     Rank: 0 - Epoch:7/80, Batch:27,     progress_callback.py:218
                    loss:1.833228, finished 9.55%.                              
[12:17:21] INFO     Rank: 0 - Epoch:7/80, Batch:28,     progress_callback.py:218
                    loss:1.778325, finished 9.58%.                              
[12:17:31] INFO     Rank: 0 - Epoch:7/80, Batch:29,     progress_callback.py:218
                    loss:1.653618, finished 9.61%.                              
[12:17:40] INFO     Rank: 0 - Epoch:7/80, Batch:30,     progress_callback.py:218
                    loss:1.959491, finished 9.64%.                              
[12:17:48] INFO     Rank: 0 - Epoch:7/80, Batch:31,     progress_callback.py:218
                    loss:1.47843, finished 9.67%.                               
[12:17:56] INFO     Rank: 0 - Epoch:7/80, Batch:32,     progress_callback.py:218
                    loss:1.851399, finished 9.7%.                               
[12:18:10] INFO     Rank: 0 - Epoch:7/80, Batch:33,     progress_callback.py:218
                    loss:1.339823, finished 9.73%.                              
[12:18:22] INFO     Rank: 0 - Epoch:7/80, Batch:34,     progress_callback.py:218
                    loss:1.655412, finished 9.76%.                              
[12:18:35] INFO     Rank: 0 - Epoch:7/80, Batch:35,     progress_callback.py:218
                    loss:1.83172, finished 9.79%.                               
[12:18:44] INFO     Rank: 0 - Epoch:7/80, Batch:36,     progress_callback.py:218
                    loss:1.910521, finished 9.82%.                              
[12:18:50] INFO     Rank: 0 - Contrastive loss is                 callback.py:66
                    0.7095478117465973, nll_loss is                             
                    1.0566368877887726                                          
[12:18:52] INFO     Rank: 0 - Epoch:7/80, Batch:37,     progress_callback.py:218
                    loss:2.203109, finished 9.85%.                              
[12:19:05] INFO     Rank: 0 - Epoch:7/80, Batch:38,     progress_callback.py:218
                    loss:1.875205, finished 9.88%.                              
[12:19:13] INFO     Rank: 0 - Epoch:7/80, Batch:39,     progress_callback.py:218
                    loss:1.622387, finished 9.91%.                              
[12:19:22] INFO     Rank: 0 - Epoch:7/80, Batch:40,     progress_callback.py:218
                    loss:1.64089, finished 9.94%.                               
[12:19:31] INFO     Rank: 0 - Epoch:7/80, Batch:41,     progress_callback.py:218
                    loss:1.436336, finished 9.97%.                              
[12:19:34] INFO     Rank: 0 - Epoch:7/80, Batch:42,     progress_callback.py:218
                    loss:1.990459, finished 10.0%.                              
           INFO     Rank: 0 -                           progress_callback.py:204
                    **********Epoch:8 starts**********                          
[12:19:42] INFO     Rank: 0 - Epoch:8/80, Batch:1,      progress_callback.py:218
                    loss:1.815382, finished 10.03%.                             
[12:19:51] INFO     Rank: 0 - Epoch:8/80, Batch:2,      progress_callback.py:218
                    loss:1.566399, finished 10.06%.                             
[12:20:01] INFO     Rank: 0 - Epoch:8/80, Batch:3,      progress_callback.py:218
                    loss:1.921974, finished 10.09%.                             
[12:20:13] INFO     Rank: 0 - Epoch:8/80, Batch:4,      progress_callback.py:218
                    loss:2.448999, finished 10.12%.                             
[12:20:21] INFO     Rank: 0 - Contrastive loss is                 callback.py:66
                    0.7105280935764313, nll_loss is                             
                    1.112082451581955                                           
           INFO     Rank: 0 - Epoch:8/80, Batch:5,      progress_callback.py:218
                    loss:1.908074, finished 10.15%.                             
[12:20:33] INFO     Rank: 0 - Epoch:8/80, Batch:6,      progress_callback.py:218
                    loss:1.605909, finished 10.18%.                             
[12:20:43] INFO     Rank: 0 - Epoch:8/80, Batch:7,      progress_callback.py:218
                    loss:2.002304, finished 10.21%.                             
[12:20:52] INFO     Rank: 0 - Epoch:8/80, Batch:8,      progress_callback.py:218
                    loss:1.770632, finished 10.24%.                             
[12:21:02] INFO     Rank: 0 - Epoch:8/80, Batch:9,      progress_callback.py:218
                    loss:1.852201, finished 10.27%.                             
[12:21:12] INFO     Rank: 0 - Epoch:8/80, Batch:10,     progress_callback.py:218
                    loss:1.715692, finished 10.3%.                              
[12:21:23] INFO     Rank: 0 - Epoch:8/80, Batch:11,     progress_callback.py:218
                    loss:2.216429, finished 10.33%.                             
[12:21:32] INFO     Rank: 0 - Epoch:8/80, Batch:12,     progress_callback.py:218
                    loss:2.039765, finished 10.36%.                             
[12:21:42] INFO     Rank: 0 - Epoch:8/80, Batch:13,     progress_callback.py:218
                    loss:1.816736, finished 10.39%.                             
[12:21:53] INFO     Rank: 0 - Epoch:8/80, Batch:14,     progress_callback.py:218
                    loss:1.646548, finished 10.42%.                             
[12:21:59] INFO     Rank: 0 - Contrastive loss is                 callback.py:66
                    0.6802934050559998, nll_loss is                             
                    1.1737573146820068                                          
[12:22:02] INFO     Rank: 0 - Epoch:8/80, Batch:15,     progress_callback.py:218
                    loss:1.874291, finished 10.45%.                             
[12:22:16] INFO     Rank: 0 - Epoch:8/80, Batch:16,     progress_callback.py:218
                    loss:1.519573, finished 10.48%.                             
[12:22:25] INFO     Rank: 0 - Epoch:8/80, Batch:17,     progress_callback.py:218
                    loss:1.511578, finished 10.51%.                             
[12:22:39] INFO     Rank: 0 - Epoch:8/80, Batch:18,     progress_callback.py:218
                    loss:1.664483, finished 10.54%.                             
[12:22:55] INFO     Rank: 0 - Epoch:8/80, Batch:19,     progress_callback.py:218
                    loss:1.439421, finished 10.57%.                             
[12:23:04] INFO     Rank: 0 - Epoch:8/80, Batch:20,     progress_callback.py:218
                    loss:1.740303, finished 10.6%.                              
[12:23:16] INFO     Rank: 0 - Epoch:8/80, Batch:21,     progress_callback.py:218
                    loss:1.687217, finished 10.62%.                             
[12:23:26] INFO     Rank: 0 - Epoch:8/80, Batch:22,     progress_callback.py:218
                    loss:1.614102, finished 10.65%.                             
[12:23:34] INFO     Rank: 0 - Epoch:8/80, Batch:23,     progress_callback.py:218
                    loss:1.695135, finished 10.68%.                             
[12:23:42] INFO     Rank: 0 - Epoch:8/80, Batch:24,     progress_callback.py:218
                    loss:2.102538, finished 10.71%.                             
           INFO     Rank: 0 -                                   evaluator.py:317
                    **********Evaluation starts**********                       
[12:23:54] INFO     Rank: 0 - **********Evaluation              evaluator.py:349
                    ends**********                                              
                                                                                
           INFO     Rank: 0 - ----------Eval. results   progress_callback.py:233
                    on Epoch:8, Batch:24----------                              
           INFO     Rank: 0 -                           progress_callback.py:238
                    {"torch_ngram#ngram-overlap":                               
                    0.4490956664085388}                                         
 ============= save model at results/2023-03-27-11_17_48_518372/epoch-8_step-360.pt ============= 
save hyperparams in  results/2023-03-27-11_17_48_518372/hyperparams.txt
[12:24:02] INFO     Rank: 0 - Contrastive loss is                 callback.py:66
                    0.6761440575122833, nll_loss is                             
                    1.0029252469539642                                          
[12:24:03] INFO     Rank: 0 - Epoch:8/80, Batch:25,     progress_callback.py:218
                    loss:1.816344, finished 10.74%.                             
[12:24:12] INFO     Rank: 0 - Epoch:8/80, Batch:26,     progress_callback.py:218
                    loss:1.956585, finished 10.77%.                             
[12:24:25] INFO     Rank: 0 - Epoch:8/80, Batch:27,     progress_callback.py:218
                    loss:1.305897, finished 10.8%.                              
[12:24:35] INFO     Rank: 0 - Epoch:8/80, Batch:28,     progress_callback.py:218
                    loss:1.617512, finished 10.83%.                             
[12:24:45] INFO     Rank: 0 - Epoch:8/80, Batch:29,     progress_callback.py:218
                    loss:1.7547, finished 10.86%.                               
[12:24:57] INFO     Rank: 0 - Epoch:8/80, Batch:30,     progress_callback.py:218
                    loss:1.468368, finished 10.89%.                             
[12:25:05] INFO     Rank: 0 - Epoch:8/80, Batch:31,     progress_callback.py:218
                    loss:2.088369, finished 10.92%.                             
[12:25:15] INFO     Rank: 0 - Epoch:8/80, Batch:32,     progress_callback.py:218
                    loss:1.520747, finished 10.95%.                             
[12:25:26] INFO     Rank: 0 - Epoch:8/80, Batch:33,     progress_callback.py:218
                    loss:1.817009, finished 10.98%.                             
[12:25:35] INFO     Rank: 0 - Epoch:8/80, Batch:34,     progress_callback.py:218
                    loss:1.566642, finished 11.01%.                             
[12:25:43] INFO     Rank: 0 - Contrastive loss is                 callback.py:66
                    0.6849793314933776, nll_loss is                             
                    0.9960776209831238                                          
[12:25:45] INFO     Rank: 0 - Epoch:8/80, Batch:35,     progress_callback.py:218
                    loss:1.714739, finished 11.04%.                             
[12:25:54] INFO     Rank: 0 - Epoch:8/80, Batch:36,     progress_callback.py:218
                    loss:1.857723, finished 11.07%.                             
[12:26:04] INFO     Rank: 0 - Epoch:8/80, Batch:37,     progress_callback.py:218
                    loss:1.276125, finished 11.1%.                              
[12:26:12] INFO     Rank: 0 - Epoch:8/80, Batch:38,     progress_callback.py:218
                    loss:1.788808, finished 11.13%.                             
[12:26:23] INFO     Rank: 0 - Epoch:8/80, Batch:39,     progress_callback.py:218
                    loss:1.427056, finished 11.16%.                             
[12:26:33] INFO     Rank: 0 - Epoch:8/80, Batch:40,     progress_callback.py:218
                    loss:1.487934, finished 11.19%.                             
[12:26:42] INFO     Rank: 0 - Epoch:8/80, Batch:41,     progress_callback.py:218
                    loss:2.101655, finished 11.22%.                             
[12:26:46] INFO     Rank: 0 - Epoch:8/80, Batch:42,     progress_callback.py:218
                    loss:1.821164, finished 11.25%.                             
           INFO     Rank: 0 -                           progress_callback.py:204
                    **********Epoch:9 starts**********                          
[12:26:53] INFO     Rank: 0 - Epoch:9/80, Batch:1,      progress_callback.py:218
                    loss:1.64593, finished 11.28%.                              
[12:27:03] INFO     Rank: 0 - Epoch:9/80, Batch:2,      progress_callback.py:218
                    loss:1.602035, finished 11.31%.                             
[12:27:09] INFO     Rank: 0 - Contrastive loss is                 callback.py:66
                    0.6915369391441345, nll_loss is                             
                    1.0062694311141969                                          
[12:27:12] INFO     Rank: 0 - Epoch:9/80, Batch:3,      progress_callback.py:218
                    loss:1.969634, finished 11.34%.                             
[12:27:20] INFO     Rank: 0 - Epoch:9/80, Batch:4,      progress_callback.py:218
                    loss:1.580084, finished 11.37%.                             
[12:27:30] INFO     Rank: 0 - Epoch:9/80, Batch:5,      progress_callback.py:218
                    loss:1.797622, finished 11.4%.                              
[12:27:40] INFO     Rank: 0 - Epoch:9/80, Batch:6,      progress_callback.py:218
                    loss:1.528936, finished 11.43%.                             
[12:27:51] INFO     Rank: 0 - Epoch:9/80, Batch:7,      progress_callback.py:218
                    loss:1.589983, finished 11.46%.                             
[12:28:02] INFO     Rank: 0 - Epoch:9/80, Batch:8,      progress_callback.py:218
                    loss:1.765778, finished 11.49%.                             
[12:28:11] INFO     Rank: 0 - Epoch:9/80, Batch:9,      progress_callback.py:218
                    loss:1.940131, finished 11.52%.                             
[12:28:24] INFO     Rank: 0 - Epoch:9/80, Batch:10,     progress_callback.py:218
                    loss:1.517301, finished 11.55%.                             
[12:28:36] INFO     Rank: 0 - Epoch:9/80, Batch:11,     progress_callback.py:218
                    loss:1.749503, finished 11.58%.                             
[12:28:48] INFO     Rank: 0 - Epoch:9/80, Batch:12,     progress_callback.py:218
                    loss:1.541031, finished 11.61%.                             
[12:28:56] INFO     Rank: 0 - Contrastive loss is                 callback.py:66
                    0.6911480665206909, nll_loss is                             
                    0.9314359188079834                                          
[12:28:58] INFO     Rank: 0 - Epoch:9/80, Batch:13,     progress_callback.py:218
                    loss:1.21547, finished 11.64%.                              
[12:29:06] INFO     Rank: 0 - Epoch:9/80, Batch:14,     progress_callback.py:218
                    loss:2.089185, finished 11.67%.                             
[12:29:14] INFO     Rank: 0 - Epoch:9/80, Batch:15,     progress_callback.py:218
                    loss:2.056779, finished 11.7%.                              
[12:29:26] INFO     Rank: 0 - Epoch:9/80, Batch:16,     progress_callback.py:218
                    loss:1.819057, finished 11.73%.                             
[12:29:40] INFO     Rank: 0 - Epoch:9/80, Batch:17,     progress_callback.py:218
                    loss:1.878886, finished 11.76%.                             
[12:29:47] INFO     Rank: 0 - Epoch:9/80, Batch:18,     progress_callback.py:218
                    loss:1.856738, finished 11.79%.                             
[12:29:56] INFO     Rank: 0 - Epoch:9/80, Batch:19,     progress_callback.py:218
                    loss:1.494445, finished 11.82%.                             
[12:30:05] INFO     Rank: 0 - Epoch:9/80, Batch:20,     progress_callback.py:218
                    loss:1.591912, finished 11.85%.                             
[12:30:15] INFO     Rank: 0 - Epoch:9/80, Batch:21,     progress_callback.py:218
                    loss:1.730582, finished 11.88%.                             
[12:30:25] INFO     Rank: 0 - Epoch:9/80, Batch:22,     progress_callback.py:218
                    loss:1.338513, finished 11.9%.                              
           INFO     Rank: 0 -                                   evaluator.py:317
                    **********Evaluation starts**********                       
[12:30:37] INFO     Rank: 0 - **********Evaluation              evaluator.py:349
                    ends**********                                              
                                                                                
           INFO     Rank: 0 - ----------Eval. results   progress_callback.py:233
                    on Epoch:9, Batch:22----------                              
           INFO     Rank: 0 -                           progress_callback.py:238
                    {"torch_ngram#ngram-overlap":                               
                    0.44894105195999146}                                        
 ============= save model at results/2023-03-27-11_17_48_518372/epoch-9_step-400.pt ============= 
save hyperparams in  results/2023-03-27-11_17_48_518372/hyperparams.txt
[12:30:46] INFO     Rank: 0 - Contrastive loss is                 callback.py:66
                    0.6971724331378937, nll_loss is                             
                    1.0725895822048188                                          
[12:30:48] INFO     Rank: 0 - Epoch:9/80, Batch:23,     progress_callback.py:218
                    loss:1.841522, finished 11.93%.                             
[12:30:59] INFO     Rank: 0 - Epoch:9/80, Batch:24,     progress_callback.py:218
                    loss:2.027173, finished 11.96%.                             
[12:31:09] INFO     Rank: 0 - Epoch:9/80, Batch:25,     progress_callback.py:218
                    loss:1.716293, finished 11.99%.                             
[12:31:23] INFO     Rank: 0 - Epoch:9/80, Batch:26,     progress_callback.py:218
                    loss:1.477367, finished 12.02%.                             
[12:31:36] INFO     Rank: 0 - Epoch:9/80, Batch:27,     progress_callback.py:218
                    loss:1.461499, finished 12.05%.                             
[12:31:48] INFO     Rank: 0 - Epoch:9/80, Batch:28,     progress_callback.py:218
                    loss:1.308825, finished 12.08%.                             
[12:31:56] INFO     Rank: 0 - Epoch:9/80, Batch:29,     progress_callback.py:218
                    loss:1.56605, finished 12.11%.                              
[12:32:06] INFO     Rank: 0 - Epoch:9/80, Batch:30,     progress_callback.py:218
                    loss:2.110611, finished 12.14%.                             
[12:32:20] INFO     Rank: 0 - Epoch:9/80, Batch:31,     progress_callback.py:218
                    loss:1.749882, finished 12.17%.                             
[12:32:29] INFO     Rank: 0 - Epoch:9/80, Batch:32,     progress_callback.py:218
                    loss:1.479388, finished 12.2%.                              
[12:32:37] INFO     Rank: 0 - Contrastive loss is                 callback.py:66
                    0.6884555041790008, nll_loss is                             
                    0.9527187883853913                                          
[12:32:39] INFO     Rank: 0 - Epoch:9/80, Batch:33,     progress_callback.py:218
                    loss:1.514654, finished 12.23%.                             
[12:32:51] INFO     Rank: 0 - Epoch:9/80, Batch:34,     progress_callback.py:218
                    loss:1.920583, finished 12.26%.                             
[12:33:00] INFO     Rank: 0 - Epoch:9/80, Batch:35,     progress_callback.py:218
                    loss:1.672065, finished 12.29%.                             
[12:33:10] INFO     Rank: 0 - Epoch:9/80, Batch:36,     progress_callback.py:218
                    loss:1.443543, finished 12.32%.                             
[12:33:20] INFO     Rank: 0 - Epoch:9/80, Batch:37,     progress_callback.py:218
                    loss:1.616491, finished 12.35%.                             
[12:33:29] INFO     Rank: 0 - Epoch:9/80, Batch:38,     progress_callback.py:218
                    loss:1.873681, finished 12.38%.                             
[12:33:37] INFO     Rank: 0 - Epoch:9/80, Batch:39,     progress_callback.py:218
                    loss:1.67467, finished 12.41%.                              
[12:33:51] INFO     Rank: 0 - Epoch:9/80, Batch:40,     progress_callback.py:218
                    loss:1.792685, finished 12.44%.                             
[12:34:00] INFO     Rank: 0 - Epoch:9/80, Batch:41,     progress_callback.py:218
                    loss:2.044782, finished 12.47%.                             
[12:34:03] INFO     Rank: 0 - Epoch:9/80, Batch:42,     progress_callback.py:218
                    loss:1.653132, finished 12.5%.                              
           INFO     Rank: 0 -                           progress_callback.py:204
                    **********Epoch:10 starts**********                         
[12:34:10] INFO     Rank: 0 - Contrastive loss is                 callback.py:66
                    0.6905366957187653, nll_loss is                             
                    1.0395921409130096                                          
[12:34:13] INFO     Rank: 0 - Epoch:10/80, Batch:1,     progress_callback.py:218
                    loss:1.609658, finished 12.53%.                             
[12:34:22] INFO     Rank: 0 - Epoch:10/80, Batch:2,     progress_callback.py:218
                    loss:1.579661, finished 12.56%.                             
[12:34:32] INFO     Rank: 0 - Epoch:10/80, Batch:3,     progress_callback.py:218
                    loss:1.239427, finished 12.59%.                             
[12:34:39] INFO     Rank: 0 - Epoch:10/80, Batch:4,     progress_callback.py:218
                    loss:2.110221, finished 12.62%.                             
[12:34:52] INFO     Rank: 0 - Epoch:10/80, Batch:5,     progress_callback.py:218
                    loss:1.51236, finished 12.65%.                              
[12:35:01] INFO     Rank: 0 - Epoch:10/80, Batch:6,     progress_callback.py:218
                    loss:1.835064, finished 12.68%.                             
[12:35:10] INFO     Rank: 0 - Epoch:10/80, Batch:7,     progress_callback.py:218
                    loss:1.605177, finished 12.71%.                             
[12:35:21] INFO     Rank: 0 - Epoch:10/80, Batch:8,     progress_callback.py:218
                    loss:1.800243, finished 12.74%.                             
[12:35:35] INFO     Rank: 0 - Epoch:10/80, Batch:9,     progress_callback.py:218
                    loss:1.720316, finished 12.77%.                             
[12:35:43] INFO     Rank: 0 - Epoch:10/80, Batch:10,    progress_callback.py:218
                    loss:1.943795, finished 12.8%.                              
[12:35:55] INFO     Rank: 0 - Contrastive loss is                 callback.py:66
                    0.709325522184372, nll_loss is                              
                    0.9714673697948456                                          
[12:35:56] INFO     Rank: 0 - Epoch:10/80, Batch:11,    progress_callback.py:218
                    loss:1.461664, finished 12.83%.                             
[12:36:04] INFO     Rank: 0 - Epoch:10/80, Batch:12,    progress_callback.py:218
                    loss:1.516925, finished 12.86%.                             
[12:36:13] INFO     Rank: 0 - Epoch:10/80, Batch:13,    progress_callback.py:218
                    loss:1.633675, finished 12.89%.                             
[12:36:22] INFO     Rank: 0 - Epoch:10/80, Batch:14,    progress_callback.py:218
                    loss:1.831053, finished 12.92%.                             
[12:36:31] INFO     Rank: 0 - Epoch:10/80, Batch:15,    progress_callback.py:218
                    loss:2.106442, finished 12.95%.                             
[12:36:40] INFO     Rank: 0 - Epoch:10/80, Batch:16,    progress_callback.py:218
                    loss:1.261119, finished 12.98%.                             
[12:36:49] INFO     Rank: 0 - Epoch:10/80, Batch:17,    progress_callback.py:218
                    loss:1.976214, finished 13.01%.                             
[12:37:00] INFO     Rank: 0 - Epoch:10/80, Batch:18,    progress_callback.py:218
                    loss:1.349284, finished 13.04%.                             
[12:37:08] INFO     Rank: 0 - Epoch:10/80, Batch:19,    progress_callback.py:218
                    loss:1.401847, finished 13.07%.                             
[12:37:17] INFO     Rank: 0 - Epoch:10/80, Batch:20,    progress_callback.py:218
                    loss:1.740423, finished 13.1%.                              
           INFO     Rank: 0 -                                   evaluator.py:317
                    **********Evaluation starts**********                       
[12:37:30] INFO     Rank: 0 - **********Evaluation              evaluator.py:349
                    ends**********                                              
                                                                                
           INFO     Rank: 0 - ----------Eval. results   progress_callback.py:233
                    on Epoch:10, Batch:20----------                             
           INFO     Rank: 0 -                           progress_callback.py:238
                    {"torch_ngram#ngram-overlap":                               
                    0.4476765990257263}                                         
 ============= save model at results/2023-03-27-11_17_48_518372/epoch-10_step-440.pt ============= 
save hyperparams in  results/2023-03-27-11_17_48_518372/hyperparams.txt
[12:37:40] INFO     Rank: 0 - Contrastive loss is                 callback.py:66
                    0.6689184069633484, nll_loss is                             
                    0.9829195499420166                                          
           INFO     Rank: 0 - Epoch:10/80, Batch:21,    progress_callback.py:218
                    loss:1.701398, finished 13.12%.                             
[12:37:50] INFO     Rank: 0 - Epoch:10/80, Batch:22,    progress_callback.py:218
                    loss:2.020452, finished 13.15%.                             
[12:38:04] INFO     Rank: 0 - Epoch:10/80, Batch:23,    progress_callback.py:218
                    loss:1.257302, finished 13.18%.                             
[12:38:14] INFO     Rank: 0 - Epoch:10/80, Batch:24,    progress_callback.py:218
                    loss:1.693298, finished 13.21%.                             
[12:38:23] INFO     Rank: 0 - Epoch:10/80, Batch:25,    progress_callback.py:218
                    loss:1.923311, finished 13.24%.                             
[12:38:36] INFO     Rank: 0 - Epoch:10/80, Batch:26,    progress_callback.py:218
                    loss:1.950292, finished 13.27%.                             
[12:38:47] INFO     Rank: 0 - Epoch:10/80, Batch:27,    progress_callback.py:218
                    loss:1.712041, finished 13.3%.                              
[12:39:02] INFO     Rank: 0 - Epoch:10/80, Batch:28,    progress_callback.py:218
                    loss:1.606174, finished 13.33%.                             
[12:39:11] INFO     Rank: 0 - Epoch:10/80, Batch:29,    progress_callback.py:218
                    loss:1.634269, finished 13.36%.                             
[12:39:20] INFO     Rank: 0 - Epoch:10/80, Batch:30,    progress_callback.py:218
                    loss:1.405329, finished 13.39%.                             
[12:39:33] INFO     Rank: 0 - Contrastive loss is                 callback.py:66
                    0.6999126434326172, nll_loss is                             
                    0.9632736325263977                                          
[12:39:38] INFO     Rank: 0 - Epoch:10/80, Batch:31,    progress_callback.py:218
                    loss:1.429394, finished 13.42%.                             
[12:39:55] INFO     Rank: 0 - Epoch:10/80, Batch:32,    progress_callback.py:218
                    loss:1.37805, finished 13.45%.                              
[12:40:12] INFO     Rank: 0 - Epoch:10/80, Batch:33,    progress_callback.py:218
                    loss:1.717915, finished 13.48%.                             
[12:40:22] INFO     Rank: 0 - Epoch:10/80, Batch:34,    progress_callback.py:218
                    loss:1.593495, finished 13.51%.                             
[12:40:33] INFO     Rank: 0 - Epoch:10/80, Batch:35,    progress_callback.py:218
                    loss:1.294853, finished 13.54%.                             
[12:40:43] INFO     Rank: 0 - Epoch:10/80, Batch:36,    progress_callback.py:218
                    loss:1.501481, finished 13.57%.                             
[12:40:50] INFO     Rank: 0 - Epoch:10/80, Batch:37,    progress_callback.py:218
                    loss:1.535265, finished 13.6%.                              
[12:40:59] INFO     Rank: 0 - Epoch:10/80, Batch:38,    progress_callback.py:218
                    loss:1.609562, finished 13.63%.                             
[12:41:09] INFO     Rank: 0 - Epoch:10/80, Batch:39,    progress_callback.py:218
                    loss:1.992443, finished 13.66%.                             
[12:41:22] INFO     Rank: 0 - Epoch:10/80, Batch:40,    progress_callback.py:218
                    loss:1.766455, finished 13.69%.                             
[12:41:28] INFO     Rank: 0 - Contrastive loss is                 callback.py:66
                    0.6945398807525635, nll_loss is                             
                    0.9094218015670776                                          
[12:41:30] INFO     Rank: 0 - Epoch:10/80, Batch:41,    progress_callback.py:218
                    loss:1.650098, finished 13.72%.                             
[12:41:33] INFO     Rank: 0 - Epoch:10/80, Batch:42,    progress_callback.py:218
                    loss:1.104494, finished 13.75%.                             
[12:41:34] INFO     Rank: 0 -                           progress_callback.py:204
                    **********Epoch:11 starts**********                         
[12:41:44] INFO     Rank: 0 - Epoch:11/80, Batch:1,     progress_callback.py:218
                    loss:1.605303, finished 13.78%.                             
[12:41:55] INFO     Rank: 0 - Epoch:11/80, Batch:2,     progress_callback.py:218
                    loss:1.786451, finished 13.81%.                             
[12:42:04] INFO     Rank: 0 - Epoch:11/80, Batch:3,     progress_callback.py:218
                    loss:1.786476, finished 13.84%.                             
[12:42:17] INFO     Rank: 0 - Epoch:11/80, Batch:4,     progress_callback.py:218
                    loss:1.974206, finished 13.87%.                             
[12:42:27] INFO     Rank: 0 - Epoch:11/80, Batch:5,     progress_callback.py:218
                    loss:1.46326, finished 13.9%.                               
[12:42:36] INFO     Rank: 0 - Epoch:11/80, Batch:6,     progress_callback.py:218
                    loss:1.788443, finished 13.93%.                             
[12:42:45] INFO     Rank: 0 - Epoch:11/80, Batch:7,     progress_callback.py:218
                    loss:1.650477, finished 13.96%.                             
[12:42:53] INFO     Rank: 0 - Epoch:11/80, Batch:8,     progress_callback.py:218
                    loss:1.478383, finished 13.99%.                             
[12:43:01] INFO     Rank: 0 - Contrastive loss is                 callback.py:66
                    0.697265237569809, nll_loss is                              
                    0.9238900721073151                                          
[12:43:02] INFO     Rank: 0 - Epoch:11/80, Batch:9,     progress_callback.py:218
                    loss:1.574059, finished 14.02%.                             
[12:43:11] INFO     Rank: 0 - Epoch:11/80, Batch:10,    progress_callback.py:218
                    loss:1.981085, finished 14.05%.                             
[12:43:26] INFO     Rank: 0 - Epoch:11/80, Batch:11,    progress_callback.py:218
                    loss:1.643753, finished 14.08%.                             
[12:43:36] INFO     Rank: 0 - Epoch:11/80, Batch:12,    progress_callback.py:218
                    loss:1.366086, finished 14.11%.                             
[12:43:46] INFO     Rank: 0 - Epoch:11/80, Batch:13,    progress_callback.py:218
                    loss:1.649946, finished 14.14%.                             
[12:43:57] INFO     Rank: 0 - Epoch:11/80, Batch:14,    progress_callback.py:218
                    loss:1.483691, finished 14.17%.                             
[12:44:04] INFO     Rank: 0 - Epoch:11/80, Batch:15,    progress_callback.py:218
                    loss:1.340631, finished 14.2%.                              
[12:44:15] INFO     Rank: 0 - Epoch:11/80, Batch:16,    progress_callback.py:218
                    loss:1.754978, finished 14.23%.                             
[12:44:30] INFO     Rank: 0 - Epoch:11/80, Batch:17,    progress_callback.py:218
                    loss:1.530541, finished 14.26%.                             
[12:44:40] INFO     Rank: 0 - Epoch:11/80, Batch:18,    progress_callback.py:218
                    loss:1.642343, finished 14.29%.                             
           INFO     Rank: 0 -                                   evaluator.py:317
                    **********Evaluation starts**********                       
[12:44:54] INFO     Rank: 0 - **********Evaluation              evaluator.py:349
                    ends**********                                              
                                                                                
           INFO     Rank: 0 - ----------Eval. results   progress_callback.py:233
                    on Epoch:11, Batch:18----------                             
           INFO     Rank: 0 -                           progress_callback.py:238
                    {"torch_ngram#ngram-overlap":                               
                    0.4526429772377014}                                         
 ============= save model at results/2023-03-27-11_17_48_518372/epoch-11_step-480.pt ============= 
save hyperparams in  results/2023-03-27-11_17_48_518372/hyperparams.txt
[12:45:03] INFO     Rank: 0 - Contrastive loss is                 callback.py:66
                    0.691534948348999, nll_loss is                              
                    0.9352343559265137                                          
           INFO     Rank: 0 - Epoch:11/80, Batch:19,    progress_callback.py:218
                    loss:1.874639, finished 14.32%.                             
[12:45:14] INFO     Rank: 0 - Epoch:11/80, Batch:20,    progress_callback.py:218
                    loss:1.801131, finished 14.35%.                             
[12:45:29] INFO     Rank: 0 - Epoch:11/80, Batch:21,    progress_callback.py:218
                    loss:1.5485, finished 14.37%.                               
[12:45:40] INFO     Rank: 0 - Epoch:11/80, Batch:22,    progress_callback.py:218
                    loss:1.618332, finished 14.4%.                              
[12:45:49] INFO     Rank: 0 - Epoch:11/80, Batch:23,    progress_callback.py:218
                    loss:1.764571, finished 14.43%.                             
[12:45:58] INFO     Rank: 0 - Epoch:11/80, Batch:24,    progress_callback.py:218
                    loss:1.748878, finished 14.46%.                             
[12:46:11] INFO     Rank: 0 - Epoch:11/80, Batch:25,    progress_callback.py:218
                    loss:1.551359, finished 14.49%.                             
[12:46:24] INFO     Rank: 0 - Epoch:11/80, Batch:26,    progress_callback.py:218
                    loss:1.92623, finished 14.52%.                              
[12:46:40] INFO     Rank: 0 - Epoch:11/80, Batch:27,    progress_callback.py:218
                    loss:1.283349, finished 14.55%.                             
[12:46:54] INFO     Rank: 0 - Epoch:11/80, Batch:28,    progress_callback.py:218
                    loss:1.422766, finished 14.58%.                             
[12:47:02] INFO     Rank: 0 - Contrastive loss is                 callback.py:66
                    0.6595033645629883, nll_loss is                             
                    0.9690905451774597                                          
[12:47:04] INFO     Rank: 0 - Epoch:11/80, Batch:29,    progress_callback.py:218
                    loss:1.620823, finished 14.61%.                             
[12:47:12] INFO     Rank: 0 - Epoch:11/80, Batch:30,    progress_callback.py:218
                    loss:1.770832, finished 14.64%.                             
[12:47:21] INFO     Rank: 0 - Epoch:11/80, Batch:31,    progress_callback.py:218
                    loss:1.502477, finished 14.67%.                             
[12:47:33] INFO     Rank: 0 - Epoch:11/80, Batch:32,    progress_callback.py:218
                    loss:1.641221, finished 14.7%.                              
[12:47:43] INFO     Rank: 0 - Epoch:11/80, Batch:33,    progress_callback.py:218
                    loss:1.945996, finished 14.73%.                             
[12:47:54] INFO     Rank: 0 - Epoch:11/80, Batch:34,    progress_callback.py:218
                    loss:1.662668, finished 14.76%.                             
[12:48:06] INFO     Rank: 0 - Epoch:11/80, Batch:35,    progress_callback.py:218
                    loss:1.710089, finished 14.79%.                             
[12:48:15] INFO     Rank: 0 - Epoch:11/80, Batch:36,    progress_callback.py:218
                    loss:1.909777, finished 14.82%.                             
[12:48:23] INFO     Rank: 0 - Epoch:11/80, Batch:37,    progress_callback.py:218
                    loss:1.368072, finished 14.85%.                             
[12:48:35] INFO     Rank: 0 - Epoch:11/80, Batch:38,    progress_callback.py:218
                    loss:1.4154, finished 14.88%.                               
[12:48:42] INFO     Rank: 0 - Contrastive loss is                 callback.py:66
                    0.679709255695343, nll_loss is                              
                    0.988887369632721                                           
[12:48:51] INFO     Rank: 0 - Epoch:11/80, Batch:39,    progress_callback.py:218
                    loss:1.759435, finished 14.91%.                             
[12:49:00] INFO     Rank: 0 - Epoch:11/80, Batch:40,    progress_callback.py:218
                    loss:2.121126, finished 14.94%.                             
[12:49:09] INFO     Rank: 0 - Epoch:11/80, Batch:41,    progress_callback.py:218
                    loss:1.379357, finished 14.97%.                             
[12:49:12] INFO     Rank: 0 - Epoch:11/80, Batch:42,    progress_callback.py:218
                    loss:1.504931, finished 15.0%.                              
           INFO     Rank: 0 -                           progress_callback.py:204
                    **********Epoch:12 starts**********                         
[12:49:23] INFO     Rank: 0 - Epoch:12/80, Batch:1,     progress_callback.py:218
                    loss:1.369178, finished 15.03%.                             
[12:49:35] INFO     Rank: 0 - Epoch:12/80, Batch:2,     progress_callback.py:218
                    loss:1.730185, finished 15.06%.                             
[12:49:46] INFO     Rank: 0 - Epoch:12/80, Batch:3,     progress_callback.py:218
                    loss:2.150005, finished 15.09%.                             
[12:49:56] INFO     Rank: 0 - Epoch:12/80, Batch:4,     progress_callback.py:218
                    loss:1.957605, finished 15.12%.                             
[12:50:05] INFO     Rank: 0 - Epoch:12/80, Batch:5,     progress_callback.py:218
                    loss:1.737992, finished 15.15%.                             
[12:50:13] INFO     Rank: 0 - Epoch:12/80, Batch:6,     progress_callback.py:218
                    loss:1.563297, finished 15.18%.                             
[12:50:21] INFO     Rank: 0 - Contrastive loss is                 callback.py:66
                    0.6907682299613953, nll_loss is                             
                    1.0284714818000793                                          
[12:50:22] INFO     Rank: 0 - Epoch:12/80, Batch:7,     progress_callback.py:218
                    loss:1.678722, finished 15.21%.                             
[12:50:31] INFO     Rank: 0 - Epoch:12/80, Batch:8,     progress_callback.py:218
                    loss:1.290371, finished 15.24%.                             
[12:50:45] INFO     Rank: 0 - Epoch:12/80, Batch:9,     progress_callback.py:218
                    loss:1.814186, finished 15.27%.                             
[12:50:53] INFO     Rank: 0 - Epoch:12/80, Batch:10,    progress_callback.py:218
                    loss:1.662078, finished 15.3%.                              
[12:51:03] INFO     Rank: 0 - Epoch:12/80, Batch:11,    progress_callback.py:218
                    loss:1.641893, finished 15.33%.                             
[12:51:15] INFO     Rank: 0 - Epoch:12/80, Batch:12,    progress_callback.py:218
                    loss:1.652679, finished 15.36%.                             
[12:51:24] INFO     Rank: 0 - Epoch:12/80, Batch:13,    progress_callback.py:218
                    loss:1.476292, finished 15.39%.                             
[12:51:42] INFO     Rank: 0 - Epoch:12/80, Batch:14,    progress_callback.py:218
                    loss:1.43542, finished 15.42%.                              
[12:51:50] INFO     Rank: 0 - Epoch:12/80, Batch:15,    progress_callback.py:218
                    loss:1.575064, finished 15.45%.                             
[12:51:59] INFO     Rank: 0 - Epoch:12/80, Batch:16,    progress_callback.py:218
                    loss:1.47766, finished 15.48%.                              
           INFO     Rank: 0 -                                   evaluator.py:317
                    **********Evaluation starts**********                       
[12:52:11] INFO     Rank: 0 - **********Evaluation              evaluator.py:349
                    ends**********                                              
                                                                                
           INFO     Rank: 0 - ----------Eval. results   progress_callback.py:233
                    on Epoch:12, Batch:16----------                             
           INFO     Rank: 0 -                           progress_callback.py:238
                    {"torch_ngram#ngram-overlap":                               
                    0.44820448756217957}                                        
[12:52:20] INFO     Rank: 0 - Contrastive loss is                 callback.py:66
                    0.6617632985115052, nll_loss is                             
                    0.888428556919098                                           
           INFO     Rank: 0 - Epoch:12/80, Batch:17,    progress_callback.py:218
                    loss:1.476275, finished 15.51%.                             
[12:52:30] INFO     Rank: 0 - Epoch:12/80, Batch:18,    progress_callback.py:218
                    loss:1.51644, finished 15.54%.                              
[12:52:40] INFO     Rank: 0 - Epoch:12/80, Batch:19,    progress_callback.py:218
                    loss:1.40649, finished 15.57%.                              
[12:52:53] INFO     Rank: 0 - Epoch:12/80, Batch:20,    progress_callback.py:218
                    loss:1.803544, finished 15.6%.                              
[12:53:02] INFO     Rank: 0 - Epoch:12/80, Batch:21,    progress_callback.py:218
                    loss:1.280998, finished 15.62%.                             
[12:53:12] INFO     Rank: 0 - Epoch:12/80, Batch:22,    progress_callback.py:218
                    loss:1.714496, finished 15.65%.                             
[12:53:22] INFO     Rank: 0 - Epoch:12/80, Batch:23,    progress_callback.py:218
                    loss:1.721948, finished 15.68%.                             
[12:53:32] INFO     Rank: 0 - Epoch:12/80, Batch:24,    progress_callback.py:218
                    loss:1.755218, finished 15.71%.                             
[12:53:44] INFO     Rank: 0 - Epoch:12/80, Batch:25,    progress_callback.py:218
                    loss:1.49312, finished 15.74%.                              
[12:53:53] INFO     Rank: 0 - Epoch:12/80, Batch:26,    progress_callback.py:218
                    loss:1.318007, finished 15.77%.                             
[12:54:00] INFO     Rank: 0 - Contrastive loss is                 callback.py:66
                    0.6767505943775177, nll_loss is                             
                    0.8803747475147248                                          
[12:54:02] INFO     Rank: 0 - Epoch:12/80, Batch:27,    progress_callback.py:218
                    loss:1.560993, finished 15.8%.                              
[12:54:12] INFO     Rank: 0 - Epoch:12/80, Batch:28,    progress_callback.py:218
                    loss:1.688929, finished 15.83%.                             
[12:54:23] INFO     Rank: 0 - Epoch:12/80, Batch:29,    progress_callback.py:218
                    loss:1.706261, finished 15.86%.                             
[12:54:32] INFO     Rank: 0 - Epoch:12/80, Batch:30,    progress_callback.py:218
                    loss:1.465325, finished 15.89%.                             
[12:54:42] INFO     Rank: 0 - Epoch:12/80, Batch:31,    progress_callback.py:218
                    loss:1.363978, finished 15.92%.                             
[12:54:56] INFO     Rank: 0 - Epoch:12/80, Batch:32,    progress_callback.py:218
                    loss:1.258838, finished 15.95%.                             
[12:55:05] INFO     Rank: 0 - Epoch:12/80, Batch:33,    progress_callback.py:218
                    loss:1.567307, finished 15.98%.                             
[12:55:16] INFO     Rank: 0 - Epoch:12/80, Batch:34,    progress_callback.py:218
                    loss:1.362154, finished 16.01%.                             
[12:55:27] INFO     Rank: 0 - Epoch:12/80, Batch:35,    progress_callback.py:218
                    loss:1.778817, finished 16.04%.                             
[12:55:37] INFO     Rank: 0 - Epoch:12/80, Batch:36,    progress_callback.py:218
                    loss:1.928745, finished 16.07%.                             
[12:55:43] INFO     Rank: 0 - Contrastive loss is                 callback.py:66
                    0.6794301450252533, nll_loss is                             
                    0.8913353741168976                                          
[12:55:51] INFO     Rank: 0 - Epoch:12/80, Batch:37,    progress_callback.py:218
                    loss:1.587301, finished 16.1%.                              
[12:56:00] INFO     Rank: 0 - Epoch:12/80, Batch:38,    progress_callback.py:218
                    loss:1.48008, finished 16.13%.                              
[12:56:08] INFO     Rank: 0 - Epoch:12/80, Batch:39,    progress_callback.py:218
                    loss:1.503668, finished 16.16%.                             
[12:56:18] INFO     Rank: 0 - Epoch:12/80, Batch:40,    progress_callback.py:218
                    loss:1.65593, finished 16.19%.                              
[12:56:29] INFO     Rank: 0 - Epoch:12/80, Batch:41,    progress_callback.py:218
                    loss:1.567657, finished 16.22%.                             
[12:56:33] INFO     Rank: 0 - Epoch:12/80, Batch:42,    progress_callback.py:218
                    loss:2.134965, finished 16.25%.                             
           INFO     Rank: 0 -                           progress_callback.py:204
                    **********Epoch:13 starts**********                         
[12:56:43] INFO     Rank: 0 - Epoch:13/80, Batch:1,     progress_callback.py:218
                    loss:1.894705, finished 16.28%.                             
[12:56:56] INFO     Rank: 0 - Epoch:13/80, Batch:2,     progress_callback.py:218
                    loss:1.498966, finished 16.31%.                             
[12:57:09] INFO     Rank: 0 - Epoch:13/80, Batch:3,     progress_callback.py:218
                    loss:1.97155, finished 16.34%.                              
[12:57:18] INFO     Rank: 0 - Epoch:13/80, Batch:4,     progress_callback.py:218
                    loss:2.028188, finished 16.37%.                             
[12:57:27] INFO     Rank: 0 - Contrastive loss is                 callback.py:66
                    0.7562356472015381, nll_loss is                             
                    0.9835364818572998                                          
[12:57:28] INFO     Rank: 0 - Epoch:13/80, Batch:5,     progress_callback.py:218
                    loss:1.662013, finished 16.4%.                              
[12:57:38] INFO     Rank: 0 - Epoch:13/80, Batch:6,     progress_callback.py:218
                    loss:2.042354, finished 16.43%.                             
[12:57:48] INFO     Rank: 0 - Epoch:13/80, Batch:7,     progress_callback.py:218
                    loss:1.683905, finished 16.46%.                             
[12:57:59] INFO     Rank: 0 - Epoch:13/80, Batch:8,     progress_callback.py:218
                    loss:1.994582, finished 16.49%.                             
[12:58:09] INFO     Rank: 0 - Epoch:13/80, Batch:9,     progress_callback.py:218
                    loss:1.584259, finished 16.52%.                             
[12:58:23] INFO     Rank: 0 - Epoch:13/80, Batch:10,    progress_callback.py:218
                    loss:1.650298, finished 16.55%.                             
[12:58:33] INFO     Rank: 0 - Epoch:13/80, Batch:11,    progress_callback.py:218
                    loss:1.707941, finished 16.58%.                             
[12:58:43] INFO     Rank: 0 - Epoch:13/80, Batch:12,    progress_callback.py:218
                    loss:1.790381, finished 16.61%.                             
[12:58:57] INFO     Rank: 0 - Epoch:13/80, Batch:13,    progress_callback.py:218
                    loss:1.715402, finished 16.64%.                             
[12:59:12] INFO     Rank: 0 - Epoch:13/80, Batch:14,    progress_callback.py:218
                    loss:1.52214, finished 16.67%.                              
           INFO     Rank: 0 -                                   evaluator.py:317
                    **********Evaluation starts**********                       
[12:59:25] INFO     Rank: 0 - **********Evaluation              evaluator.py:349
                    ends**********                                              
                                                                                
           INFO     Rank: 0 - ----------Eval. results   progress_callback.py:233
                    on Epoch:13, Batch:14----------                             
           INFO     Rank: 0 -                           progress_callback.py:238
                    {"torch_ngram#ngram-overlap":                               
                    0.4502626657485962}                                         
 ============= save model at results/2023-03-27-11_17_48_518372/epoch-13_step-560.pt ============= 
save hyperparams in  results/2023-03-27-11_17_48_518372/hyperparams.txt
[12:59:34] INFO     Rank: 0 - Contrastive loss is                 callback.py:66
                    0.7284101247787476, nll_loss is                             
                    1.0036874175071717                                          
[12:59:35] INFO     Rank: 0 - Epoch:13/80, Batch:15,    progress_callback.py:218
                    loss:1.629713, finished 16.7%.                              
[12:59:49] INFO     Rank: 0 - Epoch:13/80, Batch:16,    progress_callback.py:218
                    loss:1.544056, finished 16.73%.                             
[12:59:57] INFO     Rank: 0 - Epoch:13/80, Batch:17,    progress_callback.py:218
                    loss:1.678581, finished 16.76%.                             
[13:00:08] INFO     Rank: 0 - Epoch:13/80, Batch:18,    progress_callback.py:218
                    loss:1.488197, finished 16.79%.                             
[13:00:24] INFO     Rank: 0 - Epoch:13/80, Batch:19,    progress_callback.py:218
                    loss:1.860185, finished 16.82%.                             
[13:00:33] INFO     Rank: 0 - Epoch:13/80, Batch:20,    progress_callback.py:218
                    loss:1.854038, finished 16.85%.                             
[13:00:43] INFO     Rank: 0 - Epoch:13/80, Batch:21,    progress_callback.py:218
                    loss:1.39981, finished 16.88%.                              
[13:00:53] INFO     Rank: 0 - Epoch:13/80, Batch:22,    progress_callback.py:218
                    loss:1.458134, finished 16.9%.                              
[13:01:05] INFO     Rank: 0 - Epoch:13/80, Batch:23,    progress_callback.py:218
                    loss:1.734821, finished 16.93%.                             
[13:01:13] INFO     Rank: 0 - Epoch:13/80, Batch:24,    progress_callback.py:218
                    loss:1.587666, finished 16.96%.                             
[13:01:21] INFO     Rank: 0 - Contrastive loss is                 callback.py:66
                    0.6861953139305115, nll_loss is                             
                    0.9535467147827148                                          
[13:01:22] INFO     Rank: 0 - Epoch:13/80, Batch:25,    progress_callback.py:218
                    loss:1.791932, finished 16.99%.                             
[13:01:34] INFO     Rank: 0 - Epoch:13/80, Batch:26,    progress_callback.py:218
                    loss:1.480768, finished 17.02%.                             
[13:01:47] INFO     Rank: 0 - Epoch:13/80, Batch:27,    progress_callback.py:218
                    loss:1.674559, finished 17.05%.                             
[13:01:58] INFO     Rank: 0 - Epoch:13/80, Batch:28,    progress_callback.py:218
                    loss:1.967333, finished 17.08%.                             
[13:02:13] INFO     Rank: 0 - Epoch:13/80, Batch:29,    progress_callback.py:218
                    loss:1.339623, finished 17.11%.                             
[13:02:24] INFO     Rank: 0 - Epoch:13/80, Batch:30,    progress_callback.py:218
                    loss:1.585612, finished 17.14%.                             
[13:02:35] INFO     Rank: 0 - Epoch:13/80, Batch:31,    progress_callback.py:218
                    loss:1.750029, finished 17.17%.                             
[13:02:49] INFO     Rank: 0 - Epoch:13/80, Batch:32,    progress_callback.py:218
                    loss:1.753852, finished 17.2%.                              
[13:03:00] INFO     Rank: 0 - Epoch:13/80, Batch:33,    progress_callback.py:218
                    loss:1.057033, finished 17.23%.                             
[13:03:14] INFO     Rank: 0 - Epoch:13/80, Batch:34,    progress_callback.py:218
                    loss:1.547789, finished 17.26%.                             
[13:03:20] INFO     Rank: 0 - Contrastive loss is                 callback.py:66
                    0.6402374923229217, nll_loss is                             
                    0.9422970235347747                                          
[13:03:23] INFO     Rank: 0 - Epoch:13/80, Batch:35,    progress_callback.py:218
                    loss:1.668749, finished 17.29%.                             
[13:03:36] INFO     Rank: 0 - Epoch:13/80, Batch:36,    progress_callback.py:218
                    loss:1.711795, finished 17.32%.                             
[13:03:45] INFO     Rank: 0 - Epoch:13/80, Batch:37,    progress_callback.py:218
                    loss:1.570608, finished 17.35%.                             
[13:03:54] INFO     Rank: 0 - Epoch:13/80, Batch:38,    progress_callback.py:218
                    loss:1.79852, finished 17.38%.                              
[13:04:04] INFO     Rank: 0 - Epoch:13/80, Batch:39,    progress_callback.py:218
                    loss:1.562227, finished 17.41%.                             
[13:04:18] INFO     Rank: 0 - Epoch:13/80, Batch:40,    progress_callback.py:218
                    loss:1.508964, finished 17.44%.                             
[13:04:29] INFO     Rank: 0 - Epoch:13/80, Batch:41,    progress_callback.py:218
                    loss:1.535464, finished 17.47%.                             
[13:04:32] INFO     Rank: 0 - Epoch:13/80, Batch:42,    progress_callback.py:218
                    loss:2.256987, finished 17.5%.                              
           INFO     Rank: 0 -                           progress_callback.py:204
                    **********Epoch:14 starts**********                         
[13:04:41] INFO     Rank: 0 - Epoch:14/80, Batch:1,     progress_callback.py:218
                    loss:1.718397, finished 17.53%.                             
[13:04:48] INFO     Rank: 0 - Epoch:14/80, Batch:2,     progress_callback.py:218
                    loss:1.482966, finished 17.56%.                             
[13:04:57] INFO     Rank: 0 - Contrastive loss is                 callback.py:66
                    0.6812517762184143, nll_loss is                             
                    1.0272158980369568                                          
[13:04:59] INFO     Rank: 0 - Epoch:14/80, Batch:3,     progress_callback.py:218
                    loss:1.938747, finished 17.59%.                             
[13:05:08] INFO     Rank: 0 - Epoch:14/80, Batch:4,     progress_callback.py:218
                    loss:1.594666, finished 17.62%.                             
[13:05:19] INFO     Rank: 0 - Epoch:14/80, Batch:5,     progress_callback.py:218
                    loss:1.628773, finished 17.65%.                             
[13:05:31] INFO     Rank: 0 - Epoch:14/80, Batch:6,     progress_callback.py:218
                    loss:1.847498, finished 17.68%.                             
[13:05:39] INFO     Rank: 0 - Epoch:14/80, Batch:7,     progress_callback.py:218
                    loss:1.458279, finished 17.71%.                             
[13:05:49] INFO     Rank: 0 - Epoch:14/80, Batch:8,     progress_callback.py:218
                    loss:1.545356, finished 17.74%.                             
[13:06:04] INFO     Rank: 0 - Epoch:14/80, Batch:9,     progress_callback.py:218
                    loss:1.848123, finished 17.77%.                             
[13:06:18] INFO     Rank: 0 - Epoch:14/80, Batch:10,    progress_callback.py:218
                    loss:1.59054, finished 17.8%.                               
[13:06:30] INFO     Rank: 0 - Epoch:14/80, Batch:11,    progress_callback.py:218
                    loss:1.30465, finished 17.83%.                              
[13:06:41] INFO     Rank: 0 - Epoch:14/80, Batch:12,    progress_callback.py:218
                    loss:1.134558, finished 17.86%.                             
           INFO     Rank: 0 -                                   evaluator.py:317
                    **********Evaluation starts**********                       
[13:06:54] INFO     Rank: 0 - **********Evaluation              evaluator.py:349
                    ends**********                                              
                                                                                
           INFO     Rank: 0 - ----------Eval. results   progress_callback.py:233
                    on Epoch:14, Batch:12----------                             
           INFO     Rank: 0 -                           progress_callback.py:238
                    {"torch_ngram#ngram-overlap":                               
                    0.45154207944869995}                                        
 ============= save model at results/2023-03-27-11_17_48_518372/epoch-14_step-600.pt ============= 
save hyperparams in  results/2023-03-27-11_17_48_518372/hyperparams.txt
[13:07:02] INFO     Rank: 0 - Contrastive loss is                 callback.py:66
                    0.6709396302700043, nll_loss is                             
                    0.9012653648853302                                          
[13:07:03] INFO     Rank: 0 - Epoch:14/80, Batch:13,    progress_callback.py:218
                    loss:1.769606, finished 17.89%.                             
[13:07:15] INFO     Rank: 0 - Epoch:14/80, Batch:14,    progress_callback.py:218
                    loss:1.20824, finished 17.92%.                              
[13:07:31] INFO     Rank: 0 - Epoch:14/80, Batch:15,    progress_callback.py:218
                    loss:1.435178, finished 17.95%.                             
[13:07:41] INFO     Rank: 0 - Epoch:14/80, Batch:16,    progress_callback.py:218
                    loss:1.943472, finished 17.98%.                             
[13:07:51] INFO     Rank: 0 - Epoch:14/80, Batch:17,    progress_callback.py:218
                    loss:1.70318, finished 18.01%.                              
[13:08:01] INFO     Rank: 0 - Epoch:14/80, Batch:18,    progress_callback.py:218
                    loss:1.560923, finished 18.04%.                             
[13:08:14] INFO     Rank: 0 - Epoch:14/80, Batch:19,    progress_callback.py:218
                    loss:1.449126, finished 18.07%.                             
[13:08:24] INFO     Rank: 0 - Epoch:14/80, Batch:20,    progress_callback.py:218
                    loss:1.486248, finished 18.1%.                              
[13:08:36] INFO     Rank: 0 - Epoch:14/80, Batch:21,    progress_callback.py:218
                    loss:1.473846, finished 18.12%.                             
[13:08:46] INFO     Rank: 0 - Epoch:14/80, Batch:22,    progress_callback.py:218
                    loss:1.266536, finished 18.15%.                             
[13:08:54] INFO     Rank: 0 - Contrastive loss is                 callback.py:66
                    0.6372268617153167, nll_loss is                             
                    0.9032234132289887                                          
[13:08:56] INFO     Rank: 0 - Epoch:14/80, Batch:23,    progress_callback.py:218
                    loss:1.877753, finished 18.18%.                             
[13:09:05] INFO     Rank: 0 - Epoch:14/80, Batch:24,    progress_callback.py:218
                    loss:1.235321, finished 18.21%.                             
[13:09:14] INFO     Rank: 0 - Epoch:14/80, Batch:25,    progress_callback.py:218
                    loss:1.707188, finished 18.24%.                             
[13:09:24] INFO     Rank: 0 - Epoch:14/80, Batch:26,    progress_callback.py:218
                    loss:1.341084, finished 18.27%.                             
[13:09:36] INFO     Rank: 0 - Epoch:14/80, Batch:27,    progress_callback.py:218
                    loss:1.331351, finished 18.3%.                              
[13:09:48] INFO     Rank: 0 - Epoch:14/80, Batch:28,    progress_callback.py:218
                    loss:1.618484, finished 18.33%.                             
[13:09:58] INFO     Rank: 0 - Epoch:14/80, Batch:29,    progress_callback.py:218
                    loss:1.639573, finished 18.36%.                             
[13:10:07] INFO     Rank: 0 - Epoch:14/80, Batch:30,    progress_callback.py:218
                    loss:1.647555, finished 18.39%.                             
[13:10:16] INFO     Rank: 0 - Epoch:14/80, Batch:31,    progress_callback.py:218
                    loss:1.497465, finished 18.42%.                             
[13:10:25] INFO     Rank: 0 - Epoch:14/80, Batch:32,    progress_callback.py:218
                    loss:1.419775, finished 18.45%.                             
[13:10:37] INFO     Rank: 0 - Contrastive loss is                 callback.py:66
                    0.6168715178966522, nll_loss is                             
                    0.870964401960373                                           
[13:10:38] INFO     Rank: 0 - Epoch:14/80, Batch:33,    progress_callback.py:218
                    loss:1.440563, finished 18.48%.                             
[13:10:46] INFO     Rank: 0 - Epoch:14/80, Batch:34,    progress_callback.py:218
                    loss:1.732376, finished 18.51%.                             
[13:10:53] INFO     Rank: 0 - Epoch:14/80, Batch:35,    progress_callback.py:218
                    loss:1.619244, finished 18.54%.                             
[13:11:10] INFO     Rank: 0 - Epoch:14/80, Batch:36,    progress_callback.py:218
                    loss:1.36701, finished 18.57%.                              
[13:11:24] INFO     Rank: 0 - Epoch:14/80, Batch:37,    progress_callback.py:218
                    loss:1.495646, finished 18.6%.                              
[13:11:36] INFO     Rank: 0 - Epoch:14/80, Batch:38,    progress_callback.py:218
                    loss:1.661121, finished 18.63%.                             
[13:11:45] INFO     Rank: 0 - Epoch:14/80, Batch:39,    progress_callback.py:218
                    loss:1.581285, finished 18.66%.                             
[13:11:54] INFO     Rank: 0 - Epoch:14/80, Batch:40,    progress_callback.py:218
                    loss:1.524551, finished 18.69%.                             
[13:12:03] INFO     Rank: 0 - Epoch:14/80, Batch:41,    progress_callback.py:218
                    loss:1.389789, finished 18.72%.                             
[13:12:08] INFO     Rank: 0 - Epoch:14/80, Batch:42,    progress_callback.py:218
                    loss:2.260143, finished 18.75%.                             
           INFO     Rank: 0 -                           progress_callback.py:204
                    **********Epoch:15 starts**********                         
[13:12:18] INFO     Rank: 0 - Contrastive loss is                 callback.py:66
                    0.7278437793254853, nll_loss is                             
                    0.900167566537857                                           
[13:12:19] INFO     Rank: 0 - Epoch:15/80, Batch:1,     progress_callback.py:218
                    loss:1.648948, finished 18.78%.                             
[13:12:31] INFO     Rank: 0 - Epoch:15/80, Batch:2,     progress_callback.py:218
                    loss:0.887422, finished 18.81%.                             
[13:12:44] INFO     Rank: 0 - Epoch:15/80, Batch:3,     progress_callback.py:218
                    loss:1.790043, finished 18.84%.                             
[13:12:56] INFO     Rank: 0 - Epoch:15/80, Batch:4,     progress_callback.py:218
                    loss:1.470721, finished 18.87%.                             
[13:13:06] INFO     Rank: 0 - Epoch:15/80, Batch:5,     progress_callback.py:218
                    loss:1.464834, finished 18.9%.                              
[13:13:18] INFO     Rank: 0 - Epoch:15/80, Batch:6,     progress_callback.py:218
                    loss:1.701648, finished 18.93%.                             
[13:13:27] INFO     Rank: 0 - Epoch:15/80, Batch:7,     progress_callback.py:218
                    loss:1.373296, finished 18.96%.                             
[13:13:37] INFO     Rank: 0 - Epoch:15/80, Batch:8,     progress_callback.py:218
                    loss:1.408367, finished 18.99%.                             
[13:13:48] INFO     Rank: 0 - Epoch:15/80, Batch:9,     progress_callback.py:218
                    loss:1.489967, finished 19.02%.                             
[13:13:58] INFO     Rank: 0 - Epoch:15/80, Batch:10,    progress_callback.py:218
                    loss:1.341844, finished 19.05%.                             
[13:13:59] INFO     Rank: 0 -                                   evaluator.py:317
                    **********Evaluation starts**********                       
[13:14:11] INFO     Rank: 0 - **********Evaluation              evaluator.py:349
                    ends**********                                              
                                                                                
           INFO     Rank: 0 - ----------Eval. results   progress_callback.py:233
                    on Epoch:15, Batch:10----------                             
           INFO     Rank: 0 -                           progress_callback.py:238
                    {"torch_ngram#ngram-overlap":                               
                    0.4507598280906677}                                         
 ============= save model at results/2023-03-27-11_17_48_518372/epoch-15_step-640.pt ============= 
save hyperparams in  results/2023-03-27-11_17_48_518372/hyperparams.txt
[13:14:21] INFO     Rank: 0 - Contrastive loss is                 callback.py:66
                    0.646004393696785, nll_loss is                              
                    0.8235122829675674                                          
           INFO     Rank: 0 - Epoch:15/80, Batch:11,    progress_callback.py:218
                    loss:1.767025, finished 19.08%.                             
[13:14:34] INFO     Rank: 0 - Epoch:15/80, Batch:12,    progress_callback.py:218
                    loss:1.495608, finished 19.11%.                             
[13:14:46] INFO     Rank: 0 - Epoch:15/80, Batch:13,    progress_callback.py:218
                    loss:1.241362, finished 19.14%.                             
[13:14:59] INFO     Rank: 0 - Epoch:15/80, Batch:14,    progress_callback.py:218
                    loss:1.551388, finished 19.17%.                             
[13:15:08] INFO     Rank: 0 - Epoch:15/80, Batch:15,    progress_callback.py:218
                    loss:1.614628, finished 19.2%.                              
[13:15:20] INFO     Rank: 0 - Epoch:15/80, Batch:16,    progress_callback.py:218
                    loss:1.723193, finished 19.23%.                             
[13:15:32] INFO     Rank: 0 - Epoch:15/80, Batch:17,    progress_callback.py:218
                    loss:1.4163, finished 19.26%.                               
[13:15:44] INFO     Rank: 0 - Epoch:15/80, Batch:18,    progress_callback.py:218
                    loss:1.414971, finished 19.29%.                             
[13:15:56] INFO     Rank: 0 - Epoch:15/80, Batch:19,    progress_callback.py:218
                    loss:1.849317, finished 19.32%.                             
[13:16:06] INFO     Rank: 0 - Epoch:15/80, Batch:20,    progress_callback.py:218
                    loss:1.385911, finished 19.35%.                             
[13:16:17] INFO     Rank: 0 - Contrastive loss is                 callback.py:66
                    0.6533182293176651, nll_loss is                             
                    0.8862275689840317                                          
[13:16:19] INFO     Rank: 0 - Epoch:15/80, Batch:21,    progress_callback.py:218
                    loss:1.70278, finished 19.38%.                              
[13:16:32] INFO     Rank: 0 - Epoch:15/80, Batch:22,    progress_callback.py:218
                    loss:1.416156, finished 19.4%.                              
[13:16:43] INFO     Rank: 0 - Epoch:15/80, Batch:23,    progress_callback.py:218
                    loss:1.53526, finished 19.43%.                              
[13:16:55] INFO     Rank: 0 - Epoch:15/80, Batch:24,    progress_callback.py:218
                    loss:1.507789, finished 19.46%.                             
[13:17:07] INFO     Rank: 0 - Epoch:15/80, Batch:25,    progress_callback.py:218
                    loss:1.629866, finished 19.49%.                             
[13:17:16] INFO     Rank: 0 - Epoch:15/80, Batch:26,    progress_callback.py:218
                    loss:1.337713, finished 19.52%.                             
[13:17:26] INFO     Rank: 0 - Epoch:15/80, Batch:27,    progress_callback.py:218
                    loss:1.766775, finished 19.55%.                             
[13:17:37] INFO     Rank: 0 - Epoch:15/80, Batch:28,    progress_callback.py:218
                    loss:1.324722, finished 19.58%.                             
[13:17:46] INFO     Rank: 0 - Epoch:15/80, Batch:29,    progress_callback.py:218
                    loss:1.568099, finished 19.61%.                             
[13:18:01] INFO     Rank: 0 - Epoch:15/80, Batch:30,    progress_callback.py:218
                    loss:1.783047, finished 19.64%.                             
[13:18:09] INFO     Rank: 0 - Contrastive loss is                 callback.py:66
                    0.6972698211669922, nll_loss is                             
                    0.8619130253791809                                          
[13:18:10] INFO     Rank: 0 - Epoch:15/80, Batch:31,    progress_callback.py:218
                    loss:1.722401, finished 19.67%.                             
[13:18:21] INFO     Rank: 0 - Epoch:15/80, Batch:32,    progress_callback.py:218
                    loss:1.645613, finished 19.7%.                              
[13:18:32] INFO     Rank: 0 - Epoch:15/80, Batch:33,    progress_callback.py:218
                    loss:1.492552, finished 19.73%.                             
[13:18:41] INFO     Rank: 0 - Epoch:15/80, Batch:34,    progress_callback.py:218
                    loss:1.913332, finished 19.76%.                             
[13:18:51] INFO     Rank: 0 - Epoch:15/80, Batch:35,    progress_callback.py:218
                    loss:1.550461, finished 19.79%.                             
[13:19:08] INFO     Rank: 0 - Epoch:15/80, Batch:36,    progress_callback.py:218
                    loss:1.463073, finished 19.82%.                             
[13:19:18] INFO     Rank: 0 - Epoch:15/80, Batch:37,    progress_callback.py:218
                    loss:1.67619, finished 19.85%.                              
[13:19:27] INFO     Rank: 0 - Epoch:15/80, Batch:38,    progress_callback.py:218
                    loss:1.270988, finished 19.88%.                             
[13:19:36] INFO     Rank: 0 - Epoch:15/80, Batch:39,    progress_callback.py:218
                    loss:1.371813, finished 19.91%.                             
[13:19:51] INFO     Rank: 0 - Epoch:15/80, Batch:40,    progress_callback.py:218
                    loss:1.358301, finished 19.94%.                             
[13:20:00] INFO     Rank: 0 - Contrastive loss is                 callback.py:66
                    0.6589714884757996, nll_loss is                             
                    0.8532638549804688                                          
[13:20:06] INFO     Rank: 0 - Epoch:15/80, Batch:41,    progress_callback.py:218
                    loss:1.380029, finished 19.97%.                             
[13:20:09] INFO     Rank: 0 - Epoch:15/80, Batch:42,    progress_callback.py:218
                    loss:1.530233, finished 20.0%.                              
           INFO     Rank: 0 -                           progress_callback.py:204
                    **********Epoch:16 starts**********                         
[13:20:19] INFO     Rank: 0 - Epoch:16/80, Batch:1,     progress_callback.py:218
                    loss:1.214208, finished 20.03%.                             
[13:20:29] INFO     Rank: 0 - Epoch:16/80, Batch:2,     progress_callback.py:218
                    loss:1.391155, finished 20.06%.                             
[13:20:42] INFO     Rank: 0 - Epoch:16/80, Batch:3,     progress_callback.py:218
                    loss:1.617302, finished 20.09%.                             
[13:20:51] INFO     Rank: 0 - Epoch:16/80, Batch:4,     progress_callback.py:218
                    loss:1.717405, finished 20.12%.                             
[13:21:05] INFO     Rank: 0 - Epoch:16/80, Batch:5,     progress_callback.py:218
                    loss:1.311978, finished 20.15%.                             
[13:21:18] INFO     Rank: 0 - Epoch:16/80, Batch:6,     progress_callback.py:218
                    loss:1.777814, finished 20.18%.                             
[13:21:31] INFO     Rank: 0 - Epoch:16/80, Batch:7,     progress_callback.py:218
                    loss:1.381668, finished 20.21%.                             
[13:21:40] INFO     Rank: 0 - Epoch:16/80, Batch:8,     progress_callback.py:218
                    loss:1.489083, finished 20.24%.                             
           INFO     Rank: 0 -                                   evaluator.py:317
                    **********Evaluation starts**********                       
[13:21:53] INFO     Rank: 0 - **********Evaluation              evaluator.py:349
                    ends**********                                              
                                                                                
           INFO     Rank: 0 - ----------Eval. results   progress_callback.py:233
                    on Epoch:16, Batch:8----------                              
           INFO     Rank: 0 -                           progress_callback.py:238
                    {"torch_ngram#ngram-overlap":                               
                    0.4513254463672638}                                         
 ============= save model at results/2023-03-27-11_17_48_518372/epoch-16_step-680.pt ============= 
save hyperparams in  results/2023-03-27-11_17_48_518372/hyperparams.txt
[13:22:06] INFO     Rank: 0 - Contrastive loss is                 callback.py:66
                    0.7089593529701232, nll_loss is                             
                    0.7847970843315124                                          
[13:22:10] INFO     Rank: 0 - Epoch:16/80, Batch:9,     progress_callback.py:218
                    loss:1.50672, finished 20.27%.                              
[13:22:19] INFO     Rank: 0 - Epoch:16/80, Batch:10,    progress_callback.py:218
                    loss:1.352727, finished 20.3%.                              
[13:22:32] INFO     Rank: 0 - Epoch:16/80, Batch:11,    progress_callback.py:218
                    loss:1.543851, finished 20.33%.                             
[13:22:45] INFO     Rank: 0 - Epoch:16/80, Batch:12,    progress_callback.py:218
                    loss:1.646119, finished 20.36%.                             
[13:22:57] INFO     Rank: 0 - Epoch:16/80, Batch:13,    progress_callback.py:218
                    loss:1.561068, finished 20.39%.                             
[13:23:10] INFO     Rank: 0 - Epoch:16/80, Batch:14,    progress_callback.py:218
                    loss:1.569519, finished 20.42%.                             
[13:23:20] INFO     Rank: 0 - Epoch:16/80, Batch:15,    progress_callback.py:218
                    loss:1.336818, finished 20.45%.                             
[13:23:35] INFO     Rank: 0 - Epoch:16/80, Batch:16,    progress_callback.py:218
                    loss:1.502691, finished 20.48%.                             
[13:23:44] INFO     Rank: 0 - Epoch:16/80, Batch:17,    progress_callback.py:218
                    loss:1.202744, finished 20.51%.                             
[13:23:52] INFO     Rank: 0 - Epoch:16/80, Batch:18,    progress_callback.py:218
                    loss:1.465014, finished 20.54%.                             
[13:24:01] INFO     Rank: 0 - Contrastive loss is                 callback.py:66
                    0.6078925251960754, nll_loss is                             
                    0.85147123336792                                            
[13:24:08] INFO     Rank: 0 - Epoch:16/80, Batch:19,    progress_callback.py:218
                    loss:1.413088, finished 20.57%.                             
[13:24:21] INFO     Rank: 0 - Epoch:16/80, Batch:20,    progress_callback.py:218
                    loss:1.518999, finished 20.6%.                              
[13:24:30] INFO     Rank: 0 - Epoch:16/80, Batch:21,    progress_callback.py:218
                    loss:1.258118, finished 20.62%.                             
[13:24:40] INFO     Rank: 0 - Epoch:16/80, Batch:22,    progress_callback.py:218
                    loss:1.770992, finished 20.65%.                             
[13:24:53] INFO     Rank: 0 - Epoch:16/80, Batch:23,    progress_callback.py:218
                    loss:1.209869, finished 20.68%.                             
[13:25:03] INFO     Rank: 0 - Epoch:16/80, Batch:24,    progress_callback.py:218
                    loss:1.608824, finished 20.71%.                             
[13:25:13] INFO     Rank: 0 - Epoch:16/80, Batch:25,    progress_callback.py:218
                    loss:1.533464, finished 20.74%.                             
[13:25:27] INFO     Rank: 0 - Epoch:16/80, Batch:26,    progress_callback.py:218
                    loss:1.46385, finished 20.77%.                              
[13:25:34] INFO     Rank: 0 - Epoch:16/80, Batch:27,    progress_callback.py:218
                    loss:1.553393, finished 20.8%.                              
[13:25:44] INFO     Rank: 0 - Epoch:16/80, Batch:28,    progress_callback.py:218
                    loss:1.774102, finished 20.83%.                             
[13:25:56] INFO     Rank: 0 - Contrastive loss is                 callback.py:66
                    0.6377207040786743, nll_loss is                             
                    0.8582086205482483                                          
           INFO     Rank: 0 - Epoch:16/80, Batch:29,    progress_callback.py:218
                    loss:1.267681, finished 20.86%.                             
[13:26:06] INFO     Rank: 0 - Epoch:16/80, Batch:30,    progress_callback.py:218
                    loss:1.347484, finished 20.89%.                             
[13:26:22] INFO     Rank: 0 - Epoch:16/80, Batch:31,    progress_callback.py:218
                    loss:1.561163, finished 20.92%.                             
[13:26:34] INFO     Rank: 0 - Epoch:16/80, Batch:32,    progress_callback.py:218
                    loss:2.014404, finished 20.95%.                             
[13:26:44] INFO     Rank: 0 - Epoch:16/80, Batch:33,    progress_callback.py:218
                    loss:1.727437, finished 20.98%.                             
[13:26:52] INFO     Rank: 0 - Epoch:16/80, Batch:34,    progress_callback.py:218
                    loss:1.473778, finished 21.01%.                             
[13:27:01] INFO     Rank: 0 - Epoch:16/80, Batch:35,    progress_callback.py:218
                    loss:1.296763, finished 21.04%.                             
[13:27:10] INFO     Rank: 0 - Epoch:16/80, Batch:36,    progress_callback.py:218
                    loss:1.568659, finished 21.07%.                             
[13:27:23] INFO     Rank: 0 - Epoch:16/80, Batch:37,    progress_callback.py:218
                    loss:1.562493, finished 21.1%.                              
[13:27:35] INFO     Rank: 0 - Epoch:16/80, Batch:38,    progress_callback.py:218
                    loss:1.243201, finished 21.13%.                             
[13:27:46] INFO     Rank: 0 - Contrastive loss is                 callback.py:66
                    0.6635159432888031, nll_loss is                             
                    0.8432302653789521                                          
           INFO     Rank: 0 - Epoch:16/80, Batch:39,    progress_callback.py:218
                    loss:1.272081, finished 21.16%.                             
[13:27:58] INFO     Rank: 0 - Epoch:16/80, Batch:40,    progress_callback.py:218
                    loss:1.551037, finished 21.19%.                             
[13:28:11] INFO     Rank: 0 - Epoch:16/80, Batch:41,    progress_callback.py:218
                    loss:1.19852, finished 21.22%.                              
[13:28:14] INFO     Rank: 0 - Epoch:16/80, Batch:42,    progress_callback.py:218
                    loss:1.478313, finished 21.25%.                             
           INFO     Rank: 0 -                           progress_callback.py:204
                    **********Epoch:17 starts**********                         
[13:28:27] INFO     Rank: 0 - Epoch:17/80, Batch:1,     progress_callback.py:218
                    loss:1.225989, finished 21.28%.                             
[13:28:37] INFO     Rank: 0 - Epoch:17/80, Batch:2,     progress_callback.py:218
                    loss:1.40769, finished 21.31%.                              
[13:28:51] INFO     Rank: 0 - Epoch:17/80, Batch:3,     progress_callback.py:218
                    loss:1.476256, finished 21.34%.                             
[13:29:02] INFO     Rank: 0 - Epoch:17/80, Batch:4,     progress_callback.py:218
                    loss:1.465424, finished 21.37%.                             
[13:29:14] INFO     Rank: 0 - Epoch:17/80, Batch:5,     progress_callback.py:218
                    loss:1.422805, finished 21.4%.                              
[13:29:25] INFO     Rank: 0 - Epoch:17/80, Batch:6,     progress_callback.py:218
                    loss:1.512747, finished 21.43%.                             
           INFO     Rank: 0 -                                   evaluator.py:317
                    **********Evaluation starts**********                       
[13:29:38] INFO     Rank: 0 - **********Evaluation              evaluator.py:349
                    ends**********                                              
                                                                                
           INFO     Rank: 0 - ----------Eval. results   progress_callback.py:233
                    on Epoch:17, Batch:6----------                              
           INFO     Rank: 0 -                           progress_callback.py:238
                    {"torch_ngram#ngram-overlap":                               
                    0.45240074396133423}                                        
 ============= save model at results/2023-03-27-11_17_48_518372/epoch-17_step-720.pt ============= 
save hyperparams in  results/2023-03-27-11_17_48_518372/hyperparams.txt
[13:29:45] INFO     Rank: 0 - Contrastive loss is                 callback.py:66
                    0.606916093826294, nll_loss is                              
                    0.7835718631744385                                          
[13:29:46] INFO     Rank: 0 - Epoch:17/80, Batch:7,     progress_callback.py:218
                    loss:1.166098, finished 21.46%.                             
[13:29:55] INFO     Rank: 0 - Epoch:17/80, Batch:8,     progress_callback.py:218
                    loss:1.423576, finished 21.49%.                             
[13:30:06] INFO     Rank: 0 - Epoch:17/80, Batch:9,     progress_callback.py:218
                    loss:1.375618, finished 21.52%.                             
[13:30:17] INFO     Rank: 0 - Epoch:17/80, Batch:10,    progress_callback.py:218
                    loss:1.491509, finished 21.55%.                             
[13:30:33] INFO     Rank: 0 - Epoch:17/80, Batch:11,    progress_callback.py:218
                    loss:1.588141, finished 21.58%.                             
[13:30:42] INFO     Rank: 0 - Epoch:17/80, Batch:12,    progress_callback.py:218
                    loss:1.460059, finished 21.61%.                             
[13:30:53] INFO     Rank: 0 - Epoch:17/80, Batch:13,    progress_callback.py:218
                    loss:1.565846, finished 21.64%.                             
[13:31:02] INFO     Rank: 0 - Epoch:17/80, Batch:14,    progress_callback.py:218
                    loss:1.604814, finished 21.67%.                             
[13:31:14] INFO     Rank: 0 - Epoch:17/80, Batch:15,    progress_callback.py:218
                    loss:1.325637, finished 21.7%.                              
[13:31:25] INFO     Rank: 0 - Epoch:17/80, Batch:16,    progress_callback.py:218
                    loss:1.542196, finished 21.73%.                             
[13:31:37] INFO     Rank: 0 - Contrastive loss is                 callback.py:66
                    0.6542179405689239, nll_loss is                             
                    0.8447531878948211                                          
[13:31:38] INFO     Rank: 0 - Epoch:17/80, Batch:17,    progress_callback.py:218
                    loss:1.612317, finished 21.76%.                             
[13:31:48] INFO     Rank: 0 - Epoch:17/80, Batch:18,    progress_callback.py:218
                    loss:1.378953, finished 21.79%.                             
[13:31:57] INFO     Rank: 0 - Epoch:17/80, Batch:19,    progress_callback.py:218
                    loss:1.511306, finished 21.82%.                             
[13:32:06] INFO     Rank: 0 - Epoch:17/80, Batch:20,    progress_callback.py:218
                    loss:1.919275, finished 21.85%.                             
[13:32:16] INFO     Rank: 0 - Epoch:17/80, Batch:21,    progress_callback.py:218
                    loss:1.502037, finished 21.88%.                             
[13:32:25] INFO     Rank: 0 - Epoch:17/80, Batch:22,    progress_callback.py:218
                    loss:1.45934, finished 21.9%.                               
[13:32:44] INFO     Rank: 0 - Epoch:17/80, Batch:23,    progress_callback.py:218
                    loss:1.376975, finished 21.93%.                             
[13:32:57] INFO     Rank: 0 - Epoch:17/80, Batch:24,    progress_callback.py:218
                    loss:1.724255, finished 21.96%.                             
[13:33:06] INFO     Rank: 0 - Epoch:17/80, Batch:25,    progress_callback.py:218
                    loss:1.714679, finished 21.99%.                             
[13:33:15] INFO     Rank: 0 - Epoch:17/80, Batch:26,    progress_callback.py:218
                    loss:1.253354, finished 22.02%.                             
[13:33:26] INFO     Rank: 0 - Contrastive loss is                 callback.py:66
                    0.6615749299526215, nll_loss is                             
                    0.857766991853714                                           
           INFO     Rank: 0 - Epoch:17/80, Batch:27,    progress_callback.py:218
                    loss:1.353244, finished 22.05%.                             
[13:33:40] INFO     Rank: 0 - Epoch:17/80, Batch:28,    progress_callback.py:218
                    loss:1.457385, finished 22.08%.                             
[13:33:53] INFO     Rank: 0 - Epoch:17/80, Batch:29,    progress_callback.py:218
                    loss:1.549605, finished 22.11%.                             
[13:34:04] INFO     Rank: 0 - Epoch:17/80, Batch:30,    progress_callback.py:218
                    loss:1.514886, finished 22.14%.                             
[13:34:14] INFO     Rank: 0 - Epoch:17/80, Batch:31,    progress_callback.py:218
                    loss:1.777021, finished 22.17%.                             
[13:34:23] INFO     Rank: 0 - Epoch:17/80, Batch:32,    progress_callback.py:218
                    loss:1.807684, finished 22.2%.                              
[13:34:32] INFO     Rank: 0 - Epoch:17/80, Batch:33,    progress_callback.py:218
                    loss:1.569813, finished 22.23%.                             
[13:34:45] INFO     Rank: 0 - Epoch:17/80, Batch:34,    progress_callback.py:218
                    loss:1.714628, finished 22.26%.                             
[13:34:55] INFO     Rank: 0 - Epoch:17/80, Batch:35,    progress_callback.py:218
                    loss:1.228026, finished 22.29%.                             
[13:35:06] INFO     Rank: 0 - Epoch:17/80, Batch:36,    progress_callback.py:218
                    loss:1.660319, finished 22.32%.                             
[13:35:15] INFO     Rank: 0 - Contrastive loss is                 callback.py:66
                    0.6609630167484284, nll_loss is                             
                    0.8734563171863556                                          
[13:35:20] INFO     Rank: 0 - Epoch:17/80, Batch:37,    progress_callback.py:218
                    loss:1.064826, finished 22.35%.                             
[13:35:30] INFO     Rank: 0 - Epoch:17/80, Batch:38,    progress_callback.py:218
                    loss:1.678006, finished 22.38%.                             
[13:35:42] INFO     Rank: 0 - Epoch:17/80, Batch:39,    progress_callback.py:218
                    loss:1.432518, finished 22.41%.                             
[13:35:54] INFO     Rank: 0 - Epoch:17/80, Batch:40,    progress_callback.py:218
                    loss:1.498656, finished 22.44%.                             
[13:36:04] INFO     Rank: 0 - Epoch:17/80, Batch:41,    progress_callback.py:218
                    loss:1.43263, finished 22.47%.                              
[13:36:07] INFO     Rank: 0 - Epoch:17/80, Batch:42,    progress_callback.py:218
                    loss:2.155039, finished 22.5%.                              
           INFO     Rank: 0 -                           progress_callback.py:204
                    **********Epoch:18 starts**********                         
[13:36:16] INFO     Rank: 0 - Epoch:18/80, Batch:1,     progress_callback.py:218
                    loss:1.489871, finished 22.53%.                             
[13:36:29] INFO     Rank: 0 - Epoch:18/80, Batch:2,     progress_callback.py:218
                    loss:1.856679, finished 22.56%.                             
[13:36:57] INFO     Rank: 0 - Epoch:18/80, Batch:3,     progress_callback.py:218
                    loss:1.585835, finished 22.59%.                             
[13:37:10] INFO     Rank: 0 - Epoch:18/80, Batch:4,     progress_callback.py:218
                    loss:1.309807, finished 22.62%.                             
           INFO     Rank: 0 -                                   evaluator.py:317
                    **********Evaluation starts**********                       
[13:37:23] INFO     Rank: 0 - **********Evaluation              evaluator.py:349
                    ends**********                                              
                                                                                
           INFO     Rank: 0 - ----------Eval. results   progress_callback.py:233
                    on Epoch:18, Batch:4----------                              
           INFO     Rank: 0 -                           progress_callback.py:238
                    {"torch_ngram#ngram-overlap":                               
                    0.4526262879371643}                                         
 ============= save model at results/2023-03-27-11_17_48_518372/epoch-18_step-760.pt ============= 
save hyperparams in  results/2023-03-27-11_17_48_518372/hyperparams.txt
[13:37:33] INFO     Rank: 0 - Contrastive loss is                 callback.py:66
                    0.7019502818584442, nll_loss is                             
                    0.9126561105251312                                          
[13:37:34] INFO     Rank: 0 - Epoch:18/80, Batch:5,     progress_callback.py:218
                    loss:1.707023, finished 22.65%.                             
[13:37:43] INFO     Rank: 0 - Epoch:18/80, Batch:6,     progress_callback.py:218
                    loss:1.330559, finished 22.68%.                             
[13:38:02] INFO     Rank: 0 - Epoch:18/80, Batch:7,     progress_callback.py:218
                    loss:1.357107, finished 22.71%.                             
[13:38:13] INFO     Rank: 0 - Epoch:18/80, Batch:8,     progress_callback.py:218
                    loss:1.503333, finished 22.74%.                             
[13:38:23] INFO     Rank: 0 - Epoch:18/80, Batch:9,     progress_callback.py:218
                    loss:1.3805, finished 22.77%.                               
[13:38:36] INFO     Rank: 0 - Epoch:18/80, Batch:10,    progress_callback.py:218
                    loss:1.528987, finished 22.8%.                              
[13:38:51] INFO     Rank: 0 - Epoch:18/80, Batch:11,    progress_callback.py:218
                    loss:1.384686, finished 22.83%.                             
[13:39:07] INFO     Rank: 0 - Epoch:18/80, Batch:12,    progress_callback.py:218
                    loss:1.624903, finished 22.86%.                             
[13:39:15] INFO     Rank: 0 - Epoch:18/80, Batch:13,    progress_callback.py:218
                    loss:1.698041, finished 22.89%.                             
[13:39:24] INFO     Rank: 0 - Epoch:18/80, Batch:14,    progress_callback.py:218
                    loss:1.259254, finished 22.92%.                             
[13:39:34] INFO     Rank: 0 - Contrastive loss is                 callback.py:66
                    0.6478165805339813, nll_loss is                             
                    0.8136457026004791                                          
           INFO     Rank: 0 - Epoch:18/80, Batch:15,    progress_callback.py:218
                    loss:1.547254, finished 22.95%.                             
[13:39:45] INFO     Rank: 0 - Epoch:18/80, Batch:16,    progress_callback.py:218
                    loss:1.224281, finished 22.98%.                             
[13:40:00] INFO     Rank: 0 - Epoch:18/80, Batch:17,    progress_callback.py:218
                    loss:1.29544, finished 23.01%.                              
[13:40:11] INFO     Rank: 0 - Epoch:18/80, Batch:18,    progress_callback.py:218
                    loss:1.721482, finished 23.04%.                             
[13:40:20] INFO     Rank: 0 - Epoch:18/80, Batch:19,    progress_callback.py:218
                    loss:1.279381, finished 23.07%.                             
[13:40:32] INFO     Rank: 0 - Epoch:18/80, Batch:20,    progress_callback.py:218
                    loss:1.628078, finished 23.1%.                              
[13:40:54] INFO     Rank: 0 - Epoch:18/80, Batch:21,    progress_callback.py:218
                    loss:1.645743, finished 23.12%.                             
[13:41:27] INFO     Rank: 0 - Epoch:18/80, Batch:22,    progress_callback.py:218
                    loss:1.704395, finished 23.15%.                             
[13:41:51] INFO     Rank: 0 - Epoch:18/80, Batch:23,    progress_callback.py:218
                    loss:1.473181, finished 23.18%.                             
[13:42:14] INFO     Rank: 0 - Epoch:18/80, Batch:24,    progress_callback.py:218
                    loss:1.529405, finished 23.21%.                             
[13:42:27] INFO     Rank: 0 - Contrastive loss is                 callback.py:66
                    0.6581010580062866, nll_loss is                             
                    0.8578450679779053                                          
[13:42:32] INFO     Rank: 0 - Epoch:18/80, Batch:25,    progress_callback.py:218
                    loss:1.658076, finished 23.24%.                             
[13:42:42] INFO     Rank: 0 - Epoch:18/80, Batch:26,    progress_callback.py:218
                    loss:1.241216, finished 23.27%.                             
[13:42:54] INFO     Rank: 0 - Epoch:18/80, Batch:27,    progress_callback.py:218
                    loss:1.63351, finished 23.3%.                               
[13:43:05] INFO     Rank: 0 - Epoch:18/80, Batch:28,    progress_callback.py:218
                    loss:1.452412, finished 23.33%.                             
[13:43:15] INFO     Rank: 0 - Epoch:18/80, Batch:29,    progress_callback.py:218
                    loss:1.504538, finished 23.36%.                             
[13:43:30] INFO     Rank: 0 - Epoch:18/80, Batch:30,    progress_callback.py:218
                    loss:1.428253, finished 23.39%.                             
[13:43:44] INFO     Rank: 0 - Epoch:18/80, Batch:31,    progress_callback.py:218
                    loss:1.55723, finished 23.42%.                              
[13:43:59] INFO     Rank: 0 - Epoch:18/80, Batch:32,    progress_callback.py:218
                    loss:1.41878, finished 23.45%.                              
[13:44:10] INFO     Rank: 0 - Epoch:18/80, Batch:33,    progress_callback.py:218
                    loss:1.638034, finished 23.48%.                             
[13:44:21] INFO     Rank: 0 - Epoch:18/80, Batch:34,    progress_callback.py:218
                    loss:1.263126, finished 23.51%.                             
[13:44:27] INFO     Rank: 0 - Contrastive loss is                 callback.py:66
                    0.6482553035020828, nll_loss is                             
                    0.8172742336988449                                          
[13:44:34] INFO     Rank: 0 - Epoch:18/80, Batch:35,    progress_callback.py:218
                    loss:1.518198, finished 23.54%.                             
[13:44:44] INFO     Rank: 0 - Epoch:18/80, Batch:36,    progress_callback.py:218
                    loss:1.175257, finished 23.57%.                             
[13:44:55] INFO     Rank: 0 - Epoch:18/80, Batch:37,    progress_callback.py:218
                    loss:1.286166, finished 23.6%.                              
[13:45:06] INFO     Rank: 0 - Epoch:18/80, Batch:38,    progress_callback.py:218
                    loss:1.172036, finished 23.63%.                             
[13:45:20] INFO     Rank: 0 - Epoch:18/80, Batch:39,    progress_callback.py:218
                    loss:1.225195, finished 23.66%.                             
[13:45:32] INFO     Rank: 0 - Epoch:18/80, Batch:40,    progress_callback.py:218
                    loss:1.330535, finished 23.69%.                             
[13:45:43] INFO     Rank: 0 - Epoch:18/80, Batch:41,    progress_callback.py:218
                    loss:1.391083, finished 23.72%.                             
[13:45:49] INFO     Rank: 0 - Epoch:18/80, Batch:42,    progress_callback.py:218
                    loss:1.247703, finished 23.75%.                             
           INFO     Rank: 0 -                           progress_callback.py:204
                    **********Epoch:19 starts**********                         
[13:46:00] INFO     Rank: 0 - Epoch:19/80, Batch:1,     progress_callback.py:218
                    loss:1.521964, finished 23.78%.                             
[13:46:08] INFO     Rank: 0 - Epoch:19/80, Batch:2,     progress_callback.py:218
                    loss:1.344301, finished 23.81%.                             
           INFO     Rank: 0 -                                   evaluator.py:317
                    **********Evaluation starts**********                       
[13:46:22] INFO     Rank: 0 - **********Evaluation              evaluator.py:349
                    ends**********                                              
                                                                                
           INFO     Rank: 0 - ----------Eval. results   progress_callback.py:233
                    on Epoch:19, Batch:2----------                              
           INFO     Rank: 0 -                           progress_callback.py:238
                    {"torch_ngram#ngram-overlap":                               
                    0.45144420862197876}                                        
[13:46:29] INFO     Rank: 0 - Contrastive loss is                 callback.py:66
                    0.6380749076604844, nll_loss is                             
                    0.6647874146699906                                          
[13:46:37] INFO     Rank: 0 - Epoch:19/80, Batch:3,     progress_callback.py:218
                    loss:1.334383, finished 23.84%.                             
[13:46:47] INFO     Rank: 0 - Epoch:19/80, Batch:4,     progress_callback.py:218
                    loss:1.189084, finished 23.87%.                             
[13:47:00] INFO     Rank: 0 - Epoch:19/80, Batch:5,     progress_callback.py:218
                    loss:1.336278, finished 23.9%.                              
[13:47:08] INFO     Rank: 0 - Epoch:19/80, Batch:6,     progress_callback.py:218
                    loss:1.361791, finished 23.93%.                             
[13:47:18] INFO     Rank: 0 - Epoch:19/80, Batch:7,     progress_callback.py:218
                    loss:1.408275, finished 23.96%.                             
[13:47:31] INFO     Rank: 0 - Epoch:19/80, Batch:8,     progress_callback.py:218
                    loss:1.40499, finished 23.99%.                              
[13:47:47] INFO     Rank: 0 - Epoch:19/80, Batch:9,     progress_callback.py:218
                    loss:1.23471, finished 24.02%.                              
[13:48:01] INFO     Rank: 0 - Epoch:19/80, Batch:10,    progress_callback.py:218
                    loss:1.467013, finished 24.05%.                             
[13:48:13] INFO     Rank: 0 - Epoch:19/80, Batch:11,    progress_callback.py:218
                    loss:1.482864, finished 24.08%.                             
[13:48:23] INFO     Rank: 0 - Epoch:19/80, Batch:12,    progress_callback.py:218
                    loss:1.362663, finished 24.11%.                             
[13:48:31] INFO     Rank: 0 - Contrastive loss is                 callback.py:66
                    0.5989735066890717, nll_loss is                             
                    0.7567676365375519                                          
[13:48:35] INFO     Rank: 0 - Epoch:19/80, Batch:13,    progress_callback.py:218
                    loss:1.309743, finished 24.14%.                             
[13:48:50] INFO     Rank: 0 - Epoch:19/80, Batch:14,    progress_callback.py:218
                    loss:1.839269, finished 24.17%.                             
[13:49:01] INFO     Rank: 0 - Epoch:19/80, Batch:15,    progress_callback.py:218
                    loss:1.446247, finished 24.2%.                              
[13:49:14] INFO     Rank: 0 - Epoch:19/80, Batch:16,    progress_callback.py:218
                    loss:1.451131, finished 24.23%.                             
[13:49:25] INFO     Rank: 0 - Epoch:19/80, Batch:17,    progress_callback.py:218
                    loss:1.227018, finished 24.26%.                             
[13:49:36] INFO     Rank: 0 - Epoch:19/80, Batch:18,    progress_callback.py:218
                    loss:1.375157, finished 24.29%.                             
[13:49:52] INFO     Rank: 0 - Epoch:19/80, Batch:19,    progress_callback.py:218
                    loss:1.220354, finished 24.32%.                             
[13:50:00] INFO     Rank: 0 - Epoch:19/80, Batch:20,    progress_callback.py:218
                    loss:1.34043, finished 24.35%.                              
[13:50:09] INFO     Rank: 0 - Epoch:19/80, Batch:21,    progress_callback.py:218
                    loss:1.307465, finished 24.38%.                             
[13:50:20] INFO     Rank: 0 - Epoch:19/80, Batch:22,    progress_callback.py:218
                    loss:1.79734, finished 24.4%.                               
[13:50:28] INFO     Rank: 0 - Contrastive loss is                 callback.py:66
                    0.6638452410697937, nll_loss is                             
                    0.79129638671875                                            
[13:50:34] INFO     Rank: 0 - Epoch:19/80, Batch:23,    progress_callback.py:218
                    loss:1.547007, finished 24.43%.                             
[13:50:47] INFO     Rank: 0 - Epoch:19/80, Batch:24,    progress_callback.py:218
                    loss:1.679903, finished 24.46%.                             
[13:51:04] INFO     Rank: 0 - Epoch:19/80, Batch:25,    progress_callback.py:218
                    loss:1.508284, finished 24.49%.                             
[13:51:15] INFO     Rank: 0 - Epoch:19/80, Batch:26,    progress_callback.py:218
                    loss:1.614646, finished 24.52%.                             
[13:51:27] INFO     Rank: 0 - Epoch:19/80, Batch:27,    progress_callback.py:218
                    loss:1.70617, finished 24.55%.                              
[13:51:39] INFO     Rank: 0 - Epoch:19/80, Batch:28,    progress_callback.py:218
                    loss:1.295784, finished 24.58%.                             
[13:51:53] INFO     Rank: 0 - Epoch:19/80, Batch:29,    progress_callback.py:218
                    loss:1.443342, finished 24.61%.                             
[13:52:04] INFO     Rank: 0 - Epoch:19/80, Batch:30,    progress_callback.py:218
                    loss:1.254274, finished 24.64%.                             
[13:52:15] INFO     Rank: 0 - Epoch:19/80, Batch:31,    progress_callback.py:218
                    loss:1.757722, finished 24.67%.                             
[13:52:29] INFO     Rank: 0 - Epoch:19/80, Batch:32,    progress_callback.py:218
                    loss:1.610032, finished 24.7%.                              
[13:52:44] INFO     Rank: 0 - Contrastive loss is                 callback.py:66
                    0.6626444756984711, nll_loss is                             
                    0.8540543854236603                                          
[13:52:45] INFO     Rank: 0 - Epoch:19/80, Batch:33,    progress_callback.py:218
                    loss:1.296832, finished 24.73%.                             
[13:52:57] INFO     Rank: 0 - Epoch:19/80, Batch:34,    progress_callback.py:218
                    loss:1.502639, finished 24.76%.                             
[13:53:07] INFO     Rank: 0 - Epoch:19/80, Batch:35,    progress_callback.py:218
                    loss:1.563417, finished 24.79%.                             
[13:53:18] INFO     Rank: 0 - Epoch:19/80, Batch:36,    progress_callback.py:218
                    loss:1.428833, finished 24.82%.                             
[13:53:31] INFO     Rank: 0 - Epoch:19/80, Batch:37,    progress_callback.py:218
                    loss:1.450655, finished 24.85%.                             
[13:53:43] INFO     Rank: 0 - Epoch:19/80, Batch:38,    progress_callback.py:218
                    loss:1.662874, finished 24.88%.                             
[13:53:57] INFO     Rank: 0 - Epoch:19/80, Batch:39,    progress_callback.py:218
                    loss:1.321033, finished 24.91%.                             
[13:54:06] INFO     Rank: 0 - Epoch:19/80, Batch:40,    progress_callback.py:218
                    loss:1.173376, finished 24.94%.                             
[13:54:16] INFO     Rank: 0 - Epoch:19/80, Batch:41,    progress_callback.py:218
                    loss:1.333458, finished 24.97%.                             
[13:54:20] INFO     Rank: 0 - Epoch:19/80, Batch:42,    progress_callback.py:218
                    loss:1.250036, finished 25.0%.                              
           INFO     Rank: 0 -                                   evaluator.py:317
                    **********Evaluation starts**********                       
[13:54:32] INFO     Rank: 0 - **********Evaluation              evaluator.py:349
                    ends**********                                              
                                                                                
           INFO     Rank: 0 - ----------Eval. results   progress_callback.py:233
                    on Epoch:19, Batch:42----------                             
           INFO     Rank: 0 -                           progress_callback.py:238
                    {"torch_ngram#ngram-overlap":                               
                    0.45177215337753296}                                        
           INFO     Rank: 0 -                           progress_callback.py:204
                    **********Epoch:20 starts**********                         
[13:54:39] INFO     Rank: 0 - Contrastive loss is                 callback.py:66
                    0.6624300956726075, nll_loss is                             
                    0.7533793210983276                                          
[13:54:43] INFO     Rank: 0 - Epoch:20/80, Batch:1,     progress_callback.py:218
                    loss:1.471773, finished 25.03%.                             
[13:54:53] INFO     Rank: 0 - Epoch:20/80, Batch:2,     progress_callback.py:218
                    loss:1.453413, finished 25.06%.                             
[13:55:07] INFO     Rank: 0 - Epoch:20/80, Batch:3,     progress_callback.py:218
                    loss:1.409722, finished 25.09%.                             
[13:55:17] INFO     Rank: 0 - Epoch:20/80, Batch:4,     progress_callback.py:218
                    loss:1.203376, finished 25.12%.                             
[13:55:29] INFO     Rank: 0 - Epoch:20/80, Batch:5,     progress_callback.py:218
                    loss:1.387475, finished 25.15%.                             
[13:55:41] INFO     Rank: 0 - Epoch:20/80, Batch:6,     progress_callback.py:218
                    loss:1.620898, finished 25.18%.                             
[13:55:53] INFO     Rank: 0 - Epoch:20/80, Batch:7,     progress_callback.py:218
                    loss:1.176786, finished 25.21%.                             
[13:56:04] INFO     Rank: 0 - Epoch:20/80, Batch:8,     progress_callback.py:218
                    loss:1.265461, finished 25.24%.                             
[13:56:13] INFO     Rank: 0 - Epoch:20/80, Batch:9,     progress_callback.py:218
                    loss:1.484497, finished 25.27%.                             
[13:56:24] INFO     Rank: 0 - Epoch:20/80, Batch:10,    progress_callback.py:218
                    loss:1.282551, finished 25.3%.                              
[13:56:36] INFO     Rank: 0 - Contrastive loss is                 callback.py:66
                    0.618913471698761, nll_loss is                              
                    0.7540111184120178                                          
[13:56:37] INFO     Rank: 0 - Epoch:20/80, Batch:11,    progress_callback.py:218
                    loss:1.445067, finished 25.33%.                             
[13:56:48] INFO     Rank: 0 - Epoch:20/80, Batch:12,    progress_callback.py:218
                    loss:1.398582, finished 25.36%.                             
[13:57:00] INFO     Rank: 0 - Epoch:20/80, Batch:13,    progress_callback.py:218
                    loss:1.35004, finished 25.39%.                              
[13:57:15] INFO     Rank: 0 - Epoch:20/80, Batch:14,    progress_callback.py:218
                    loss:1.62944, finished 25.42%.                              
[13:57:25] INFO     Rank: 0 - Epoch:20/80, Batch:15,    progress_callback.py:218
                    loss:1.09777, finished 25.45%.                              
[13:57:34] INFO     Rank: 0 - Epoch:20/80, Batch:16,    progress_callback.py:218
                    loss:1.39539, finished 25.48%.                              
[13:57:46] INFO     Rank: 0 - Epoch:20/80, Batch:17,    progress_callback.py:218
                    loss:1.519812, finished 25.51%.                             
[13:57:56] INFO     Rank: 0 - Epoch:20/80, Batch:18,    progress_callback.py:218
                    loss:1.280936, finished 25.54%.                             
[13:58:05] INFO     Rank: 0 - Epoch:20/80, Batch:19,    progress_callback.py:218
                    loss:1.37064, finished 25.57%.                              
[13:58:17] INFO     Rank: 0 - Epoch:20/80, Batch:20,    progress_callback.py:218
                    loss:1.353844, finished 25.6%.                              
[13:58:24] INFO     Rank: 0 - Contrastive loss is                 callback.py:66
                    0.604843693971634, nll_loss is                              
                    0.7607905328273773                                          
[13:58:27] INFO     Rank: 0 - Epoch:20/80, Batch:21,    progress_callback.py:218
                    loss:1.259888, finished 25.62%.                             
[13:58:37] INFO     Rank: 0 - Epoch:20/80, Batch:22,    progress_callback.py:218
                    loss:1.44822, finished 25.65%.                              
[13:58:50] INFO     Rank: 0 - Epoch:20/80, Batch:23,    progress_callback.py:218
                    loss:1.172861, finished 25.68%.                             
[13:59:00] INFO     Rank: 0 - Epoch:20/80, Batch:24,    progress_callback.py:218
                    loss:1.382049, finished 25.71%.                             
[13:59:17] INFO     Rank: 0 - Epoch:20/80, Batch:25,    progress_callback.py:218
                    loss:1.528889, finished 25.74%.                             
[13:59:29] INFO     Rank: 0 - Epoch:20/80, Batch:26,    progress_callback.py:218
                    loss:1.295478, finished 25.77%.                             
[13:59:41] INFO     Rank: 0 - Epoch:20/80, Batch:27,    progress_callback.py:218
                    loss:1.278546, finished 25.8%.                              
[13:59:52] INFO     Rank: 0 - Epoch:20/80, Batch:28,    progress_callback.py:218
                    loss:1.223689, finished 25.83%.                             
[14:00:01] INFO     Rank: 0 - Epoch:20/80, Batch:29,    progress_callback.py:218
                    loss:1.662006, finished 25.86%.                             
[14:00:14] INFO     Rank: 0 - Epoch:20/80, Batch:30,    progress_callback.py:218
                    loss:1.363876, finished 25.89%.                             
[14:00:25] INFO     Rank: 0 - Contrastive loss is                 callback.py:66
                    0.6021183997392654, nll_loss is                             
                    0.7615154832601547                                          
[14:00:27] INFO     Rank: 0 - Epoch:20/80, Batch:31,    progress_callback.py:218
                    loss:1.280726, finished 25.92%.                             
[14:00:39] INFO     Rank: 0 - Epoch:20/80, Batch:32,    progress_callback.py:218
                    loss:1.187094, finished 25.95%.                             
[14:00:53] INFO     Rank: 0 - Epoch:20/80, Batch:33,    progress_callback.py:218
                    loss:1.419581, finished 25.98%.                             
[14:01:06] INFO     Rank: 0 - Epoch:20/80, Batch:34,    progress_callback.py:218
                    loss:1.03724, finished 26.01%.                              
[14:01:21] INFO     Rank: 0 - Epoch:20/80, Batch:35,    progress_callback.py:218
                    loss:1.10558, finished 26.04%.                              
[14:01:36] INFO     Rank: 0 - Epoch:20/80, Batch:36,    progress_callback.py:218
                    loss:1.231177, finished 26.07%.                             
[14:01:46] INFO     Rank: 0 - Epoch:20/80, Batch:37,    progress_callback.py:218
                    loss:1.524893, finished 26.1%.                              
[14:01:55] INFO     Rank: 0 - Epoch:20/80, Batch:38,    progress_callback.py:218
                    loss:1.205561, finished 26.13%.                             
[14:02:05] INFO     Rank: 0 - Epoch:20/80, Batch:39,    progress_callback.py:218
                    loss:1.579652, finished 26.16%.                             
[14:02:16] INFO     Rank: 0 - Epoch:20/80, Batch:40,    progress_callback.py:218
                    loss:1.205376, finished 26.19%.                             
           INFO     Rank: 0 -                                   evaluator.py:317
                    **********Evaluation starts**********                       
[14:02:28] INFO     Rank: 0 - **********Evaluation              evaluator.py:349
                    ends**********                                              
                                                                                
           INFO     Rank: 0 - ----------Eval. results   progress_callback.py:233
                    on Epoch:20, Batch:40----------                             
           INFO     Rank: 0 -                           progress_callback.py:238
                    {"torch_ngram#ngram-overlap":                               
                    0.4531313180923462}                                         
 ============= save model at results/2023-03-27-11_17_48_518372/epoch-20_step-880.pt ============= 
save hyperparams in  results/2023-03-27-11_17_48_518372/hyperparams.txt
[14:02:39] INFO     Rank: 0 - Contrastive loss is                 callback.py:66
                    0.5945995926856995, nll_loss is                             
                    0.6788463711738586                                          
[14:02:40] INFO     Rank: 0 - Epoch:20/80, Batch:41,    progress_callback.py:218
                    loss:1.238304, finished 26.22%.                             
[14:02:43] INFO     Rank: 0 - Epoch:20/80, Batch:42,    progress_callback.py:218
                    loss:1.708725, finished 26.25%.                             
           INFO     Rank: 0 -                           progress_callback.py:204
                    **********Epoch:21 starts**********                         
[14:02:52] INFO     Rank: 0 - Epoch:21/80, Batch:1,     progress_callback.py:218
                    loss:1.239659, finished 26.28%.                             
[14:03:02] INFO     Rank: 0 - Epoch:21/80, Batch:2,     progress_callback.py:218
                    loss:1.47583, finished 26.31%.                              
[14:03:10] INFO     Rank: 0 - Epoch:21/80, Batch:3,     progress_callback.py:218
                    loss:1.710407, finished 26.34%.                             
[14:03:24] INFO     Rank: 0 - Epoch:21/80, Batch:4,     progress_callback.py:218
                    loss:1.373888, finished 26.37%.                             
[14:03:35] INFO     Rank: 0 - Epoch:21/80, Batch:5,     progress_callback.py:218
                    loss:1.513129, finished 26.4%.                              
[14:03:45] INFO     Rank: 0 - Epoch:21/80, Batch:6,     progress_callback.py:218
                    loss:1.323645, finished 26.43%.                             
[14:04:01] INFO     Rank: 0 - Epoch:21/80, Batch:7,     progress_callback.py:218
                    loss:1.357276, finished 26.46%.                             
[14:04:10] INFO     Rank: 0 - Epoch:21/80, Batch:8,     progress_callback.py:218
                    loss:1.519105, finished 26.49%.                             
[14:04:18] INFO     Rank: 0 - Contrastive loss is                 callback.py:66
                    0.6908912777900695, nll_loss is                             
                    0.7574161887168884                                          
[14:04:20] INFO     Rank: 0 - Epoch:21/80, Batch:9,     progress_callback.py:218
                    loss:1.261413, finished 26.52%.                             
[14:04:36] INFO     Rank: 0 - Epoch:21/80, Batch:10,    progress_callback.py:218
                    loss:1.135139, finished 26.55%.                             
[14:04:45] INFO     Rank: 0 - Epoch:21/80, Batch:11,    progress_callback.py:218
                    loss:1.554202, finished 26.58%.                             
[14:04:54] INFO     Rank: 0 - Epoch:21/80, Batch:12,    progress_callback.py:218
                    loss:1.341688, finished 26.61%.                             
[14:05:04] INFO     Rank: 0 - Epoch:21/80, Batch:13,    progress_callback.py:218
                    loss:1.452571, finished 26.64%.                             
[14:05:19] INFO     Rank: 0 - Epoch:21/80, Batch:14,    progress_callback.py:218
                    loss:1.117413, finished 26.67%.                             
[14:05:35] INFO     Rank: 0 - Epoch:21/80, Batch:15,    progress_callback.py:218
                    loss:1.55847, finished 26.7%.                               
[14:05:48] INFO     Rank: 0 - Epoch:21/80, Batch:16,    progress_callback.py:218
                    loss:1.273566, finished 26.73%.                             
[14:05:59] INFO     Rank: 0 - Epoch:21/80, Batch:17,    progress_callback.py:218
                    loss:1.063484, finished 26.76%.                             
[14:06:10] INFO     Rank: 0 - Epoch:21/80, Batch:18,    progress_callback.py:218
                    loss:1.282892, finished 26.79%.                             
[14:06:18] INFO     Rank: 0 - Contrastive loss is                 callback.py:66
                    0.5818417251110077, nll_loss is                             
                    0.7460444390773773                                          
[14:06:20] INFO     Rank: 0 - Epoch:21/80, Batch:19,    progress_callback.py:218
                    loss:1.499437, finished 26.82%.                             
[14:06:32] INFO     Rank: 0 - Epoch:21/80, Batch:20,    progress_callback.py:218
                    loss:1.191397, finished 26.85%.                             
[14:06:43] INFO     Rank: 0 - Epoch:21/80, Batch:21,    progress_callback.py:218
                    loss:1.017593, finished 26.88%.                             
[14:06:56] INFO     Rank: 0 - Epoch:21/80, Batch:22,    progress_callback.py:218
                    loss:1.41977, finished 26.9%.                               
[14:07:08] INFO     Rank: 0 - Epoch:21/80, Batch:23,    progress_callback.py:218
                    loss:1.47761, finished 26.93%.                              
[14:07:17] INFO     Rank: 0 - Epoch:21/80, Batch:24,    progress_callback.py:218
                    loss:1.401159, finished 26.96%.                             
[14:07:29] INFO     Rank: 0 - Epoch:21/80, Batch:25,    progress_callback.py:218
                    loss:1.539725, finished 26.99%.                             
[14:07:41] INFO     Rank: 0 - Epoch:21/80, Batch:26,    progress_callback.py:218
                    loss:1.540727, finished 27.02%.                             
[14:07:51] INFO     Rank: 0 - Epoch:21/80, Batch:27,    progress_callback.py:218
                    loss:1.422487, finished 27.05%.                             
[14:08:03] INFO     Rank: 0 - Epoch:21/80, Batch:28,    progress_callback.py:218
                    loss:1.534064, finished 27.08%.                             
[14:08:09] INFO     Rank: 0 - Contrastive loss is                 callback.py:66
                    0.6490725368261338, nll_loss is                             
                    0.7521356612443924                                          
[14:08:15] INFO     Rank: 0 - Epoch:21/80, Batch:29,    progress_callback.py:218
                    loss:1.46755, finished 27.11%.                              
[14:08:25] INFO     Rank: 0 - Epoch:21/80, Batch:30,    progress_callback.py:218
                    loss:1.411503, finished 27.14%.                             
[14:08:36] INFO     Rank: 0 - Epoch:21/80, Batch:31,    progress_callback.py:218
                    loss:1.308082, finished 27.17%.                             
[14:08:48] INFO     Rank: 0 - Epoch:21/80, Batch:32,    progress_callback.py:218
                    loss:1.339858, finished 27.2%.                              
[14:08:57] INFO     Rank: 0 - Epoch:21/80, Batch:33,    progress_callback.py:218
                    loss:1.600117, finished 27.23%.                             
[14:09:12] INFO     Rank: 0 - Epoch:21/80, Batch:34,    progress_callback.py:218
                    loss:1.333713, finished 27.26%.                             
[14:09:22] INFO     Rank: 0 - Epoch:21/80, Batch:35,    progress_callback.py:218
                    loss:1.373674, finished 27.29%.                             
[14:09:34] INFO     Rank: 0 - Epoch:21/80, Batch:36,    progress_callback.py:218
                    loss:1.68188, finished 27.32%.                              
[14:09:48] INFO     Rank: 0 - Epoch:21/80, Batch:37,    progress_callback.py:218
                    loss:1.395182, finished 27.35%.                             
[14:09:58] INFO     Rank: 0 - Epoch:21/80, Batch:38,    progress_callback.py:218
                    loss:1.283763, finished 27.38%.                             
           INFO     Rank: 0 -                                   evaluator.py:317
                    **********Evaluation starts**********                       
[14:10:11] INFO     Rank: 0 - **********Evaluation              evaluator.py:349
                    ends**********                                              
                                                                                
           INFO     Rank: 0 - ----------Eval. results   progress_callback.py:233
                    on Epoch:21, Batch:38----------                             
           INFO     Rank: 0 -                           progress_callback.py:238
                    {"torch_ngram#ngram-overlap":                               
                    0.44780203700065613}                                        
[14:10:19] INFO     Rank: 0 - Contrastive loss is                 callback.py:66
                    0.6598233461380005, nll_loss is                             
                    0.72235187292099                                            
[14:10:22] INFO     Rank: 0 - Epoch:21/80, Batch:39,    progress_callback.py:218
                    loss:1.093981, finished 27.41%.                             
[14:10:33] INFO     Rank: 0 - Epoch:21/80, Batch:40,    progress_callback.py:218
                    loss:1.421378, finished 27.44%.                             
[14:10:46] INFO     Rank: 0 - Epoch:21/80, Batch:41,    progress_callback.py:218
                    loss:1.202782, finished 27.47%.                             
[14:10:50] INFO     Rank: 0 - Epoch:21/80, Batch:42,    progress_callback.py:218
                    loss:1.520092, finished 27.5%.                              
           INFO     Rank: 0 -                           progress_callback.py:204
                    **********Epoch:22 starts**********                         
[14:10:58] INFO     Rank: 0 - Epoch:22/80, Batch:1,     progress_callback.py:218
                    loss:1.506723, finished 27.53%.                             
[14:11:07] INFO     Rank: 0 - Epoch:22/80, Batch:2,     progress_callback.py:218
                    loss:1.410357, finished 27.56%.                             
[14:11:17] INFO     Rank: 0 - Epoch:22/80, Batch:3,     progress_callback.py:218
                    loss:1.23401, finished 27.59%.                              
[14:11:31] INFO     Rank: 0 - Epoch:22/80, Batch:4,     progress_callback.py:218
                    loss:1.357745, finished 27.62%.                             
[14:11:52] INFO     Rank: 0 - Epoch:22/80, Batch:5,     progress_callback.py:218
                    loss:1.486109, finished 27.65%.                             
[14:12:02] INFO     Rank: 0 - Epoch:22/80, Batch:6,     progress_callback.py:218
                    loss:1.244709, finished 27.68%.                             
[14:12:22] INFO     Rank: 0 - Contrastive loss is                 callback.py:66
                    0.62565898001194, nll_loss is                               
                    0.7291853636503219                                          
[14:12:26] INFO     Rank: 0 - Epoch:22/80, Batch:7,     progress_callback.py:218
                    loss:1.164538, finished 27.71%.                             
[14:12:43] INFO     Rank: 0 - Epoch:22/80, Batch:8,     progress_callback.py:218
                    loss:1.346652, finished 27.74%.                             
[14:13:02] INFO     Rank: 0 - Epoch:22/80, Batch:9,     progress_callback.py:218
                    loss:1.437746, finished 27.77%.                             
[14:13:23] INFO     Rank: 0 - Epoch:22/80, Batch:10,    progress_callback.py:218
                    loss:1.310777, finished 27.8%.                              
[14:13:40] INFO     Rank: 0 - Epoch:22/80, Batch:11,    progress_callback.py:218
                    loss:1.524133, finished 27.83%.                             
[14:13:55] INFO     Rank: 0 - Epoch:22/80, Batch:12,    progress_callback.py:218
                    loss:1.078367, finished 27.86%.                             
[14:14:06] INFO     Rank: 0 - Epoch:22/80, Batch:13,    progress_callback.py:218
                    loss:1.563316, finished 27.89%.                             
[14:14:17] INFO     Rank: 0 - Epoch:22/80, Batch:14,    progress_callback.py:218
                    loss:1.276668, finished 27.92%.                             
[14:14:27] INFO     Rank: 0 - Epoch:22/80, Batch:15,    progress_callback.py:218
                    loss:1.216287, finished 27.95%.                             
[14:14:37] INFO     Rank: 0 - Epoch:22/80, Batch:16,    progress_callback.py:218
                    loss:1.331275, finished 27.98%.                             
[14:14:45] INFO     Rank: 0 - Contrastive loss is                 callback.py:66
                    0.6162302315235137, nll_loss is                             
                    0.738469523191452                                           
[14:14:50] INFO     Rank: 0 - Epoch:22/80, Batch:17,    progress_callback.py:218
                    loss:1.461775, finished 28.01%.                             
[14:15:02] INFO     Rank: 0 - Epoch:22/80, Batch:18,    progress_callback.py:218
                    loss:1.330796, finished 28.04%.                             
[14:15:17] INFO     Rank: 0 - Epoch:22/80, Batch:19,    progress_callback.py:218
                    loss:1.344942, finished 28.07%.                             
[14:15:29] INFO     Rank: 0 - Epoch:22/80, Batch:20,    progress_callback.py:218
                    loss:1.184757, finished 28.1%.                              
[14:15:40] INFO     Rank: 0 - Epoch:22/80, Batch:21,    progress_callback.py:218
                    loss:1.398677, finished 28.12%.                             
[14:15:53] INFO     Rank: 0 - Epoch:22/80, Batch:22,    progress_callback.py:218
                    loss:1.208601, finished 28.15%.                             
[14:16:03] INFO     Rank: 0 - Epoch:22/80, Batch:23,    progress_callback.py:218
                    loss:1.211042, finished 28.18%.                             
[14:16:15] INFO     Rank: 0 - Epoch:22/80, Batch:24,    progress_callback.py:218
                    loss:1.338799, finished 28.21%.                             
[14:16:29] INFO     Rank: 0 - Epoch:22/80, Batch:25,    progress_callback.py:218
                    loss:1.419914, finished 28.24%.                             
[14:16:39] INFO     Rank: 0 - Epoch:22/80, Batch:26,    progress_callback.py:218
                    loss:1.167077, finished 28.27%.                             
[14:16:46] INFO     Rank: 0 - Contrastive loss is                 callback.py:66
                    0.6347897917032241, nll_loss is                             
                    0.6806009620428085                                          
[14:16:49] INFO     Rank: 0 - Epoch:22/80, Batch:27,    progress_callback.py:218
                    loss:1.549303, finished 28.3%.                              
[14:17:04] INFO     Rank: 0 - Epoch:22/80, Batch:28,    progress_callback.py:218
                    loss:1.336563, finished 28.33%.                             
[14:17:14] INFO     Rank: 0 - Epoch:22/80, Batch:29,    progress_callback.py:218
                    loss:1.498533, finished 28.36%.                             
[14:17:27] INFO     Rank: 0 - Epoch:22/80, Batch:30,    progress_callback.py:218
                    loss:1.210653, finished 28.39%.                             
[14:17:37] INFO     Rank: 0 - Epoch:22/80, Batch:31,    progress_callback.py:218
                    loss:1.181393, finished 28.42%.                             
[14:17:54] INFO     Rank: 0 - Epoch:22/80, Batch:32,    progress_callback.py:218
                    loss:1.233646, finished 28.45%.                             
[14:18:09] INFO     Rank: 0 - Epoch:22/80, Batch:33,    progress_callback.py:218
                    loss:1.266437, finished 28.48%.                             
[14:18:19] INFO     Rank: 0 - Epoch:22/80, Batch:34,    progress_callback.py:218
                    loss:1.446278, finished 28.51%.                             
[14:18:30] INFO     Rank: 0 - Epoch:22/80, Batch:35,    progress_callback.py:218
                    loss:1.533018, finished 28.54%.                             
[14:18:43] INFO     Rank: 0 - Epoch:22/80, Batch:36,    progress_callback.py:218
                    loss:1.477208, finished 28.57%.                             
           INFO     Rank: 0 -                                   evaluator.py:317
                    **********Evaluation starts**********                       
[14:18:56] INFO     Rank: 0 - **********Evaluation              evaluator.py:349
                    ends**********                                              
                                                                                
           INFO     Rank: 0 - ----------Eval. results   progress_callback.py:233
                    on Epoch:22, Batch:36----------                             
           INFO     Rank: 0 -                           progress_callback.py:238
                    {"torch_ngram#ngram-overlap":                               
                    0.45109644532203674}                                        
[14:19:04] INFO     Rank: 0 - Contrastive loss is                 callback.py:66
                    0.6304699540138244, nll_loss is                             
                    0.6859444320201874                                          
[14:19:12] INFO     Rank: 0 - Epoch:22/80, Batch:37,    progress_callback.py:218
                    loss:0.980416, finished 28.6%.                              
[14:19:24] INFO     Rank: 0 - Epoch:22/80, Batch:38,    progress_callback.py:218
                    loss:1.365028, finished 28.63%.                             
[14:19:37] INFO     Rank: 0 - Epoch:22/80, Batch:39,    progress_callback.py:218
                    loss:1.165617, finished 28.66%.                             
[14:19:48] INFO     Rank: 0 - Epoch:22/80, Batch:40,    progress_callback.py:218
                    loss:1.453617, finished 28.69%.                             
[14:19:56] INFO     Rank: 0 - Epoch:22/80, Batch:41,    progress_callback.py:218
                    loss:1.611907, finished 28.72%.                             
[14:19:59] INFO     Rank: 0 - Epoch:22/80, Batch:42,    progress_callback.py:218
                    loss:1.255655, finished 28.75%.                             
           INFO     Rank: 0 -                           progress_callback.py:204
                    **********Epoch:23 starts**********                         
[14:20:25] INFO     Rank: 0 - Epoch:23/80, Batch:1,     progress_callback.py:218
                    loss:1.040306, finished 28.78%.                             
[14:20:40] INFO     Rank: 0 - Epoch:23/80, Batch:2,     progress_callback.py:218
                    loss:1.092941, finished 28.81%.                             
[14:20:50] INFO     Rank: 0 - Epoch:23/80, Batch:3,     progress_callback.py:218
                    loss:1.210026, finished 28.84%.                             
[14:20:59] INFO     Rank: 0 - Epoch:23/80, Batch:4,     progress_callback.py:218
                    loss:1.465129, finished 28.87%.                             
[14:21:05] INFO     Rank: 0 - Contrastive loss is                 callback.py:66
                    0.5918385833501816, nll_loss is                             
                    0.7025623470544815                                          
[14:21:09] INFO     Rank: 0 - Epoch:23/80, Batch:5,     progress_callback.py:218
                    loss:1.283784, finished 28.9%.                              
[14:21:23] INFO     Rank: 0 - Epoch:23/80, Batch:6,     progress_callback.py:218
                    loss:1.316662, finished 28.93%.                             
[14:21:38] INFO     Rank: 0 - Epoch:23/80, Batch:7,     progress_callback.py:218
                    loss:1.108299, finished 28.96%.                             
[14:21:47] INFO     Rank: 0 - Epoch:23/80, Batch:8,     progress_callback.py:218
                    loss:1.374354, finished 28.99%.                             
[14:21:58] INFO     Rank: 0 - Epoch:23/80, Batch:9,     progress_callback.py:218
                    loss:1.45994, finished 29.02%.                              
[14:22:09] INFO     Rank: 0 - Epoch:23/80, Batch:10,    progress_callback.py:218
                    loss:1.151023, finished 29.05%.                             
[14:22:22] INFO     Rank: 0 - Epoch:23/80, Batch:11,    progress_callback.py:218
                    loss:1.538615, finished 29.08%.                             
[14:22:33] INFO     Rank: 0 - Epoch:23/80, Batch:12,    progress_callback.py:218
                    loss:1.454804, finished 29.11%.                             
[14:22:45] INFO     Rank: 0 - Epoch:23/80, Batch:13,    progress_callback.py:218
                    loss:1.456106, finished 29.14%.                             
[14:22:57] INFO     Rank: 0 - Epoch:23/80, Batch:14,    progress_callback.py:218
                    loss:1.211264, finished 29.17%.                             
[14:23:06] INFO     Rank: 0 - Contrastive loss is                 callback.py:66
                    0.6245577096939087, nll_loss is                             
                    0.7142832636833191                                          
[14:23:08] INFO     Rank: 0 - Epoch:23/80, Batch:15,    progress_callback.py:218
                    loss:1.317342, finished 29.2%.                              
[14:23:19] INFO     Rank: 0 - Epoch:23/80, Batch:16,    progress_callback.py:218
                    loss:1.201074, finished 29.23%.                             
[14:23:28] INFO     Rank: 0 - Epoch:23/80, Batch:17,    progress_callback.py:218
                    loss:1.548559, finished 29.26%.                             
[14:23:37] INFO     Rank: 0 - Epoch:23/80, Batch:18,    progress_callback.py:218
                    loss:1.438728, finished 29.29%.                             
[14:23:48] INFO     Rank: 0 - Epoch:23/80, Batch:19,    progress_callback.py:218
                    loss:1.172984, finished 29.32%.                             
[14:23:56] INFO     Rank: 0 - Epoch:23/80, Batch:20,    progress_callback.py:218
                    loss:1.547983, finished 29.35%.                             
[14:24:07] INFO     Rank: 0 - Epoch:23/80, Batch:21,    progress_callback.py:218
                    loss:1.393712, finished 29.38%.                             
[14:24:21] INFO     Rank: 0 - Epoch:23/80, Batch:22,    progress_callback.py:218
                    loss:1.183005, finished 29.4%.                              
[14:24:31] INFO     Rank: 0 - Epoch:23/80, Batch:23,    progress_callback.py:218
                    loss:1.762456, finished 29.43%.                             
[14:24:41] INFO     Rank: 0 - Epoch:23/80, Batch:24,    progress_callback.py:218
                    loss:1.380742, finished 29.46%.                             
[14:24:50] INFO     Rank: 0 - Contrastive loss is                 callback.py:66
                    0.6578003644943238, nll_loss is                             
                    0.7350594997406006                                          
[14:24:58] INFO     Rank: 0 - Epoch:23/80, Batch:25,    progress_callback.py:218
                    loss:1.299354, finished 29.49%.                             
[14:25:08] INFO     Rank: 0 - Epoch:23/80, Batch:26,    progress_callback.py:218
                    loss:1.258723, finished 29.52%.                             
[14:25:17] INFO     Rank: 0 - Epoch:23/80, Batch:27,    progress_callback.py:218
                    loss:1.340601, finished 29.55%.                             
[14:25:34] INFO     Rank: 0 - Epoch:23/80, Batch:28,    progress_callback.py:218
                    loss:1.572911, finished 29.58%.                             
[14:25:44] INFO     Rank: 0 - Epoch:23/80, Batch:29,    progress_callback.py:218
                    loss:1.140934, finished 29.61%.                             
[14:25:56] INFO     Rank: 0 - Epoch:23/80, Batch:30,    progress_callback.py:218
                    loss:1.374761, finished 29.64%.                             
[14:26:09] INFO     Rank: 0 - Epoch:23/80, Batch:31,    progress_callback.py:218
                    loss:1.290164, finished 29.67%.                             
[14:26:22] INFO     Rank: 0 - Epoch:23/80, Batch:32,    progress_callback.py:218
                    loss:1.146072, finished 29.7%.                              
[14:26:34] INFO     Rank: 0 - Epoch:23/80, Batch:33,    progress_callback.py:218
                    loss:1.391089, finished 29.73%.                             
[14:26:44] INFO     Rank: 0 - Epoch:23/80, Batch:34,    progress_callback.py:218
                    loss:1.339574, finished 29.76%.                             
           INFO     Rank: 0 -                                   evaluator.py:317
                    **********Evaluation starts**********                       
[14:26:57] INFO     Rank: 0 - **********Evaluation              evaluator.py:349
                    ends**********                                              
                                                                                
           INFO     Rank: 0 - ----------Eval. results   progress_callback.py:233
                    on Epoch:23, Batch:34----------                             
           INFO     Rank: 0 -                           progress_callback.py:238
                    {"torch_ngram#ngram-overlap":                               
                    0.4512493312358856}                                         
[14:27:07] INFO     Rank: 0 - Contrastive loss is                 callback.py:66
                    0.5879900693893433, nll_loss is                             
                    0.7292519330978393                                          
           INFO     Rank: 0 - Epoch:23/80, Batch:35,    progress_callback.py:218
                    loss:1.317592, finished 29.79%.                             
[14:27:17] INFO     Rank: 0 - Epoch:23/80, Batch:36,    progress_callback.py:218
                    loss:1.046064, finished 29.82%.                             
[14:27:28] INFO     Rank: 0 - Epoch:23/80, Batch:37,    progress_callback.py:218
                    loss:1.429747, finished 29.85%.                             
[14:27:44] INFO     Rank: 0 - Epoch:23/80, Batch:38,    progress_callback.py:218
                    loss:1.255352, finished 29.88%.                             
[14:27:54] INFO     Rank: 0 - Epoch:23/80, Batch:39,    progress_callback.py:218
                    loss:1.348271, finished 29.91%.                             
[14:28:05] INFO     Rank: 0 - Epoch:23/80, Batch:40,    progress_callback.py:218
                    loss:1.166529, finished 29.94%.                             
[14:28:16] INFO     Rank: 0 - Epoch:23/80, Batch:41,    progress_callback.py:218
                    loss:1.187681, finished 29.97%.                             
[14:28:19] INFO     Rank: 0 - Epoch:23/80, Batch:42,    progress_callback.py:218
                    loss:1.378141, finished 30.0%.                              
           INFO     Rank: 0 -                           progress_callback.py:204
                    **********Epoch:24 starts**********                         
[14:28:32] INFO     Rank: 0 - Epoch:24/80, Batch:1,     progress_callback.py:218
                    loss:1.444061, finished 30.03%.                             
[14:28:47] INFO     Rank: 0 - Epoch:24/80, Batch:2,     progress_callback.py:218
                    loss:1.064843, finished 30.06%.                             
[14:28:56] INFO     Rank: 0 - Contrastive loss is                 callback.py:66
                    0.639628404378891, nll_loss is                              
                    0.6206505239009857                                          
[14:28:58] INFO     Rank: 0 - Epoch:24/80, Batch:3,     progress_callback.py:218
                    loss:1.282101, finished 30.09%.                             
[14:29:10] INFO     Rank: 0 - Epoch:24/80, Batch:4,     progress_callback.py:218
                    loss:1.38715, finished 30.12%.                              
[14:29:24] INFO     Rank: 0 - Epoch:24/80, Batch:5,     progress_callback.py:218
                    loss:1.13452, finished 30.15%.                              
[14:29:40] INFO     Rank: 0 - Epoch:24/80, Batch:6,     progress_callback.py:218
                    loss:1.314202, finished 30.18%.                             
[14:29:56] INFO     Rank: 0 - Epoch:24/80, Batch:7,     progress_callback.py:218
                    loss:1.431538, finished 30.21%.                             
[14:30:07] INFO     Rank: 0 - Epoch:24/80, Batch:8,     progress_callback.py:218
                    loss:1.176498, finished 30.24%.                             
[14:30:18] INFO     Rank: 0 - Epoch:24/80, Batch:9,     progress_callback.py:218
                    loss:1.565651, finished 30.27%.                             
[14:30:29] INFO     Rank: 0 - Epoch:24/80, Batch:10,    progress_callback.py:218
                    loss:1.624137, finished 30.3%.                              
[14:30:43] INFO     Rank: 0 - Epoch:24/80, Batch:11,    progress_callback.py:218
                    loss:1.42755, finished 30.33%.                              
[14:30:53] INFO     Rank: 0 - Epoch:24/80, Batch:12,    progress_callback.py:218
                    loss:1.270994, finished 30.36%.                             
[14:31:03] INFO     Rank: 0 - Contrastive loss is                 callback.py:66
                    0.6360266000032425, nll_loss is                             
                    0.7429689854383469                                          
[14:31:08] INFO     Rank: 0 - Epoch:24/80, Batch:13,    progress_callback.py:218
                    loss:1.457716, finished 30.39%.                             
[14:31:17] INFO     Rank: 0 - Epoch:24/80, Batch:14,    progress_callback.py:218
                    loss:1.480691, finished 30.42%.                             
[14:31:28] INFO     Rank: 0 - Epoch:24/80, Batch:15,    progress_callback.py:218
                    loss:1.454916, finished 30.45%.                             
[14:31:38] INFO     Rank: 0 - Epoch:24/80, Batch:16,    progress_callback.py:218
                    loss:1.424509, finished 30.48%.                             
[14:31:50] INFO     Rank: 0 - Epoch:24/80, Batch:17,    progress_callback.py:218
                    loss:1.426461, finished 30.51%.                             
[14:32:05] INFO     Rank: 0 - Epoch:24/80, Batch:18,    progress_callback.py:218
                    loss:1.237066, finished 30.54%.                             
[14:32:18] INFO     Rank: 0 - Epoch:24/80, Batch:19,    progress_callback.py:218
                    loss:1.294114, finished 30.57%.                             
[14:32:28] INFO     Rank: 0 - Epoch:24/80, Batch:20,    progress_callback.py:218
                    loss:1.054911, finished 30.6%.                              
[14:32:38] INFO     Rank: 0 - Epoch:24/80, Batch:21,    progress_callback.py:218
                    loss:1.30703, finished 30.63%.                              
[14:32:51] INFO     Rank: 0 - Epoch:24/80, Batch:22,    progress_callback.py:218
                    loss:1.088069, finished 30.65%.                             
[14:32:55] INFO     Rank: 0 - Contrastive loss is                 callback.py:66
                    0.6014339178800583, nll_loss is                             
                    0.7333146959543229                                          
[14:33:01] INFO     Rank: 0 - Epoch:24/80, Batch:23,    progress_callback.py:218
                    loss:1.579718, finished 30.68%.                             
[14:33:09] INFO     Rank: 0 - Epoch:24/80, Batch:24,    progress_callback.py:218
                    loss:1.340365, finished 30.71%.                             
[14:33:18] INFO     Rank: 0 - Epoch:24/80, Batch:25,    progress_callback.py:218
                    loss:1.543738, finished 30.74%.                             
[14:33:31] INFO     Rank: 0 - Epoch:24/80, Batch:26,    progress_callback.py:218
                    loss:1.341394, finished 30.77%.                             
[14:33:43] INFO     Rank: 0 - Epoch:24/80, Batch:27,    progress_callback.py:218
                    loss:1.279417, finished 30.8%.                              
[14:33:57] INFO     Rank: 0 - Epoch:24/80, Batch:28,    progress_callback.py:218
                    loss:1.67889, finished 30.83%.                              
[14:34:10] INFO     Rank: 0 - Epoch:24/80, Batch:29,    progress_callback.py:218
                    loss:1.330313, finished 30.86%.                             
[14:34:20] INFO     Rank: 0 - Epoch:24/80, Batch:30,    progress_callback.py:218
                    loss:1.159809, finished 30.89%.                             
[14:34:36] INFO     Rank: 0 - Epoch:24/80, Batch:31,    progress_callback.py:218
                    loss:1.416822, finished 30.92%.                             
[14:34:47] INFO     Rank: 0 - Epoch:24/80, Batch:32,    progress_callback.py:218
                    loss:1.476223, finished 30.95%.                             
           INFO     Rank: 0 -                                   evaluator.py:317
                    **********Evaluation starts**********                       
[14:34:59] INFO     Rank: 0 - **********Evaluation              evaluator.py:349
                    ends**********                                              
                                                                                
           INFO     Rank: 0 - ----------Eval. results   progress_callback.py:233
                    on Epoch:24, Batch:32----------                             
           INFO     Rank: 0 -                           progress_callback.py:238
                    {"torch_ngram#ngram-overlap":                               
                    0.45234379172325134}                                        
[14:35:07] INFO     Rank: 0 - Contrastive loss is                 callback.py:66
                    0.6556031167507171, nll_loss is                             
                    0.7428946554660797                                          
[14:35:09] INFO     Rank: 0 - Epoch:24/80, Batch:33,    progress_callback.py:218
                    loss:1.418007, finished 30.98%.                             
[14:35:21] INFO     Rank: 0 - Epoch:24/80, Batch:34,    progress_callback.py:218
                    loss:1.469713, finished 31.01%.                             
[14:35:34] INFO     Rank: 0 - Epoch:24/80, Batch:35,    progress_callback.py:218
                    loss:1.325475, finished 31.04%.                             
[14:35:43] INFO     Rank: 0 - Epoch:24/80, Batch:36,    progress_callback.py:218
                    loss:1.409504, finished 31.07%.                             
[14:35:57] INFO     Rank: 0 - Epoch:24/80, Batch:37,    progress_callback.py:218
                    loss:1.22546, finished 31.1%.                               
[14:36:06] INFO     Rank: 0 - Epoch:24/80, Batch:38,    progress_callback.py:218
                    loss:1.593662, finished 31.13%.                             
[14:36:22] INFO     Rank: 0 - Epoch:24/80, Batch:39,    progress_callback.py:218
                    loss:1.337798, finished 31.16%.                             
[14:36:48] INFO     Rank: 0 - Epoch:24/80, Batch:40,    progress_callback.py:218
                    loss:1.047036, finished 31.19%.                             
[14:37:12] INFO     Rank: 0 - Epoch:24/80, Batch:41,    progress_callback.py:218
                    loss:1.386681, finished 31.22%.                             
[14:37:19] INFO     Rank: 0 - Epoch:24/80, Batch:42,    progress_callback.py:218
                    loss:2.050513, finished 31.25%.                             
           INFO     Rank: 0 -                           progress_callback.py:204
                    **********Epoch:25 starts**********                         
[14:37:31] INFO     Rank: 0 - Contrastive loss is                 callback.py:66
                    0.7058375477790833, nll_loss is                             
                    0.7088381528854371                                          
[14:37:32] INFO     Rank: 0 - Epoch:25/80, Batch:1,     progress_callback.py:218
                    loss:1.300914, finished 31.28%.                             
[14:38:03] INFO     Rank: 0 - Epoch:25/80, Batch:2,     progress_callback.py:218
                    loss:1.398804, finished 31.31%.                             
[14:38:23] INFO     Rank: 0 - Epoch:25/80, Batch:3,     progress_callback.py:218
                    loss:1.1274, finished 31.34%.                               
[14:38:34] INFO     Rank: 0 - Epoch:25/80, Batch:4,     progress_callback.py:218
                    loss:1.376832, finished 31.37%.                             
[14:38:46] INFO     Rank: 0 - Epoch:25/80, Batch:5,     progress_callback.py:218
                    loss:1.47408, finished 31.4%.                               
[14:38:59] INFO     Rank: 0 - Epoch:25/80, Batch:6,     progress_callback.py:218
                    loss:1.538876, finished 31.43%.                             
[14:39:14] INFO     Rank: 0 - Epoch:25/80, Batch:7,     progress_callback.py:218
                    loss:1.135168, finished 31.46%.                             
[14:39:26] INFO     Rank: 0 - Epoch:25/80, Batch:8,     progress_callback.py:218
                    loss:1.50021, finished 31.49%.                              
[14:39:37] INFO     Rank: 0 - Epoch:25/80, Batch:9,     progress_callback.py:218
                    loss:1.345853, finished 31.52%.                             
[14:39:51] INFO     Rank: 0 - Epoch:25/80, Batch:10,    progress_callback.py:218
                    loss:1.442629, finished 31.55%.                             
[14:39:58] INFO     Rank: 0 - Contrastive loss is                 callback.py:66
                    0.6471566200256348, nll_loss is                             
                    0.7043014526367187                                          
[14:40:01] INFO     Rank: 0 - Epoch:25/80, Batch:11,    progress_callback.py:218
                    loss:1.174729, finished 31.58%.                             
[14:40:14] INFO     Rank: 0 - Epoch:25/80, Batch:12,    progress_callback.py:218
                    loss:1.307363, finished 31.61%.                             
[14:40:27] INFO     Rank: 0 - Epoch:25/80, Batch:13,    progress_callback.py:218
                    loss:1.154298, finished 31.64%.                             
[14:40:42] INFO     Rank: 0 - Epoch:25/80, Batch:14,    progress_callback.py:218
                    loss:1.485103, finished 31.67%.                             
[14:40:56] INFO     Rank: 0 - Epoch:25/80, Batch:15,    progress_callback.py:218
                    loss:1.185229, finished 31.7%.                              
[14:41:06] INFO     Rank: 0 - Epoch:25/80, Batch:16,    progress_callback.py:218
                    loss:1.29322, finished 31.73%.                              
[14:41:18] INFO     Rank: 0 - Epoch:25/80, Batch:17,    progress_callback.py:218
                    loss:1.27099, finished 31.76%.                              
[14:41:30] INFO     Rank: 0 - Epoch:25/80, Batch:18,    progress_callback.py:218
                    loss:1.244169, finished 31.79%.                             
[14:41:42] INFO     Rank: 0 - Epoch:25/80, Batch:19,    progress_callback.py:218
                    loss:1.269384, finished 31.82%.                             
[14:42:02] INFO     Rank: 0 - Epoch:25/80, Batch:20,    progress_callback.py:218
                    loss:1.684179, finished 31.85%.                             
[14:42:11] INFO     Rank: 0 - Contrastive loss is                 callback.py:66
                    0.6398221015930176, nll_loss is                             
                    0.67092524766922                                            
           INFO     Rank: 0 - Epoch:25/80, Batch:21,    progress_callback.py:218
                    loss:1.213538, finished 31.87%.                             
[14:42:23] INFO     Rank: 0 - Epoch:25/80, Batch:22,    progress_callback.py:218
                    loss:1.274467, finished 31.9%.                              
[14:42:36] INFO     Rank: 0 - Epoch:25/80, Batch:23,    progress_callback.py:218
                    loss:0.978253, finished 31.93%.                             
[14:42:47] INFO     Rank: 0 - Epoch:25/80, Batch:24,    progress_callback.py:218
                    loss:1.385103, finished 31.96%.                             
[14:42:56] INFO     Rank: 0 - Epoch:25/80, Batch:25,    progress_callback.py:218
                    loss:1.24313, finished 31.99%.                              
[14:43:06] INFO     Rank: 0 - Epoch:25/80, Batch:26,    progress_callback.py:218
                    loss:1.354816, finished 32.02%.                             
[14:43:16] INFO     Rank: 0 - Epoch:25/80, Batch:27,    progress_callback.py:218
                    loss:1.364396, finished 32.05%.                             
[14:43:26] INFO     Rank: 0 - Epoch:25/80, Batch:28,    progress_callback.py:218
                    loss:1.423155, finished 32.08%.                             
[14:43:41] INFO     Rank: 0 - Epoch:25/80, Batch:29,    progress_callback.py:218
                    loss:1.844804, finished 32.11%.                             
[14:43:51] INFO     Rank: 0 - Epoch:25/80, Batch:30,    progress_callback.py:218
                    loss:1.160376, finished 32.14%.                             
           INFO     Rank: 0 -                                   evaluator.py:317
                    **********Evaluation starts**********                       
[14:44:03] INFO     Rank: 0 - **********Evaluation              evaluator.py:349
                    ends**********                                              
                                                                                
           INFO     Rank: 0 - ----------Eval. results   progress_callback.py:233
                    on Epoch:25, Batch:30----------                             
           INFO     Rank: 0 -                           progress_callback.py:238
                    {"torch_ngram#ngram-overlap":                               
                    0.45133715867996216}                                        
[14:44:16] INFO     Rank: 0 - Contrastive loss is                 callback.py:66
                    0.6352986037731171, nll_loss is                             
                    0.7219594538211822                                          
[14:44:17] INFO     Rank: 0 - Epoch:25/80, Batch:31,    progress_callback.py:218
                    loss:1.54408, finished 32.17%.                              
[14:44:28] INFO     Rank: 0 - Epoch:25/80, Batch:32,    progress_callback.py:218
                    loss:1.362791, finished 32.2%.                              
[14:44:42] INFO     Rank: 0 - Epoch:25/80, Batch:33,    progress_callback.py:218
                    loss:1.485115, finished 32.23%.                             
[14:44:54] INFO     Rank: 0 - Epoch:25/80, Batch:34,    progress_callback.py:218
                    loss:1.5421, finished 32.26%.                               
[14:45:05] INFO     Rank: 0 - Epoch:25/80, Batch:35,    progress_callback.py:218
                    loss:1.18443, finished 32.29%.                              
[14:45:16] INFO     Rank: 0 - Epoch:25/80, Batch:36,    progress_callback.py:218
                    loss:1.530203, finished 32.32%.                             
[14:45:27] INFO     Rank: 0 - Epoch:25/80, Batch:37,    progress_callback.py:218
                    loss:1.122859, finished 32.35%.                             
[14:45:45] INFO     Rank: 0 - Epoch:25/80, Batch:38,    progress_callback.py:218
                    loss:1.452745, finished 32.38%.                             
[14:45:59] INFO     Rank: 0 - Epoch:25/80, Batch:39,    progress_callback.py:218
                    loss:1.046115, finished 32.41%.                             
[14:46:09] INFO     Rank: 0 - Epoch:25/80, Batch:40,    progress_callback.py:218
                    loss:1.104091, finished 32.44%.                             
[14:46:15] INFO     Rank: 0 - Contrastive loss is                 callback.py:66
                    0.6410310924053192, nll_loss is                             
                    0.6580488741397857                                          
[14:46:21] INFO     Rank: 0 - Epoch:25/80, Batch:41,    progress_callback.py:218
                    loss:1.16035, finished 32.47%.                              
[14:46:24] INFO     Rank: 0 - Epoch:25/80, Batch:42,    progress_callback.py:218
                    loss:1.472818, finished 32.5%.                              
           INFO     Rank: 0 -                           progress_callback.py:204
                    **********Epoch:26 starts**********                         
[14:46:34] INFO     Rank: 0 - Epoch:26/80, Batch:1,     progress_callback.py:218
                    loss:1.306641, finished 32.53%.                             
[14:46:46] INFO     Rank: 0 - Epoch:26/80, Batch:2,     progress_callback.py:218
                    loss:1.119206, finished 32.56%.                             
[14:46:58] INFO     Rank: 0 - Epoch:26/80, Batch:3,     progress_callback.py:218
                    loss:1.163764, finished 32.59%.                             
[14:47:08] INFO     Rank: 0 - Epoch:26/80, Batch:4,     progress_callback.py:218
                    loss:1.132718, finished 32.62%.                             
[14:47:20] INFO     Rank: 0 - Epoch:26/80, Batch:5,     progress_callback.py:218
                    loss:1.206658, finished 32.65%.                             
[14:47:32] INFO     Rank: 0 - Epoch:26/80, Batch:6,     progress_callback.py:218
                    loss:1.343048, finished 32.68%.                             
[14:47:47] INFO     Rank: 0 - Epoch:26/80, Batch:7,     progress_callback.py:218
                    loss:1.205317, finished 32.71%.                             
[14:48:00] INFO     Rank: 0 - Epoch:26/80, Batch:8,     progress_callback.py:218
                    loss:1.290108, finished 32.74%.                             
[14:48:11] INFO     Rank: 0 - Contrastive loss is                 callback.py:66
                    0.6137003928422928, nll_loss is                             
                    0.6228647917509079                                          
[14:48:12] INFO     Rank: 0 - Epoch:26/80, Batch:9,     progress_callback.py:218
                    loss:1.125374, finished 32.77%.                             
[14:48:25] INFO     Rank: 0 - Epoch:26/80, Batch:10,    progress_callback.py:218
                    loss:1.363266, finished 32.8%.                              
[14:48:35] INFO     Rank: 0 - Epoch:26/80, Batch:11,    progress_callback.py:218
                    loss:1.382488, finished 32.83%.                             
[14:48:52] INFO     Rank: 0 - Epoch:26/80, Batch:12,    progress_callback.py:218
                    loss:1.33677, finished 32.86%.                              
[14:49:08] INFO     Rank: 0 - Epoch:26/80, Batch:13,    progress_callback.py:218
                    loss:1.495606, finished 32.89%.                             
[14:49:22] INFO     Rank: 0 - Epoch:26/80, Batch:14,    progress_callback.py:218
                    loss:1.065923, finished 32.92%.                             
[14:49:32] INFO     Rank: 0 - Epoch:26/80, Batch:15,    progress_callback.py:218
                    loss:1.27373, finished 32.95%.                              
[14:49:45] INFO     Rank: 0 - Epoch:26/80, Batch:16,    progress_callback.py:218
                    loss:1.319781, finished 32.98%.                             
[14:50:00] INFO     Rank: 0 - Epoch:26/80, Batch:17,    progress_callback.py:218
                    loss:1.396753, finished 33.01%.                             
[14:50:13] INFO     Rank: 0 - Epoch:26/80, Batch:18,    progress_callback.py:218
                    loss:1.174713, finished 33.04%.                             
[14:50:21] INFO     Rank: 0 - Contrastive loss is                 callback.py:66
                    0.6183228969573975, nll_loss is                             
                    0.6818779706954956                                          
[14:50:23] INFO     Rank: 0 - Epoch:26/80, Batch:19,    progress_callback.py:218
                    loss:1.192981, finished 33.07%.                             
[14:50:35] INFO     Rank: 0 - Epoch:26/80, Batch:20,    progress_callback.py:218
                    loss:1.331167, finished 33.1%.                              
[14:50:46] INFO     Rank: 0 - Epoch:26/80, Batch:21,    progress_callback.py:218
                    loss:1.228658, finished 33.12%.                             
[14:50:58] INFO     Rank: 0 - Epoch:26/80, Batch:22,    progress_callback.py:218
                    loss:1.376184, finished 33.15%.                             
[14:51:10] INFO     Rank: 0 - Epoch:26/80, Batch:23,    progress_callback.py:218
                    loss:1.313926, finished 33.18%.                             
[14:51:23] INFO     Rank: 0 - Epoch:26/80, Batch:24,    progress_callback.py:218
                    loss:1.192232, finished 33.21%.                             
[14:51:34] INFO     Rank: 0 - Epoch:26/80, Batch:25,    progress_callback.py:218
                    loss:1.241544, finished 33.24%.                             
[14:51:47] INFO     Rank: 0 - Epoch:26/80, Batch:26,    progress_callback.py:218
                    loss:1.492609, finished 33.27%.                             
[14:52:02] INFO     Rank: 0 - Epoch:26/80, Batch:27,    progress_callback.py:218
                    loss:1.276232, finished 33.3%.                              
[14:52:13] INFO     Rank: 0 - Epoch:26/80, Batch:28,    progress_callback.py:218
                    loss:0.958359, finished 33.33%.                             
           INFO     Rank: 0 -                                   evaluator.py:317
                    **********Evaluation starts**********                       
[14:52:24] INFO     Rank: 0 - **********Evaluation              evaluator.py:349
                    ends**********                                              
                                                                                
           INFO     Rank: 0 - ----------Eval. results   progress_callback.py:233
                    on Epoch:26, Batch:28----------                             
           INFO     Rank: 0 -                           progress_callback.py:238
                    {"torch_ngram#ngram-overlap":                               
                    0.4516834020614624}                                         
[14:52:35] INFO     Rank: 0 - Contrastive loss is                 callback.py:66
                    0.6063913464546203, nll_loss is                             
                    0.6575997054576874                                          
           INFO     Rank: 0 - Epoch:26/80, Batch:29,    progress_callback.py:218
                    loss:1.229, finished 33.36%.                                
[14:52:46] INFO     Rank: 0 - Epoch:26/80, Batch:30,    progress_callback.py:218
                    loss:1.681654, finished 33.39%.                             
[14:53:00] INFO     Rank: 0 - Epoch:26/80, Batch:31,    progress_callback.py:218
                    loss:1.297256, finished 33.42%.                             
[14:53:11] INFO     Rank: 0 - Epoch:26/80, Batch:32,    progress_callback.py:218
                    loss:1.277857, finished 33.45%.                             
[14:53:23] INFO     Rank: 0 - Epoch:26/80, Batch:33,    progress_callback.py:218
                    loss:1.15903, finished 33.48%.                              
[14:53:32] INFO     Rank: 0 - Epoch:26/80, Batch:34,    progress_callback.py:218
                    loss:1.529046, finished 33.51%.                             
[14:53:41] INFO     Rank: 0 - Epoch:26/80, Batch:35,    progress_callback.py:218
                    loss:1.207104, finished 33.54%.                             
[14:53:50] INFO     Rank: 0 - Epoch:26/80, Batch:36,    progress_callback.py:218
                    loss:1.174773, finished 33.57%.                             
[14:54:02] INFO     Rank: 0 - Epoch:26/80, Batch:37,    progress_callback.py:218
                    loss:1.409997, finished 33.6%.                              
[14:54:19] INFO     Rank: 0 - Epoch:26/80, Batch:38,    progress_callback.py:218
                    loss:1.126077, finished 33.63%.                             
[14:54:28] INFO     Rank: 0 - Contrastive loss is                 callback.py:66
                    0.6607991307973862, nll_loss is                             
                    0.65874163210392                                            
[14:54:30] INFO     Rank: 0 - Epoch:26/80, Batch:39,    progress_callback.py:218
                    loss:1.332615, finished 33.66%.                             
[14:54:44] INFO     Rank: 0 - Epoch:26/80, Batch:40,    progress_callback.py:218
                    loss:1.323326, finished 33.69%.                             
[14:54:55] INFO     Rank: 0 - Epoch:26/80, Batch:41,    progress_callback.py:218
                    loss:1.148374, finished 33.72%.                             
[14:54:59] INFO     Rank: 0 - Epoch:26/80, Batch:42,    progress_callback.py:218
                    loss:1.658106, finished 33.75%.                             
[14:55:00] INFO     Rank: 0 -                           progress_callback.py:204
                    **********Epoch:27 starts**********                         
[14:55:14] INFO     Rank: 0 - Epoch:27/80, Batch:1,     progress_callback.py:218
                    loss:1.606418, finished 33.78%.                             
[14:55:23] INFO     Rank: 0 - Epoch:27/80, Batch:2,     progress_callback.py:218
                    loss:1.036572, finished 33.81%.                             
[14:55:38] INFO     Rank: 0 - Epoch:27/80, Batch:3,     progress_callback.py:218
                    loss:1.256362, finished 33.84%.                             
[14:55:50] INFO     Rank: 0 - Epoch:27/80, Batch:4,     progress_callback.py:218
                    loss:1.41012, finished 33.87%.                              
[14:56:04] INFO     Rank: 0 - Epoch:27/80, Batch:5,     progress_callback.py:218
                    loss:1.124162, finished 33.9%.                              
[14:56:16] INFO     Rank: 0 - Epoch:27/80, Batch:6,     progress_callback.py:218
                    loss:1.296559, finished 33.93%.                             
[14:56:24] INFO     Rank: 0 - Contrastive loss is                 callback.py:66
                    0.6152205973863601, nll_loss is                             
                    0.6903470128774643                                          
[14:56:31] INFO     Rank: 0 - Epoch:27/80, Batch:7,     progress_callback.py:218
                    loss:1.195676, finished 33.96%.                             
[14:56:41] INFO     Rank: 0 - Epoch:27/80, Batch:8,     progress_callback.py:218
                    loss:1.318947, finished 33.99%.                             
[14:56:51] INFO     Rank: 0 - Epoch:27/80, Batch:9,     progress_callback.py:218
                    loss:1.246414, finished 34.02%.                             
[14:57:07] INFO     Rank: 0 - Epoch:27/80, Batch:10,    progress_callback.py:218
                    loss:1.166388, finished 34.05%.                             
[14:57:22] INFO     Rank: 0 - Epoch:27/80, Batch:11,    progress_callback.py:218
                    loss:1.332522, finished 34.08%.                             
[14:57:33] INFO     Rank: 0 - Epoch:27/80, Batch:12,    progress_callback.py:218
                    loss:1.078646, finished 34.11%.                             
[14:57:46] INFO     Rank: 0 - Epoch:27/80, Batch:13,    progress_callback.py:218
                    loss:1.279057, finished 34.14%.                             
[14:57:57] INFO     Rank: 0 - Epoch:27/80, Batch:14,    progress_callback.py:218
                    loss:1.327553, finished 34.17%.                             
[14:58:12] INFO     Rank: 0 - Epoch:27/80, Batch:15,    progress_callback.py:218
                    loss:1.078475, finished 34.2%.                              
[14:58:28] INFO     Rank: 0 - Epoch:27/80, Batch:16,    progress_callback.py:218
                    loss:1.150064, finished 34.23%.                             
[14:58:39] INFO     Rank: 0 - Contrastive loss is                 callback.py:66
                    0.5842825412750244, nll_loss is                             
                    0.6378820419311524                                          
[14:58:40] INFO     Rank: 0 - Epoch:27/80, Batch:17,    progress_callback.py:218
                    loss:1.24358, finished 34.26%.                              
[14:58:53] INFO     Rank: 0 - Epoch:27/80, Batch:18,    progress_callback.py:218
                    loss:1.219705, finished 34.29%.                             
[14:59:04] INFO     Rank: 0 - Epoch:27/80, Batch:19,    progress_callback.py:218
                    loss:1.473613, finished 34.32%.                             
[14:59:18] INFO     Rank: 0 - Epoch:27/80, Batch:20,    progress_callback.py:218
                    loss:1.192924, finished 34.35%.                             
[14:59:33] INFO     Rank: 0 - Epoch:27/80, Batch:21,    progress_callback.py:218
                    loss:1.339712, finished 34.38%.                             
[14:59:42] INFO     Rank: 0 - Epoch:27/80, Batch:22,    progress_callback.py:218
                    loss:1.19572, finished 34.4%.                               
[14:59:54] INFO     Rank: 0 - Epoch:27/80, Batch:23,    progress_callback.py:218
                    loss:1.319854, finished 34.43%.                             
[15:00:07] INFO     Rank: 0 - Epoch:27/80, Batch:24,    progress_callback.py:218
                    loss:1.460663, finished 34.46%.                             
[15:00:21] INFO     Rank: 0 - Epoch:27/80, Batch:25,    progress_callback.py:218
                    loss:1.136368, finished 34.49%.                             
[15:00:32] INFO     Rank: 0 - Epoch:27/80, Batch:26,    progress_callback.py:218
                    loss:1.16833, finished 34.52%.                              
           INFO     Rank: 0 -                                   evaluator.py:317
                    **********Evaluation starts**********                       
[15:00:46] INFO     Rank: 0 - **********Evaluation              evaluator.py:349
                    ends**********                                              
                                                                                
           INFO     Rank: 0 - ----------Eval. results   progress_callback.py:233
                    on Epoch:27, Batch:26----------                             
           INFO     Rank: 0 -                           progress_callback.py:238
                    {"torch_ngram#ngram-overlap":                               
                    0.45442089438438416}                                        
 ============= save model at results/2023-03-27-11_17_48_518372/epoch-27_step-1160.pt ============= 
save hyperparams in  results/2023-03-27-11_17_48_518372/hyperparams.txt
[15:00:57] INFO     Rank: 0 - Contrastive loss is                 callback.py:66
                    0.6377888679504394, nll_loss is                             
                    0.6591954827308655                                          
           INFO     Rank: 0 - Epoch:27/80, Batch:27,    progress_callback.py:218
                    loss:1.462955, finished 34.55%.                             
[15:01:09] INFO     Rank: 0 - Epoch:27/80, Batch:28,    progress_callback.py:218
                    loss:1.330418, finished 34.58%.                             
[15:01:21] INFO     Rank: 0 - Epoch:27/80, Batch:29,    progress_callback.py:218
                    loss:1.584345, finished 34.61%.                             
[15:01:34] INFO     Rank: 0 - Epoch:27/80, Batch:30,    progress_callback.py:218
                    loss:1.360514, finished 34.64%.                             
[15:01:46] INFO     Rank: 0 - Epoch:27/80, Batch:31,    progress_callback.py:218
                    loss:1.445241, finished 34.67%.                             
[15:01:57] INFO     Rank: 0 - Epoch:27/80, Batch:32,    progress_callback.py:218
                    loss:1.210305, finished 34.7%.                              
[15:02:09] INFO     Rank: 0 - Epoch:27/80, Batch:33,    progress_callback.py:218
                    loss:1.341191, finished 34.73%.                             
[15:02:21] INFO     Rank: 0 - Epoch:27/80, Batch:34,    progress_callback.py:218
                    loss:1.133332, finished 34.76%.                             
[15:02:36] INFO     Rank: 0 - Epoch:27/80, Batch:35,    progress_callback.py:218
                    loss:1.235633, finished 34.79%.                             
[15:02:45] INFO     Rank: 0 - Epoch:27/80, Batch:36,    progress_callback.py:218
                    loss:1.231505, finished 34.82%.                             
[15:02:54] INFO     Rank: 0 - Contrastive loss is                 callback.py:66
                    0.6525897324085236, nll_loss is                             
                    0.6579023778438569                                          
[15:02:58] INFO     Rank: 0 - Epoch:27/80, Batch:37,    progress_callback.py:218
                    loss:1.232437, finished 34.85%.                             
[15:03:09] INFO     Rank: 0 - Epoch:27/80, Batch:38,    progress_callback.py:218
                    loss:1.408124, finished 34.88%.                             
[15:03:22] INFO     Rank: 0 - Epoch:27/80, Batch:39,    progress_callback.py:218
                    loss:1.321589, finished 34.91%.                             
[15:03:34] INFO     Rank: 0 - Epoch:27/80, Batch:40,    progress_callback.py:218
                    loss:1.142315, finished 34.94%.                             
[15:03:45] INFO     Rank: 0 - Epoch:27/80, Batch:41,    progress_callback.py:218
                    loss:1.637061, finished 34.97%.                             
[15:03:48] INFO     Rank: 0 - Epoch:27/80, Batch:42,    progress_callback.py:218
                    loss:1.237245, finished 35.0%.                              
           INFO     Rank: 0 -                           progress_callback.py:204
                    **********Epoch:28 starts**********                         
[15:03:57] INFO     Rank: 0 - Epoch:28/80, Batch:1,     progress_callback.py:218
                    loss:1.602916, finished 35.03%.                             
[15:04:06] INFO     Rank: 0 - Epoch:28/80, Batch:2,     progress_callback.py:218
                    loss:1.326288, finished 35.06%.                             
[15:04:19] INFO     Rank: 0 - Epoch:28/80, Batch:3,     progress_callback.py:218
                    loss:1.340494, finished 35.09%.                             
[15:04:33] INFO     Rank: 0 - Epoch:28/80, Batch:4,     progress_callback.py:218
                    loss:0.904866, finished 35.12%.                             
[15:04:43] INFO     Rank: 0 - Contrastive loss is                 callback.py:66
                    0.6350006580352783, nll_loss is                             
                    0.6566775143146515                                          
[15:04:44] INFO     Rank: 0 - Epoch:28/80, Batch:5,     progress_callback.py:218
                    loss:0.995883, finished 35.15%.                             
[15:04:53] INFO     Rank: 0 - Epoch:28/80, Batch:6,     progress_callback.py:218
                    loss:1.277943, finished 35.18%.                             
[15:05:04] INFO     Rank: 0 - Epoch:28/80, Batch:7,     progress_callback.py:218
                    loss:1.222871, finished 35.21%.                             
[15:05:22] INFO     Rank: 0 - Epoch:28/80, Batch:8,     progress_callback.py:218
                    loss:1.554312, finished 35.24%.                             
[15:05:38] INFO     Rank: 0 - Epoch:28/80, Batch:9,     progress_callback.py:218
                    loss:1.134619, finished 35.27%.                             
[15:05:48] INFO     Rank: 0 - Epoch:28/80, Batch:10,    progress_callback.py:218
                    loss:1.280479, finished 35.3%.                              
[15:06:01] INFO     Rank: 0 - Epoch:28/80, Batch:11,    progress_callback.py:218
                    loss:1.13342, finished 35.33%.                              
[15:06:15] INFO     Rank: 0 - Epoch:28/80, Batch:12,    progress_callback.py:218
                    loss:1.206105, finished 35.36%.                             
[15:06:24] INFO     Rank: 0 - Epoch:28/80, Batch:13,    progress_callback.py:218
                    loss:1.278098, finished 35.39%.                             
[15:06:38] INFO     Rank: 0 - Epoch:28/80, Batch:14,    progress_callback.py:218
                    loss:1.161267, finished 35.42%.                             
[15:06:49] INFO     Rank: 0 - Contrastive loss is                 callback.py:66
                    0.638993290066719, nll_loss is                              
                    0.6196152299642563                                          
[15:06:50] INFO     Rank: 0 - Epoch:28/80, Batch:15,    progress_callback.py:218
                    loss:1.336972, finished 35.45%.                             
[15:06:59] INFO     Rank: 0 - Epoch:28/80, Batch:16,    progress_callback.py:218
                    loss:1.163215, finished 35.48%.                             
[15:07:09] INFO     Rank: 0 - Epoch:28/80, Batch:17,    progress_callback.py:218
                    loss:1.319218, finished 35.51%.                             
[15:07:21] INFO     Rank: 0 - Epoch:28/80, Batch:18,    progress_callback.py:218
                    loss:1.367426, finished 35.54%.                             
[15:07:39] INFO     Rank: 0 - Epoch:28/80, Batch:19,    progress_callback.py:218
                    loss:1.360071, finished 35.57%.                             
[15:07:48] INFO     Rank: 0 - Epoch:28/80, Batch:20,    progress_callback.py:218
                    loss:1.160959, finished 35.6%.                              
[15:08:00] INFO     Rank: 0 - Epoch:28/80, Batch:21,    progress_callback.py:218
                    loss:0.964242, finished 35.62%.                             
[15:08:10] INFO     Rank: 0 - Epoch:28/80, Batch:22,    progress_callback.py:218
                    loss:1.07597, finished 35.65%.                              
[15:08:21] INFO     Rank: 0 - Epoch:28/80, Batch:23,    progress_callback.py:218
                    loss:1.330329, finished 35.68%.                             
[15:08:31] INFO     Rank: 0 - Epoch:28/80, Batch:24,    progress_callback.py:218
                    loss:1.26712, finished 35.71%.                              
           INFO     Rank: 0 -                                   evaluator.py:317
                    **********Evaluation starts**********                       
[15:08:43] INFO     Rank: 0 - **********Evaluation              evaluator.py:349
                    ends**********                                              
                                                                                
           INFO     Rank: 0 - ----------Eval. results   progress_callback.py:233
                    on Epoch:28, Batch:24----------                             
           INFO     Rank: 0 -                           progress_callback.py:238
                    {"torch_ngram#ngram-overlap":                               
                    0.45136716961860657}                                        
[15:08:53] INFO     Rank: 0 - Contrastive loss is                 callback.py:66
                    0.573550346493721, nll_loss is                              
                    0.6329543560743331                                          
[15:08:54] INFO     Rank: 0 - Epoch:28/80, Batch:25,    progress_callback.py:218
                    loss:1.056495, finished 35.74%.                             
[15:09:06] INFO     Rank: 0 - Epoch:28/80, Batch:26,    progress_callback.py:218
                    loss:1.105408, finished 35.77%.                             
[15:09:17] INFO     Rank: 0 - Epoch:28/80, Batch:27,    progress_callback.py:218
                    loss:1.335867, finished 35.8%.                              
[15:09:27] INFO     Rank: 0 - Epoch:28/80, Batch:28,    progress_callback.py:218
                    loss:1.133222, finished 35.83%.                             
[15:09:42] INFO     Rank: 0 - Epoch:28/80, Batch:29,    progress_callback.py:218
                    loss:1.080345, finished 35.86%.                             
[15:09:54] INFO     Rank: 0 - Epoch:28/80, Batch:30,    progress_callback.py:218
                    loss:1.22281, finished 35.89%.                              
[15:10:07] INFO     Rank: 0 - Epoch:28/80, Batch:31,    progress_callback.py:218
                    loss:1.502886, finished 35.92%.                             
[15:10:16] INFO     Rank: 0 - Epoch:28/80, Batch:32,    progress_callback.py:218
                    loss:1.665059, finished 35.95%.                             
[15:10:30] INFO     Rank: 0 - Epoch:28/80, Batch:33,    progress_callback.py:218
                    loss:1.072582, finished 35.98%.                             
[15:10:45] INFO     Rank: 0 - Epoch:28/80, Batch:34,    progress_callback.py:218
                    loss:1.167544, finished 36.01%.                             
[15:10:56] INFO     Rank: 0 - Contrastive loss is                 callback.py:66
                    0.5983659595251083, nll_loss is                             
                    0.6415914326906205                                          
           INFO     Rank: 0 - Epoch:28/80, Batch:35,    progress_callback.py:218
                    loss:1.11385, finished 36.04%.                              
[15:11:06] INFO     Rank: 0 - Epoch:28/80, Batch:36,    progress_callback.py:218
                    loss:1.287301, finished 36.07%.                             
[15:11:19] INFO     Rank: 0 - Epoch:28/80, Batch:37,    progress_callback.py:218
                    loss:1.152786, finished 36.1%.                              
[15:11:29] INFO     Rank: 0 - Epoch:28/80, Batch:38,    progress_callback.py:218
                    loss:1.530399, finished 36.13%.                             
[15:11:44] INFO     Rank: 0 - Epoch:28/80, Batch:39,    progress_callback.py:218
                    loss:1.162209, finished 36.16%.                             
[15:11:58] INFO     Rank: 0 - Epoch:28/80, Batch:40,    progress_callback.py:218
                    loss:1.170161, finished 36.19%.                             
[15:12:11] INFO     Rank: 0 - Epoch:28/80, Batch:41,    progress_callback.py:218
                    loss:1.075765, finished 36.22%.                             
[15:12:16] INFO     Rank: 0 - Epoch:28/80, Batch:42,    progress_callback.py:218
                    loss:0.861866, finished 36.25%.                             
           INFO     Rank: 0 -                           progress_callback.py:204
                    **********Epoch:29 starts**********                         
[15:12:27] INFO     Rank: 0 - Epoch:29/80, Batch:1,     progress_callback.py:218
                    loss:1.359291, finished 36.28%.                             
[15:12:42] INFO     Rank: 0 - Epoch:29/80, Batch:2,     progress_callback.py:218
                    loss:1.007978, finished 36.31%.                             
[15:12:53] INFO     Rank: 0 - Contrastive loss is                 callback.py:66
                    0.5842210441827774, nll_loss is                             
                    0.607765194773674                                           
[15:12:54] INFO     Rank: 0 - Epoch:29/80, Batch:3,     progress_callback.py:218
                    loss:1.312106, finished 36.34%.                             
[15:13:07] INFO     Rank: 0 - Epoch:29/80, Batch:4,     progress_callback.py:218
                    loss:1.132867, finished 36.37%.                             
[15:13:18] INFO     Rank: 0 - Epoch:29/80, Batch:5,     progress_callback.py:218
                    loss:1.228537, finished 36.4%.                              
[15:13:33] INFO     Rank: 0 - Epoch:29/80, Batch:6,     progress_callback.py:218
                    loss:1.307295, finished 36.43%.                             
[15:13:53] INFO     Rank: 0 - Epoch:29/80, Batch:7,     progress_callback.py:218
                    loss:1.13658, finished 36.46%.                              
[15:14:11] INFO     Rank: 0 - Epoch:29/80, Batch:8,     progress_callback.py:218
                    loss:1.460433, finished 36.49%.                             
[15:14:21] INFO     Rank: 0 - Epoch:29/80, Batch:9,     progress_callback.py:218
                    loss:1.11189, finished 36.52%.                              
[15:14:36] INFO     Rank: 0 - Epoch:29/80, Batch:10,    progress_callback.py:218
                    loss:1.327681, finished 36.55%.                             
[15:14:48] INFO     Rank: 0 - Epoch:29/80, Batch:11,    progress_callback.py:218
                    loss:1.53267, finished 36.58%.                              
[15:15:06] INFO     Rank: 0 - Epoch:29/80, Batch:12,    progress_callback.py:218
                    loss:1.357444, finished 36.61%.                             
[15:15:19] INFO     Rank: 0 - Contrastive loss is                 callback.py:66
                    0.6117015898227691, nll_loss is                             
                    0.6708049237728119                                          
[15:15:20] INFO     Rank: 0 - Epoch:29/80, Batch:13,    progress_callback.py:218
                    loss:1.229668, finished 36.64%.                             
[15:15:35] INFO     Rank: 0 - Epoch:29/80, Batch:14,    progress_callback.py:218
                    loss:1.148718, finished 36.67%.                             
[15:15:46] INFO     Rank: 0 - Epoch:29/80, Batch:15,    progress_callback.py:218
                    loss:1.231515, finished 36.7%.                              
[15:15:59] INFO     Rank: 0 - Epoch:29/80, Batch:16,    progress_callback.py:218
                    loss:1.275254, finished 36.73%.                             
[15:16:12] INFO     Rank: 0 - Epoch:29/80, Batch:17,    progress_callback.py:218
                    loss:1.214608, finished 36.76%.                             
[15:16:27] INFO     Rank: 0 - Epoch:29/80, Batch:18,    progress_callback.py:218
                    loss:1.189452, finished 36.79%.                             
[15:16:38] INFO     Rank: 0 - Epoch:29/80, Batch:19,    progress_callback.py:218
                    loss:0.956291, finished 36.82%.                             
[15:16:49] INFO     Rank: 0 - Epoch:29/80, Batch:20,    progress_callback.py:218
                    loss:1.171643, finished 36.85%.                             
[15:17:01] INFO     Rank: 0 - Epoch:29/80, Batch:21,    progress_callback.py:218
                    loss:1.355542, finished 36.88%.                             
[15:17:22] INFO     Rank: 0 - Epoch:29/80, Batch:22,    progress_callback.py:218
                    loss:1.271057, finished 36.9%.                              
           INFO     Rank: 0 -                                   evaluator.py:317
                    **********Evaluation starts**********                       
[15:17:35] INFO     Rank: 0 - **********Evaluation              evaluator.py:349
                    ends**********                                              
                                                                                
           INFO     Rank: 0 - ----------Eval. results   progress_callback.py:233
                    on Epoch:29, Batch:22----------                             
           INFO     Rank: 0 -                           progress_callback.py:238
                    {"torch_ngram#ngram-overlap":                               
                    0.45303618907928467}                                        
 ============= save model at results/2023-03-27-11_17_48_518372/epoch-29_step-1240.pt ============= 
save hyperparams in  results/2023-03-27-11_17_48_518372/hyperparams.txt
[15:17:45] INFO     Rank: 0 - Contrastive loss is                 callback.py:66
                    0.5958799004554749, nll_loss is                             
                    0.6171870648860931                                          
[15:17:49] INFO     Rank: 0 - Epoch:29/80, Batch:23,    progress_callback.py:218
                    loss:1.31659, finished 36.93%.                              
[15:18:01] INFO     Rank: 0 - Epoch:29/80, Batch:24,    progress_callback.py:218
                    loss:0.925488, finished 36.96%.                             
[15:18:16] INFO     Rank: 0 - Epoch:29/80, Batch:25,    progress_callback.py:218
                    loss:1.186787, finished 36.99%.                             
[15:18:28] INFO     Rank: 0 - Epoch:29/80, Batch:26,    progress_callback.py:218
                    loss:1.139297, finished 37.02%.                             
[15:18:36] INFO     Rank: 0 - Epoch:29/80, Batch:27,    progress_callback.py:218
                    loss:1.301087, finished 37.05%.                             
[15:18:52] INFO     Rank: 0 - Epoch:29/80, Batch:28,    progress_callback.py:218
                    loss:1.174654, finished 37.08%.                             
[15:19:06] INFO     Rank: 0 - Epoch:29/80, Batch:29,    progress_callback.py:218
                    loss:1.089177, finished 37.11%.                             
[15:19:19] INFO     Rank: 0 - Epoch:29/80, Batch:30,    progress_callback.py:218
                    loss:1.087621, finished 37.14%.                             
[15:19:27] INFO     Rank: 0 - Epoch:29/80, Batch:31,    progress_callback.py:218
                    loss:1.335901, finished 37.17%.                             
[15:19:39] INFO     Rank: 0 - Epoch:29/80, Batch:32,    progress_callback.py:218
                    loss:1.028349, finished 37.2%.                              
[15:19:50] INFO     Rank: 0 - Contrastive loss is                 callback.py:66
                    0.5602710485458374, nll_loss is                             
                    0.5801422894001007                                          
           INFO     Rank: 0 - Epoch:29/80, Batch:33,    progress_callback.py:218
                    loss:1.135773, finished 37.23%.                             
[15:19:59] INFO     Rank: 0 - Epoch:29/80, Batch:34,    progress_callback.py:218
                    loss:1.267166, finished 37.26%.                             
[15:20:09] INFO     Rank: 0 - Epoch:29/80, Batch:35,    progress_callback.py:218
                    loss:1.454069, finished 37.29%.                             
[15:20:22] INFO     Rank: 0 - Epoch:29/80, Batch:36,    progress_callback.py:218
                    loss:1.362004, finished 37.32%.                             
[15:20:33] INFO     Rank: 0 - Epoch:29/80, Batch:37,    progress_callback.py:218
                    loss:1.410595, finished 37.35%.                             
[15:20:43] INFO     Rank: 0 - Epoch:29/80, Batch:38,    progress_callback.py:218
                    loss:0.976015, finished 37.38%.                             
[15:20:53] INFO     Rank: 0 - Epoch:29/80, Batch:39,    progress_callback.py:218
                    loss:1.114177, finished 37.41%.                             
[15:21:06] INFO     Rank: 0 - Epoch:29/80, Batch:40,    progress_callback.py:218
                    loss:1.120973, finished 37.44%.                             
[15:21:23] INFO     Rank: 0 - Epoch:29/80, Batch:41,    progress_callback.py:218
                    loss:1.181436, finished 37.47%.                             
[15:21:26] INFO     Rank: 0 - Epoch:29/80, Batch:42,    progress_callback.py:218
                    loss:1.728411, finished 37.5%.                              
           INFO     Rank: 0 -                           progress_callback.py:204
                    **********Epoch:30 starts**********                         
[15:21:34] INFO     Rank: 0 - Contrastive loss is                 callback.py:66
                    0.6528760552406311, nll_loss is                             
                    0.6283735036849976                                          
[15:21:38] INFO     Rank: 0 - Epoch:30/80, Batch:1,     progress_callback.py:218
                    loss:1.19765, finished 37.53%.                              
[15:21:47] INFO     Rank: 0 - Epoch:30/80, Batch:2,     progress_callback.py:218
                    loss:1.217709, finished 37.56%.                             
[15:21:58] INFO     Rank: 0 - Epoch:30/80, Batch:3,     progress_callback.py:218
                    loss:1.208431, finished 37.59%.                             
[15:22:09] INFO     Rank: 0 - Epoch:30/80, Batch:4,     progress_callback.py:218
                    loss:1.277409, finished 37.62%.                             
[15:22:23] INFO     Rank: 0 - Epoch:30/80, Batch:5,     progress_callback.py:218
                    loss:1.227537, finished 37.65%.                             
[15:22:33] INFO     Rank: 0 - Epoch:30/80, Batch:6,     progress_callback.py:218
                    loss:1.391958, finished 37.68%.                             
[15:22:45] INFO     Rank: 0 - Epoch:30/80, Batch:7,     progress_callback.py:218
                    loss:1.317038, finished 37.71%.                             
[15:22:57] INFO     Rank: 0 - Epoch:30/80, Batch:8,     progress_callback.py:218
                    loss:0.879399, finished 37.74%.                             
[15:23:07] INFO     Rank: 0 - Epoch:30/80, Batch:9,     progress_callback.py:218
                    loss:1.196761, finished 37.77%.                             
[15:23:18] INFO     Rank: 0 - Epoch:30/80, Batch:10,    progress_callback.py:218
                    loss:1.493034, finished 37.8%.                              
[15:23:30] INFO     Rank: 0 - Contrastive loss is                 callback.py:66
                    0.6246823191642761, nll_loss is                             
                    0.6453753352165222                                          
[15:23:31] INFO     Rank: 0 - Epoch:30/80, Batch:11,    progress_callback.py:218
                    loss:1.491301, finished 37.83%.                             
[15:23:40] INFO     Rank: 0 - Epoch:30/80, Batch:12,    progress_callback.py:218
                    loss:1.052004, finished 37.86%.                             
[15:23:49] INFO     Rank: 0 - Epoch:30/80, Batch:13,    progress_callback.py:218
                    loss:1.075373, finished 37.89%.                             
[15:24:00] INFO     Rank: 0 - Epoch:30/80, Batch:14,    progress_callback.py:218
                    loss:1.175071, finished 37.92%.                             
[15:24:13] INFO     Rank: 0 - Epoch:30/80, Batch:15,    progress_callback.py:218
                    loss:1.223439, finished 37.95%.                             
[15:24:28] INFO     Rank: 0 - Epoch:30/80, Batch:16,    progress_callback.py:218
                    loss:1.150967, finished 37.98%.                             
[15:24:38] INFO     Rank: 0 - Epoch:30/80, Batch:17,    progress_callback.py:218
                    loss:1.194644, finished 38.01%.                             
[15:24:52] INFO     Rank: 0 - Epoch:30/80, Batch:18,    progress_callback.py:218
                    loss:1.036177, finished 38.04%.                             
[15:25:07] INFO     Rank: 0 - Epoch:30/80, Batch:19,    progress_callback.py:218
                    loss:1.142498, finished 38.07%.                             
[15:25:16] INFO     Rank: 0 - Epoch:30/80, Batch:20,    progress_callback.py:218
                    loss:1.283714, finished 38.1%.                              
           INFO     Rank: 0 -                                   evaluator.py:317
                    **********Evaluation starts**********                       
[15:25:29] INFO     Rank: 0 - **********Evaluation              evaluator.py:349
                    ends**********                                              
                                                                                
           INFO     Rank: 0 - ----------Eval. results   progress_callback.py:233
                    on Epoch:30, Batch:20----------                             
           INFO     Rank: 0 -                           progress_callback.py:238
                    {"torch_ngram#ngram-overlap":                               
                    0.45362597703933716}                                        
 ============= save model at results/2023-03-27-11_17_48_518372/epoch-30_step-1280.pt ============= 
save hyperparams in  results/2023-03-27-11_17_48_518372/hyperparams.txt
[15:25:38] INFO     Rank: 0 - Contrastive loss is                 callback.py:66
                    0.5779617309570313, nll_loss is                             
                    0.5681029796600342                                          
[15:25:40] INFO     Rank: 0 - Epoch:30/80, Batch:21,    progress_callback.py:218
                    loss:1.126761, finished 38.12%.                             
[15:25:51] INFO     Rank: 0 - Epoch:30/80, Batch:22,    progress_callback.py:218
                    loss:1.272067, finished 38.15%.                             
[15:26:04] INFO     Rank: 0 - Epoch:30/80, Batch:23,    progress_callback.py:218
                    loss:1.257172, finished 38.18%.                             
[15:26:18] INFO     Rank: 0 - Epoch:30/80, Batch:24,    progress_callback.py:218
                    loss:1.215302, finished 38.21%.                             
[15:26:35] INFO     Rank: 0 - Epoch:30/80, Batch:25,    progress_callback.py:218
                    loss:1.207599, finished 38.24%.                             
[15:26:48] INFO     Rank: 0 - Epoch:30/80, Batch:26,    progress_callback.py:218
                    loss:1.422864, finished 38.27%.                             
[15:27:02] INFO     Rank: 0 - Epoch:30/80, Batch:27,    progress_callback.py:218
                    loss:0.943334, finished 38.3%.                              
[15:27:13] INFO     Rank: 0 - Epoch:30/80, Batch:28,    progress_callback.py:218
                    loss:1.321332, finished 38.33%.                             
[15:27:26] INFO     Rank: 0 - Epoch:30/80, Batch:29,    progress_callback.py:218
                    loss:1.454428, finished 38.36%.                             
[15:27:38] INFO     Rank: 0 - Epoch:30/80, Batch:30,    progress_callback.py:218
                    loss:1.297809, finished 38.39%.                             
[15:27:47] INFO     Rank: 0 - Contrastive loss is                 callback.py:66
                    0.6445495367050171, nll_loss is                             
                    0.6312038660049438                                          
[15:27:49] INFO     Rank: 0 - Epoch:30/80, Batch:31,    progress_callback.py:218
                    loss:1.365628, finished 38.42%.                             
[15:28:03] INFO     Rank: 0 - Epoch:30/80, Batch:32,    progress_callback.py:218
                    loss:1.302899, finished 38.45%.                             
[15:28:15] INFO     Rank: 0 - Epoch:30/80, Batch:33,    progress_callback.py:218
                    loss:1.29972, finished 38.48%.                              
[15:28:27] INFO     Rank: 0 - Epoch:30/80, Batch:34,    progress_callback.py:218
                    loss:1.20457, finished 38.51%.                              
[15:28:39] INFO     Rank: 0 - Epoch:30/80, Batch:35,    progress_callback.py:218
                    loss:1.344426, finished 38.54%.                             
[15:28:52] INFO     Rank: 0 - Epoch:30/80, Batch:36,    progress_callback.py:218
                    loss:1.190095, finished 38.57%.                             
[15:29:03] INFO     Rank: 0 - Epoch:30/80, Batch:37,    progress_callback.py:218
                    loss:1.086693, finished 38.6%.                              
[15:29:11] INFO     Rank: 0 - Epoch:30/80, Batch:38,    progress_callback.py:218
                    loss:1.253266, finished 38.63%.                             
[15:29:25] INFO     Rank: 0 - Epoch:30/80, Batch:39,    progress_callback.py:218
                    loss:1.164593, finished 38.66%.                             
[15:29:35] INFO     Rank: 0 - Epoch:30/80, Batch:40,    progress_callback.py:218
                    loss:0.958838, finished 38.69%.                             
[15:29:45] INFO     Rank: 0 - Contrastive loss is                 callback.py:66
                    0.5519158631563187, nll_loss is                             
                    0.6703449100255966                                          
[15:29:51] INFO     Rank: 0 - Epoch:30/80, Batch:41,    progress_callback.py:218
                    loss:1.41751, finished 38.72%.                              
[15:29:54] INFO     Rank: 0 - Epoch:30/80, Batch:42,    progress_callback.py:218
                    loss:1.538516, finished 38.75%.                             
           INFO     Rank: 0 -                           progress_callback.py:204
                    **********Epoch:31 starts**********                         
[15:30:06] INFO     Rank: 0 - Epoch:31/80, Batch:1,     progress_callback.py:218
                    loss:1.32961, finished 38.78%.                              
[15:30:21] INFO     Rank: 0 - Epoch:31/80, Batch:2,     progress_callback.py:218
                    loss:1.151902, finished 38.81%.                             
[15:30:31] INFO     Rank: 0 - Epoch:31/80, Batch:3,     progress_callback.py:218
                    loss:0.830643, finished 38.84%.                             
[15:30:40] INFO     Rank: 0 - Epoch:31/80, Batch:4,     progress_callback.py:218
                    loss:1.048983, finished 38.87%.                             
[15:30:54] INFO     Rank: 0 - Epoch:31/80, Batch:5,     progress_callback.py:218
                    loss:1.340796, finished 38.9%.                              
[15:31:05] INFO     Rank: 0 - Epoch:31/80, Batch:6,     progress_callback.py:218
                    loss:1.164236, finished 38.93%.                             
[15:31:17] INFO     Rank: 0 - Epoch:31/80, Batch:7,     progress_callback.py:218
                    loss:1.193056, finished 38.96%.                             
[15:31:30] INFO     Rank: 0 - Epoch:31/80, Batch:8,     progress_callback.py:218
                    loss:1.470384, finished 38.99%.                             
[15:31:37] INFO     Rank: 0 - Contrastive loss is                 callback.py:66
                    0.6210869431495667, nll_loss is                             
                    0.619236946105957                                           
[15:31:43] INFO     Rank: 0 - Epoch:31/80, Batch:9,     progress_callback.py:218
                    loss:1.335113, finished 39.02%.                             
[15:31:56] INFO     Rank: 0 - Epoch:31/80, Batch:10,    progress_callback.py:218
                    loss:1.279304, finished 39.05%.                             
[15:32:10] INFO     Rank: 0 - Epoch:31/80, Batch:11,    progress_callback.py:218
                    loss:1.413919, finished 39.08%.                             
[15:32:20] INFO     Rank: 0 - Epoch:31/80, Batch:12,    progress_callback.py:218
                    loss:1.161671, finished 39.11%.                             
[15:32:29] INFO     Rank: 0 - Epoch:31/80, Batch:13,    progress_callback.py:218
                    loss:1.145882, finished 39.14%.                             
[15:32:42] INFO     Rank: 0 - Epoch:31/80, Batch:14,    progress_callback.py:218
                    loss:1.437879, finished 39.17%.                             
[15:32:56] INFO     Rank: 0 - Epoch:31/80, Batch:15,    progress_callback.py:218
                    loss:1.074922, finished 39.2%.                              
[15:33:06] INFO     Rank: 0 - Epoch:31/80, Batch:16,    progress_callback.py:218
                    loss:1.324464, finished 39.23%.                             
[15:33:17] INFO     Rank: 0 - Epoch:31/80, Batch:17,    progress_callback.py:218
                    loss:1.103877, finished 39.26%.                             
[15:33:28] INFO     Rank: 0 - Epoch:31/80, Batch:18,    progress_callback.py:218
                    loss:1.118298, finished 39.29%.                             
           INFO     Rank: 0 -                                   evaluator.py:317
                    **********Evaluation starts**********                       
[15:33:41] INFO     Rank: 0 - **********Evaluation              evaluator.py:349
                    ends**********                                              
                                                                                
           INFO     Rank: 0 - ----------Eval. results   progress_callback.py:233
                    on Epoch:31, Batch:18----------                             
           INFO     Rank: 0 -                           progress_callback.py:238
                    {"torch_ngram#ngram-overlap":                               
                    0.45278385281562805}                                        
[15:33:48] INFO     Rank: 0 - Contrastive loss is                 callback.py:66
                    0.6186701774597168, nll_loss is                             
                    0.5847104072570801                                          
[15:33:52] INFO     Rank: 0 - Epoch:31/80, Batch:19,    progress_callback.py:218
                    loss:0.973591, finished 39.32%.                             
[15:34:07] INFO     Rank: 0 - Epoch:31/80, Batch:20,    progress_callback.py:218
                    loss:1.203395, finished 39.35%.                             
[15:34:15] INFO     Rank: 0 - Epoch:31/80, Batch:21,    progress_callback.py:218
                    loss:1.134007, finished 39.38%.                             
[15:34:29] INFO     Rank: 0 - Epoch:31/80, Batch:22,    progress_callback.py:218
                    loss:1.43071, finished 39.4%.                               
[15:34:40] INFO     Rank: 0 - Epoch:31/80, Batch:23,    progress_callback.py:218
                    loss:1.129846, finished 39.43%.                             
[15:34:50] INFO     Rank: 0 - Epoch:31/80, Batch:24,    progress_callback.py:218
                    loss:1.213798, finished 39.46%.                             
[15:35:05] INFO     Rank: 0 - Epoch:31/80, Batch:25,    progress_callback.py:218
                    loss:1.29073, finished 39.49%.                              
[15:35:17] INFO     Rank: 0 - Epoch:31/80, Batch:26,    progress_callback.py:218
                    loss:1.088326, finished 39.52%.                             
[15:35:29] INFO     Rank: 0 - Epoch:31/80, Batch:27,    progress_callback.py:218
                    loss:0.95811, finished 39.55%.                              
[15:35:41] INFO     Rank: 0 - Epoch:31/80, Batch:28,    progress_callback.py:218
                    loss:1.066013, finished 39.58%.                             
[15:35:51] INFO     Rank: 0 - Contrastive loss is                 callback.py:66
                    0.588023716211319, nll_loss is                              
                    0.6023191213607788                                          
           INFO     Rank: 0 - Epoch:31/80, Batch:29,    progress_callback.py:218
                    loss:1.388494, finished 39.61%.                             
[15:36:04] INFO     Rank: 0 - Epoch:31/80, Batch:30,    progress_callback.py:218
                    loss:1.093939, finished 39.64%.                             
[15:36:16] INFO     Rank: 0 - Epoch:31/80, Batch:31,    progress_callback.py:218
                    loss:0.959291, finished 39.67%.                             
[15:36:26] INFO     Rank: 0 - Epoch:31/80, Batch:32,    progress_callback.py:218
                    loss:0.866077, finished 39.7%.                              
[15:36:38] INFO     Rank: 0 - Epoch:31/80, Batch:33,    progress_callback.py:218
                    loss:1.138387, finished 39.73%.                             
[15:36:50] INFO     Rank: 0 - Epoch:31/80, Batch:34,    progress_callback.py:218
                    loss:1.230779, finished 39.76%.                             
[15:37:05] INFO     Rank: 0 - Epoch:31/80, Batch:35,    progress_callback.py:218
                    loss:0.908234, finished 39.79%.                             
[15:37:17] INFO     Rank: 0 - Epoch:31/80, Batch:36,    progress_callback.py:218
                    loss:1.115617, finished 39.82%.                             
[15:37:28] INFO     Rank: 0 - Epoch:31/80, Batch:37,    progress_callback.py:218
                    loss:1.189792, finished 39.85%.                             
[15:37:40] INFO     Rank: 0 - Epoch:31/80, Batch:38,    progress_callback.py:218
                    loss:1.205061, finished 39.88%.                             
[15:37:54] INFO     Rank: 0 - Contrastive loss is                 callback.py:66
                    0.5759876638650894, nll_loss is                             
                    0.5323578983545303                                          
[15:37:55] INFO     Rank: 0 - Epoch:31/80, Batch:39,    progress_callback.py:218
                    loss:1.376278, finished 39.91%.                             
[15:38:09] INFO     Rank: 0 - Epoch:31/80, Batch:40,    progress_callback.py:218
                    loss:1.356058, finished 39.94%.                             
[15:38:21] INFO     Rank: 0 - Epoch:31/80, Batch:41,    progress_callback.py:218
                    loss:1.419537, finished 39.97%.                             
[15:38:24] INFO     Rank: 0 - Epoch:31/80, Batch:42,    progress_callback.py:218
                    loss:1.375702, finished 40.0%.                              
           INFO     Rank: 0 -                           progress_callback.py:204
                    **********Epoch:32 starts**********                         
[15:38:37] INFO     Rank: 0 - Epoch:32/80, Batch:1,     progress_callback.py:218
                    loss:1.121355, finished 40.03%.                             
[15:38:47] INFO     Rank: 0 - Epoch:32/80, Batch:2,     progress_callback.py:218
                    loss:1.151396, finished 40.06%.                             
[15:38:59] INFO     Rank: 0 - Epoch:32/80, Batch:3,     progress_callback.py:218
                    loss:1.529686, finished 40.09%.                             
[15:39:12] INFO     Rank: 0 - Epoch:32/80, Batch:4,     progress_callback.py:218
                    loss:1.402079, finished 40.12%.                             
[15:39:26] INFO     Rank: 0 - Epoch:32/80, Batch:5,     progress_callback.py:218
                    loss:1.068752, finished 40.15%.                             
[15:39:37] INFO     Rank: 0 - Epoch:32/80, Batch:6,     progress_callback.py:218
                    loss:1.097735, finished 40.18%.                             
[15:39:47] INFO     Rank: 0 - Contrastive loss is                 callback.py:66
                    0.657343503832817, nll_loss is                              
                    0.5937108367681503                                          
           INFO     Rank: 0 - Epoch:32/80, Batch:7,     progress_callback.py:218
                    loss:0.988244, finished 40.21%.                             
[15:39:57] INFO     Rank: 0 - Epoch:32/80, Batch:8,     progress_callback.py:218
                    loss:1.329022, finished 40.24%.                             
[15:40:10] INFO     Rank: 0 - Epoch:32/80, Batch:9,     progress_callback.py:218
                    loss:1.190432, finished 40.27%.                             
[15:40:22] INFO     Rank: 0 - Epoch:32/80, Batch:10,    progress_callback.py:218
                    loss:1.150377, finished 40.3%.                              
[15:40:34] INFO     Rank: 0 - Epoch:32/80, Batch:11,    progress_callback.py:218
                    loss:0.970012, finished 40.33%.                             
[15:40:52] INFO     Rank: 0 - Epoch:32/80, Batch:12,    progress_callback.py:218
                    loss:1.068381, finished 40.36%.                             
[15:41:01] INFO     Rank: 0 - Epoch:32/80, Batch:13,    progress_callback.py:218
                    loss:1.060915, finished 40.39%.                             
[15:41:17] INFO     Rank: 0 - Epoch:32/80, Batch:14,    progress_callback.py:218
                    loss:1.417148, finished 40.42%.                             
[15:41:31] INFO     Rank: 0 - Epoch:32/80, Batch:15,    progress_callback.py:218
                    loss:1.290993, finished 40.45%.                             
[15:41:43] INFO     Rank: 0 - Epoch:32/80, Batch:16,    progress_callback.py:218
                    loss:1.093898, finished 40.48%.                             
           INFO     Rank: 0 -                                   evaluator.py:317
                    **********Evaluation starts**********                       
[15:41:55] INFO     Rank: 0 - **********Evaluation              evaluator.py:349
                    ends**********                                              
                                                                                
           INFO     Rank: 0 - ----------Eval. results   progress_callback.py:233
                    on Epoch:32, Batch:16----------                             
           INFO     Rank: 0 -                           progress_callback.py:238
                    {"torch_ngram#ngram-overlap":                               
                    0.4529651403427124}                                         
[15:42:08] INFO     Rank: 0 - Contrastive loss is                 callback.py:66
                    0.5880939781665802, nll_loss is                             
                    0.5699951112270355                                          
           INFO     Rank: 0 - Epoch:32/80, Batch:17,    progress_callback.py:218
                    loss:1.009714, finished 40.51%.                             
[15:42:21] INFO     Rank: 0 - Epoch:32/80, Batch:18,    progress_callback.py:218
                    loss:1.057497, finished 40.54%.                             
[15:42:32] INFO     Rank: 0 - Epoch:32/80, Batch:19,    progress_callback.py:218
                    loss:1.363205, finished 40.57%.                             
[15:42:45] INFO     Rank: 0 - Epoch:32/80, Batch:20,    progress_callback.py:218
                    loss:1.164081, finished 40.6%.                              
[15:42:55] INFO     Rank: 0 - Epoch:32/80, Batch:21,    progress_callback.py:218
                    loss:1.199186, finished 40.62%.                             
[15:43:12] INFO     Rank: 0 - Epoch:32/80, Batch:22,    progress_callback.py:218
                    loss:1.277379, finished 40.65%.                             
[15:43:25] INFO     Rank: 0 - Epoch:32/80, Batch:23,    progress_callback.py:218
                    loss:1.170107, finished 40.68%.                             
[15:43:37] INFO     Rank: 0 - Epoch:32/80, Batch:24,    progress_callback.py:218
                    loss:1.065654, finished 40.71%.                             
[15:43:52] INFO     Rank: 0 - Epoch:32/80, Batch:25,    progress_callback.py:218
                    loss:1.149565, finished 40.74%.                             
[15:44:04] INFO     Rank: 0 - Epoch:32/80, Batch:26,    progress_callback.py:218
                    loss:1.020264, finished 40.77%.                             
[15:44:17] INFO     Rank: 0 - Contrastive loss is                 callback.py:66
                    0.5521590739488602, nll_loss is                             
                    0.6085639804601669                                          
[15:44:18] INFO     Rank: 0 - Epoch:32/80, Batch:27,    progress_callback.py:218
                    loss:1.140293, finished 40.8%.                              
[15:44:34] INFO     Rank: 0 - Epoch:32/80, Batch:28,    progress_callback.py:218
                    loss:1.239922, finished 40.83%.                             
[15:44:43] INFO     Rank: 0 - Epoch:32/80, Batch:29,    progress_callback.py:218
                    loss:1.195779, finished 40.86%.                             
[15:44:54] INFO     Rank: 0 - Epoch:32/80, Batch:30,    progress_callback.py:218
                    loss:1.243213, finished 40.89%.                             
[15:45:05] INFO     Rank: 0 - Epoch:32/80, Batch:31,    progress_callback.py:218
                    loss:1.008363, finished 40.92%.                             
[15:45:18] INFO     Rank: 0 - Epoch:32/80, Batch:32,    progress_callback.py:218
                    loss:1.395999, finished 40.95%.                             
[15:45:32] INFO     Rank: 0 - Epoch:32/80, Batch:33,    progress_callback.py:218
                    loss:1.061988, finished 40.98%.                             
[15:45:44] INFO     Rank: 0 - Epoch:32/80, Batch:34,    progress_callback.py:218
                    loss:1.083462, finished 41.01%.                             
[15:45:57] INFO     Rank: 0 - Epoch:32/80, Batch:35,    progress_callback.py:218
                    loss:0.9981, finished 41.04%.                               
[15:46:12] INFO     Rank: 0 - Epoch:32/80, Batch:36,    progress_callback.py:218
                    loss:1.017968, finished 41.07%.                             
[15:46:20] INFO     Rank: 0 - Contrastive loss is                 callback.py:66
                    0.5947170555591583, nll_loss is                             
                    0.5537524044513702                                          
[15:46:21] INFO     Rank: 0 - Epoch:32/80, Batch:37,    progress_callback.py:218
                    loss:1.239899, finished 41.1%.                              
[15:46:42] INFO     Rank: 0 - Epoch:32/80, Batch:38,    progress_callback.py:218
                    loss:1.077464, finished 41.13%.                             
[15:46:52] INFO     Rank: 0 - Epoch:32/80, Batch:39,    progress_callback.py:218
                    loss:1.303913, finished 41.16%.                             
[15:47:05] INFO     Rank: 0 - Epoch:32/80, Batch:40,    progress_callback.py:218
                    loss:1.309791, finished 41.19%.                             
[15:47:14] INFO     Rank: 0 - Epoch:32/80, Batch:41,    progress_callback.py:218
                    loss:1.125187, finished 41.22%.                             
[15:47:17] INFO     Rank: 0 - Epoch:32/80, Batch:42,    progress_callback.py:218
                    loss:1.134162, finished 41.25%.                             
           INFO     Rank: 0 -                           progress_callback.py:204
                    **********Epoch:33 starts**********                         
[15:47:29] INFO     Rank: 0 - Epoch:33/80, Batch:1,     progress_callback.py:218
                    loss:0.941149, finished 41.28%.                             
[15:47:43] INFO     Rank: 0 - Epoch:33/80, Batch:2,     progress_callback.py:218
                    loss:1.00142, finished 41.31%.                              
[15:47:53] INFO     Rank: 0 - Epoch:33/80, Batch:3,     progress_callback.py:218
                    loss:1.144772, finished 41.34%.                             
[15:48:07] INFO     Rank: 0 - Epoch:33/80, Batch:4,     progress_callback.py:218
                    loss:1.062363, finished 41.37%.                             
[15:48:16] INFO     Rank: 0 - Contrastive loss is                 callback.py:66
                    0.587518510222435, nll_loss is                              
                    0.5371588259935379                                          
[15:48:22] INFO     Rank: 0 - Epoch:33/80, Batch:5,     progress_callback.py:218
                    loss:1.146552, finished 41.4%.                              
[15:48:34] INFO     Rank: 0 - Epoch:33/80, Batch:6,     progress_callback.py:218
                    loss:1.232646, finished 41.43%.                             
[15:48:49] INFO     Rank: 0 - Epoch:33/80, Batch:7,     progress_callback.py:218
                    loss:1.148618, finished 41.46%.                             
[15:49:03] INFO     Rank: 0 - Epoch:33/80, Batch:8,     progress_callback.py:218
                    loss:1.087861, finished 41.49%.                             
[15:49:17] INFO     Rank: 0 - Epoch:33/80, Batch:9,     progress_callback.py:218
                    loss:1.115502, finished 41.52%.                             
[15:49:28] INFO     Rank: 0 - Epoch:33/80, Batch:10,    progress_callback.py:218
                    loss:1.12728, finished 41.55%.                              
[15:49:41] INFO     Rank: 0 - Epoch:33/80, Batch:11,    progress_callback.py:218
                    loss:1.354896, finished 41.58%.                             
[15:49:54] INFO     Rank: 0 - Epoch:33/80, Batch:12,    progress_callback.py:218
                    loss:1.265954, finished 41.61%.                             
[15:50:06] INFO     Rank: 0 - Epoch:33/80, Batch:13,    progress_callback.py:218
                    loss:1.107978, finished 41.64%.                             
[15:50:16] INFO     Rank: 0 - Epoch:33/80, Batch:14,    progress_callback.py:218
                    loss:1.226089, finished 41.67%.                             
           INFO     Rank: 0 -                                   evaluator.py:317
                    **********Evaluation starts**********                       
[15:50:30] INFO     Rank: 0 - **********Evaluation              evaluator.py:349
                    ends**********                                              
                                                                                
           INFO     Rank: 0 - ----------Eval. results   progress_callback.py:233
                    on Epoch:33, Batch:14----------                             
           INFO     Rank: 0 -                           progress_callback.py:238
                    {"torch_ngram#ngram-overlap":                               
                    0.44901832938194275}                                        
[15:50:41] INFO     Rank: 0 - Contrastive loss is                 callback.py:66
                    0.5980626404285431, nll_loss is                             
                    0.5777292907238006                                          
[15:50:45] INFO     Rank: 0 - Epoch:33/80, Batch:15,    progress_callback.py:218
                    loss:1.091095, finished 41.7%.                              
[15:50:57] INFO     Rank: 0 - Epoch:33/80, Batch:16,    progress_callback.py:218
                    loss:1.087174, finished 41.73%.                             
[15:51:10] INFO     Rank: 0 - Epoch:33/80, Batch:17,    progress_callback.py:218
                    loss:1.452136, finished 41.76%.                             
[15:51:21] INFO     Rank: 0 - Epoch:33/80, Batch:18,    progress_callback.py:218
                    loss:1.057876, finished 41.79%.                             
[15:51:31] INFO     Rank: 0 - Epoch:33/80, Batch:19,    progress_callback.py:218
                    loss:1.348117, finished 41.82%.                             
[15:51:48] INFO     Rank: 0 - Epoch:33/80, Batch:20,    progress_callback.py:218
                    loss:1.44759, finished 41.85%.                              
[15:51:58] INFO     Rank: 0 - Epoch:33/80, Batch:21,    progress_callback.py:218
                    loss:1.138825, finished 41.88%.                             
[15:52:06] INFO     Rank: 0 - Epoch:33/80, Batch:22,    progress_callback.py:218
                    loss:1.296921, finished 41.9%.                              
[15:52:17] INFO     Rank: 0 - Epoch:33/80, Batch:23,    progress_callback.py:218
                    loss:1.326762, finished 41.93%.                             
[15:52:27] INFO     Rank: 0 - Epoch:33/80, Batch:24,    progress_callback.py:218
                    loss:1.34815, finished 41.96%.                              
[15:52:37] INFO     Rank: 0 - Contrastive loss is                 callback.py:66
                    0.6304161489009857, nll_loss is                             
                    0.6261220753192902                                          
[15:52:38] INFO     Rank: 0 - Epoch:33/80, Batch:25,    progress_callback.py:218
                    loss:1.061832, finished 41.99%.                             
[15:52:57] INFO     Rank: 0 - Epoch:33/80, Batch:26,    progress_callback.py:218
                    loss:1.126962, finished 42.02%.                             
[15:53:09] INFO     Rank: 0 - Epoch:33/80, Batch:27,    progress_callback.py:218
                    loss:1.129468, finished 42.05%.                             
[15:53:20] INFO     Rank: 0 - Epoch:33/80, Batch:28,    progress_callback.py:218
                    loss:0.997593, finished 42.08%.                             
[15:53:38] INFO     Rank: 0 - Epoch:33/80, Batch:29,    progress_callback.py:218
                    loss:1.214162, finished 42.11%.                             
[15:53:52] INFO     Rank: 0 - Epoch:33/80, Batch:30,    progress_callback.py:218
                    loss:1.128315, finished 42.14%.                             
[15:54:02] INFO     Rank: 0 - Epoch:33/80, Batch:31,    progress_callback.py:218
                    loss:1.226662, finished 42.17%.                             
[15:54:13] INFO     Rank: 0 - Epoch:33/80, Batch:32,    progress_callback.py:218
                    loss:1.092829, finished 42.2%.                              
[15:54:23] INFO     Rank: 0 - Epoch:33/80, Batch:33,    progress_callback.py:218
                    loss:1.110998, finished 42.23%.                             
[15:54:31] INFO     Rank: 0 - Epoch:33/80, Batch:34,    progress_callback.py:218
                    loss:1.084351, finished 42.26%.                             
[15:54:39] INFO     Rank: 0 - Contrastive loss is                 callback.py:66
                    0.5584195524454116, nll_loss is                             
                    0.5739132195711136                                          
[15:54:43] INFO     Rank: 0 - Epoch:33/80, Batch:35,    progress_callback.py:218
                    loss:1.211987, finished 42.29%.                             
[15:54:59] INFO     Rank: 0 - Epoch:33/80, Batch:36,    progress_callback.py:218
                    loss:1.156235, finished 42.32%.                             
[15:55:13] INFO     Rank: 0 - Epoch:33/80, Batch:37,    progress_callback.py:218
                    loss:1.23894, finished 42.35%.                              
[15:55:25] INFO     Rank: 0 - Epoch:33/80, Batch:38,    progress_callback.py:218
                    loss:0.956638, finished 42.38%.                             
[15:55:36] INFO     Rank: 0 - Epoch:33/80, Batch:39,    progress_callback.py:218
                    loss:1.043206, finished 42.41%.                             
[15:55:47] INFO     Rank: 0 - Epoch:33/80, Batch:40,    progress_callback.py:218
                    loss:1.285483, finished 42.44%.                             
[15:56:00] INFO     Rank: 0 - Epoch:33/80, Batch:41,    progress_callback.py:218
                    loss:1.323769, finished 42.47%.                             
[15:56:04] INFO     Rank: 0 - Epoch:33/80, Batch:42,    progress_callback.py:218
                    loss:1.405215, finished 42.5%.                              
           INFO     Rank: 0 -                           progress_callback.py:204
                    **********Epoch:34 starts**********                         
[15:56:13] INFO     Rank: 0 - Epoch:34/80, Batch:1,     progress_callback.py:218
                    loss:1.07869, finished 42.53%.                              
[15:56:23] INFO     Rank: 0 - Epoch:34/80, Batch:2,     progress_callback.py:218
                    loss:1.008614, finished 42.56%.                             
[15:56:33] INFO     Rank: 0 - Contrastive loss is                 callback.py:66
                    0.6422148466110229, nll_loss is                             
                    0.5401572525501251                                          
[15:56:35] INFO     Rank: 0 - Epoch:34/80, Batch:3,     progress_callback.py:218
                    loss:1.326931, finished 42.59%.                             
[15:56:47] INFO     Rank: 0 - Epoch:34/80, Batch:4,     progress_callback.py:218
                    loss:1.08644, finished 42.62%.                              
[15:57:04] INFO     Rank: 0 - Epoch:34/80, Batch:5,     progress_callback.py:218
                    loss:1.07689, finished 42.65%.                              
[15:57:17] INFO     Rank: 0 - Epoch:34/80, Batch:6,     progress_callback.py:218
                    loss:1.103668, finished 42.68%.                             
[15:57:32] INFO     Rank: 0 - Epoch:34/80, Batch:7,     progress_callback.py:218
                    loss:1.083649, finished 42.71%.                             
[15:57:43] INFO     Rank: 0 - Epoch:34/80, Batch:8,     progress_callback.py:218
                    loss:1.217198, finished 42.74%.                             
[15:57:53] INFO     Rank: 0 - Epoch:34/80, Batch:9,     progress_callback.py:218
                    loss:1.128373, finished 42.77%.                             
[15:58:06] INFO     Rank: 0 - Epoch:34/80, Batch:10,    progress_callback.py:218
                    loss:1.13682, finished 42.8%.                               
[15:58:18] INFO     Rank: 0 - Epoch:34/80, Batch:11,    progress_callback.py:218
                    loss:1.257299, finished 42.83%.                             
[15:58:32] INFO     Rank: 0 - Epoch:34/80, Batch:12,    progress_callback.py:218
                    loss:0.913743, finished 42.86%.                             
           INFO     Rank: 0 -                                   evaluator.py:317
                    **********Evaluation starts**********                       
[15:58:45] INFO     Rank: 0 - **********Evaluation              evaluator.py:349
                    ends**********                                              
                                                                                
           INFO     Rank: 0 - ----------Eval. results   progress_callback.py:233
                    on Epoch:34, Batch:12----------                             
           INFO     Rank: 0 -                           progress_callback.py:238
                    {"torch_ngram#ngram-overlap":                               
                    0.4494016468524933}                                         
[15:58:52] INFO     Rank: 0 - Contrastive loss is                 callback.py:66
                    0.5639391839504242, nll_loss is                             
                    0.5375983774662018                                          
[15:59:02] INFO     Rank: 0 - Epoch:34/80, Batch:13,    progress_callback.py:218
                    loss:1.011294, finished 42.89%.                             
[15:59:17] INFO     Rank: 0 - Epoch:34/80, Batch:14,    progress_callback.py:218
                    loss:1.194549, finished 42.92%.                             
[15:59:30] INFO     Rank: 0 - Epoch:34/80, Batch:15,    progress_callback.py:218
                    loss:1.080431, finished 42.95%.                             
[15:59:41] INFO     Rank: 0 - Epoch:34/80, Batch:16,    progress_callback.py:218
                    loss:0.987374, finished 42.98%.                             
[15:59:50] INFO     Rank: 0 - Epoch:34/80, Batch:17,    progress_callback.py:218
                    loss:1.111129, finished 43.01%.                             
[15:59:59] INFO     Rank: 0 - Epoch:34/80, Batch:18,    progress_callback.py:218
                    loss:0.915348, finished 43.04%.                             
[16:00:12] INFO     Rank: 0 - Epoch:34/80, Batch:19,    progress_callback.py:218
                    loss:1.21721, finished 43.07%.                              
[16:00:24] INFO     Rank: 0 - Epoch:34/80, Batch:20,    progress_callback.py:218
                    loss:1.110669, finished 43.1%.                              
[16:00:34] INFO     Rank: 0 - Epoch:34/80, Batch:21,    progress_callback.py:218
                    loss:1.457949, finished 43.12%.                             
[16:00:43] INFO     Rank: 0 - Epoch:34/80, Batch:22,    progress_callback.py:218
                    loss:1.236905, finished 43.15%.                             
[16:00:54] INFO     Rank: 0 - Contrastive loss is                 callback.py:66
                    0.5633945316076279, nll_loss is                             
                    0.5626574844121933                                          
[16:00:56] INFO     Rank: 0 - Epoch:34/80, Batch:23,    progress_callback.py:218
                    loss:0.948957, finished 43.18%.                             
[16:01:05] INFO     Rank: 0 - Epoch:34/80, Batch:24,    progress_callback.py:218
                    loss:1.370934, finished 43.21%.                             
[16:01:20] INFO     Rank: 0 - Epoch:34/80, Batch:25,    progress_callback.py:218
                    loss:1.147272, finished 43.24%.                             
[16:01:35] INFO     Rank: 0 - Epoch:34/80, Batch:26,    progress_callback.py:218
                    loss:1.067526, finished 43.27%.                             
[16:01:44] INFO     Rank: 0 - Epoch:34/80, Batch:27,    progress_callback.py:218
                    loss:1.258273, finished 43.3%.                              
[16:01:55] INFO     Rank: 0 - Epoch:34/80, Batch:28,    progress_callback.py:218
                    loss:1.538831, finished 43.33%.                             
[16:02:07] INFO     Rank: 0 - Epoch:34/80, Batch:29,    progress_callback.py:218
                    loss:1.151965, finished 43.36%.                             
[16:02:20] INFO     Rank: 0 - Epoch:34/80, Batch:30,    progress_callback.py:218
                    loss:1.37366, finished 43.39%.                              
[16:02:31] INFO     Rank: 0 - Epoch:34/80, Batch:31,    progress_callback.py:218
                    loss:1.215969, finished 43.42%.                             
[16:02:45] INFO     Rank: 0 - Epoch:34/80, Batch:32,    progress_callback.py:218
                    loss:1.133901, finished 43.45%.                             
[16:02:53] INFO     Rank: 0 - Contrastive loss is                 callback.py:66
                    0.6546028852462769, nll_loss is                             
                    0.5980217099189759                                          
[16:02:55] INFO     Rank: 0 - Epoch:34/80, Batch:33,    progress_callback.py:218
                    loss:1.267915, finished 43.48%.                             
[16:03:07] INFO     Rank: 0 - Epoch:34/80, Batch:34,    progress_callback.py:218
                    loss:1.066641, finished 43.51%.                             
[16:03:20] INFO     Rank: 0 - Epoch:34/80, Batch:35,    progress_callback.py:218
                    loss:1.104883, finished 43.54%.                             
[16:03:33] INFO     Rank: 0 - Epoch:34/80, Batch:36,    progress_callback.py:218
                    loss:1.360413, finished 43.57%.                             
[16:03:45] INFO     Rank: 0 - Epoch:34/80, Batch:37,    progress_callback.py:218
                    loss:1.062537, finished 43.6%.                              
[16:03:57] INFO     Rank: 0 - Epoch:34/80, Batch:38,    progress_callback.py:218
                    loss:1.079962, finished 43.63%.                             
[16:04:06] INFO     Rank: 0 - Epoch:34/80, Batch:39,    progress_callback.py:218
                    loss:1.107803, finished 43.66%.                             
[16:04:16] INFO     Rank: 0 - Epoch:34/80, Batch:40,    progress_callback.py:218
                    loss:1.506286, finished 43.69%.                             
[16:04:31] INFO     Rank: 0 - Epoch:34/80, Batch:41,    progress_callback.py:218
                    loss:1.232292, finished 43.72%.                             
[16:04:35] INFO     Rank: 0 - Epoch:34/80, Batch:42,    progress_callback.py:218
                    loss:1.738307, finished 43.75%.                             
           INFO     Rank: 0 -                           progress_callback.py:204
                    **********Epoch:35 starts**********                         
[16:04:45] INFO     Rank: 0 - Contrastive loss is                 callback.py:66
                    0.6453521490097046, nll_loss is                             
                    0.5812155365943908                                          
[16:04:47] INFO     Rank: 0 - Epoch:35/80, Batch:1,     progress_callback.py:218
                    loss:1.006553, finished 43.78%.                             
[16:04:57] INFO     Rank: 0 - Epoch:35/80, Batch:2,     progress_callback.py:218
                    loss:1.421074, finished 43.81%.                             
[16:05:11] INFO     Rank: 0 - Epoch:35/80, Batch:3,     progress_callback.py:218
                    loss:1.044182, finished 43.84%.                             
[16:05:28] INFO     Rank: 0 - Epoch:35/80, Batch:4,     progress_callback.py:218
                    loss:1.187937, finished 43.87%.                             
[16:05:37] INFO     Rank: 0 - Epoch:35/80, Batch:5,     progress_callback.py:218
                    loss:1.101578, finished 43.9%.                              
[16:05:53] INFO     Rank: 0 - Epoch:35/80, Batch:6,     progress_callback.py:218
                    loss:1.21002, finished 43.93%.                              
[16:06:03] INFO     Rank: 0 - Epoch:35/80, Batch:7,     progress_callback.py:218
                    loss:1.431635, finished 43.96%.                             
[16:06:14] INFO     Rank: 0 - Epoch:35/80, Batch:8,     progress_callback.py:218
                    loss:1.151118, finished 43.99%.                             
[16:06:25] INFO     Rank: 0 - Epoch:35/80, Batch:9,     progress_callback.py:218
                    loss:1.108842, finished 44.02%.                             
[16:06:37] INFO     Rank: 0 - Epoch:35/80, Batch:10,    progress_callback.py:218
                    loss:1.036018, finished 44.05%.                             
           INFO     Rank: 0 -                                   evaluator.py:317
                    **********Evaluation starts**********                       
[16:06:50] INFO     Rank: 0 - **********Evaluation              evaluator.py:349
                    ends**********                                              
                                                                                
           INFO     Rank: 0 - ----------Eval. results   progress_callback.py:233
                    on Epoch:35, Batch:10----------                             
           INFO     Rank: 0 -                           progress_callback.py:238
                    {"torch_ngram#ngram-overlap":                               
                    0.452045202255249}                                          
[16:06:57] INFO     Rank: 0 - Contrastive loss is                 callback.py:66
                    0.5968553930521011, nll_loss is                             
                    0.5665052503347396                                          
[16:06:59] INFO     Rank: 0 - Epoch:35/80, Batch:11,    progress_callback.py:218
                    loss:0.941201, finished 44.08%.                             
[16:07:10] INFO     Rank: 0 - Epoch:35/80, Batch:12,    progress_callback.py:218
                    loss:1.189124, finished 44.11%.                             
[16:07:19] INFO     Rank: 0 - Epoch:35/80, Batch:13,    progress_callback.py:218
                    loss:1.213665, finished 44.14%.                             
[16:07:30] INFO     Rank: 0 - Epoch:35/80, Batch:14,    progress_callback.py:218
                    loss:1.091043, finished 44.17%.                             
[16:07:47] INFO     Rank: 0 - Epoch:35/80, Batch:15,    progress_callback.py:218
                    loss:1.281638, finished 44.2%.                              
[16:07:58] INFO     Rank: 0 - Epoch:35/80, Batch:16,    progress_callback.py:218
                    loss:1.155868, finished 44.23%.                             
[16:08:09] INFO     Rank: 0 - Epoch:35/80, Batch:17,    progress_callback.py:218
                    loss:1.190246, finished 44.26%.                             
[16:08:22] INFO     Rank: 0 - Epoch:35/80, Batch:18,    progress_callback.py:218
                    loss:1.348587, finished 44.29%.                             
[16:08:35] INFO     Rank: 0 - Epoch:35/80, Batch:19,    progress_callback.py:218
                    loss:1.310086, finished 44.32%.                             
[16:08:45] INFO     Rank: 0 - Epoch:35/80, Batch:20,    progress_callback.py:218
                    loss:1.258458, finished 44.35%.                             
[16:08:53] INFO     Rank: 0 - Contrastive loss is                 callback.py:66
                    0.6224329054355622, nll_loss is                             
                    0.5987627565860748                                          
[16:08:55] INFO     Rank: 0 - Epoch:35/80, Batch:21,    progress_callback.py:218
                    loss:1.173243, finished 44.38%.                             
[16:09:06] INFO     Rank: 0 - Epoch:35/80, Batch:22,    progress_callback.py:218
                    loss:1.045185, finished 44.4%.                              
[16:09:18] INFO     Rank: 0 - Epoch:35/80, Batch:23,    progress_callback.py:218
                    loss:1.110736, finished 44.43%.                             
[16:09:31] INFO     Rank: 0 - Epoch:35/80, Batch:24,    progress_callback.py:218
                    loss:1.080543, finished 44.46%.                             
[16:09:42] INFO     Rank: 0 - Epoch:35/80, Batch:25,    progress_callback.py:218
                    loss:1.015828, finished 44.49%.                             
[16:09:53] INFO     Rank: 0 - Epoch:35/80, Batch:26,    progress_callback.py:218
                    loss:0.860285, finished 44.52%.                             
[16:10:03] INFO     Rank: 0 - Epoch:35/80, Batch:27,    progress_callback.py:218
                    loss:1.149624, finished 44.55%.                             
[16:10:15] INFO     Rank: 0 - Epoch:35/80, Batch:28,    progress_callback.py:218
                    loss:1.198915, finished 44.58%.                             
[16:10:26] INFO     Rank: 0 - Epoch:35/80, Batch:29,    progress_callback.py:218
                    loss:1.309318, finished 44.61%.                             
[16:10:42] INFO     Rank: 0 - Epoch:35/80, Batch:30,    progress_callback.py:218
                    loss:1.039659, finished 44.64%.                             
[16:10:54] INFO     Rank: 0 - Contrastive loss is                 callback.py:66
                    0.5795027732849121, nll_loss is                             
                    0.5341098487377167                                          
[16:10:55] INFO     Rank: 0 - Epoch:35/80, Batch:31,    progress_callback.py:218
                    loss:1.326033, finished 44.67%.                             
[16:11:08] INFO     Rank: 0 - Epoch:35/80, Batch:32,    progress_callback.py:218
                    loss:1.430338, finished 44.7%.                              
[16:11:24] INFO     Rank: 0 - Epoch:35/80, Batch:33,    progress_callback.py:218
                    loss:1.15063, finished 44.73%.                              
[16:11:34] INFO     Rank: 0 - Epoch:35/80, Batch:34,    progress_callback.py:218
                    loss:1.279861, finished 44.76%.                             
[16:11:48] INFO     Rank: 0 - Epoch:35/80, Batch:35,    progress_callback.py:218
                    loss:1.171899, finished 44.79%.                             
[16:11:58] INFO     Rank: 0 - Epoch:35/80, Batch:36,    progress_callback.py:218
                    loss:1.438909, finished 44.82%.                             
[16:12:08] INFO     Rank: 0 - Epoch:35/80, Batch:37,    progress_callback.py:218
                    loss:1.133819, finished 44.85%.                             
[16:12:19] INFO     Rank: 0 - Epoch:35/80, Batch:38,    progress_callback.py:218
                    loss:1.084455, finished 44.88%.                             
[16:12:33] INFO     Rank: 0 - Epoch:35/80, Batch:39,    progress_callback.py:218
                    loss:1.063183, finished 44.91%.                             
[16:12:57] INFO     Rank: 0 - Epoch:35/80, Batch:40,    progress_callback.py:218
                    loss:1.200884, finished 44.94%.                             
[16:13:15] INFO     Rank: 0 - Contrastive loss is                 callback.py:66
                    0.6111001163721085, nll_loss is                             
                    0.6029259532690048                                          
[16:13:18] INFO     Rank: 0 - Epoch:35/80, Batch:41,    progress_callback.py:218
                    loss:1.186283, finished 44.97%.                             
[16:13:21] INFO     Rank: 0 - Epoch:35/80, Batch:42,    progress_callback.py:218
                    loss:1.427741, finished 45.0%.                              
           INFO     Rank: 0 -                           progress_callback.py:204
                    **********Epoch:36 starts**********                         
[16:13:31] INFO     Rank: 0 - Epoch:36/80, Batch:1,     progress_callback.py:218
                    loss:1.07872, finished 45.03%.                              
[16:13:43] INFO     Rank: 0 - Epoch:36/80, Batch:2,     progress_callback.py:218
                    loss:1.487236, finished 45.06%.                             
[16:13:57] INFO     Rank: 0 - Epoch:36/80, Batch:3,     progress_callback.py:218
                    loss:1.180569, finished 45.09%.                             
[16:14:08] INFO     Rank: 0 - Epoch:36/80, Batch:4,     progress_callback.py:218
                    loss:1.245019, finished 45.12%.                             
[16:14:18] INFO     Rank: 0 - Epoch:36/80, Batch:5,     progress_callback.py:218
                    loss:1.267896, finished 45.15%.                             
[16:14:31] INFO     Rank: 0 - Epoch:36/80, Batch:6,     progress_callback.py:218
                    loss:1.022918, finished 45.18%.                             
[16:14:43] INFO     Rank: 0 - Epoch:36/80, Batch:7,     progress_callback.py:218
                    loss:1.091673, finished 45.21%.                             
[16:14:57] INFO     Rank: 0 - Epoch:36/80, Batch:8,     progress_callback.py:218
                    loss:1.004874, finished 45.24%.                             
           INFO     Rank: 0 -                                   evaluator.py:317
                    **********Evaluation starts**********                       
[16:15:10] INFO     Rank: 0 - **********Evaluation              evaluator.py:349
                    ends**********                                              
                                                                                
           INFO     Rank: 0 - ----------Eval. results   progress_callback.py:233
                    on Epoch:36, Batch:8----------                              
           INFO     Rank: 0 -                           progress_callback.py:238
                    {"torch_ngram#ngram-overlap":                               
                    0.4514077603816986}                                         
[16:15:22] INFO     Rank: 0 - Contrastive loss is                 callback.py:66
                    0.6420703679323196, nll_loss is                             
                    0.5285287827253342                                          
[16:15:25] INFO     Rank: 0 - Epoch:36/80, Batch:9,     progress_callback.py:218
                    loss:0.899344, finished 45.27%.                             
[16:15:34] INFO     Rank: 0 - Epoch:36/80, Batch:10,    progress_callback.py:218
                    loss:1.135134, finished 45.3%.                              
[16:15:44] INFO     Rank: 0 - Epoch:36/80, Batch:11,    progress_callback.py:218
                    loss:1.018347, finished 45.33%.                             
[16:15:55] INFO     Rank: 0 - Epoch:36/80, Batch:12,    progress_callback.py:218
                    loss:1.095294, finished 45.36%.                             
[16:16:09] INFO     Rank: 0 - Epoch:36/80, Batch:13,    progress_callback.py:218
                    loss:1.239468, finished 45.39%.                             
[16:16:22] INFO     Rank: 0 - Epoch:36/80, Batch:14,    progress_callback.py:218
                    loss:1.135337, finished 45.42%.                             
[16:16:35] INFO     Rank: 0 - Epoch:36/80, Batch:15,    progress_callback.py:218
                    loss:1.134597, finished 45.45%.                             
[16:16:49] INFO     Rank: 0 - Epoch:36/80, Batch:16,    progress_callback.py:218
                    loss:1.134283, finished 45.48%.                             
[16:17:02] INFO     Rank: 0 - Epoch:36/80, Batch:17,    progress_callback.py:218
                    loss:1.421849, finished 45.51%.                             
[16:17:14] INFO     Rank: 0 - Epoch:36/80, Batch:18,    progress_callback.py:218
                    loss:0.923712, finished 45.54%.                             
[16:17:22] INFO     Rank: 0 - Contrastive loss is                 callback.py:66
                    0.569640052318573, nll_loss is                              
                    0.5611174702644348                                          
[16:17:23] INFO     Rank: 0 - Epoch:36/80, Batch:19,    progress_callback.py:218
                    loss:1.069556, finished 45.57%.                             
[16:17:33] INFO     Rank: 0 - Epoch:36/80, Batch:20,    progress_callback.py:218
                    loss:1.170427, finished 45.6%.                              
[16:17:45] INFO     Rank: 0 - Epoch:36/80, Batch:21,    progress_callback.py:218
                    loss:1.361029, finished 45.62%.                             
[16:17:58] INFO     Rank: 0 - Epoch:36/80, Batch:22,    progress_callback.py:218
                    loss:1.085613, finished 45.65%.                             
[16:18:09] INFO     Rank: 0 - Epoch:36/80, Batch:23,    progress_callback.py:218
                    loss:1.179042, finished 45.68%.                             
[16:18:33] INFO     Rank: 0 - Epoch:36/80, Batch:24,    progress_callback.py:218
                    loss:1.196356, finished 45.71%.                             
[16:18:59] INFO     Rank: 0 - Epoch:36/80, Batch:25,    progress_callback.py:218
                    loss:1.295291, finished 45.74%.                             
[16:19:27] INFO     Rank: 0 - Epoch:36/80, Batch:26,    progress_callback.py:218
                    loss:1.338614, finished 45.77%.                             
[16:19:43] INFO     Rank: 0 - Epoch:36/80, Batch:27,    progress_callback.py:218
                    loss:1.122725, finished 45.8%.                              
[16:20:01] INFO     Rank: 0 - Epoch:36/80, Batch:28,    progress_callback.py:218
                    loss:1.422841, finished 45.83%.                             
[16:20:19] INFO     Rank: 0 - Contrastive loss is                 callback.py:66
                    0.6466844558715821, nll_loss is                             
                    0.57531578540802                                            
           INFO     Rank: 0 - Epoch:36/80, Batch:29,    progress_callback.py:218
                    loss:1.048064, finished 45.86%.                             
[16:20:34] INFO     Rank: 0 - Epoch:36/80, Batch:30,    progress_callback.py:218
                    loss:0.944479, finished 45.89%.                             
[16:20:49] INFO     Rank: 0 - Epoch:36/80, Batch:31,    progress_callback.py:218
                    loss:1.094643, finished 45.92%.                             
[16:21:04] INFO     Rank: 0 - Epoch:36/80, Batch:32,    progress_callback.py:218
                    loss:1.305676, finished 45.95%.                             
[16:21:16] INFO     Rank: 0 - Epoch:36/80, Batch:33,    progress_callback.py:218
                    loss:1.350304, finished 45.98%.                             
[16:21:29] INFO     Rank: 0 - Epoch:36/80, Batch:34,    progress_callback.py:218
                    loss:1.092535, finished 46.01%.                             
[16:21:40] INFO     Rank: 0 - Epoch:36/80, Batch:35,    progress_callback.py:218
                    loss:1.38636, finished 46.04%.                              
[16:21:51] INFO     Rank: 0 - Epoch:36/80, Batch:36,    progress_callback.py:218
                    loss:0.951708, finished 46.07%.                             
[16:22:04] INFO     Rank: 0 - Epoch:36/80, Batch:37,    progress_callback.py:218
                    loss:1.021204, finished 46.1%.                              
[16:22:14] INFO     Rank: 0 - Epoch:36/80, Batch:38,    progress_callback.py:218
                    loss:0.862896, finished 46.13%.                             
[16:22:21] INFO     Rank: 0 - Contrastive loss is                 callback.py:66
                    0.5891329765319824, nll_loss is                             
                    0.5307001769542694                                          
[16:22:24] INFO     Rank: 0 - Epoch:36/80, Batch:39,    progress_callback.py:218
                    loss:1.188526, finished 46.16%.                             
[16:22:39] INFO     Rank: 0 - Epoch:36/80, Batch:40,    progress_callback.py:218
                    loss:1.281329, finished 46.19%.                             
[16:22:52] INFO     Rank: 0 - Epoch:36/80, Batch:41,    progress_callback.py:218
                    loss:1.256492, finished 46.22%.                             
[16:22:56] INFO     Rank: 0 - Epoch:36/80, Batch:42,    progress_callback.py:218
                    loss:1.45633, finished 46.25%.                              
           INFO     Rank: 0 -                           progress_callback.py:204
                    **********Epoch:37 starts**********                         
[16:23:05] INFO     Rank: 0 - Epoch:37/80, Batch:1,     progress_callback.py:218
                    loss:1.131612, finished 46.28%.                             
[16:23:16] INFO     Rank: 0 - Epoch:37/80, Batch:2,     progress_callback.py:218
                    loss:1.223199, finished 46.31%.                             
[16:23:27] INFO     Rank: 0 - Epoch:37/80, Batch:3,     progress_callback.py:218
                    loss:1.14222, finished 46.34%.                              
[16:23:41] INFO     Rank: 0 - Epoch:37/80, Batch:4,     progress_callback.py:218
                    loss:1.137769, finished 46.37%.                             
[16:23:56] INFO     Rank: 0 - Epoch:37/80, Batch:5,     progress_callback.py:218
                    loss:1.298906, finished 46.4%.                              
[16:24:10] INFO     Rank: 0 - Epoch:37/80, Batch:6,     progress_callback.py:218
                    loss:1.030218, finished 46.43%.                             
           INFO     Rank: 0 -                                   evaluator.py:317
                    **********Evaluation starts**********                       
[16:24:24] INFO     Rank: 0 - **********Evaluation              evaluator.py:349
                    ends**********                                              
                                                                                
           INFO     Rank: 0 - ----------Eval. results   progress_callback.py:233
                    on Epoch:37, Batch:6----------                              
           INFO     Rank: 0 -                           progress_callback.py:238
                    {"torch_ngram#ngram-overlap":                               
                    0.44979363679885864}                                        
[16:24:32] INFO     Rank: 0 - Contrastive loss is                 callback.py:66
                    0.678980004787445, nll_loss is                              
                    0.5353925943374633                                          
[16:24:39] INFO     Rank: 0 - Epoch:37/80, Batch:7,     progress_callback.py:218
                    loss:1.185652, finished 46.46%.                             
[16:24:52] INFO     Rank: 0 - Epoch:37/80, Batch:8,     progress_callback.py:218
                    loss:1.075307, finished 46.49%.                             
[16:25:04] INFO     Rank: 0 - Epoch:37/80, Batch:9,     progress_callback.py:218
                    loss:0.852405, finished 46.52%.                             
[16:25:20] INFO     Rank: 0 - Epoch:37/80, Batch:10,    progress_callback.py:218
                    loss:1.047732, finished 46.55%.                             
[16:25:34] INFO     Rank: 0 - Epoch:37/80, Batch:11,    progress_callback.py:218
                    loss:1.038049, finished 46.58%.                             
[16:25:50] INFO     Rank: 0 - Epoch:37/80, Batch:12,    progress_callback.py:218
                    loss:1.191853, finished 46.61%.                             
[16:26:00] INFO     Rank: 0 - Epoch:37/80, Batch:13,    progress_callback.py:218
                    loss:1.099764, finished 46.64%.                             
[16:26:13] INFO     Rank: 0 - Epoch:37/80, Batch:14,    progress_callback.py:218
                    loss:1.199767, finished 46.67%.                             
[16:26:22] INFO     Rank: 0 - Epoch:37/80, Batch:15,    progress_callback.py:218
                    loss:1.052344, finished 46.7%.                              
[16:26:32] INFO     Rank: 0 - Epoch:37/80, Batch:16,    progress_callback.py:218
                    loss:1.222767, finished 46.73%.                             
[16:26:41] INFO     Rank: 0 - Contrastive loss is                 callback.py:66
                    0.5642888754606247, nll_loss is                             
                    0.5437707096338272                                          
           INFO     Rank: 0 - Epoch:37/80, Batch:17,    progress_callback.py:218
                    loss:1.300608, finished 46.76%.                             
[16:26:57] INFO     Rank: 0 - Epoch:37/80, Batch:18,    progress_callback.py:218
                    loss:0.959938, finished 46.79%.                             
[16:27:09] INFO     Rank: 0 - Epoch:37/80, Batch:19,    progress_callback.py:218
                    loss:1.116675, finished 46.82%.                             
[16:27:20] INFO     Rank: 0 - Epoch:37/80, Batch:20,    progress_callback.py:218
                    loss:0.901493, finished 46.85%.                             
[16:27:29] INFO     Rank: 0 - Epoch:37/80, Batch:21,    progress_callback.py:218
                    loss:0.960785, finished 46.88%.                             
[16:27:39] INFO     Rank: 0 - Epoch:37/80, Batch:22,    progress_callback.py:218
                    loss:1.11985, finished 46.9%.                               
[16:27:53] INFO     Rank: 0 - Epoch:37/80, Batch:23,    progress_callback.py:218
                    loss:1.18425, finished 46.93%.                              
[16:28:06] INFO     Rank: 0 - Epoch:37/80, Batch:24,    progress_callback.py:218
                    loss:1.217731, finished 46.96%.                             
[16:28:20] INFO     Rank: 0 - Epoch:37/80, Batch:25,    progress_callback.py:218
                    loss:1.097855, finished 46.99%.                             
[16:28:36] INFO     Rank: 0 - Epoch:37/80, Batch:26,    progress_callback.py:218
                    loss:1.219751, finished 47.02%.                             
[16:28:44] INFO     Rank: 0 - Contrastive loss is                 callback.py:66
                    0.5413580000400543, nll_loss is                             
                    0.5449454009532928                                          
[16:28:49] INFO     Rank: 0 - Epoch:37/80, Batch:27,    progress_callback.py:218
                    loss:1.084706, finished 47.05%.                             
[16:28:59] INFO     Rank: 0 - Epoch:37/80, Batch:28,    progress_callback.py:218
                    loss:1.308374, finished 47.08%.                             
[16:29:11] INFO     Rank: 0 - Epoch:37/80, Batch:29,    progress_callback.py:218
                    loss:1.000924, finished 47.11%.                             
[16:29:21] INFO     Rank: 0 - Epoch:37/80, Batch:30,    progress_callback.py:218
                    loss:1.310558, finished 47.14%.                             
[16:29:32] INFO     Rank: 0 - Epoch:37/80, Batch:31,    progress_callback.py:218
                    loss:1.058805, finished 47.17%.                             
[16:29:43] INFO     Rank: 0 - Epoch:37/80, Batch:32,    progress_callback.py:218
                    loss:1.107071, finished 47.2%.                              
[16:30:04] INFO     Rank: 0 - Epoch:37/80, Batch:33,    progress_callback.py:218
                    loss:1.175416, finished 47.23%.                             
[16:30:19] INFO     Rank: 0 - Epoch:37/80, Batch:34,    progress_callback.py:218
                    loss:0.959544, finished 47.26%.                             
[16:30:31] INFO     Rank: 0 - Epoch:37/80, Batch:35,    progress_callback.py:218
                    loss:1.183973, finished 47.29%.                             
[16:30:42] INFO     Rank: 0 - Epoch:37/80, Batch:36,    progress_callback.py:218
                    loss:1.22964, finished 47.32%.                              
[16:30:54] INFO     Rank: 0 - Contrastive loss is                 callback.py:66
                    0.6202426433563233, nll_loss is                             
                    0.5348512649536132                                          
[16:31:01] INFO     Rank: 0 - Epoch:37/80, Batch:37,    progress_callback.py:218
                    loss:1.216633, finished 47.35%.                             
[16:31:12] INFO     Rank: 0 - Epoch:37/80, Batch:38,    progress_callback.py:218
                    loss:1.046245, finished 47.38%.                             
[16:31:24] INFO     Rank: 0 - Epoch:37/80, Batch:39,    progress_callback.py:218
                    loss:0.971081, finished 47.41%.                             
[16:31:36] INFO     Rank: 0 - Epoch:37/80, Batch:40,    progress_callback.py:218
                    loss:1.015059, finished 47.44%.                             
[16:31:47] INFO     Rank: 0 - Epoch:37/80, Batch:41,    progress_callback.py:218
                    loss:1.376156, finished 47.47%.                             
[16:31:49] INFO     Rank: 0 - Epoch:37/80, Batch:42,    progress_callback.py:218
                    loss:1.618688, finished 47.5%.                              
           INFO     Rank: 0 -                           progress_callback.py:204
                    **********Epoch:38 starts**********                         
[16:32:02] INFO     Rank: 0 - Epoch:38/80, Batch:1,     progress_callback.py:218
                    loss:1.16834, finished 47.53%.                              
[16:32:12] INFO     Rank: 0 - Epoch:38/80, Batch:2,     progress_callback.py:218
                    loss:1.147799, finished 47.56%.                             
[16:32:26] INFO     Rank: 0 - Epoch:38/80, Batch:3,     progress_callback.py:218
                    loss:1.119617, finished 47.59%.                             
[16:32:38] INFO     Rank: 0 - Epoch:38/80, Batch:4,     progress_callback.py:218
                    loss:1.067373, finished 47.62%.                             
           INFO     Rank: 0 -                                   evaluator.py:317
                    **********Evaluation starts**********                       
[16:32:52] INFO     Rank: 0 - **********Evaluation              evaluator.py:349
                    ends**********                                              
                                                                                
           INFO     Rank: 0 - ----------Eval. results   progress_callback.py:233
                    on Epoch:38, Batch:4----------                              
           INFO     Rank: 0 -                           progress_callback.py:238
                    {"torch_ngram#ngram-overlap":                               
                    0.4524945020675659}                                         
[16:33:05] INFO     Rank: 0 - Contrastive loss is                 callback.py:66
                    0.6331097841262817, nll_loss is                             
                    0.538631272315979                                           
[16:33:06] INFO     Rank: 0 - Epoch:38/80, Batch:5,     progress_callback.py:218
                    loss:1.187054, finished 47.65%.                             
[16:33:17] INFO     Rank: 0 - Epoch:38/80, Batch:6,     progress_callback.py:218
                    loss:1.17911, finished 47.68%.                              
[16:33:27] INFO     Rank: 0 - Epoch:38/80, Batch:7,     progress_callback.py:218
                    loss:1.406525, finished 47.71%.                             
[16:33:39] INFO     Rank: 0 - Epoch:38/80, Batch:8,     progress_callback.py:218
                    loss:1.118814, finished 47.74%.                             
[16:33:56] INFO     Rank: 0 - Epoch:38/80, Batch:9,     progress_callback.py:218
                    loss:1.103122, finished 47.77%.                             
[16:34:10] INFO     Rank: 0 - Epoch:38/80, Batch:10,    progress_callback.py:218
                    loss:0.980118, finished 47.8%.                              
[16:34:23] INFO     Rank: 0 - Epoch:38/80, Batch:11,    progress_callback.py:218
                    loss:1.02143, finished 47.83%.                              
[16:34:40] INFO     Rank: 0 - Epoch:38/80, Batch:12,    progress_callback.py:218
                    loss:0.984783, finished 47.86%.                             
[16:34:50] INFO     Rank: 0 - Epoch:38/80, Batch:13,    progress_callback.py:218
                    loss:1.188954, finished 47.89%.                             
[16:35:02] INFO     Rank: 0 - Epoch:38/80, Batch:14,    progress_callback.py:218
                    loss:1.135342, finished 47.92%.                             
[16:35:12] INFO     Rank: 0 - Contrastive loss is                 callback.py:66
                    0.6036837846040726, nll_loss is                             
                    0.5406417340040207                                          
[16:35:15] INFO     Rank: 0 - Epoch:38/80, Batch:15,    progress_callback.py:218
                    loss:1.325058, finished 47.95%.                             
[16:35:28] INFO     Rank: 0 - Epoch:38/80, Batch:16,    progress_callback.py:218
                    loss:0.853764, finished 47.98%.                             
[16:35:44] INFO     Rank: 0 - Epoch:38/80, Batch:17,    progress_callback.py:218
                    loss:0.913368, finished 48.01%.                             
[16:35:58] INFO     Rank: 0 - Epoch:38/80, Batch:18,    progress_callback.py:218
                    loss:1.136372, finished 48.04%.                             
[16:36:10] INFO     Rank: 0 - Epoch:38/80, Batch:19,    progress_callback.py:218
                    loss:1.143966, finished 48.07%.                             
[16:36:26] INFO     Rank: 0 - Epoch:38/80, Batch:20,    progress_callback.py:218
                    loss:1.09695, finished 48.1%.                               
[16:36:37] INFO     Rank: 0 - Epoch:38/80, Batch:21,    progress_callback.py:218
                    loss:1.144335, finished 48.12%.                             
[16:36:49] INFO     Rank: 0 - Epoch:38/80, Batch:22,    progress_callback.py:218
                    loss:1.114311, finished 48.15%.                             
[16:36:59] INFO     Rank: 0 - Epoch:38/80, Batch:23,    progress_callback.py:218
                    loss:1.235987, finished 48.18%.                             
[16:37:14] INFO     Rank: 0 - Epoch:38/80, Batch:24,    progress_callback.py:218
                    loss:1.043602, finished 48.21%.                             
[16:37:27] INFO     Rank: 0 - Contrastive loss is                 callback.py:66
                    0.5483858019113541, nll_loss is                             
                    0.5242004066705703                                          
[16:37:28] INFO     Rank: 0 - Epoch:38/80, Batch:25,    progress_callback.py:218
                    loss:1.043208, finished 48.24%.                             
[16:37:41] INFO     Rank: 0 - Epoch:38/80, Batch:26,    progress_callback.py:218
                    loss:1.180031, finished 48.27%.                             
[16:37:53] INFO     Rank: 0 - Epoch:38/80, Batch:27,    progress_callback.py:218
                    loss:1.144138, finished 48.3%.                              
[16:38:02] INFO     Rank: 0 - Epoch:38/80, Batch:28,    progress_callback.py:218
                    loss:0.942689, finished 48.33%.                             
[16:38:14] INFO     Rank: 0 - Epoch:38/80, Batch:29,    progress_callback.py:218
                    loss:1.119295, finished 48.36%.                             
[16:38:27] INFO     Rank: 0 - Epoch:38/80, Batch:30,    progress_callback.py:218
                    loss:1.195414, finished 48.39%.                             
[16:38:40] INFO     Rank: 0 - Epoch:38/80, Batch:31,    progress_callback.py:218
                    loss:1.074598, finished 48.42%.                             
[16:38:55] INFO     Rank: 0 - Epoch:38/80, Batch:32,    progress_callback.py:218
                    loss:0.800012, finished 48.45%.                             
[16:39:08] INFO     Rank: 0 - Epoch:38/80, Batch:33,    progress_callback.py:218
                    loss:1.134073, finished 48.48%.                             
[16:39:21] INFO     Rank: 0 - Epoch:38/80, Batch:34,    progress_callback.py:218
                    loss:1.137161, finished 48.51%.                             
[16:39:33] INFO     Rank: 0 - Contrastive loss is                 callback.py:66
                    0.5897802293300629, nll_loss is                             
                    0.5123103559017181                                          
[16:39:39] INFO     Rank: 0 - Epoch:38/80, Batch:35,    progress_callback.py:218
                    loss:1.293495, finished 48.54%.                             
[16:39:54] INFO     Rank: 0 - Epoch:38/80, Batch:36,    progress_callback.py:218
                    loss:1.300275, finished 48.57%.                             
[16:40:06] INFO     Rank: 0 - Epoch:38/80, Batch:37,    progress_callback.py:218
                    loss:1.189801, finished 48.6%.                              
[16:40:20] INFO     Rank: 0 - Epoch:38/80, Batch:38,    progress_callback.py:218
                    loss:1.104217, finished 48.63%.                             
[16:40:36] INFO     Rank: 0 - Epoch:38/80, Batch:39,    progress_callback.py:218
                    loss:1.171223, finished 48.66%.                             
[16:40:46] INFO     Rank: 0 - Epoch:38/80, Batch:40,    progress_callback.py:218
                    loss:1.183394, finished 48.69%.                             
[16:40:59] INFO     Rank: 0 - Epoch:38/80, Batch:41,    progress_callback.py:218
                    loss:1.275281, finished 48.72%.                             
[16:41:02] INFO     Rank: 0 - Epoch:38/80, Batch:42,    progress_callback.py:218
                    loss:1.597544, finished 48.75%.                             
           INFO     Rank: 0 -                           progress_callback.py:204
                    **********Epoch:39 starts**********                         
[16:41:13] INFO     Rank: 0 - Epoch:39/80, Batch:1,     progress_callback.py:218
                    loss:0.89564, finished 48.78%.                              
[16:41:33] INFO     Rank: 0 - Epoch:39/80, Batch:2,     progress_callback.py:218
                    loss:0.963572, finished 48.81%.                             
           INFO     Rank: 0 -                                   evaluator.py:317
                    **********Evaluation starts**********                       
[16:41:46] INFO     Rank: 0 - **********Evaluation              evaluator.py:349
                    ends**********                                              
                                                                                
           INFO     Rank: 0 - ----------Eval. results   progress_callback.py:233
                    on Epoch:39, Batch:2----------                              
           INFO     Rank: 0 -                           progress_callback.py:238
                    {"torch_ngram#ngram-overlap":                               
                    0.45529401302337646}                                        
 ============= save model at results/2023-03-27-11_17_48_518372/epoch-39_step-1640.pt ============= 
save hyperparams in  results/2023-03-27-11_17_48_518372/hyperparams.txt
[16:41:54] INFO     Rank: 0 - Contrastive loss is                 callback.py:66
                    0.6419016063213349, nll_loss is                             
                    0.5344712316989899                                          
[16:41:58] INFO     Rank: 0 - Epoch:39/80, Batch:3,     progress_callback.py:218
                    loss:1.082783, finished 48.84%.                             
[16:42:08] INFO     Rank: 0 - Epoch:39/80, Batch:4,     progress_callback.py:218
                    loss:1.16487, finished 48.87%.                              
[16:42:19] INFO     Rank: 0 - Epoch:39/80, Batch:5,     progress_callback.py:218
                    loss:1.199541, finished 48.9%.                              
[16:42:31] INFO     Rank: 0 - Epoch:39/80, Batch:6,     progress_callback.py:218
                    loss:1.06882, finished 48.93%.                              
[16:42:45] INFO     Rank: 0 - Epoch:39/80, Batch:7,     progress_callback.py:218
                    loss:1.019958, finished 48.96%.                             
[16:42:57] INFO     Rank: 0 - Epoch:39/80, Batch:8,     progress_callback.py:218
                    loss:1.090276, finished 48.99%.                             
[16:43:10] INFO     Rank: 0 - Epoch:39/80, Batch:9,     progress_callback.py:218
                    loss:1.350711, finished 49.02%.                             
[16:43:29] INFO     Rank: 0 - Epoch:39/80, Batch:10,    progress_callback.py:218
                    loss:1.220389, finished 49.05%.                             
[16:43:41] INFO     Rank: 0 - Epoch:39/80, Batch:11,    progress_callback.py:218
                    loss:0.966974, finished 49.08%.                             
[16:43:54] INFO     Rank: 0 - Epoch:39/80, Batch:12,    progress_callback.py:218
                    loss:1.020331, finished 49.11%.                             
[16:44:06] INFO     Rank: 0 - Contrastive loss is                 callback.py:66
                    0.6050325393676758, nll_loss is                             
                    0.5146816849708558                                          
           INFO     Rank: 0 - Epoch:39/80, Batch:13,    progress_callback.py:218
                    loss:1.095273, finished 49.14%.                             
[16:44:19] INFO     Rank: 0 - Epoch:39/80, Batch:14,    progress_callback.py:218
                    loss:1.155996, finished 49.17%.                             
[16:44:34] INFO     Rank: 0 - Epoch:39/80, Batch:15,    progress_callback.py:218
                    loss:1.069551, finished 49.2%.                              
[16:44:46] INFO     Rank: 0 - Epoch:39/80, Batch:16,    progress_callback.py:218
                    loss:1.155537, finished 49.23%.                             
[16:44:57] INFO     Rank: 0 - Epoch:39/80, Batch:17,    progress_callback.py:218
                    loss:1.133046, finished 49.26%.                             
[16:45:08] INFO     Rank: 0 - Epoch:39/80, Batch:18,    progress_callback.py:218
                    loss:0.893184, finished 49.29%.                             
[16:45:17] INFO     Rank: 0 - Epoch:39/80, Batch:19,    progress_callback.py:218
                    loss:1.101554, finished 49.32%.                             
[16:45:32] INFO     Rank: 0 - Epoch:39/80, Batch:20,    progress_callback.py:218
                    loss:1.1756, finished 49.35%.                               
[16:45:44] INFO     Rank: 0 - Epoch:39/80, Batch:21,    progress_callback.py:218
                    loss:1.275376, finished 49.38%.                             
[16:45:56] INFO     Rank: 0 - Epoch:39/80, Batch:22,    progress_callback.py:218
                    loss:1.142947, finished 49.4%.                              
[16:46:04] INFO     Rank: 0 - Contrastive loss is                 callback.py:66
                    0.5879808694124222, nll_loss is                             
                    0.5332884162664413                                          
[16:46:12] INFO     Rank: 0 - Epoch:39/80, Batch:23,    progress_callback.py:218
                    loss:1.1099, finished 49.43%.                               
[16:46:23] INFO     Rank: 0 - Epoch:39/80, Batch:24,    progress_callback.py:218
                    loss:1.203012, finished 49.46%.                             
[16:46:43] INFO     Rank: 0 - Epoch:39/80, Batch:25,    progress_callback.py:218
                    loss:0.830472, finished 49.49%.                             
[16:46:56] INFO     Rank: 0 - Epoch:39/80, Batch:26,    progress_callback.py:218
                    loss:1.120581, finished 49.52%.                             
[16:47:09] INFO     Rank: 0 - Epoch:39/80, Batch:27,    progress_callback.py:218
                    loss:0.908626, finished 49.55%.                             
[16:47:21] INFO     Rank: 0 - Epoch:39/80, Batch:28,    progress_callback.py:218
                    loss:1.127872, finished 49.58%.                             
[16:47:33] INFO     Rank: 0 - Epoch:39/80, Batch:29,    progress_callback.py:218
                    loss:1.050536, finished 49.61%.                             
[16:48:05] INFO     Rank: 0 - Epoch:39/80, Batch:30,    progress_callback.py:218
                    loss:1.176295, finished 49.64%.                             
[16:48:19] INFO     Rank: 0 - Epoch:39/80, Batch:31,    progress_callback.py:218
                    loss:0.921841, finished 49.67%.                             
[16:48:36] INFO     Rank: 0 - Epoch:39/80, Batch:32,    progress_callback.py:218
                    loss:1.100604, finished 49.7%.                              
[16:48:56] INFO     Rank: 0 - Contrastive loss is                 callback.py:66
                    0.5702773064374924, nll_loss is                             
                    0.45218723714351655                                         
[16:49:03] INFO     Rank: 0 - Epoch:39/80, Batch:33,    progress_callback.py:218
                    loss:0.784806, finished 49.73%.                             
[16:49:17] INFO     Rank: 0 - Epoch:39/80, Batch:34,    progress_callback.py:218
                    loss:0.858455, finished 49.76%.                             
[16:49:30] INFO     Rank: 0 - Epoch:39/80, Batch:35,    progress_callback.py:218
                    loss:1.117569, finished 49.79%.                             
[16:49:39] INFO     Rank: 0 - Epoch:39/80, Batch:36,    progress_callback.py:218
                    loss:1.056929, finished 49.82%.                             
[16:49:51] INFO     Rank: 0 - Epoch:39/80, Batch:37,    progress_callback.py:218
                    loss:1.024673, finished 49.85%.                             
[16:50:02] INFO     Rank: 0 - Epoch:39/80, Batch:38,    progress_callback.py:218
                    loss:1.042019, finished 49.88%.                             
[16:50:16] INFO     Rank: 0 - Epoch:39/80, Batch:39,    progress_callback.py:218
                    loss:1.164495, finished 49.91%.                             
[16:50:28] INFO     Rank: 0 - Epoch:39/80, Batch:40,    progress_callback.py:218
                    loss:0.923628, finished 49.94%.                             
[16:50:47] INFO     Rank: 0 - Epoch:39/80, Batch:41,    progress_callback.py:218
                    loss:1.038539, finished 49.97%.                             
[16:50:52] INFO     Rank: 0 - Epoch:39/80, Batch:42,    progress_callback.py:218
                    loss:1.476848, finished 50.0%.                              
           INFO     Rank: 0 -                                   evaluator.py:317
                    **********Evaluation starts**********                       
[16:51:05] INFO     Rank: 0 - **********Evaluation              evaluator.py:349
                    ends**********                                              
                                                                                
           INFO     Rank: 0 - ----------Eval. results   progress_callback.py:233
                    on Epoch:39, Batch:42----------                             
           INFO     Rank: 0 -                           progress_callback.py:238
                    {"torch_ngram#ngram-overlap":                               
                    0.45151710510253906}                                        
           INFO     Rank: 0 -                           progress_callback.py:204
                    **********Epoch:40 starts**********                         
[16:51:13] INFO     Rank: 0 - Contrastive loss is                 callback.py:66
                    0.5828150510787964, nll_loss is                             
                    0.4990453779697418                                          
[16:51:19] INFO     Rank: 0 - Epoch:40/80, Batch:1,     progress_callback.py:218
                    loss:1.115449, finished 50.03%.                             
[16:51:33] INFO     Rank: 0 - Epoch:40/80, Batch:2,     progress_callback.py:218
                    loss:0.857102, finished 50.06%.                             
[16:51:50] INFO     Rank: 0 - Epoch:40/80, Batch:3,     progress_callback.py:218
                    loss:1.191275, finished 50.09%.                             
[16:52:02] INFO     Rank: 0 - Epoch:40/80, Batch:4,     progress_callback.py:218
                    loss:1.035908, finished 50.12%.                             
[16:52:18] INFO     Rank: 0 - Epoch:40/80, Batch:5,     progress_callback.py:218
                    loss:0.862062, finished 50.15%.                             
[16:52:30] INFO     Rank: 0 - Epoch:40/80, Batch:6,     progress_callback.py:218
                    loss:1.010698, finished 50.18%.                             
[16:52:43] INFO     Rank: 0 - Epoch:40/80, Batch:7,     progress_callback.py:218
                    loss:1.063874, finished 50.21%.                             
[16:52:52] INFO     Rank: 0 - Epoch:40/80, Batch:8,     progress_callback.py:218
                    loss:1.008929, finished 50.24%.                             
[16:53:04] INFO     Rank: 0 - Epoch:40/80, Batch:9,     progress_callback.py:218
                    loss:1.037217, finished 50.27%.                             
[16:53:18] INFO     Rank: 0 - Epoch:40/80, Batch:10,    progress_callback.py:218
                    loss:1.069273, finished 50.3%.                              
[16:53:27] INFO     Rank: 0 - Contrastive loss is                 callback.py:66
                    0.5393744587898255, nll_loss is                             
                    0.4903452396392822                                          
[16:53:29] INFO     Rank: 0 - Epoch:40/80, Batch:11,    progress_callback.py:218
                    loss:1.160858, finished 50.33%.                             
[16:53:42] INFO     Rank: 0 - Epoch:40/80, Batch:12,    progress_callback.py:218
                    loss:1.057704, finished 50.36%.                             
[16:53:54] INFO     Rank: 0 - Epoch:40/80, Batch:13,    progress_callback.py:218
                    loss:1.005879, finished 50.39%.                             
[16:54:03] INFO     Rank: 0 - Epoch:40/80, Batch:14,    progress_callback.py:218
                    loss:1.129229, finished 50.42%.                             
[16:54:17] INFO     Rank: 0 - Epoch:40/80, Batch:15,    progress_callback.py:218
                    loss:1.014545, finished 50.45%.                             
[16:54:28] INFO     Rank: 0 - Epoch:40/80, Batch:16,    progress_callback.py:218
                    loss:1.280328, finished 50.48%.                             
[16:54:43] INFO     Rank: 0 - Epoch:40/80, Batch:17,    progress_callback.py:218
                    loss:1.396239, finished 50.51%.                             
[16:54:54] INFO     Rank: 0 - Epoch:40/80, Batch:18,    progress_callback.py:218
                    loss:1.294317, finished 50.54%.                             
[16:55:08] INFO     Rank: 0 - Epoch:40/80, Batch:19,    progress_callback.py:218
                    loss:0.909285, finished 50.57%.                             
[16:55:23] INFO     Rank: 0 - Epoch:40/80, Batch:20,    progress_callback.py:218
                    loss:1.065401, finished 50.6%.                              
[16:55:30] INFO     Rank: 0 - Contrastive loss is                 callback.py:66
                    0.5764198243618012, nll_loss is                             
                    0.5291110217571259                                          
[16:55:32] INFO     Rank: 0 - Epoch:40/80, Batch:21,    progress_callback.py:218
                    loss:0.902383, finished 50.62%.                             
[16:55:45] INFO     Rank: 0 - Epoch:40/80, Batch:22,    progress_callback.py:218
                    loss:1.113302, finished 50.65%.                             
[16:55:56] INFO     Rank: 0 - Epoch:40/80, Batch:23,    progress_callback.py:218
                    loss:0.998896, finished 50.68%.                             
[16:56:08] INFO     Rank: 0 - Epoch:40/80, Batch:24,    progress_callback.py:218
                    loss:1.217517, finished 50.71%.                             
[16:56:19] INFO     Rank: 0 - Epoch:40/80, Batch:25,    progress_callback.py:218
                    loss:1.044787, finished 50.74%.                             
[16:56:35] INFO     Rank: 0 - Epoch:40/80, Batch:26,    progress_callback.py:218
                    loss:1.127403, finished 50.77%.                             
[16:56:48] INFO     Rank: 0 - Epoch:40/80, Batch:27,    progress_callback.py:218
                    loss:1.119401, finished 50.8%.                              
[16:56:59] INFO     Rank: 0 - Epoch:40/80, Batch:28,    progress_callback.py:218
                    loss:1.071455, finished 50.83%.                             
[16:57:11] INFO     Rank: 0 - Epoch:40/80, Batch:29,    progress_callback.py:218
                    loss:1.108919, finished 50.86%.                             
[16:57:25] INFO     Rank: 0 - Epoch:40/80, Batch:30,    progress_callback.py:218
                    loss:0.997305, finished 50.89%.                             
[16:57:34] INFO     Rank: 0 - Contrastive loss is                 callback.py:66
                    0.5787482023239136, nll_loss is                             
                    0.4973451018333435                                          
[16:57:37] INFO     Rank: 0 - Epoch:40/80, Batch:31,    progress_callback.py:218
                    loss:0.961948, finished 50.92%.                             
[16:57:50] INFO     Rank: 0 - Epoch:40/80, Batch:32,    progress_callback.py:218
                    loss:1.261621, finished 50.95%.                             
[16:58:03] INFO     Rank: 0 - Epoch:40/80, Batch:33,    progress_callback.py:218
                    loss:1.038796, finished 50.98%.                             
[16:58:19] INFO     Rank: 0 - Epoch:40/80, Batch:34,    progress_callback.py:218
                    loss:1.209303, finished 51.01%.                             
[16:58:33] INFO     Rank: 0 - Epoch:40/80, Batch:35,    progress_callback.py:218
                    loss:1.150156, finished 51.04%.                             
[16:58:44] INFO     Rank: 0 - Epoch:40/80, Batch:36,    progress_callback.py:218
                    loss:1.012784, finished 51.07%.                             
[16:58:55] INFO     Rank: 0 - Epoch:40/80, Batch:37,    progress_callback.py:218
                    loss:1.200836, finished 51.1%.                              
[16:59:08] INFO     Rank: 0 - Epoch:40/80, Batch:38,    progress_callback.py:218
                    loss:0.939699, finished 51.13%.                             
[16:59:22] INFO     Rank: 0 - Epoch:40/80, Batch:39,    progress_callback.py:218
                    loss:1.267741, finished 51.16%.                             
[16:59:36] INFO     Rank: 0 - Epoch:40/80, Batch:40,    progress_callback.py:218
                    loss:1.025409, finished 51.19%.                             
           INFO     Rank: 0 -                                   evaluator.py:317
                    **********Evaluation starts**********                       
[16:59:50] INFO     Rank: 0 - **********Evaluation              evaluator.py:349
                    ends**********                                              
                                                                                
           INFO     Rank: 0 - ----------Eval. results   progress_callback.py:233
                    on Epoch:40, Batch:40----------                             
           INFO     Rank: 0 -                           progress_callback.py:238
                    {"torch_ngram#ngram-overlap":                               
                    0.4507010579109192}                                         
[16:59:59] INFO     Rank: 0 - Contrastive loss is                 callback.py:66
                    0.5961304664611816, nll_loss is                             
                    0.5307514905929566                                          
[17:00:01] INFO     Rank: 0 - Epoch:40/80, Batch:41,    progress_callback.py:218
                    loss:1.162475, finished 51.22%.                             
[17:00:05] INFO     Rank: 0 - Epoch:40/80, Batch:42,    progress_callback.py:218
                    loss:1.45244, finished 51.25%.                              
           INFO     Rank: 0 -                           progress_callback.py:204
                    **********Epoch:41 starts**********                         
[17:00:15] INFO     Rank: 0 - Epoch:41/80, Batch:1,     progress_callback.py:218
                    loss:1.370841, finished 51.28%.                             
[17:00:27] INFO     Rank: 0 - Epoch:41/80, Batch:2,     progress_callback.py:218
                    loss:0.999986, finished 51.31%.                             
[17:00:46] INFO     Rank: 0 - Epoch:41/80, Batch:3,     progress_callback.py:218
                    loss:1.022934, finished 51.34%.                             
[17:01:00] INFO     Rank: 0 - Epoch:41/80, Batch:4,     progress_callback.py:218
                    loss:0.874102, finished 51.37%.                             
[17:01:10] INFO     Rank: 0 - Epoch:41/80, Batch:5,     progress_callback.py:218
                    loss:1.217913, finished 51.4%.                              
[17:01:20] INFO     Rank: 0 - Epoch:41/80, Batch:6,     progress_callback.py:218
                    loss:0.955438, finished 51.43%.                             
[17:01:37] INFO     Rank: 0 - Epoch:41/80, Batch:7,     progress_callback.py:218
                    loss:1.241403, finished 51.46%.                             
[17:01:49] INFO     Rank: 0 - Epoch:41/80, Batch:8,     progress_callback.py:218
                    loss:1.012163, finished 51.49%.                             
[17:01:59] INFO     Rank: 0 - Contrastive loss is                 callback.py:66
                    0.6036202788352967, nll_loss is                             
                    0.4984883189201355                                          
           INFO     Rank: 0 - Epoch:41/80, Batch:9,     progress_callback.py:218
                    loss:0.873866, finished 51.52%.                             
[17:02:12] INFO     Rank: 0 - Epoch:41/80, Batch:10,    progress_callback.py:218
                    loss:0.987896, finished 51.55%.                             
[17:02:23] INFO     Rank: 0 - Epoch:41/80, Batch:11,    progress_callback.py:218
                    loss:1.092434, finished 51.58%.                             
[17:02:35] INFO     Rank: 0 - Epoch:41/80, Batch:12,    progress_callback.py:218
                    loss:1.237173, finished 51.61%.                             
[17:02:52] INFO     Rank: 0 - Epoch:41/80, Batch:13,    progress_callback.py:218
                    loss:0.966705, finished 51.64%.                             
[17:03:02] INFO     Rank: 0 - Epoch:41/80, Batch:14,    progress_callback.py:218
                    loss:1.222746, finished 51.67%.                             
[17:03:15] INFO     Rank: 0 - Epoch:41/80, Batch:15,    progress_callback.py:218
                    loss:1.061031, finished 51.7%.                              
[17:03:31] INFO     Rank: 0 - Epoch:41/80, Batch:16,    progress_callback.py:218
                    loss:1.123841, finished 51.73%.                             
[17:03:49] INFO     Rank: 0 - Epoch:41/80, Batch:17,    progress_callback.py:218
                    loss:1.192818, finished 51.76%.                             
[17:04:01] INFO     Rank: 0 - Epoch:41/80, Batch:18,    progress_callback.py:218
                    loss:1.144628, finished 51.79%.                             
[17:04:10] INFO     Rank: 0 - Contrastive loss is                 callback.py:66
                    0.5667840719223023, nll_loss is                             
                    0.5395329415798187                                          
[17:04:11] INFO     Rank: 0 - Epoch:41/80, Batch:19,    progress_callback.py:218
                    loss:1.033898, finished 51.82%.                             
[17:04:21] INFO     Rank: 0 - Epoch:41/80, Batch:20,    progress_callback.py:218
                    loss:0.998795, finished 51.85%.                             
[17:04:35] INFO     Rank: 0 - Epoch:41/80, Batch:21,    progress_callback.py:218
                    loss:0.844742, finished 51.88%.                             
[17:04:47] INFO     Rank: 0 - Epoch:41/80, Batch:22,    progress_callback.py:218
                    loss:1.125794, finished 51.9%.                              
[17:05:03] INFO     Rank: 0 - Epoch:41/80, Batch:23,    progress_callback.py:218
                    loss:0.824698, finished 51.93%.                             
[17:05:14] INFO     Rank: 0 - Epoch:41/80, Batch:24,    progress_callback.py:218
                    loss:1.157056, finished 51.96%.                             
[17:05:25] INFO     Rank: 0 - Epoch:41/80, Batch:25,    progress_callback.py:218
                    loss:1.259876, finished 51.99%.                             
[17:05:36] INFO     Rank: 0 - Epoch:41/80, Batch:26,    progress_callback.py:218
                    loss:1.102707, finished 52.02%.                             
[17:05:49] INFO     Rank: 0 - Epoch:41/80, Batch:27,    progress_callback.py:218
                    loss:1.146597, finished 52.05%.                             
[17:06:04] INFO     Rank: 0 - Epoch:41/80, Batch:28,    progress_callback.py:218
                    loss:0.869438, finished 52.08%.                             
[17:06:10] INFO     Rank: 0 - Contrastive loss is                 callback.py:66
                    0.5645321846008301, nll_loss is                             
                    0.4800542056560516                                          
[17:06:20] INFO     Rank: 0 - Epoch:41/80, Batch:29,    progress_callback.py:218
                    loss:1.116163, finished 52.11%.                             
[17:06:35] INFO     Rank: 0 - Epoch:41/80, Batch:30,    progress_callback.py:218
                    loss:0.945842, finished 52.14%.                             
[17:06:53] INFO     Rank: 0 - Epoch:41/80, Batch:31,    progress_callback.py:218
                    loss:1.076368, finished 52.17%.                             
[17:07:07] INFO     Rank: 0 - Epoch:41/80, Batch:32,    progress_callback.py:218
                    loss:0.859693, finished 52.2%.                              
[17:07:21] INFO     Rank: 0 - Epoch:41/80, Batch:33,    progress_callback.py:218
                    loss:1.022615, finished 52.23%.                             
[17:07:30] INFO     Rank: 0 - Epoch:41/80, Batch:34,    progress_callback.py:218
                    loss:0.975697, finished 52.26%.                             
[17:07:42] INFO     Rank: 0 - Epoch:41/80, Batch:35,    progress_callback.py:218
                    loss:1.417344, finished 52.29%.                             
[17:07:55] INFO     Rank: 0 - Epoch:41/80, Batch:36,    progress_callback.py:218
                    loss:1.067597, finished 52.32%.                             
[17:08:08] INFO     Rank: 0 - Epoch:41/80, Batch:37,    progress_callback.py:218
                    loss:0.932593, finished 52.35%.                             
[17:08:22] INFO     Rank: 0 - Epoch:41/80, Batch:38,    progress_callback.py:218
                    loss:1.215523, finished 52.38%.                             
           INFO     Rank: 0 -                                   evaluator.py:317
                    **********Evaluation starts**********                       
[17:08:37] INFO     Rank: 0 - **********Evaluation              evaluator.py:349
                    ends**********                                              
                                                                                
           INFO     Rank: 0 - ----------Eval. results   progress_callback.py:233
                    on Epoch:41, Batch:38----------                             
           INFO     Rank: 0 -                           progress_callback.py:238
                    {"torch_ngram#ngram-overlap":                               
                    0.4490666091442108}                                         
[17:08:46] INFO     Rank: 0 - Contrastive loss is                 callback.py:66
                    0.556947898864746, nll_loss is                              
                    0.4965497612953186                                          
[17:08:50] INFO     Rank: 0 - Epoch:41/80, Batch:39,    progress_callback.py:218
                    loss:1.021704, finished 52.41%.                             
[17:09:05] INFO     Rank: 0 - Epoch:41/80, Batch:40,    progress_callback.py:218
                    loss:1.021902, finished 52.44%.                             
[17:09:15] INFO     Rank: 0 - Epoch:41/80, Batch:41,    progress_callback.py:218
                    loss:1.085073, finished 52.47%.                             
[17:09:19] INFO     Rank: 0 - Epoch:41/80, Batch:42,    progress_callback.py:218
                    loss:1.309546, finished 52.5%.                              
           INFO     Rank: 0 -                           progress_callback.py:204
                    **********Epoch:42 starts**********                         
[17:09:31] INFO     Rank: 0 - Epoch:42/80, Batch:1,     progress_callback.py:218
                    loss:0.990476, finished 52.53%.                             
[17:09:40] INFO     Rank: 0 - Epoch:42/80, Batch:2,     progress_callback.py:218
                    loss:0.996655, finished 52.56%.                             
[17:09:51] INFO     Rank: 0 - Epoch:42/80, Batch:3,     progress_callback.py:218
                    loss:1.205551, finished 52.59%.                             
[17:10:04] INFO     Rank: 0 - Epoch:42/80, Batch:4,     progress_callback.py:218
                    loss:1.165895, finished 52.62%.                             
[17:10:18] INFO     Rank: 0 - Epoch:42/80, Batch:5,     progress_callback.py:218
                    loss:1.090244, finished 52.65%.                             
[17:10:35] INFO     Rank: 0 - Epoch:42/80, Batch:6,     progress_callback.py:218
                    loss:1.064825, finished 52.68%.                             
[17:10:45] INFO     Rank: 0 - Contrastive loss is                 callback.py:66
                    0.6329436302185059, nll_loss is                             
                    0.47020559906959536                                         
[17:10:49] INFO     Rank: 0 - Epoch:42/80, Batch:7,     progress_callback.py:218
                    loss:1.101326, finished 52.71%.                             
[17:11:01] INFO     Rank: 0 - Epoch:42/80, Batch:8,     progress_callback.py:218
                    loss:1.11362, finished 52.74%.                              
[17:11:20] INFO     Rank: 0 - Epoch:42/80, Batch:9,     progress_callback.py:218
                    loss:1.235622, finished 52.77%.                             
[17:11:32] INFO     Rank: 0 - Epoch:42/80, Batch:10,    progress_callback.py:218
                    loss:0.846754, finished 52.8%.                              
[17:11:41] INFO     Rank: 0 - Epoch:42/80, Batch:11,    progress_callback.py:218
                    loss:1.121611, finished 52.83%.                             
[17:11:50] INFO     Rank: 0 - Epoch:42/80, Batch:12,    progress_callback.py:218
                    loss:1.174543, finished 52.86%.                             
[17:12:03] INFO     Rank: 0 - Epoch:42/80, Batch:13,    progress_callback.py:218
                    loss:0.851872, finished 52.89%.                             
[17:12:17] INFO     Rank: 0 - Epoch:42/80, Batch:14,    progress_callback.py:218
                    loss:0.952058, finished 52.92%.                             
[17:12:28] INFO     Rank: 0 - Epoch:42/80, Batch:15,    progress_callback.py:218
                    loss:1.121772, finished 52.95%.                             
[17:12:40] INFO     Rank: 0 - Epoch:42/80, Batch:16,    progress_callback.py:218
                    loss:1.161283, finished 52.98%.                             
[17:12:49] INFO     Rank: 0 - Contrastive loss is                 callback.py:66
                    0.5866457402706147, nll_loss is                             
                    0.4760824143886566                                          
           INFO     Rank: 0 - Epoch:42/80, Batch:17,    progress_callback.py:218
                    loss:1.048147, finished 53.01%.                             
[17:13:04] INFO     Rank: 0 - Epoch:42/80, Batch:18,    progress_callback.py:218
                    loss:1.08215, finished 53.04%.                              
[17:13:21] INFO     Rank: 0 - Epoch:42/80, Batch:19,    progress_callback.py:218
                    loss:0.988499, finished 53.07%.                             
[17:13:39] INFO     Rank: 0 - Epoch:42/80, Batch:20,    progress_callback.py:218
                    loss:0.900418, finished 53.1%.                              
[17:13:58] INFO     Rank: 0 - Epoch:42/80, Batch:21,    progress_callback.py:218
                    loss:0.987853, finished 53.12%.                             
[17:14:34] INFO     Rank: 0 - Epoch:42/80, Batch:22,    progress_callback.py:218
                    loss:0.992713, finished 53.15%.                             
[17:14:55] INFO     Rank: 0 - Epoch:42/80, Batch:23,    progress_callback.py:218
                    loss:1.001444, finished 53.18%.                             
[17:15:19] INFO     Rank: 0 - Epoch:42/80, Batch:24,    progress_callback.py:218
                    loss:0.94951, finished 53.21%.                              
[17:15:33] INFO     Rank: 0 - Epoch:42/80, Batch:25,    progress_callback.py:218
                    loss:1.042938, finished 53.24%.                             
[17:15:46] INFO     Rank: 0 - Epoch:42/80, Batch:26,    progress_callback.py:218
                    loss:0.920497, finished 53.27%.                             
[17:16:01] INFO     Rank: 0 - Contrastive loss is                 callback.py:66
                    0.5264992535114288, nll_loss is                             
                    0.4723769247531891                                          
           INFO     Rank: 0 - Epoch:42/80, Batch:27,    progress_callback.py:218
                    loss:1.122739, finished 53.3%.                              
[17:16:15] INFO     Rank: 0 - Epoch:42/80, Batch:28,    progress_callback.py:218
                    loss:0.946425, finished 53.33%.                             
[17:16:30] INFO     Rank: 0 - Epoch:42/80, Batch:29,    progress_callback.py:218
                    loss:1.216116, finished 53.36%.                             
[17:16:59] INFO     Rank: 0 - Epoch:42/80, Batch:30,    progress_callback.py:218
                    loss:1.238238, finished 53.39%.                             
[17:17:22] INFO     Rank: 0 - Epoch:42/80, Batch:31,    progress_callback.py:218
                    loss:1.032566, finished 53.42%.                             
[17:17:38] INFO     Rank: 0 - Epoch:42/80, Batch:32,    progress_callback.py:218
                    loss:1.108721, finished 53.45%.                             
[17:17:58] INFO     Rank: 0 - Epoch:42/80, Batch:33,    progress_callback.py:218
                    loss:0.990816, finished 53.48%.                             
[17:18:11] INFO     Rank: 0 - Epoch:42/80, Batch:34,    progress_callback.py:218
                    loss:1.252629, finished 53.51%.                             
[17:18:25] INFO     Rank: 0 - Epoch:42/80, Batch:35,    progress_callback.py:218
                    loss:1.03715, finished 53.54%.                              
[17:18:35] INFO     Rank: 0 - Epoch:42/80, Batch:36,    progress_callback.py:218
                    loss:1.082351, finished 53.57%.                             
           INFO     Rank: 0 -                                   evaluator.py:317
                    **********Evaluation starts**********                       
[17:18:49] INFO     Rank: 0 - **********Evaluation              evaluator.py:349
                    ends**********                                              
                                                                                
           INFO     Rank: 0 - ----------Eval. results   progress_callback.py:233
                    on Epoch:42, Batch:36----------                             
           INFO     Rank: 0 -                           progress_callback.py:238
                    {"torch_ngram#ngram-overlap":                               
                    0.44691553711891174}                                        
[17:19:03] INFO     Rank: 0 - Contrastive loss is                 callback.py:66
                    0.5822950601577759, nll_loss is                             
                    0.5223986983299256                                          
[17:19:04] INFO     Rank: 0 - Epoch:42/80, Batch:37,    progress_callback.py:218
                    loss:1.141926, finished 53.6%.                              
[17:19:26] INFO     Rank: 0 - Epoch:42/80, Batch:38,    progress_callback.py:218
                    loss:1.146015, finished 53.63%.                             
[17:19:53] INFO     Rank: 0 - Epoch:42/80, Batch:39,    progress_callback.py:218
                    loss:0.884287, finished 53.66%.                             
[17:20:18] INFO     Rank: 0 - Epoch:42/80, Batch:40,    progress_callback.py:218
                    loss:1.174897, finished 53.69%.                             
[17:20:29] INFO     Rank: 0 - Epoch:42/80, Batch:41,    progress_callback.py:218
                    loss:1.056863, finished 53.72%.                             
[17:20:32] INFO     Rank: 0 - Epoch:42/80, Batch:42,    progress_callback.py:218
                    loss:1.425333, finished 53.75%.                             
           INFO     Rank: 0 -                           progress_callback.py:204
                    **********Epoch:43 starts**********                         
[17:20:48] INFO     Rank: 0 - Epoch:43/80, Batch:1,     progress_callback.py:218
                    loss:0.929628, finished 53.78%.                             
[17:21:02] INFO     Rank: 0 - Epoch:43/80, Batch:2,     progress_callback.py:218
                    loss:1.042028, finished 53.81%.                             
[17:21:19] INFO     Rank: 0 - Epoch:43/80, Batch:3,     progress_callback.py:218
                    loss:1.271729, finished 53.84%.                             
[17:21:38] INFO     Rank: 0 - Epoch:43/80, Batch:4,     progress_callback.py:218
                    loss:0.916391, finished 53.87%.                             
[17:21:54] INFO     Rank: 0 - Contrastive loss is                 callback.py:66
                    0.5785932093858719, nll_loss is                             
                    0.5085863083600998                                          
[17:21:59] INFO     Rank: 0 - Epoch:43/80, Batch:5,     progress_callback.py:218
                    loss:1.024624, finished 53.9%.                              
[17:22:24] INFO     Rank: 0 - Epoch:43/80, Batch:6,     progress_callback.py:218
                    loss:1.019659, finished 53.93%.                             
[17:22:45] INFO     Rank: 0 - Epoch:43/80, Batch:7,     progress_callback.py:218
                    loss:1.069079, finished 53.96%.                             
[17:22:56] INFO     Rank: 0 - Epoch:43/80, Batch:8,     progress_callback.py:218
                    loss:0.882907, finished 53.99%.                             
[17:23:05] INFO     Rank: 0 - Epoch:43/80, Batch:9,     progress_callback.py:218
                    loss:0.937596, finished 54.02%.                             
[17:23:23] INFO     Rank: 0 - Epoch:43/80, Batch:10,    progress_callback.py:218
                    loss:1.194257, finished 54.05%.                             
[17:23:31] INFO     Rank: 0 - Epoch:43/80, Batch:11,    progress_callback.py:218
                    loss:1.095913, finished 54.08%.                             
[17:23:43] INFO     Rank: 0 - Epoch:43/80, Batch:12,    progress_callback.py:218
                    loss:1.04952, finished 54.11%.                              
[17:24:08] INFO     Rank: 0 - Epoch:43/80, Batch:13,    progress_callback.py:218
                    loss:1.226983, finished 54.14%.                             
[17:24:38] INFO     Rank: 0 - Epoch:43/80, Batch:14,    progress_callback.py:218
                    loss:1.21399, finished 54.17%.                              
[17:25:01] INFO     Rank: 0 - Contrastive loss is                 callback.py:66
                    0.5824612736701965, nll_loss is                             
                    0.48900100588798523                                         
[17:25:02] INFO     Rank: 0 - Epoch:43/80, Batch:15,    progress_callback.py:218
                    loss:1.02472, finished 54.2%.                               
[17:25:21] INFO     Rank: 0 - Epoch:43/80, Batch:16,    progress_callback.py:218
                    loss:1.144079, finished 54.23%.                             
[17:25:31] INFO     Rank: 0 - Epoch:43/80, Batch:17,    progress_callback.py:218
                    loss:1.289323, finished 54.26%.                             
[17:25:48] INFO     Rank: 0 - Epoch:43/80, Batch:18,    progress_callback.py:218
                    loss:0.929098, finished 54.29%.                             
[17:26:01] INFO     Rank: 0 - Epoch:43/80, Batch:19,    progress_callback.py:218
                    loss:0.956396, finished 54.32%.                             
[17:26:14] INFO     Rank: 0 - Epoch:43/80, Batch:20,    progress_callback.py:218
                    loss:1.149364, finished 54.35%.                             
[17:26:31] INFO     Rank: 0 - Epoch:43/80, Batch:21,    progress_callback.py:218
                    loss:0.948154, finished 54.37%.                             
[17:26:59] INFO     Rank: 0 - Epoch:43/80, Batch:22,    progress_callback.py:218
                    loss:0.834265, finished 54.4%.                              
[17:27:17] INFO     Rank: 0 - Epoch:43/80, Batch:23,    progress_callback.py:218
                    loss:1.103987, finished 54.43%.                             
[17:27:42] INFO     Rank: 0 - Epoch:43/80, Batch:24,    progress_callback.py:218
                    loss:1.062534, finished 54.46%.                             
[17:27:50] INFO     Rank: 0 - Contrastive loss is                 callback.py:66
                    0.5711164534091949, nll_loss is                             
                    0.46698551177978515                                         
[17:27:58] INFO     Rank: 0 - Epoch:43/80, Batch:25,    progress_callback.py:218
                    loss:0.96382, finished 54.49%.                              
[17:28:12] INFO     Rank: 0 - Epoch:43/80, Batch:26,    progress_callback.py:218
                    loss:1.109329, finished 54.52%.                             
[17:28:25] INFO     Rank: 0 - Epoch:43/80, Batch:27,    progress_callback.py:218
                    loss:1.082782, finished 54.55%.                             
[17:28:36] INFO     Rank: 0 - Epoch:43/80, Batch:28,    progress_callback.py:218
                    loss:1.249591, finished 54.58%.                             
[17:28:46] INFO     Rank: 0 - Epoch:43/80, Batch:29,    progress_callback.py:218
                    loss:0.930193, finished 54.61%.                             
[17:29:16] INFO     Rank: 0 - Epoch:43/80, Batch:30,    progress_callback.py:218
                    loss:0.888586, finished 54.64%.                             
[17:29:38] INFO     Rank: 0 - Epoch:43/80, Batch:31,    progress_callback.py:218
                    loss:1.07779, finished 54.67%.                              
[17:30:01] INFO     Rank: 0 - Epoch:43/80, Batch:32,    progress_callback.py:218
                    loss:1.184849, finished 54.7%.                              
[17:30:20] INFO     Rank: 0 - Epoch:43/80, Batch:33,    progress_callback.py:218
                    loss:1.199695, finished 54.73%.                             
[17:30:32] INFO     Rank: 0 - Epoch:43/80, Batch:34,    progress_callback.py:218
                    loss:1.205194, finished 54.76%.                             
           INFO     Rank: 0 -                                   evaluator.py:317
                    **********Evaluation starts**********                       
[17:30:46] INFO     Rank: 0 - **********Evaluation              evaluator.py:349
                    ends**********                                              
                                                                                
           INFO     Rank: 0 - ----------Eval. results   progress_callback.py:233
                    on Epoch:43, Batch:34----------                             
           INFO     Rank: 0 -                           progress_callback.py:238
                    {"torch_ngram#ngram-overlap":                               
                    0.4512561857700348}                                         
[17:30:53] INFO     Rank: 0 - Contrastive loss is                 callback.py:66
                    0.6133350461721421, nll_loss is                             
                    0.4815514117479324                                          
[17:30:59] INFO     Rank: 0 - Epoch:43/80, Batch:35,    progress_callback.py:218
                    loss:1.020856, finished 54.79%.                             
[17:31:17] INFO     Rank: 0 - Epoch:43/80, Batch:36,    progress_callback.py:218
                    loss:0.941328, finished 54.82%.                             
[17:31:29] INFO     Rank: 0 - Epoch:43/80, Batch:37,    progress_callback.py:218
                    loss:1.173384, finished 54.85%.                             
[17:31:40] INFO     Rank: 0 - Epoch:43/80, Batch:38,    progress_callback.py:218
                    loss:0.960391, finished 54.88%.                             
[17:31:57] INFO     Rank: 0 - Epoch:43/80, Batch:39,    progress_callback.py:218
                    loss:0.993352, finished 54.91%.                             
[17:32:09] INFO     Rank: 0 - Epoch:43/80, Batch:40,    progress_callback.py:218
                    loss:0.887542, finished 54.94%.                             
[17:32:23] INFO     Rank: 0 - Epoch:43/80, Batch:41,    progress_callback.py:218
                    loss:1.103962, finished 54.97%.                             
[17:32:26] INFO     Rank: 0 - Epoch:43/80, Batch:42,    progress_callback.py:218
                    loss:1.387786, finished 55.0%.                              
           INFO     Rank: 0 -                           progress_callback.py:204
                    **********Epoch:44 starts**********                         
[17:32:38] INFO     Rank: 0 - Epoch:44/80, Batch:1,     progress_callback.py:218
                    loss:1.288116, finished 55.03%.                             
[17:32:49] INFO     Rank: 0 - Epoch:44/80, Batch:2,     progress_callback.py:218
                    loss:0.917736, finished 55.06%.                             
[17:32:59] INFO     Rank: 0 - Contrastive loss is                 callback.py:66
                    0.6092450439929962, nll_loss is                             
                    0.45876922011375426                                         
           INFO     Rank: 0 - Epoch:44/80, Batch:3,     progress_callback.py:218
                    loss:1.026546, finished 55.09%.                             
[17:33:09] INFO     Rank: 0 - Epoch:44/80, Batch:4,     progress_callback.py:218
                    loss:0.887254, finished 55.12%.                             
[17:33:24] INFO     Rank: 0 - Epoch:44/80, Batch:5,     progress_callback.py:218
                    loss:1.012908, finished 55.15%.                             
[17:33:38] INFO     Rank: 0 - Epoch:44/80, Batch:6,     progress_callback.py:218
                    loss:1.156445, finished 55.18%.                             
[17:33:49] INFO     Rank: 0 - Epoch:44/80, Batch:7,     progress_callback.py:218
                    loss:1.114504, finished 55.21%.                             
[17:33:59] INFO     Rank: 0 - Epoch:44/80, Batch:8,     progress_callback.py:218
                    loss:0.89993, finished 55.24%.                              
[17:34:10] INFO     Rank: 0 - Epoch:44/80, Batch:9,     progress_callback.py:218
                    loss:1.164118, finished 55.27%.                             
[17:34:26] INFO     Rank: 0 - Epoch:44/80, Batch:10,    progress_callback.py:218
                    loss:1.101459, finished 55.3%.                              
[17:34:38] INFO     Rank: 0 - Epoch:44/80, Batch:11,    progress_callback.py:218
                    loss:1.172031, finished 55.33%.                             
[17:34:49] INFO     Rank: 0 - Epoch:44/80, Batch:12,    progress_callback.py:218
                    loss:0.804936, finished 55.36%.                             
[17:34:57] INFO     Rank: 0 - Contrastive loss is                 callback.py:66
                    0.5684125512838364, nll_loss is                             
                    0.45732901990413666                                         
[17:35:03] INFO     Rank: 0 - Epoch:44/80, Batch:13,    progress_callback.py:218
                    loss:0.943831, finished 55.39%.                             
[17:35:17] INFO     Rank: 0 - Epoch:44/80, Batch:14,    progress_callback.py:218
                    loss:0.913079, finished 55.42%.                             
[17:35:33] INFO     Rank: 0 - Epoch:44/80, Batch:15,    progress_callback.py:218
                    loss:0.992104, finished 55.45%.                             
[17:35:43] INFO     Rank: 0 - Epoch:44/80, Batch:16,    progress_callback.py:218
                    loss:1.054225, finished 55.48%.                             
[17:35:55] INFO     Rank: 0 - Epoch:44/80, Batch:17,    progress_callback.py:218
                    loss:1.156624, finished 55.51%.                             
[17:36:07] INFO     Rank: 0 - Epoch:44/80, Batch:18,    progress_callback.py:218
                    loss:1.011971, finished 55.54%.                             
[17:36:19] INFO     Rank: 0 - Epoch:44/80, Batch:19,    progress_callback.py:218
                    loss:1.165478, finished 55.57%.                             
[17:36:34] INFO     Rank: 0 - Epoch:44/80, Batch:20,    progress_callback.py:218
                    loss:1.170636, finished 55.6%.                              
[17:36:45] INFO     Rank: 0 - Epoch:44/80, Batch:21,    progress_callback.py:218
                    loss:1.065044, finished 55.62%.                             
[17:36:54] INFO     Rank: 0 - Epoch:44/80, Batch:22,    progress_callback.py:218
                    loss:0.907163, finished 55.65%.                             
[17:37:01] INFO     Rank: 0 - Contrastive loss is                 callback.py:66
                    0.5718120574951172, nll_loss is                             
                    0.4837420344352722                                          
[17:37:04] INFO     Rank: 0 - Epoch:44/80, Batch:23,    progress_callback.py:218
                    loss:1.119215, finished 55.68%.                             
[17:37:16] INFO     Rank: 0 - Epoch:44/80, Batch:24,    progress_callback.py:218
                    loss:1.062299, finished 55.71%.                             
[17:37:37] INFO     Rank: 0 - Epoch:44/80, Batch:25,    progress_callback.py:218
                    loss:0.927172, finished 55.74%.                             
[17:37:49] INFO     Rank: 0 - Epoch:44/80, Batch:26,    progress_callback.py:218
                    loss:1.018984, finished 55.77%.                             
[17:37:58] INFO     Rank: 0 - Epoch:44/80, Batch:27,    progress_callback.py:218
                    loss:1.080621, finished 55.8%.                              
[17:38:11] INFO     Rank: 0 - Epoch:44/80, Batch:28,    progress_callback.py:218
                    loss:1.064593, finished 55.83%.                             
[17:38:20] INFO     Rank: 0 - Epoch:44/80, Batch:29,    progress_callback.py:218
                    loss:0.876473, finished 55.86%.                             
[17:38:32] INFO     Rank: 0 - Epoch:44/80, Batch:30,    progress_callback.py:218
                    loss:1.308758, finished 55.89%.                             
[17:38:45] INFO     Rank: 0 - Epoch:44/80, Batch:31,    progress_callback.py:218
                    loss:0.840716, finished 55.92%.                             
[17:38:57] INFO     Rank: 0 - Epoch:44/80, Batch:32,    progress_callback.py:218
                    loss:1.081534, finished 55.95%.                             
           INFO     Rank: 0 -                                   evaluator.py:317
                    **********Evaluation starts**********                       
[17:39:10] INFO     Rank: 0 - **********Evaluation              evaluator.py:349
                    ends**********                                              
                                                                                
           INFO     Rank: 0 - ----------Eval. results   progress_callback.py:233
                    on Epoch:44, Batch:32----------                             
           INFO     Rank: 0 -                           progress_callback.py:238
                    {"torch_ngram#ngram-overlap":                               
                    0.4512818157672882}                                         
[17:39:18] INFO     Rank: 0 - Contrastive loss is                 callback.py:66
                    0.528461042046547, nll_loss is                              
                    0.49400021731853483                                         
[17:39:20] INFO     Rank: 0 - Epoch:44/80, Batch:33,    progress_callback.py:218
                    loss:0.963463, finished 55.98%.                             
[17:39:32] INFO     Rank: 0 - Epoch:44/80, Batch:34,    progress_callback.py:218
                    loss:0.854796, finished 56.01%.                             
[17:39:52] INFO     Rank: 0 - Epoch:44/80, Batch:35,    progress_callback.py:218
                    loss:0.993451, finished 56.04%.                             
[17:40:01] INFO     Rank: 0 - Epoch:44/80, Batch:36,    progress_callback.py:218
                    loss:1.017009, finished 56.07%.                             
[17:40:12] INFO     Rank: 0 - Epoch:44/80, Batch:37,    progress_callback.py:218
                    loss:1.444486, finished 56.1%.                              
[17:40:22] INFO     Rank: 0 - Epoch:44/80, Batch:38,    progress_callback.py:218
                    loss:0.965691, finished 56.13%.                             
[17:40:39] INFO     Rank: 0 - Epoch:44/80, Batch:39,    progress_callback.py:218
                    loss:1.244078, finished 56.16%.                             
[17:40:52] INFO     Rank: 0 - Epoch:44/80, Batch:40,    progress_callback.py:218
                    loss:1.155361, finished 56.19%.                             
[17:41:02] INFO     Rank: 0 - Epoch:44/80, Batch:41,    progress_callback.py:218
                    loss:0.926981, finished 56.22%.                             
[17:41:05] INFO     Rank: 0 - Epoch:44/80, Batch:42,    progress_callback.py:218
                    loss:0.918289, finished 56.25%.                             
           INFO     Rank: 0 -                           progress_callback.py:204
                    **********Epoch:45 starts**********                         
[17:41:15] INFO     Rank: 0 - Contrastive loss is                 callback.py:66
                    0.5915426403284073, nll_loss is                             
                    0.4454357236623764                                          
           INFO     Rank: 0 - Epoch:45/80, Batch:1,     progress_callback.py:218
                    loss:0.849641, finished 56.28%.                             
[17:41:28] INFO     Rank: 0 - Epoch:45/80, Batch:2,     progress_callback.py:218
                    loss:1.025517, finished 56.31%.                             
[17:41:47] INFO     Rank: 0 - Epoch:45/80, Batch:3,     progress_callback.py:218
                    loss:1.013092, finished 56.34%.                             
[17:41:58] INFO     Rank: 0 - Epoch:45/80, Batch:4,     progress_callback.py:218
                    loss:1.034517, finished 56.37%.                             
[17:42:11] INFO     Rank: 0 - Epoch:45/80, Batch:5,     progress_callback.py:218
                    loss:0.836295, finished 56.4%.                              
[17:42:31] INFO     Rank: 0 - Epoch:45/80, Batch:6,     progress_callback.py:218
                    loss:0.911321, finished 56.43%.                             
[17:42:47] INFO     Rank: 0 - Epoch:45/80, Batch:7,     progress_callback.py:218
                    loss:1.255628, finished 56.46%.                             
[17:42:59] INFO     Rank: 0 - Epoch:45/80, Batch:8,     progress_callback.py:218
                    loss:1.194719, finished 56.49%.                             
[17:43:14] INFO     Rank: 0 - Epoch:45/80, Batch:9,     progress_callback.py:218
                    loss:1.148787, finished 56.52%.                             
[17:43:27] INFO     Rank: 0 - Epoch:45/80, Batch:10,    progress_callback.py:218
                    loss:1.066625, finished 56.55%.                             
[17:43:36] INFO     Rank: 0 - Contrastive loss is                 callback.py:66
                    0.5621160387992858, nll_loss is                             
                    0.4906467437744141                                          
[17:43:40] INFO     Rank: 0 - Epoch:45/80, Batch:11,    progress_callback.py:218
                    loss:1.041126, finished 56.58%.                             
[17:43:52] INFO     Rank: 0 - Epoch:45/80, Batch:12,    progress_callback.py:218
                    loss:0.879029, finished 56.61%.                             
[17:44:04] INFO     Rank: 0 - Epoch:45/80, Batch:13,    progress_callback.py:218
                    loss:0.878289, finished 56.64%.                             
[17:44:17] INFO     Rank: 0 - Epoch:45/80, Batch:14,    progress_callback.py:218
                    loss:0.983457, finished 56.67%.                             
[17:44:26] INFO     Rank: 0 - Epoch:45/80, Batch:15,    progress_callback.py:218
                    loss:1.124074, finished 56.7%.                              
[17:44:37] INFO     Rank: 0 - Epoch:45/80, Batch:16,    progress_callback.py:218
                    loss:0.994643, finished 56.73%.                             
[17:44:53] INFO     Rank: 0 - Epoch:45/80, Batch:17,    progress_callback.py:218
                    loss:1.188875, finished 56.76%.                             
[17:45:06] INFO     Rank: 0 - Epoch:45/80, Batch:18,    progress_callback.py:218
                    loss:1.118524, finished 56.79%.                             
[17:45:18] INFO     Rank: 0 - Epoch:45/80, Batch:19,    progress_callback.py:218
                    loss:0.95674, finished 56.82%.                              
[17:45:30] INFO     Rank: 0 - Epoch:45/80, Batch:20,    progress_callback.py:218
                    loss:1.231486, finished 56.85%.                             
[17:45:41] INFO     Rank: 0 - Contrastive loss is                 callback.py:66
                    0.5702034950256347, nll_loss is                             
                    0.4882772505283356                                          
[17:45:44] INFO     Rank: 0 - Epoch:45/80, Batch:21,    progress_callback.py:218
                    loss:1.22969, finished 56.88%.                              
[17:46:00] INFO     Rank: 0 - Epoch:45/80, Batch:22,    progress_callback.py:218
                    loss:0.965034, finished 56.9%.                              
[17:46:10] INFO     Rank: 0 - Epoch:45/80, Batch:23,    progress_callback.py:218
                    loss:1.001735, finished 56.93%.                             
[17:46:22] INFO     Rank: 0 - Epoch:45/80, Batch:24,    progress_callback.py:218
                    loss:1.05962, finished 56.96%.                              
[17:46:40] INFO     Rank: 0 - Epoch:45/80, Batch:25,    progress_callback.py:218
                    loss:1.208596, finished 56.99%.                             
[17:46:50] INFO     Rank: 0 - Epoch:45/80, Batch:26,    progress_callback.py:218
                    loss:0.97934, finished 57.02%.                              
[17:47:05] INFO     Rank: 0 - Epoch:45/80, Batch:27,    progress_callback.py:218
                    loss:1.011236, finished 57.05%.                             
[17:47:16] INFO     Rank: 0 - Epoch:45/80, Batch:28,    progress_callback.py:218
                    loss:1.159307, finished 57.08%.                             
[17:47:26] INFO     Rank: 0 - Epoch:45/80, Batch:29,    progress_callback.py:218
                    loss:0.978313, finished 57.11%.                             
[17:47:38] INFO     Rank: 0 - Epoch:45/80, Batch:30,    progress_callback.py:218
                    loss:1.06474, finished 57.14%.                              
           INFO     Rank: 0 -                                   evaluator.py:317
                    **********Evaluation starts**********                       
[17:47:51] INFO     Rank: 0 - **********Evaluation              evaluator.py:349
                    ends**********                                              
                                                                                
[17:47:52] INFO     Rank: 0 - ----------Eval. results   progress_callback.py:233
                    on Epoch:45, Batch:30----------                             
           INFO     Rank: 0 -                           progress_callback.py:238
                    {"torch_ngram#ngram-overlap":                               
                    0.4484768807888031}                                         
[17:48:04] INFO     Rank: 0 - Contrastive loss is                 callback.py:66
                    0.5811238884925842, nll_loss is                             
                    0.4728041350841522                                          
           INFO     Rank: 0 - Epoch:45/80, Batch:31,    progress_callback.py:218
                    loss:1.111359, finished 57.17%.                             
[17:48:14] INFO     Rank: 0 - Epoch:45/80, Batch:32,    progress_callback.py:218
                    loss:1.030208, finished 57.2%.                              
[17:48:30] INFO     Rank: 0 - Epoch:45/80, Batch:33,    progress_callback.py:218
                    loss:0.955512, finished 57.23%.                             
[17:48:43] INFO     Rank: 0 - Epoch:45/80, Batch:34,    progress_callback.py:218
                    loss:0.963073, finished 57.26%.                             
[17:49:00] INFO     Rank: 0 - Epoch:45/80, Batch:35,    progress_callback.py:218
                    loss:1.219985, finished 57.29%.                             
[17:49:12] INFO     Rank: 0 - Epoch:45/80, Batch:36,    progress_callback.py:218
                    loss:0.975818, finished 57.32%.                             
[17:49:23] INFO     Rank: 0 - Epoch:45/80, Batch:37,    progress_callback.py:218
                    loss:0.975769, finished 57.35%.                             
[17:49:35] INFO     Rank: 0 - Epoch:45/80, Batch:38,    progress_callback.py:218
                    loss:1.090786, finished 57.38%.                             
[17:49:47] INFO     Rank: 0 - Epoch:45/80, Batch:39,    progress_callback.py:218
                    loss:1.074813, finished 57.41%.                             
[17:49:59] INFO     Rank: 0 - Epoch:45/80, Batch:40,    progress_callback.py:218
                    loss:0.922421, finished 57.44%.                             
[17:50:12] INFO     Rank: 0 - Contrastive loss is                 callback.py:66
                    0.5452816903591156, nll_loss is                             
                    0.470243102312088                                           
[17:50:13] INFO     Rank: 0 - Epoch:45/80, Batch:41,    progress_callback.py:218
                    loss:0.946863, finished 57.47%.                             
[17:50:17] INFO     Rank: 0 - Epoch:45/80, Batch:42,    progress_callback.py:218
                    loss:1.273725, finished 57.5%.                              
           INFO     Rank: 0 -                           progress_callback.py:204
                    **********Epoch:46 starts**********                         
[17:50:27] INFO     Rank: 0 - Epoch:46/80, Batch:1,     progress_callback.py:218
                    loss:0.726434, finished 57.53%.                             
[17:50:38] INFO     Rank: 0 - Epoch:46/80, Batch:2,     progress_callback.py:218
                    loss:1.322623, finished 57.56%.                             
[17:50:48] INFO     Rank: 0 - Epoch:46/80, Batch:3,     progress_callback.py:218
                    loss:0.991095, finished 57.59%.                             
[17:51:00] INFO     Rank: 0 - Epoch:46/80, Batch:4,     progress_callback.py:218
                    loss:0.910201, finished 57.62%.                             
[17:51:19] INFO     Rank: 0 - Epoch:46/80, Batch:5,     progress_callback.py:218
                    loss:0.765566, finished 57.65%.                             
[17:51:30] INFO     Rank: 0 - Epoch:46/80, Batch:6,     progress_callback.py:218
                    loss:1.163863, finished 57.68%.                             
[17:51:42] INFO     Rank: 0 - Epoch:46/80, Batch:7,     progress_callback.py:218
                    loss:1.032455, finished 57.71%.                             
[17:51:52] INFO     Rank: 0 - Epoch:46/80, Batch:8,     progress_callback.py:218
                    loss:1.140247, finished 57.74%.                             
[17:52:00] INFO     Rank: 0 - Contrastive loss is                 callback.py:66
                    0.6050502032041549, nll_loss is                             
                    0.4340494781732559                                          
[17:52:03] INFO     Rank: 0 - Epoch:46/80, Batch:9,     progress_callback.py:218
                    loss:1.064788, finished 57.77%.                             
[17:52:20] INFO     Rank: 0 - Epoch:46/80, Batch:10,    progress_callback.py:218
                    loss:0.964595, finished 57.8%.                              
[17:52:32] INFO     Rank: 0 - Epoch:46/80, Batch:11,    progress_callback.py:218
                    loss:1.06708, finished 57.83%.                              
[17:52:45] INFO     Rank: 0 - Epoch:46/80, Batch:12,    progress_callback.py:218
                    loss:0.998003, finished 57.86%.                             
[17:52:57] INFO     Rank: 0 - Epoch:46/80, Batch:13,    progress_callback.py:218
                    loss:1.111056, finished 57.89%.                             
[17:53:10] INFO     Rank: 0 - Epoch:46/80, Batch:14,    progress_callback.py:218
                    loss:1.20264, finished 57.92%.                              
[17:53:24] INFO     Rank: 0 - Epoch:46/80, Batch:15,    progress_callback.py:218
                    loss:1.149699, finished 57.95%.                             
[17:53:37] INFO     Rank: 0 - Epoch:46/80, Batch:16,    progress_callback.py:218
                    loss:1.049071, finished 57.98%.                             
[17:53:47] INFO     Rank: 0 - Epoch:46/80, Batch:17,    progress_callback.py:218
                    loss:0.953079, finished 58.01%.                             
[17:53:58] INFO     Rank: 0 - Epoch:46/80, Batch:18,    progress_callback.py:218
                    loss:1.271275, finished 58.04%.                             
[17:54:08] INFO     Rank: 0 - Contrastive loss is                 callback.py:66
                    0.6005086481571198, nll_loss is                             
                    0.4669207692146301                                          
[17:54:13] INFO     Rank: 0 - Epoch:46/80, Batch:19,    progress_callback.py:218
                    loss:0.907795, finished 58.07%.                             
[17:54:28] INFO     Rank: 0 - Epoch:46/80, Batch:20,    progress_callback.py:218
                    loss:0.927894, finished 58.1%.                              
[17:54:40] INFO     Rank: 0 - Epoch:46/80, Batch:21,    progress_callback.py:218
                    loss:0.960471, finished 58.13%.                             
[17:54:56] INFO     Rank: 0 - Epoch:46/80, Batch:22,    progress_callback.py:218
                    loss:0.927337, finished 58.15%.                             
[17:55:08] INFO     Rank: 0 - Epoch:46/80, Batch:23,    progress_callback.py:218
                    loss:0.980191, finished 58.18%.                             
[17:55:26] INFO     Rank: 0 - Epoch:46/80, Batch:24,    progress_callback.py:218
                    loss:0.888121, finished 58.21%.                             
[17:55:41] INFO     Rank: 0 - Epoch:46/80, Batch:25,    progress_callback.py:218
                    loss:0.981225, finished 58.24%.                             
[17:56:00] INFO     Rank: 0 - Epoch:46/80, Batch:26,    progress_callback.py:218
                    loss:1.018887, finished 58.27%.                             
[17:56:17] INFO     Rank: 0 - Epoch:46/80, Batch:27,    progress_callback.py:218
                    loss:0.959411, finished 58.3%.                              
[17:56:36] INFO     Rank: 0 - Epoch:46/80, Batch:28,    progress_callback.py:218
                    loss:1.081501, finished 58.33%.                             
           INFO     Rank: 0 -                                   evaluator.py:317
                    **********Evaluation starts**********                       
[17:56:51] INFO     Rank: 0 - **********Evaluation              evaluator.py:349
                    ends**********                                              
                                                                                
           INFO     Rank: 0 - ----------Eval. results   progress_callback.py:233
                    on Epoch:46, Batch:28----------                             
           INFO     Rank: 0 -                           progress_callback.py:238
                    {"torch_ngram#ngram-overlap":                               
                    0.4502638578414917}                                         
[17:56:57] INFO     Rank: 0 - Contrastive loss is                 callback.py:66
                    0.5609871983528137, nll_loss is                             
                    0.4438501238822937                                          
[17:57:01] INFO     Rank: 0 - Epoch:46/80, Batch:29,    progress_callback.py:218
                    loss:1.323335, finished 58.36%.                             
[17:57:12] INFO     Rank: 0 - Epoch:46/80, Batch:30,    progress_callback.py:218
                    loss:1.209519, finished 58.39%.                             
[17:57:30] INFO     Rank: 0 - Epoch:46/80, Batch:31,    progress_callback.py:218
                    loss:1.133371, finished 58.42%.                             
[17:57:41] INFO     Rank: 0 - Epoch:46/80, Batch:32,    progress_callback.py:218
                    loss:0.788794, finished 58.45%.                             
[17:57:52] INFO     Rank: 0 - Epoch:46/80, Batch:33,    progress_callback.py:218
                    loss:1.127094, finished 58.48%.                             
[17:58:05] INFO     Rank: 0 - Epoch:46/80, Batch:34,    progress_callback.py:218
                    loss:1.132608, finished 58.51%.                             
[17:58:19] INFO     Rank: 0 - Epoch:46/80, Batch:35,    progress_callback.py:218
                    loss:1.075586, finished 58.54%.                             
[17:58:32] INFO     Rank: 0 - Epoch:46/80, Batch:36,    progress_callback.py:218
                    loss:0.97882, finished 58.57%.                              
[17:58:44] INFO     Rank: 0 - Epoch:46/80, Batch:37,    progress_callback.py:218
                    loss:0.867675, finished 58.6%.                              
[17:58:54] INFO     Rank: 0 - Epoch:46/80, Batch:38,    progress_callback.py:218
                    loss:1.067741, finished 58.63%.                             
[17:59:04] INFO     Rank: 0 - Contrastive loss is                 callback.py:66
                    0.5669196814298629, nll_loss is                             
                    0.47900361120700835                                         
[17:59:07] INFO     Rank: 0 - Epoch:46/80, Batch:39,    progress_callback.py:218
                    loss:1.078025, finished 58.66%.                             
[17:59:19] INFO     Rank: 0 - Epoch:46/80, Batch:40,    progress_callback.py:218
                    loss:0.950933, finished 58.69%.                             
[17:59:40] INFO     Rank: 0 - Epoch:46/80, Batch:41,    progress_callback.py:218
                    loss:1.029064, finished 58.72%.                             
[17:59:45] INFO     Rank: 0 - Epoch:46/80, Batch:42,    progress_callback.py:218
                    loss:1.584403, finished 58.75%.                             
           INFO     Rank: 0 -                           progress_callback.py:204
                    **********Epoch:47 starts**********                         
[17:59:57] INFO     Rank: 0 - Epoch:47/80, Batch:1,     progress_callback.py:218
                    loss:0.855809, finished 58.78%.                             
[18:00:09] INFO     Rank: 0 - Epoch:47/80, Batch:2,     progress_callback.py:218
                    loss:1.075723, finished 58.81%.                             
[18:00:21] INFO     Rank: 0 - Epoch:47/80, Batch:3,     progress_callback.py:218
                    loss:1.019514, finished 58.84%.                             
[18:00:36] INFO     Rank: 0 - Epoch:47/80, Batch:4,     progress_callback.py:218
                    loss:0.848596, finished 58.87%.                             
[18:00:51] INFO     Rank: 0 - Epoch:47/80, Batch:5,     progress_callback.py:218
                    loss:1.075889, finished 58.9%.                              
[18:01:05] INFO     Rank: 0 - Epoch:47/80, Batch:6,     progress_callback.py:218
                    loss:1.021048, finished 58.93%.                             
[18:01:14] INFO     Rank: 0 - Contrastive loss is                 callback.py:66
                    0.5994980603456497, nll_loss is                             
                    0.44096713364124296                                         
[18:01:22] INFO     Rank: 0 - Epoch:47/80, Batch:7,     progress_callback.py:218
                    loss:0.943672, finished 58.96%.                             
[18:01:40] INFO     Rank: 0 - Epoch:47/80, Batch:8,     progress_callback.py:218
                    loss:0.997576, finished 58.99%.                             
[18:01:54] INFO     Rank: 0 - Epoch:47/80, Batch:9,     progress_callback.py:218
                    loss:1.019934, finished 59.02%.                             
[18:02:07] INFO     Rank: 0 - Epoch:47/80, Batch:10,    progress_callback.py:218
                    loss:1.078092, finished 59.05%.                             
[18:02:17] INFO     Rank: 0 - Epoch:47/80, Batch:11,    progress_callback.py:218
                    loss:0.850625, finished 59.08%.                             
[18:02:28] INFO     Rank: 0 - Epoch:47/80, Batch:12,    progress_callback.py:218
                    loss:1.122275, finished 59.11%.                             
[18:02:39] INFO     Rank: 0 - Epoch:47/80, Batch:13,    progress_callback.py:218
                    loss:0.891258, finished 59.14%.                             
[18:02:51] INFO     Rank: 0 - Epoch:47/80, Batch:14,    progress_callback.py:218
                    loss:1.024705, finished 59.17%.                             
[18:03:04] INFO     Rank: 0 - Epoch:47/80, Batch:15,    progress_callback.py:218
                    loss:0.946712, finished 59.2%.                              
[18:03:16] INFO     Rank: 0 - Epoch:47/80, Batch:16,    progress_callback.py:218
                    loss:0.883819, finished 59.23%.                             
[18:03:26] INFO     Rank: 0 - Contrastive loss is                 callback.py:66
                    0.5491650909185409, nll_loss is                             
                    0.4215145021677017                                          
[18:03:27] INFO     Rank: 0 - Epoch:47/80, Batch:17,    progress_callback.py:218
                    loss:0.8918, finished 59.26%.                               
[18:03:42] INFO     Rank: 0 - Epoch:47/80, Batch:18,    progress_callback.py:218
                    loss:1.025272, finished 59.29%.                             
[18:03:57] INFO     Rank: 0 - Epoch:47/80, Batch:19,    progress_callback.py:218
                    loss:0.878338, finished 59.32%.                             
[18:04:18] INFO     Rank: 0 - Epoch:47/80, Batch:20,    progress_callback.py:218
                    loss:0.953489, finished 59.35%.                             
[18:04:28] INFO     Rank: 0 - Epoch:47/80, Batch:21,    progress_callback.py:218
                    loss:1.036461, finished 59.38%.                             
[18:04:39] INFO     Rank: 0 - Epoch:47/80, Batch:22,    progress_callback.py:218
                    loss:1.034346, finished 59.4%.                              
[18:04:53] INFO     Rank: 0 - Epoch:47/80, Batch:23,    progress_callback.py:218
                    loss:1.302881, finished 59.43%.                             
[18:05:11] INFO     Rank: 0 - Epoch:47/80, Batch:24,    progress_callback.py:218
                    loss:0.79458, finished 59.46%.                              
[18:05:30] INFO     Rank: 0 - Epoch:47/80, Batch:25,    progress_callback.py:218
                    loss:0.844668, finished 59.49%.                             
[18:05:46] INFO     Rank: 0 - Epoch:47/80, Batch:26,    progress_callback.py:218
                    loss:0.834706, finished 59.52%.                             
           INFO     Rank: 0 -                                   evaluator.py:317
                    **********Evaluation starts**********                       
[18:06:00] INFO     Rank: 0 - **********Evaluation              evaluator.py:349
                    ends**********                                              
                                                                                
           INFO     Rank: 0 - ----------Eval. results   progress_callback.py:233
                    on Epoch:47, Batch:26----------                             
           INFO     Rank: 0 -                           progress_callback.py:238
                    {"torch_ngram#ngram-overlap":                               
                    0.45047876238822937}                                        
[18:06:16] INFO     Rank: 0 - Contrastive loss is                 callback.py:66
                    0.5313599407672882, nll_loss is                             
                    0.41751908659935                                            
           INFO     Rank: 0 - Epoch:47/80, Batch:27,    progress_callback.py:218
                    loss:0.784051, finished 59.55%.                             
[18:06:28] INFO     Rank: 0 - Epoch:47/80, Batch:28,    progress_callback.py:218
                    loss:1.051463, finished 59.58%.                             
[18:06:39] INFO     Rank: 0 - Epoch:47/80, Batch:29,    progress_callback.py:218
                    loss:1.036387, finished 59.61%.                             
[18:06:56] INFO     Rank: 0 - Epoch:47/80, Batch:30,    progress_callback.py:218
                    loss:1.045208, finished 59.64%.                             
[18:07:09] INFO     Rank: 0 - Epoch:47/80, Batch:31,    progress_callback.py:218
                    loss:1.111019, finished 59.67%.                             
[18:07:23] INFO     Rank: 0 - Epoch:47/80, Batch:32,    progress_callback.py:218
                    loss:0.887863, finished 59.7%.                              
[18:07:37] INFO     Rank: 0 - Epoch:47/80, Batch:33,    progress_callback.py:218
                    loss:0.865273, finished 59.73%.                             
[18:07:49] INFO     Rank: 0 - Epoch:47/80, Batch:34,    progress_callback.py:218
                    loss:0.994092, finished 59.76%.                             
[18:08:05] INFO     Rank: 0 - Epoch:47/80, Batch:35,    progress_callback.py:218
                    loss:1.12302, finished 59.79%.                              
[18:08:19] INFO     Rank: 0 - Epoch:47/80, Batch:36,    progress_callback.py:218
                    loss:0.936847, finished 59.82%.                             
[18:08:30] INFO     Rank: 0 - Contrastive loss is                 callback.py:66
                    0.559727132320404, nll_loss is                              
                    0.4399883091449738                                          
[18:08:34] INFO     Rank: 0 - Epoch:47/80, Batch:37,    progress_callback.py:218
                    loss:0.945982, finished 59.85%.                             
[18:08:45] INFO     Rank: 0 - Epoch:47/80, Batch:38,    progress_callback.py:218
                    loss:1.273604, finished 59.88%.                             
[18:09:02] INFO     Rank: 0 - Epoch:47/80, Batch:39,    progress_callback.py:218
                    loss:1.100806, finished 59.91%.                             
[18:09:15] INFO     Rank: 0 - Epoch:47/80, Batch:40,    progress_callback.py:218
                    loss:0.847802, finished 59.94%.                             
[18:09:28] INFO     Rank: 0 - Epoch:47/80, Batch:41,    progress_callback.py:218
                    loss:1.019166, finished 59.97%.                             
[18:09:32] INFO     Rank: 0 - Epoch:47/80, Batch:42,    progress_callback.py:218
                    loss:1.077829, finished 60.0%.                              
           INFO     Rank: 0 -                           progress_callback.py:204
                    **********Epoch:48 starts**********                         
[18:09:47] INFO     Rank: 0 - Epoch:48/80, Batch:1,     progress_callback.py:218
                    loss:1.201968, finished 60.03%.                             
[18:10:03] INFO     Rank: 0 - Epoch:48/80, Batch:2,     progress_callback.py:218
                    loss:1.085698, finished 60.06%.                             
[18:10:16] INFO     Rank: 0 - Epoch:48/80, Batch:3,     progress_callback.py:218
                    loss:0.962677, finished 60.09%.                             
[18:10:29] INFO     Rank: 0 - Epoch:48/80, Batch:4,     progress_callback.py:218
                    loss:0.955838, finished 60.12%.                             
[18:10:38] INFO     Rank: 0 - Contrastive loss is                 callback.py:66
                    0.5790668725967407, nll_loss is                             
                    0.47548123002052306                                         
[18:10:40] INFO     Rank: 0 - Epoch:48/80, Batch:5,     progress_callback.py:218
                    loss:1.020094, finished 60.15%.                             
[18:10:56] INFO     Rank: 0 - Epoch:48/80, Batch:6,     progress_callback.py:218
                    loss:1.053095, finished 60.18%.                             
[18:11:09] INFO     Rank: 0 - Epoch:48/80, Batch:7,     progress_callback.py:218
                    loss:1.034413, finished 60.21%.                             
[18:11:22] INFO     Rank: 0 - Epoch:48/80, Batch:8,     progress_callback.py:218
                    loss:1.143989, finished 60.24%.                             
[18:11:34] INFO     Rank: 0 - Epoch:48/80, Batch:9,     progress_callback.py:218
                    loss:1.173494, finished 60.27%.                             
[18:11:51] INFO     Rank: 0 - Epoch:48/80, Batch:10,    progress_callback.py:218
                    loss:0.786863, finished 60.3%.                              
[18:12:03] INFO     Rank: 0 - Epoch:48/80, Batch:11,    progress_callback.py:218
                    loss:1.058181, finished 60.33%.                             
[18:12:19] INFO     Rank: 0 - Epoch:48/80, Batch:12,    progress_callback.py:218
                    loss:1.191966, finished 60.36%.                             
[18:12:32] INFO     Rank: 0 - Epoch:48/80, Batch:13,    progress_callback.py:218
                    loss:0.915815, finished 60.39%.                             
[18:12:44] INFO     Rank: 0 - Epoch:48/80, Batch:14,    progress_callback.py:218
                    loss:1.080944, finished 60.42%.                             
[18:12:50] INFO     Rank: 0 - Contrastive loss is                 callback.py:66
                    0.5854311347007751, nll_loss is                             
                    0.471547794342041                                           
[18:12:56] INFO     Rank: 0 - Epoch:48/80, Batch:15,    progress_callback.py:218
                    loss:1.131029, finished 60.45%.                             
[18:13:12] INFO     Rank: 0 - Epoch:48/80, Batch:16,    progress_callback.py:218
                    loss:1.120245, finished 60.48%.                             
[18:13:28] INFO     Rank: 0 - Epoch:48/80, Batch:17,    progress_callback.py:218
                    loss:1.007974, finished 60.51%.                             
[18:13:40] INFO     Rank: 0 - Epoch:48/80, Batch:18,    progress_callback.py:218
                    loss:0.892706, finished 60.54%.                             
[18:13:51] INFO     Rank: 0 - Epoch:48/80, Batch:19,    progress_callback.py:218
                    loss:1.008882, finished 60.57%.                             
[18:13:59] INFO     Rank: 0 - Epoch:48/80, Batch:20,    progress_callback.py:218
                    loss:1.123339, finished 60.6%.                              
[18:14:10] INFO     Rank: 0 - Epoch:48/80, Batch:21,    progress_callback.py:218
                    loss:1.121727, finished 60.62%.                             
[18:14:22] INFO     Rank: 0 - Epoch:48/80, Batch:22,    progress_callback.py:218
                    loss:0.976451, finished 60.65%.                             
[18:14:32] INFO     Rank: 0 - Epoch:48/80, Batch:23,    progress_callback.py:218
                    loss:1.125787, finished 60.68%.                             
[18:14:44] INFO     Rank: 0 - Epoch:48/80, Batch:24,    progress_callback.py:218
                    loss:0.79734, finished 60.71%.                              
           INFO     Rank: 0 -                                   evaluator.py:317
                    **********Evaluation starts**********                       
[18:14:58] INFO     Rank: 0 - **********Evaluation              evaluator.py:349
                    ends**********                                              
                                                                                
           INFO     Rank: 0 - ----------Eval. results   progress_callback.py:233
                    on Epoch:48, Batch:24----------                             
           INFO     Rank: 0 -                           progress_callback.py:238
                    {"torch_ngram#ngram-overlap":                               
                    0.45140454173088074}                                        
[18:15:06] INFO     Rank: 0 - Contrastive loss is                 callback.py:66
                    0.5613106846809387, nll_loss is                             
                    0.46773298978805544                                         
[18:15:13] INFO     Rank: 0 - Epoch:48/80, Batch:25,    progress_callback.py:218
                    loss:1.115986, finished 60.74%.                             
[18:15:27] INFO     Rank: 0 - Epoch:48/80, Batch:26,    progress_callback.py:218
                    loss:1.049425, finished 60.77%.                             
[18:15:39] INFO     Rank: 0 - Epoch:48/80, Batch:27,    progress_callback.py:218
                    loss:1.002499, finished 60.8%.                              
[18:15:48] INFO     Rank: 0 - Epoch:48/80, Batch:28,    progress_callback.py:218
                    loss:0.887899, finished 60.83%.                             
[18:15:59] INFO     Rank: 0 - Epoch:48/80, Batch:29,    progress_callback.py:218
                    loss:1.0111, finished 60.86%.                               
[18:16:14] INFO     Rank: 0 - Epoch:48/80, Batch:30,    progress_callback.py:218
                    loss:0.890069, finished 60.89%.                             
[18:16:29] INFO     Rank: 0 - Epoch:48/80, Batch:31,    progress_callback.py:218
                    loss:0.82499, finished 60.92%.                              
[18:16:43] INFO     Rank: 0 - Epoch:48/80, Batch:32,    progress_callback.py:218
                    loss:0.901848, finished 60.95%.                             
[18:16:55] INFO     Rank: 0 - Epoch:48/80, Batch:33,    progress_callback.py:218
                    loss:1.00805, finished 60.98%.                              
[18:17:09] INFO     Rank: 0 - Epoch:48/80, Batch:34,    progress_callback.py:218
                    loss:0.971005, finished 61.01%.                             
[18:17:22] INFO     Rank: 0 - Contrastive loss is                 callback.py:66
                    0.5446938753128052, nll_loss is                             
                    0.4111681044101715                                          
           INFO     Rank: 0 - Epoch:48/80, Batch:35,    progress_callback.py:218
                    loss:1.011734, finished 61.04%.                             
[18:17:38] INFO     Rank: 0 - Epoch:48/80, Batch:36,    progress_callback.py:218
                    loss:0.827541, finished 61.07%.                             
[18:17:51] INFO     Rank: 0 - Epoch:48/80, Batch:37,    progress_callback.py:218
                    loss:0.901046, finished 61.1%.                              
[18:18:02] INFO     Rank: 0 - Epoch:48/80, Batch:38,    progress_callback.py:218
                    loss:1.067862, finished 61.13%.                             
[18:18:14] INFO     Rank: 0 - Epoch:48/80, Batch:39,    progress_callback.py:218
                    loss:0.960828, finished 61.16%.                             
[18:18:33] INFO     Rank: 0 - Epoch:48/80, Batch:40,    progress_callback.py:218
                    loss:0.874058, finished 61.19%.                             
[18:18:48] INFO     Rank: 0 - Epoch:48/80, Batch:41,    progress_callback.py:218
                    loss:0.935204, finished 61.22%.                             
[18:18:51] INFO     Rank: 0 - Epoch:48/80, Batch:42,    progress_callback.py:218
                    loss:1.32979, finished 61.25%.                              
           INFO     Rank: 0 -                           progress_callback.py:204
                    **********Epoch:49 starts**********                         
[18:19:02] INFO     Rank: 0 - Epoch:49/80, Batch:1,     progress_callback.py:218
                    loss:1.005154, finished 61.28%.                             
[18:19:13] INFO     Rank: 0 - Epoch:49/80, Batch:2,     progress_callback.py:218
                    loss:0.838903, finished 61.31%.                             
[18:19:20] INFO     Rank: 0 - Contrastive loss is                 callback.py:66
                    0.5842753261327743, nll_loss is                             
                    0.42203737795352936                                         
[18:19:25] INFO     Rank: 0 - Epoch:49/80, Batch:3,     progress_callback.py:218
                    loss:1.32274, finished 61.34%.                              
[18:19:39] INFO     Rank: 0 - Epoch:49/80, Batch:4,     progress_callback.py:218
                    loss:0.89294, finished 61.37%.                              
[18:19:51] INFO     Rank: 0 - Epoch:49/80, Batch:5,     progress_callback.py:218
                    loss:0.955577, finished 61.4%.                              
[18:20:04] INFO     Rank: 0 - Epoch:49/80, Batch:6,     progress_callback.py:218
                    loss:1.033979, finished 61.43%.                             
[18:20:18] INFO     Rank: 0 - Epoch:49/80, Batch:7,     progress_callback.py:218
                    loss:0.90306, finished 61.46%.                              
[18:20:32] INFO     Rank: 0 - Epoch:49/80, Batch:8,     progress_callback.py:218
                    loss:0.900704, finished 61.49%.                             
[18:20:46] INFO     Rank: 0 - Epoch:49/80, Batch:9,     progress_callback.py:218
                    loss:1.039859, finished 61.52%.                             
[18:20:58] INFO     Rank: 0 - Epoch:49/80, Batch:10,    progress_callback.py:218
                    loss:0.886919, finished 61.55%.                             
[18:21:14] INFO     Rank: 0 - Epoch:49/80, Batch:11,    progress_callback.py:218
                    loss:1.010466, finished 61.58%.                             
[18:21:26] INFO     Rank: 0 - Epoch:49/80, Batch:12,    progress_callback.py:218
                    loss:1.320238, finished 61.61%.                             
[18:21:37] INFO     Rank: 0 - Contrastive loss is                 callback.py:66
                    0.557473999261856, nll_loss is                              
                    0.42880637049674986                                         
[18:21:42] INFO     Rank: 0 - Epoch:49/80, Batch:13,    progress_callback.py:218
                    loss:0.91906, finished 61.64%.                              
[18:21:56] INFO     Rank: 0 - Epoch:49/80, Batch:14,    progress_callback.py:218
                    loss:0.910178, finished 61.67%.                             
[18:22:10] INFO     Rank: 0 - Epoch:49/80, Batch:15,    progress_callback.py:218
                    loss:1.083185, finished 61.7%.                              
[18:22:20] INFO     Rank: 0 - Epoch:49/80, Batch:16,    progress_callback.py:218
                    loss:1.137784, finished 61.73%.                             
[18:22:43] INFO     Rank: 0 - Epoch:49/80, Batch:17,    progress_callback.py:218
                    loss:1.204732, finished 61.76%.                             
[18:22:58] INFO     Rank: 0 - Epoch:49/80, Batch:18,    progress_callback.py:218
                    loss:0.860872, finished 61.79%.                             
[18:23:11] INFO     Rank: 0 - Epoch:49/80, Batch:19,    progress_callback.py:218
                    loss:0.878931, finished 61.82%.                             
[18:23:24] INFO     Rank: 0 - Epoch:49/80, Batch:20,    progress_callback.py:218
                    loss:1.123478, finished 61.85%.                             
[18:23:34] INFO     Rank: 0 - Epoch:49/80, Batch:21,    progress_callback.py:218
                    loss:0.986564, finished 61.88%.                             
[18:23:48] INFO     Rank: 0 - Epoch:49/80, Batch:22,    progress_callback.py:218
                    loss:1.071054, finished 61.9%.                              
           INFO     Rank: 0 -                                   evaluator.py:317
                    **********Evaluation starts**********                       
[18:24:02] INFO     Rank: 0 - **********Evaluation              evaluator.py:349
                    ends**********                                              
                                                                                
           INFO     Rank: 0 - ----------Eval. results   progress_callback.py:233
                    on Epoch:49, Batch:22----------                             
           INFO     Rank: 0 -                           progress_callback.py:238
                    {"torch_ngram#ngram-overlap":                               
                    0.44924527406692505}                                        
[18:24:13] INFO     Rank: 0 - Contrastive loss is                 callback.py:66
                    0.5751079499721528, nll_loss is                             
                    0.4602602183818817                                          
[18:24:14] INFO     Rank: 0 - Epoch:49/80, Batch:23,    progress_callback.py:218
                    loss:1.096904, finished 61.93%.                             
[18:24:24] INFO     Rank: 0 - Epoch:49/80, Batch:24,    progress_callback.py:218
                    loss:1.168214, finished 61.96%.                             
[18:24:35] INFO     Rank: 0 - Epoch:49/80, Batch:25,    progress_callback.py:218
                    loss:1.054198, finished 61.99%.                             
[18:24:50] INFO     Rank: 0 - Epoch:49/80, Batch:26,    progress_callback.py:218
                    loss:1.047124, finished 62.02%.                             
[18:25:07] INFO     Rank: 0 - Epoch:49/80, Batch:27,    progress_callback.py:218
                    loss:0.992539, finished 62.05%.                             
[18:25:19] INFO     Rank: 0 - Epoch:49/80, Batch:28,    progress_callback.py:218
                    loss:0.969002, finished 62.08%.                             
[18:25:29] INFO     Rank: 0 - Epoch:49/80, Batch:29,    progress_callback.py:218
                    loss:0.816732, finished 62.11%.                             
[18:25:41] INFO     Rank: 0 - Epoch:49/80, Batch:30,    progress_callback.py:218
                    loss:0.920267, finished 62.14%.                             
[18:25:53] INFO     Rank: 0 - Epoch:49/80, Batch:31,    progress_callback.py:218
                    loss:0.829437, finished 62.17%.                             
[18:26:04] INFO     Rank: 0 - Epoch:49/80, Batch:32,    progress_callback.py:218
                    loss:0.77136, finished 62.2%.                               
[18:26:15] INFO     Rank: 0 - Contrastive loss is                 callback.py:66
                    0.524125850200653, nll_loss is                              
                    0.41747435331344607                                         
[18:26:16] INFO     Rank: 0 - Epoch:49/80, Batch:33,    progress_callback.py:218
                    loss:0.847129, finished 62.23%.                             
[18:26:26] INFO     Rank: 0 - Epoch:49/80, Batch:34,    progress_callback.py:218
                    loss:0.809831, finished 62.26%.                             
[18:26:43] INFO     Rank: 0 - Epoch:49/80, Batch:35,    progress_callback.py:218
                    loss:0.982383, finished 62.29%.                             
[18:26:54] INFO     Rank: 0 - Epoch:49/80, Batch:36,    progress_callback.py:218
                    loss:0.870718, finished 62.32%.                             
[18:27:08] INFO     Rank: 0 - Epoch:49/80, Batch:37,    progress_callback.py:218
                    loss:0.887852, finished 62.35%.                             
[18:27:20] INFO     Rank: 0 - Epoch:49/80, Batch:38,    progress_callback.py:218
                    loss:0.806463, finished 62.38%.                             
[18:27:39] INFO     Rank: 0 - Epoch:49/80, Batch:39,    progress_callback.py:218
                    loss:1.131992, finished 62.41%.                             
[18:27:52] INFO     Rank: 0 - Epoch:49/80, Batch:40,    progress_callback.py:218
                    loss:1.18056, finished 62.44%.                              
[18:28:04] INFO     Rank: 0 - Epoch:49/80, Batch:41,    progress_callback.py:218
                    loss:1.022877, finished 62.47%.                             
[18:28:08] INFO     Rank: 0 - Epoch:49/80, Batch:42,    progress_callback.py:218
                    loss:0.774961, finished 62.5%.                              
           INFO     Rank: 0 -                           progress_callback.py:204
                    **********Epoch:50 starts**********                         
[18:28:16] INFO     Rank: 0 - Contrastive loss is                 callback.py:66
                    0.526961886882782, nll_loss is                              
                    0.4256886601448059                                          
[18:28:19] INFO     Rank: 0 - Epoch:50/80, Batch:1,     progress_callback.py:218
                    loss:1.058869, finished 62.53%.                             
[18:28:35] INFO     Rank: 0 - Epoch:50/80, Batch:2,     progress_callback.py:218
                    loss:0.792352, finished 62.56%.                             
[18:28:45] INFO     Rank: 0 - Epoch:50/80, Batch:3,     progress_callback.py:218
                    loss:1.05892, finished 62.59%.                              
[18:29:01] INFO     Rank: 0 - Epoch:50/80, Batch:4,     progress_callback.py:218
                    loss:0.953514, finished 62.62%.                             
[18:29:14] INFO     Rank: 0 - Epoch:50/80, Batch:5,     progress_callback.py:218
                    loss:0.877809, finished 62.65%.                             
[18:29:29] INFO     Rank: 0 - Epoch:50/80, Batch:6,     progress_callback.py:218
                    loss:0.964988, finished 62.68%.                             
[18:29:43] INFO     Rank: 0 - Epoch:50/80, Batch:7,     progress_callback.py:218
                    loss:0.824841, finished 62.71%.                             
[18:30:04] INFO     Rank: 0 - Epoch:50/80, Batch:8,     progress_callback.py:218
                    loss:1.061426, finished 62.74%.                             
[18:30:16] INFO     Rank: 0 - Epoch:50/80, Batch:9,     progress_callback.py:218
                    loss:0.988552, finished 62.77%.                             
[18:30:27] INFO     Rank: 0 - Epoch:50/80, Batch:10,    progress_callback.py:218
                    loss:1.046316, finished 62.8%.                              
[18:30:38] INFO     Rank: 0 - Contrastive loss is                 callback.py:66
                    0.5295836597681045, nll_loss is                             
                    0.4328930050134659                                          
[18:30:40] INFO     Rank: 0 - Epoch:50/80, Batch:11,    progress_callback.py:218
                    loss:1.056049, finished 62.83%.                             
[18:30:52] INFO     Rank: 0 - Epoch:50/80, Batch:12,    progress_callback.py:218
                    loss:0.96733, finished 62.86%.                              
[18:31:10] INFO     Rank: 0 - Epoch:50/80, Batch:13,    progress_callback.py:218
                    loss:0.893582, finished 62.89%.                             
[18:31:21] INFO     Rank: 0 - Epoch:50/80, Batch:14,    progress_callback.py:218
                    loss:0.846541, finished 62.92%.                             
[18:31:34] INFO     Rank: 0 - Epoch:50/80, Batch:15,    progress_callback.py:218
                    loss:1.006209, finished 62.95%.                             
[18:31:46] INFO     Rank: 0 - Epoch:50/80, Batch:16,    progress_callback.py:218
                    loss:0.955207, finished 62.98%.                             
[18:31:58] INFO     Rank: 0 - Epoch:50/80, Batch:17,    progress_callback.py:218
                    loss:0.896733, finished 63.01%.                             
[18:32:16] INFO     Rank: 0 - Epoch:50/80, Batch:18,    progress_callback.py:218
                    loss:1.006302, finished 63.04%.                             
[18:32:28] INFO     Rank: 0 - Epoch:50/80, Batch:19,    progress_callback.py:218
                    loss:1.039356, finished 63.07%.                             
[18:32:41] INFO     Rank: 0 - Epoch:50/80, Batch:20,    progress_callback.py:218
                    loss:1.066751, finished 63.1%.                              
           INFO     Rank: 0 -                                   evaluator.py:317
                    **********Evaluation starts**********                       
[18:32:57] INFO     Rank: 0 - **********Evaluation              evaluator.py:349
                    ends**********                                              
                                                                                
           INFO     Rank: 0 - ----------Eval. results   progress_callback.py:233
                    on Epoch:50, Batch:20----------                             
           INFO     Rank: 0 -                           progress_callback.py:238
                    {"torch_ngram#ngram-overlap":                               
                    0.44844865798950195}                                        
[18:33:09] INFO     Rank: 0 - Contrastive loss is                 callback.py:66
                    0.5572717964649201, nll_loss is                             
                    0.42440938353538515                                         
[18:33:11] INFO     Rank: 0 - Epoch:50/80, Batch:21,    progress_callback.py:218
                    loss:1.1388, finished 63.12%.                               
[18:33:26] INFO     Rank: 0 - Epoch:50/80, Batch:22,    progress_callback.py:218
                    loss:0.978279, finished 63.15%.                             
[18:33:37] INFO     Rank: 0 - Epoch:50/80, Batch:23,    progress_callback.py:218
                    loss:1.265447, finished 63.18%.                             
[18:33:54] INFO     Rank: 0 - Epoch:50/80, Batch:24,    progress_callback.py:218
                    loss:1.043459, finished 63.21%.                             
[18:34:05] INFO     Rank: 0 - Epoch:50/80, Batch:25,    progress_callback.py:218
                    loss:0.848837, finished 63.24%.                             
[18:34:21] INFO     Rank: 0 - Epoch:50/80, Batch:26,    progress_callback.py:218
                    loss:0.838268, finished 63.27%.                             
[18:34:32] INFO     Rank: 0 - Epoch:50/80, Batch:27,    progress_callback.py:218
                    loss:0.921504, finished 63.3%.                              
[18:34:46] INFO     Rank: 0 - Epoch:50/80, Batch:28,    progress_callback.py:218
                    loss:1.073701, finished 63.33%.                             
[18:35:00] INFO     Rank: 0 - Epoch:50/80, Batch:29,    progress_callback.py:218
                    loss:0.953034, finished 63.36%.                             
[18:35:14] INFO     Rank: 0 - Epoch:50/80, Batch:30,    progress_callback.py:218
                    loss:0.702108, finished 63.39%.                             
[18:35:24] INFO     Rank: 0 - Contrastive loss is                 callback.py:66
                    0.5066283166408538, nll_loss is                             
                    0.42422838807106017                                         
[18:35:27] INFO     Rank: 0 - Epoch:50/80, Batch:31,    progress_callback.py:218
                    loss:0.683929, finished 63.42%.                             
[18:35:45] INFO     Rank: 0 - Epoch:50/80, Batch:32,    progress_callback.py:218
                    loss:0.809317, finished 63.45%.                             
[18:35:59] INFO     Rank: 0 - Epoch:50/80, Batch:33,    progress_callback.py:218
                    loss:0.98466, finished 63.48%.                              
[18:36:11] INFO     Rank: 0 - Epoch:50/80, Batch:34,    progress_callback.py:218
                    loss:1.014058, finished 63.51%.                             
[18:36:27] INFO     Rank: 0 - Epoch:50/80, Batch:35,    progress_callback.py:218
                    loss:1.021375, finished 63.54%.                             
[18:36:35] INFO     Rank: 0 - Epoch:50/80, Batch:36,    progress_callback.py:218
                    loss:1.001466, finished 63.57%.                             
[18:36:47] INFO     Rank: 0 - Epoch:50/80, Batch:37,    progress_callback.py:218
                    loss:0.897766, finished 63.6%.                              
[18:37:01] INFO     Rank: 0 - Epoch:50/80, Batch:38,    progress_callback.py:218
                    loss:0.791299, finished 63.63%.                             
[18:37:22] INFO     Rank: 0 - Epoch:50/80, Batch:39,    progress_callback.py:218
                    loss:1.109739, finished 63.66%.                             
[18:37:33] INFO     Rank: 0 - Epoch:50/80, Batch:40,    progress_callback.py:218
                    loss:0.993824, finished 63.69%.                             
[18:37:42] INFO     Rank: 0 - Contrastive loss is                 callback.py:66
                    0.5200208723545074, nll_loss is                             
                    0.43822677731513976                                         
[18:37:43] INFO     Rank: 0 - Epoch:50/80, Batch:41,    progress_callback.py:218
                    loss:0.958973, finished 63.72%.                             
[18:37:49] INFO     Rank: 0 - Epoch:50/80, Batch:42,    progress_callback.py:218
                    loss:1.614206, finished 63.75%.                             
           INFO     Rank: 0 -                           progress_callback.py:204
                    **********Epoch:51 starts**********                         
[18:38:01] INFO     Rank: 0 - Epoch:51/80, Batch:1,     progress_callback.py:218
                    loss:0.837685, finished 63.78%.                             
[18:38:13] INFO     Rank: 0 - Epoch:51/80, Batch:2,     progress_callback.py:218
                    loss:0.775112, finished 63.81%.                             
[18:38:29] INFO     Rank: 0 - Epoch:51/80, Batch:3,     progress_callback.py:218
                    loss:0.918911, finished 63.84%.                             
[18:38:42] INFO     Rank: 0 - Epoch:51/80, Batch:4,     progress_callback.py:218
                    loss:1.062766, finished 63.87%.                             
[18:38:58] INFO     Rank: 0 - Epoch:51/80, Batch:5,     progress_callback.py:218
                    loss:0.904491, finished 63.9%.                              
[18:39:08] INFO     Rank: 0 - Epoch:51/80, Batch:6,     progress_callback.py:218
                    loss:0.971282, finished 63.93%.                             
[18:39:21] INFO     Rank: 0 - Epoch:51/80, Batch:7,     progress_callback.py:218
                    loss:0.971464, finished 63.96%.                             
[18:39:34] INFO     Rank: 0 - Epoch:51/80, Batch:8,     progress_callback.py:218
                    loss:0.964453, finished 63.99%.                             
[18:39:51] INFO     Rank: 0 - Contrastive loss is                 callback.py:66
                    0.5477394223213196, nll_loss is                             
                    0.43732491731643675                                         
[18:39:52] INFO     Rank: 0 - Epoch:51/80, Batch:9,     progress_callback.py:218
                    loss:0.830273, finished 64.02%.                             
[18:40:02] INFO     Rank: 0 - Epoch:51/80, Batch:10,    progress_callback.py:218
                    loss:0.808236, finished 64.05%.                             
[18:40:15] INFO     Rank: 0 - Epoch:51/80, Batch:11,    progress_callback.py:218
                    loss:0.878752, finished 64.08%.                             
[18:40:34] INFO     Rank: 0 - Epoch:51/80, Batch:12,    progress_callback.py:218
                    loss:0.882417, finished 64.11%.                             
[18:40:46] INFO     Rank: 0 - Epoch:51/80, Batch:13,    progress_callback.py:218
                    loss:0.919951, finished 64.14%.                             
[18:40:56] INFO     Rank: 0 - Epoch:51/80, Batch:14,    progress_callback.py:218
                    loss:0.916043, finished 64.17%.                             
[18:41:06] INFO     Rank: 0 - Epoch:51/80, Batch:15,    progress_callback.py:218
                    loss:0.760064, finished 64.2%.                              
[18:41:23] INFO     Rank: 0 - Epoch:51/80, Batch:16,    progress_callback.py:218
                    loss:0.968388, finished 64.23%.                             
[18:41:38] INFO     Rank: 0 - Epoch:51/80, Batch:17,    progress_callback.py:218
                    loss:0.855429, finished 64.26%.                             
[18:41:56] INFO     Rank: 0 - Epoch:51/80, Batch:18,    progress_callback.py:218
                    loss:0.968261, finished 64.29%.                             
           INFO     Rank: 0 -                                   evaluator.py:317
                    **********Evaluation starts**********                       
[18:42:10] INFO     Rank: 0 - **********Evaluation              evaluator.py:349
                    ends**********                                              
                                                                                
           INFO     Rank: 0 - ----------Eval. results   progress_callback.py:233
                    on Epoch:51, Batch:18----------                             
           INFO     Rank: 0 -                           progress_callback.py:238
                    {"torch_ngram#ngram-overlap":                               
                    0.4486463963985443}                                         
[18:42:23] INFO     Rank: 0 - Contrastive loss is                 callback.py:66
                    0.5112019091844558, nll_loss is                             
                    0.3798129290342331                                          
           INFO     Rank: 0 - Epoch:51/80, Batch:19,    progress_callback.py:218
                    loss:0.952608, finished 64.32%.                             
[18:42:42] INFO     Rank: 0 - Epoch:51/80, Batch:20,    progress_callback.py:218
                    loss:1.133105, finished 64.35%.                             
[18:42:53] INFO     Rank: 0 - Epoch:51/80, Batch:21,    progress_callback.py:218
                    loss:0.731992, finished 64.38%.                             
[18:43:06] INFO     Rank: 0 - Epoch:51/80, Batch:22,    progress_callback.py:218
                    loss:1.000923, finished 64.4%.                              
[18:43:18] INFO     Rank: 0 - Epoch:51/80, Batch:23,    progress_callback.py:218
                    loss:0.998456, finished 64.43%.                             
[18:43:33] INFO     Rank: 0 - Epoch:51/80, Batch:24,    progress_callback.py:218
                    loss:0.949452, finished 64.46%.                             
[18:43:48] INFO     Rank: 0 - Epoch:51/80, Batch:25,    progress_callback.py:218
                    loss:0.811054, finished 64.49%.                             
[18:44:03] INFO     Rank: 0 - Epoch:51/80, Batch:26,    progress_callback.py:218
                    loss:0.898033, finished 64.52%.                             
[18:44:13] INFO     Rank: 0 - Epoch:51/80, Batch:27,    progress_callback.py:218
                    loss:0.956384, finished 64.55%.                             
[18:44:25] INFO     Rank: 0 - Epoch:51/80, Batch:28,    progress_callback.py:218
                    loss:1.051048, finished 64.58%.                             
[18:44:37] INFO     Rank: 0 - Contrastive loss is                 callback.py:66
                    0.5384344667196274, nll_loss is                             
                    0.4034651964902878                                          
           INFO     Rank: 0 - Epoch:51/80, Batch:29,    progress_callback.py:218
                    loss:0.888551, finished 64.61%.                             
[18:44:50] INFO     Rank: 0 - Epoch:51/80, Batch:30,    progress_callback.py:218
                    loss:0.93454, finished 64.64%.                              
[18:45:01] INFO     Rank: 0 - Epoch:51/80, Batch:31,    progress_callback.py:218
                    loss:0.909205, finished 64.67%.                             
[18:45:12] INFO     Rank: 0 - Epoch:51/80, Batch:32,    progress_callback.py:218
                    loss:1.001379, finished 64.7%.                              
[18:45:25] INFO     Rank: 0 - Epoch:51/80, Batch:33,    progress_callback.py:218
                    loss:1.076877, finished 64.73%.                             
[18:45:36] INFO     Rank: 0 - Epoch:51/80, Batch:34,    progress_callback.py:218
                    loss:0.971596, finished 64.76%.                             
[18:45:52] INFO     Rank: 0 - Epoch:51/80, Batch:35,    progress_callback.py:218
                    loss:0.870808, finished 64.79%.                             
[18:46:05] INFO     Rank: 0 - Epoch:51/80, Batch:36,    progress_callback.py:218
                    loss:1.00658, finished 64.82%.                              
[18:46:16] INFO     Rank: 0 - Epoch:51/80, Batch:37,    progress_callback.py:218
                    loss:1.047718, finished 64.85%.                             
[18:46:37] INFO     Rank: 0 - Epoch:51/80, Batch:38,    progress_callback.py:218
                    loss:0.932654, finished 64.88%.                             
[18:46:49] INFO     Rank: 0 - Contrastive loss is                 callback.py:66
                    0.5782360792160034, nll_loss is                             
                    0.4085843026638031                                          
[18:46:53] INFO     Rank: 0 - Epoch:51/80, Batch:39,    progress_callback.py:218
                    loss:1.116848, finished 64.91%.                             
[18:47:06] INFO     Rank: 0 - Epoch:51/80, Batch:40,    progress_callback.py:218
                    loss:1.019402, finished 64.94%.                             
[18:47:18] INFO     Rank: 0 - Epoch:51/80, Batch:41,    progress_callback.py:218
                    loss:0.968381, finished 64.97%.                             
[18:47:22] INFO     Rank: 0 - Epoch:51/80, Batch:42,    progress_callback.py:218
                    loss:1.023284, finished 65.0%.                              
           INFO     Rank: 0 -                           progress_callback.py:204
                    **********Epoch:52 starts**********                         
[18:47:33] INFO     Rank: 0 - Epoch:52/80, Batch:1,     progress_callback.py:218
                    loss:0.770979, finished 65.03%.                             
[18:47:47] INFO     Rank: 0 - Epoch:52/80, Batch:2,     progress_callback.py:218
                    loss:0.959688, finished 65.06%.                             
[18:48:01] INFO     Rank: 0 - Epoch:52/80, Batch:3,     progress_callback.py:218
                    loss:1.047948, finished 65.09%.                             
[18:48:18] INFO     Rank: 0 - Epoch:52/80, Batch:4,     progress_callback.py:218
                    loss:1.113236, finished 65.12%.                             
[18:48:31] INFO     Rank: 0 - Epoch:52/80, Batch:5,     progress_callback.py:218
                    loss:0.935957, finished 65.15%.                             
[18:48:42] INFO     Rank: 0 - Epoch:52/80, Batch:6,     progress_callback.py:218
                    loss:1.012337, finished 65.18%.                             
[18:48:54] INFO     Rank: 0 - Contrastive loss is                 callback.py:66
                    0.5843678116798401, nll_loss is                             
                    0.4142803490161896                                          
[18:48:56] INFO     Rank: 0 - Epoch:52/80, Batch:7,     progress_callback.py:218
                    loss:1.135269, finished 65.21%.                             
[18:49:04] INFO     Rank: 0 - Epoch:52/80, Batch:8,     progress_callback.py:218
                    loss:0.981295, finished 65.24%.                             
[18:49:16] INFO     Rank: 0 - Epoch:52/80, Batch:9,     progress_callback.py:218
                    loss:0.871898, finished 65.27%.                             
[18:49:26] INFO     Rank: 0 - Epoch:52/80, Batch:10,    progress_callback.py:218
                    loss:0.85092, finished 65.3%.                               
[18:49:36] INFO     Rank: 0 - Epoch:52/80, Batch:11,    progress_callback.py:218
                    loss:0.95101, finished 65.33%.                              
[18:49:49] INFO     Rank: 0 - Epoch:52/80, Batch:12,    progress_callback.py:218
                    loss:0.80935, finished 65.36%.                              
[18:50:02] INFO     Rank: 0 - Epoch:52/80, Batch:13,    progress_callback.py:218
                    loss:1.047724, finished 65.39%.                             
[18:50:13] INFO     Rank: 0 - Epoch:52/80, Batch:14,    progress_callback.py:218
                    loss:0.941781, finished 65.42%.                             
[18:50:24] INFO     Rank: 0 - Epoch:52/80, Batch:15,    progress_callback.py:218
                    loss:0.99766, finished 65.45%.                              
[18:50:40] INFO     Rank: 0 - Epoch:52/80, Batch:16,    progress_callback.py:218
                    loss:1.026512, finished 65.48%.                             
           INFO     Rank: 0 -                                   evaluator.py:317
                    **********Evaluation starts**********                       
[18:50:54] INFO     Rank: 0 - **********Evaluation              evaluator.py:349
                    ends**********                                              
                                                                                
           INFO     Rank: 0 - ----------Eval. results   progress_callback.py:233
                    on Epoch:52, Batch:16----------                             
           INFO     Rank: 0 -                           progress_callback.py:238
                    {"torch_ngram#ngram-overlap":                               
                    0.4495578110218048}                                         
[18:51:05] INFO     Rank: 0 - Contrastive loss is                 callback.py:66
                    0.5392226338386535, nll_loss is                             
                    0.41704643368721006                                         
[18:51:07] INFO     Rank: 0 - Epoch:52/80, Batch:17,    progress_callback.py:218
                    loss:1.084541, finished 65.51%.                             
[18:51:19] INFO     Rank: 0 - Epoch:52/80, Batch:18,    progress_callback.py:218
                    loss:0.911919, finished 65.54%.                             
[18:51:32] INFO     Rank: 0 - Epoch:52/80, Batch:19,    progress_callback.py:218
                    loss:1.003439, finished 65.57%.                             
[18:51:43] INFO     Rank: 0 - Epoch:52/80, Batch:20,    progress_callback.py:218
                    loss:1.113982, finished 65.6%.                              
[18:51:54] INFO     Rank: 0 - Epoch:52/80, Batch:21,    progress_callback.py:218
                    loss:0.996793, finished 65.62%.                             
[18:52:09] INFO     Rank: 0 - Epoch:52/80, Batch:22,    progress_callback.py:218
                    loss:0.978133, finished 65.65%.                             
[18:52:21] INFO     Rank: 0 - Epoch:52/80, Batch:23,    progress_callback.py:218
                    loss:1.056451, finished 65.68%.                             
[18:52:36] INFO     Rank: 0 - Epoch:52/80, Batch:24,    progress_callback.py:218
                    loss:1.165902, finished 65.71%.                             
[18:52:51] INFO     Rank: 0 - Epoch:52/80, Batch:25,    progress_callback.py:218
                    loss:1.02272, finished 65.74%.                              
[18:53:08] INFO     Rank: 0 - Epoch:52/80, Batch:26,    progress_callback.py:218
                    loss:0.948448, finished 65.77%.                             
[18:53:18] INFO     Rank: 0 - Contrastive loss is                 callback.py:66
                    0.5779031693935395, nll_loss is                             
                    0.4450896203517914                                          
[18:53:19] INFO     Rank: 0 - Epoch:52/80, Batch:27,    progress_callback.py:218
                    loss:1.032141, finished 65.8%.                              
[18:53:32] INFO     Rank: 0 - Epoch:52/80, Batch:28,    progress_callback.py:218
                    loss:0.844538, finished 65.83%.                             
[18:53:44] INFO     Rank: 0 - Epoch:52/80, Batch:29,    progress_callback.py:218
                    loss:0.933389, finished 65.86%.                             
[18:53:57] INFO     Rank: 0 - Epoch:52/80, Batch:30,    progress_callback.py:218
                    loss:0.887465, finished 65.89%.                             
[18:54:16] INFO     Rank: 0 - Epoch:52/80, Batch:31,    progress_callback.py:218
                    loss:0.974693, finished 65.92%.                             
[18:54:33] INFO     Rank: 0 - Epoch:52/80, Batch:32,    progress_callback.py:218
                    loss:1.030492, finished 65.95%.                             
[18:54:47] INFO     Rank: 0 - Epoch:52/80, Batch:33,    progress_callback.py:218
                    loss:1.044072, finished 65.98%.                             
[18:54:58] INFO     Rank: 0 - Epoch:52/80, Batch:34,    progress_callback.py:218
                    loss:1.005778, finished 66.01%.                             
[18:55:16] INFO     Rank: 0 - Epoch:52/80, Batch:35,    progress_callback.py:218
                    loss:0.975093, finished 66.04%.                             
[18:55:28] INFO     Rank: 0 - Epoch:52/80, Batch:36,    progress_callback.py:218
                    loss:0.993744, finished 66.07%.                             
[18:55:37] INFO     Rank: 0 - Contrastive loss is                 callback.py:66
                    0.5298611789941787, nll_loss is                             
                    0.42927657067775726                                         
[18:55:40] INFO     Rank: 0 - Epoch:52/80, Batch:37,    progress_callback.py:218
                    loss:0.902113, finished 66.1%.                              
[18:55:54] INFO     Rank: 0 - Epoch:52/80, Batch:38,    progress_callback.py:218
                    loss:0.87159, finished 66.13%.                              
[18:56:06] INFO     Rank: 0 - Epoch:52/80, Batch:39,    progress_callback.py:218
                    loss:0.77346, finished 66.16%.                              
[18:56:23] INFO     Rank: 0 - Epoch:52/80, Batch:40,    progress_callback.py:218
                    loss:0.911265, finished 66.19%.                             
[18:56:32] INFO     Rank: 0 - Epoch:52/80, Batch:41,    progress_callback.py:218
                    loss:0.999896, finished 66.22%.                             
[18:56:36] INFO     Rank: 0 - Epoch:52/80, Batch:42,    progress_callback.py:218
                    loss:1.366653, finished 66.25%.                             
           INFO     Rank: 0 -                           progress_callback.py:204
                    **********Epoch:53 starts**********                         
[18:56:49] INFO     Rank: 0 - Epoch:53/80, Batch:1,     progress_callback.py:218
                    loss:0.938085, finished 66.28%.                             
[18:57:07] INFO     Rank: 0 - Epoch:53/80, Batch:2,     progress_callback.py:218
                    loss:0.907371, finished 66.31%.                             
[18:57:21] INFO     Rank: 0 - Epoch:53/80, Batch:3,     progress_callback.py:218
                    loss:0.988762, finished 66.34%.                             
[18:57:31] INFO     Rank: 0 - Epoch:53/80, Batch:4,     progress_callback.py:218
                    loss:0.978363, finished 66.37%.                             
[18:57:41] INFO     Rank: 0 - Contrastive loss is                 callback.py:66
                    0.5605618447065354, nll_loss is                             
                    0.4038741379976273                                          
[18:57:50] INFO     Rank: 0 - Epoch:53/80, Batch:5,     progress_callback.py:218
                    loss:0.908915, finished 66.4%.                              
[18:58:01] INFO     Rank: 0 - Epoch:53/80, Batch:6,     progress_callback.py:218
                    loss:0.967098, finished 66.43%.                             
[18:58:18] INFO     Rank: 0 - Epoch:53/80, Batch:7,     progress_callback.py:218
                    loss:0.991065, finished 66.46%.                             
[18:58:32] INFO     Rank: 0 - Epoch:53/80, Batch:8,     progress_callback.py:218
                    loss:1.152032, finished 66.49%.                             
[18:58:44] INFO     Rank: 0 - Epoch:53/80, Batch:9,     progress_callback.py:218
                    loss:0.787056, finished 66.52%.                             
[18:58:54] INFO     Rank: 0 - Epoch:53/80, Batch:10,    progress_callback.py:218
                    loss:0.920349, finished 66.55%.                             
[18:59:09] INFO     Rank: 0 - Epoch:53/80, Batch:11,    progress_callback.py:218
                    loss:1.071519, finished 66.58%.                             
[18:59:24] INFO     Rank: 0 - Epoch:53/80, Batch:12,    progress_callback.py:218
                    loss:0.807646, finished 66.61%.                             
[18:59:45] INFO     Rank: 0 - Epoch:53/80, Batch:13,    progress_callback.py:218
                    loss:0.94938, finished 66.64%.                              
[19:00:03] INFO     Rank: 0 - Epoch:53/80, Batch:14,    progress_callback.py:218
                    loss:1.022975, finished 66.67%.                             
           INFO     Rank: 0 -                                   evaluator.py:317
                    **********Evaluation starts**********                       
[19:00:17] INFO     Rank: 0 - **********Evaluation              evaluator.py:349
                    ends**********                                              
                                                                                
           INFO     Rank: 0 - ----------Eval. results   progress_callback.py:233
                    on Epoch:53, Batch:14----------                             
           INFO     Rank: 0 -                           progress_callback.py:238
                    {"torch_ngram#ngram-overlap":                               
                    0.44816914200782776}                                        
[19:00:28] INFO     Rank: 0 - Contrastive loss is                 callback.py:66
                    0.5549961864948273, nll_loss is                             
                    0.39915143251419066                                         
[19:00:30] INFO     Rank: 0 - Epoch:53/80, Batch:15,    progress_callback.py:218
                    loss:0.872357, finished 66.7%.                              
[19:00:46] INFO     Rank: 0 - Epoch:53/80, Batch:16,    progress_callback.py:218
                    loss:0.992789, finished 66.73%.                             
[19:00:58] INFO     Rank: 0 - Epoch:53/80, Batch:17,    progress_callback.py:218
                    loss:0.919314, finished 66.76%.                             
[19:01:10] INFO     Rank: 0 - Epoch:53/80, Batch:18,    progress_callback.py:218
                    loss:1.068522, finished 66.79%.                             
[19:01:20] INFO     Rank: 0 - Epoch:53/80, Batch:19,    progress_callback.py:218
                    loss:1.084624, finished 66.82%.                             
[19:01:35] INFO     Rank: 0 - Epoch:53/80, Batch:20,    progress_callback.py:218
                    loss:0.961349, finished 66.85%.                             
[19:01:46] INFO     Rank: 0 - Epoch:53/80, Batch:21,    progress_callback.py:218
                    loss:0.861386, finished 66.88%.                             
[19:01:59] INFO     Rank: 0 - Epoch:53/80, Batch:22,    progress_callback.py:218
                    loss:0.927546, finished 66.9%.                              
[19:02:10] INFO     Rank: 0 - Epoch:53/80, Batch:23,    progress_callback.py:218
                    loss:0.719151, finished 66.93%.                             
[19:02:23] INFO     Rank: 0 - Epoch:53/80, Batch:24,    progress_callback.py:218
                    loss:0.990856, finished 66.96%.                             
[19:02:36] INFO     Rank: 0 - Contrastive loss is                 callback.py:66
                    0.5471370220184326, nll_loss is                             
                    0.41249569654464724                                         
[19:02:40] INFO     Rank: 0 - Epoch:53/80, Batch:25,    progress_callback.py:218
                    loss:1.07079, finished 66.99%.                              
[19:02:53] INFO     Rank: 0 - Epoch:53/80, Batch:26,    progress_callback.py:218
                    loss:0.915275, finished 67.02%.                             
[19:03:06] INFO     Rank: 0 - Epoch:53/80, Batch:27,    progress_callback.py:218
                    loss:0.841573, finished 67.05%.                             
[19:03:16] INFO     Rank: 0 - Epoch:53/80, Batch:28,    progress_callback.py:218
                    loss:0.99046, finished 67.08%.                              
[19:03:27] INFO     Rank: 0 - Epoch:53/80, Batch:29,    progress_callback.py:218
                    loss:0.90886, finished 67.11%.                              
[19:03:43] INFO     Rank: 0 - Epoch:53/80, Batch:30,    progress_callback.py:218
                    loss:0.900617, finished 67.14%.                             
[19:03:58] INFO     Rank: 0 - Epoch:53/80, Batch:31,    progress_callback.py:218
                    loss:0.673188, finished 67.17%.                             
[19:04:12] INFO     Rank: 0 - Epoch:53/80, Batch:32,    progress_callback.py:218
                    loss:0.888596, finished 67.2%.                              
[19:04:24] INFO     Rank: 0 - Epoch:53/80, Batch:33,    progress_callback.py:218
                    loss:0.768608, finished 67.23%.                             
[19:04:47] INFO     Rank: 0 - Epoch:53/80, Batch:34,    progress_callback.py:218
                    loss:0.822291, finished 67.26%.                             
[19:04:56] INFO     Rank: 0 - Contrastive loss is                 callback.py:66
                    0.4936645984649658, nll_loss is                             
                    0.3852864563465118                                          
[19:04:58] INFO     Rank: 0 - Epoch:53/80, Batch:35,    progress_callback.py:218
                    loss:1.080043, finished 67.29%.                             
[19:05:10] INFO     Rank: 0 - Epoch:53/80, Batch:36,    progress_callback.py:218
                    loss:0.975002, finished 67.32%.                             
[19:05:24] INFO     Rank: 0 - Epoch:53/80, Batch:37,    progress_callback.py:218
                    loss:1.069681, finished 67.35%.                             
[19:05:34] INFO     Rank: 0 - Epoch:53/80, Batch:38,    progress_callback.py:218
                    loss:0.750383, finished 67.38%.                             
[19:05:51] INFO     Rank: 0 - Epoch:53/80, Batch:39,    progress_callback.py:218
                    loss:1.03079, finished 67.41%.                              
[19:06:02] INFO     Rank: 0 - Epoch:53/80, Batch:40,    progress_callback.py:218
                    loss:1.007748, finished 67.44%.                             
[19:06:14] INFO     Rank: 0 - Epoch:53/80, Batch:41,    progress_callback.py:218
                    loss:0.764203, finished 67.47%.                             
[19:06:17] INFO     Rank: 0 - Epoch:53/80, Batch:42,    progress_callback.py:218
                    loss:1.209783, finished 67.5%.                              
           INFO     Rank: 0 -                           progress_callback.py:204
                    **********Epoch:54 starts**********                         
[19:06:52] INFO     Rank: 0 - Epoch:54/80, Batch:1,     progress_callback.py:218
                    loss:0.808606, finished 67.53%.                             
[19:07:13] INFO     Rank: 0 - Epoch:54/80, Batch:2,     progress_callback.py:218
                    loss:0.7629, finished 67.56%.                               
[19:07:30] INFO     Rank: 0 - Contrastive loss is                 callback.py:66
                    0.5665946573019027, nll_loss is                             
                    0.3855895072221756                                          
[19:07:31] INFO     Rank: 0 - Epoch:54/80, Batch:3,     progress_callback.py:218
                    loss:1.142747, finished 67.59%.                             
[19:07:51] INFO     Rank: 0 - Epoch:54/80, Batch:4,     progress_callback.py:218
                    loss:0.944069, finished 67.62%.                             
[19:08:04] INFO     Rank: 0 - Epoch:54/80, Batch:5,     progress_callback.py:218
                    loss:1.133695, finished 67.65%.                             
[19:08:20] INFO     Rank: 0 - Epoch:54/80, Batch:6,     progress_callback.py:218
                    loss:0.768398, finished 67.68%.                             
[19:08:30] INFO     Rank: 0 - Epoch:54/80, Batch:7,     progress_callback.py:218
                    loss:1.078413, finished 67.71%.                             
[19:08:43] INFO     Rank: 0 - Epoch:54/80, Batch:8,     progress_callback.py:218
                    loss:0.971453, finished 67.74%.                             
[19:08:59] INFO     Rank: 0 - Epoch:54/80, Batch:9,     progress_callback.py:218
                    loss:0.93337, finished 67.77%.                              
[19:09:11] INFO     Rank: 0 - Epoch:54/80, Batch:10,    progress_callback.py:218
                    loss:0.809537, finished 67.8%.                              
[19:09:25] INFO     Rank: 0 - Epoch:54/80, Batch:11,    progress_callback.py:218
                    loss:0.904312, finished 67.83%.                             
[19:09:37] INFO     Rank: 0 - Epoch:54/80, Batch:12,    progress_callback.py:218
                    loss:0.985994, finished 67.86%.                             
           INFO     Rank: 0 -                                   evaluator.py:317
                    **********Evaluation starts**********                       
[19:09:53] INFO     Rank: 0 - **********Evaluation              evaluator.py:349
                    ends**********                                              
                                                                                
           INFO     Rank: 0 - ----------Eval. results   progress_callback.py:233
                    on Epoch:54, Batch:12----------                             
           INFO     Rank: 0 -                           progress_callback.py:238
                    {"torch_ngram#ngram-overlap":                               
                    0.4502459466457367}                                         
[19:10:05] INFO     Rank: 0 - Contrastive loss is                 callback.py:66
                    0.5447789430618286, nll_loss is                             
                    0.41441056728363035                                         
[19:10:06] INFO     Rank: 0 - Epoch:54/80, Batch:13,    progress_callback.py:218
                    loss:1.062654, finished 67.89%.                             
[19:10:25] INFO     Rank: 0 - Epoch:54/80, Batch:14,    progress_callback.py:218
                    loss:0.853426, finished 67.92%.                             
[19:10:43] INFO     Rank: 0 - Epoch:54/80, Batch:15,    progress_callback.py:218
                    loss:0.965782, finished 67.95%.                             
[19:11:08] INFO     Rank: 0 - Epoch:54/80, Batch:16,    progress_callback.py:218
                    loss:1.059808, finished 67.98%.                             
[19:11:20] INFO     Rank: 0 - Epoch:54/80, Batch:17,    progress_callback.py:218
                    loss:0.694552, finished 68.01%.                             
[19:11:31] INFO     Rank: 0 - Epoch:54/80, Batch:18,    progress_callback.py:218
                    loss:0.951403, finished 68.04%.                             
[19:11:42] INFO     Rank: 0 - Epoch:54/80, Batch:19,    progress_callback.py:218
                    loss:0.89914, finished 68.07%.                              
[19:11:56] INFO     Rank: 0 - Epoch:54/80, Batch:20,    progress_callback.py:218
                    loss:0.736778, finished 68.1%.                              
[19:12:15] INFO     Rank: 0 - Epoch:54/80, Batch:21,    progress_callback.py:218
                    loss:0.95713, finished 68.12%.                              
[19:12:32] INFO     Rank: 0 - Epoch:54/80, Batch:22,    progress_callback.py:218
                    loss:0.934826, finished 68.15%.                             
[19:12:39] INFO     Rank: 0 - Contrastive loss is                 callback.py:66
                    0.5242853939533234, nll_loss is                             
                    0.3904223680496216                                          
[19:12:42] INFO     Rank: 0 - Epoch:54/80, Batch:23,    progress_callback.py:218
                    loss:1.094232, finished 68.18%.                             
[19:12:52] INFO     Rank: 0 - Epoch:54/80, Batch:24,    progress_callback.py:218
                    loss:0.870099, finished 68.21%.                             
[19:13:11] INFO     Rank: 0 - Epoch:54/80, Batch:25,    progress_callback.py:218
                    loss:0.840118, finished 68.24%.                             
[19:13:25] INFO     Rank: 0 - Epoch:54/80, Batch:26,    progress_callback.py:218
                    loss:0.986215, finished 68.27%.                             
[19:13:38] INFO     Rank: 0 - Epoch:54/80, Batch:27,    progress_callback.py:218
                    loss:0.932109, finished 68.3%.                              
[19:13:47] INFO     Rank: 0 - Epoch:54/80, Batch:28,    progress_callback.py:218
                    loss:0.952938, finished 68.33%.                             
[19:13:58] INFO     Rank: 0 - Epoch:54/80, Batch:29,    progress_callback.py:218
                    loss:1.072829, finished 68.36%.                             
[19:14:15] INFO     Rank: 0 - Epoch:54/80, Batch:30,    progress_callback.py:218
                    loss:0.800825, finished 68.39%.                             
[19:14:28] INFO     Rank: 0 - Epoch:54/80, Batch:31,    progress_callback.py:218
                    loss:0.886959, finished 68.42%.                             
[19:14:43] INFO     Rank: 0 - Epoch:54/80, Batch:32,    progress_callback.py:218
                    loss:0.926328, finished 68.45%.                             
[19:14:56] INFO     Rank: 0 - Contrastive loss is                 callback.py:66
                    0.523913848400116, nll_loss is                              
                    0.3965806126594543                                          
[19:15:03] INFO     Rank: 0 - Epoch:54/80, Batch:33,    progress_callback.py:218
                    loss:0.936526, finished 68.48%.                             
[19:15:23] INFO     Rank: 0 - Epoch:54/80, Batch:34,    progress_callback.py:218
                    loss:1.069669, finished 68.51%.                             
[19:15:34] INFO     Rank: 0 - Epoch:54/80, Batch:35,    progress_callback.py:218
                    loss:0.983569, finished 68.54%.                             
[19:15:48] INFO     Rank: 0 - Epoch:54/80, Batch:36,    progress_callback.py:218
                    loss:0.972775, finished 68.57%.                             
[19:15:59] INFO     Rank: 0 - Epoch:54/80, Batch:37,    progress_callback.py:218
                    loss:0.913316, finished 68.6%.                              
[19:16:11] INFO     Rank: 0 - Epoch:54/80, Batch:38,    progress_callback.py:218
                    loss:0.965169, finished 68.63%.                             
[19:16:32] INFO     Rank: 0 - Epoch:54/80, Batch:39,    progress_callback.py:218
                    loss:1.185568, finished 68.66%.                             
[19:16:49] INFO     Rank: 0 - Epoch:54/80, Batch:40,    progress_callback.py:218
                    loss:1.065344, finished 68.69%.                             
[19:17:04] INFO     Rank: 0 - Epoch:54/80, Batch:41,    progress_callback.py:218
                    loss:1.02621, finished 68.72%.                              
[19:17:09] INFO     Rank: 0 - Epoch:54/80, Batch:42,    progress_callback.py:218
                    loss:1.257015, finished 68.75%.                             
           INFO     Rank: 0 -                           progress_callback.py:204
                    **********Epoch:55 starts**********                         
[19:17:20] INFO     Rank: 0 - Contrastive loss is                 callback.py:66
                    0.6001896500587464, nll_loss is                             
                    0.4379860103130341                                          
[19:17:27] INFO     Rank: 0 - Epoch:55/80, Batch:1,     progress_callback.py:218
                    loss:0.943123, finished 68.78%.                             
[19:17:52] INFO     Rank: 0 - Epoch:55/80, Batch:2,     progress_callback.py:218
                    loss:0.863875, finished 68.81%.                             
[19:18:17] INFO     Rank: 0 - Epoch:55/80, Batch:3,     progress_callback.py:218
                    loss:1.060349, finished 68.84%.                             
[19:18:46] INFO     Rank: 0 - Epoch:55/80, Batch:4,     progress_callback.py:218
                    loss:0.948149, finished 68.87%.                             
[19:19:07] INFO     Rank: 0 - Epoch:55/80, Batch:5,     progress_callback.py:218
                    loss:1.059866, finished 68.9%.                              
[19:19:19] INFO     Rank: 0 - Epoch:55/80, Batch:6,     progress_callback.py:218
                    loss:0.872108, finished 68.93%.                             
[19:19:32] INFO     Rank: 0 - Epoch:55/80, Batch:7,     progress_callback.py:218
                    loss:0.854857, finished 68.96%.                             
[19:19:51] INFO     Rank: 0 - Epoch:55/80, Batch:8,     progress_callback.py:218
                    loss:0.831335, finished 68.99%.                             
[19:20:07] INFO     Rank: 0 - Epoch:55/80, Batch:9,     progress_callback.py:218
                    loss:1.123698, finished 69.02%.                             
[19:20:21] INFO     Rank: 0 - Epoch:55/80, Batch:10,    progress_callback.py:218
                    loss:0.876464, finished 69.05%.                             
           INFO     Rank: 0 -                                   evaluator.py:317
                    **********Evaluation starts**********                       
[19:20:36] INFO     Rank: 0 - **********Evaluation              evaluator.py:349
                    ends**********                                              
                                                                                
           INFO     Rank: 0 - ----------Eval. results   progress_callback.py:233
                    on Epoch:55, Batch:10----------                             
           INFO     Rank: 0 -                           progress_callback.py:238
                    {"torch_ngram#ngram-overlap":                               
                    0.45045074820518494}                                        
[19:20:50] INFO     Rank: 0 - Contrastive loss is                 callback.py:66
                    0.514999482035637, nll_loss is                              
                    0.41198043525218964                                         
           INFO     Rank: 0 - Epoch:55/80, Batch:11,    progress_callback.py:218
                    loss:0.779099, finished 69.08%.                             
[19:21:05] INFO     Rank: 0 - Epoch:55/80, Batch:12,    progress_callback.py:218
                    loss:1.079925, finished 69.11%.                             
[19:21:17] INFO     Rank: 0 - Epoch:55/80, Batch:13,    progress_callback.py:218
                    loss:0.78139, finished 69.14%.                              
[19:21:29] INFO     Rank: 0 - Epoch:55/80, Batch:14,    progress_callback.py:218
                    loss:0.879102, finished 69.17%.                             
[19:21:46] INFO     Rank: 0 - Epoch:55/80, Batch:15,    progress_callback.py:218
                    loss:0.966586, finished 69.2%.                              
[19:22:00] INFO     Rank: 0 - Epoch:55/80, Batch:16,    progress_callback.py:218
                    loss:0.8517, finished 69.23%.                               
[19:22:12] INFO     Rank: 0 - Epoch:55/80, Batch:17,    progress_callback.py:218
                    loss:0.8715, finished 69.26%.                               
[19:22:22] INFO     Rank: 0 - Epoch:55/80, Batch:18,    progress_callback.py:218
                    loss:1.192121, finished 69.29%.                             
[19:22:32] INFO     Rank: 0 - Epoch:55/80, Batch:19,    progress_callback.py:218
                    loss:0.841709, finished 69.32%.                             
[19:22:54] INFO     Rank: 0 - Epoch:55/80, Batch:20,    progress_callback.py:218
                    loss:0.647023, finished 69.35%.                             
[19:23:06] INFO     Rank: 0 - Contrastive loss is                 callback.py:66
                    0.5261309981346131, nll_loss is                             
                    0.3883893549442291                                          
[19:23:07] INFO     Rank: 0 - Epoch:55/80, Batch:21,    progress_callback.py:218
                    loss:1.034147, finished 69.38%.                             
[19:23:22] INFO     Rank: 0 - Epoch:55/80, Batch:22,    progress_callback.py:218
                    loss:1.098174, finished 69.4%.                              
[19:23:32] INFO     Rank: 0 - Epoch:55/80, Batch:23,    progress_callback.py:218
                    loss:0.842045, finished 69.43%.                             
[19:23:45] INFO     Rank: 0 - Epoch:55/80, Batch:24,    progress_callback.py:218
                    loss:0.924739, finished 69.46%.                             
[19:23:59] INFO     Rank: 0 - Epoch:55/80, Batch:25,    progress_callback.py:218
                    loss:0.829566, finished 69.49%.                             
[19:24:11] INFO     Rank: 0 - Epoch:55/80, Batch:26,    progress_callback.py:218
                    loss:0.687169, finished 69.52%.                             
[19:24:25] INFO     Rank: 0 - Epoch:55/80, Batch:27,    progress_callback.py:218
                    loss:0.886753, finished 69.55%.                             
[19:24:38] INFO     Rank: 0 - Epoch:55/80, Batch:28,    progress_callback.py:218
                    loss:1.068827, finished 69.58%.                             
[19:24:50] INFO     Rank: 0 - Epoch:55/80, Batch:29,    progress_callback.py:218
                    loss:0.935148, finished 69.61%.                             
[19:25:06] INFO     Rank: 0 - Epoch:55/80, Batch:30,    progress_callback.py:218
                    loss:0.910949, finished 69.64%.                             
[19:25:18] INFO     Rank: 0 - Contrastive loss is                 callback.py:66
                    0.520711487531662, nll_loss is                              
                    0.3966378092765808                                          
[19:25:19] INFO     Rank: 0 - Epoch:55/80, Batch:31,    progress_callback.py:218
                    loss:0.990124, finished 69.67%.                             
[19:25:32] INFO     Rank: 0 - Epoch:55/80, Batch:32,    progress_callback.py:218
                    loss:0.788091, finished 69.7%.                              
[19:25:47] INFO     Rank: 0 - Epoch:55/80, Batch:33,    progress_callback.py:218
                    loss:0.949205, finished 69.73%.                             
[19:26:01] INFO     Rank: 0 - Epoch:55/80, Batch:34,    progress_callback.py:218
                    loss:0.864049, finished 69.76%.                             
[19:26:16] INFO     Rank: 0 - Epoch:55/80, Batch:35,    progress_callback.py:218
                    loss:0.940252, finished 69.79%.                             
[19:26:28] INFO     Rank: 0 - Epoch:55/80, Batch:36,    progress_callback.py:218
                    loss:0.702594, finished 69.82%.                             
[19:26:43] INFO     Rank: 0 - Epoch:55/80, Batch:37,    progress_callback.py:218
                    loss:1.03385, finished 69.85%.                              
[19:27:00] INFO     Rank: 0 - Epoch:55/80, Batch:38,    progress_callback.py:218
                    loss:0.776152, finished 69.88%.                             
[19:27:16] INFO     Rank: 0 - Epoch:55/80, Batch:39,    progress_callback.py:218
                    loss:1.015403, finished 69.91%.                             
[19:27:28] INFO     Rank: 0 - Epoch:55/80, Batch:40,    progress_callback.py:218
                    loss:0.867735, finished 69.94%.                             
[19:27:41] INFO     Rank: 0 - Contrastive loss is                 callback.py:66
                    0.50643510222435, nll_loss is                               
                    0.3857004404067993                                          
[19:27:42] INFO     Rank: 0 - Epoch:55/80, Batch:41,    progress_callback.py:218
                    loss:0.984024, finished 69.97%.                             
[19:27:45] INFO     Rank: 0 - Epoch:55/80, Batch:42,    progress_callback.py:218
                    loss:1.20006, finished 70.0%.                               
           INFO     Rank: 0 -                           progress_callback.py:204
                    **********Epoch:56 starts**********                         
[19:28:00] INFO     Rank: 0 - Epoch:56/80, Batch:1,     progress_callback.py:218
                    loss:0.704729, finished 70.03%.                             
[19:28:17] INFO     Rank: 0 - Epoch:56/80, Batch:2,     progress_callback.py:218
                    loss:1.066488, finished 70.06%.                             
[19:28:32] INFO     Rank: 0 - Epoch:56/80, Batch:3,     progress_callback.py:218
                    loss:0.890369, finished 70.09%.                             
[19:28:44] INFO     Rank: 0 - Epoch:56/80, Batch:4,     progress_callback.py:218
                    loss:0.825596, finished 70.12%.                             
[19:28:54] INFO     Rank: 0 - Epoch:56/80, Batch:5,     progress_callback.py:218
                    loss:0.914935, finished 70.15%.                             
[19:29:07] INFO     Rank: 0 - Epoch:56/80, Batch:6,     progress_callback.py:218
                    loss:0.858232, finished 70.18%.                             
[19:29:18] INFO     Rank: 0 - Epoch:56/80, Batch:7,     progress_callback.py:218
                    loss:0.831807, finished 70.21%.                             
[19:29:28] INFO     Rank: 0 - Epoch:56/80, Batch:8,     progress_callback.py:218
                    loss:0.826216, finished 70.24%.                             
           INFO     Rank: 0 -                                   evaluator.py:317
                    **********Evaluation starts**********                       
[19:29:43] INFO     Rank: 0 - **********Evaluation              evaluator.py:349
                    ends**********                                              
                                                                                
           INFO     Rank: 0 - ----------Eval. results   progress_callback.py:233
                    on Epoch:56, Batch:8----------                              
           INFO     Rank: 0 -                           progress_callback.py:238
                    {"torch_ngram#ngram-overlap":                               
                    0.44798311591148376}                                        
[19:29:52] INFO     Rank: 0 - Contrastive loss is                 callback.py:66
                    0.5169748485088348, nll_loss is                             
                    0.3706381797790527                                          
[19:29:58] INFO     Rank: 0 - Epoch:56/80, Batch:9,     progress_callback.py:218
                    loss:0.757699, finished 70.27%.                             
[19:30:17] INFO     Rank: 0 - Epoch:56/80, Batch:10,    progress_callback.py:218
                    loss:1.066209, finished 70.3%.                              
[19:30:32] INFO     Rank: 0 - Epoch:56/80, Batch:11,    progress_callback.py:218
                    loss:0.886166, finished 70.33%.                             
[19:30:48] INFO     Rank: 0 - Epoch:56/80, Batch:12,    progress_callback.py:218
                    loss:0.889397, finished 70.36%.                             
[19:31:01] INFO     Rank: 0 - Epoch:56/80, Batch:13,    progress_callback.py:218
                    loss:0.858706, finished 70.39%.                             
[19:31:21] INFO     Rank: 0 - Epoch:56/80, Batch:14,    progress_callback.py:218
                    loss:1.097785, finished 70.42%.                             
[19:31:34] INFO     Rank: 0 - Epoch:56/80, Batch:15,    progress_callback.py:218
                    loss:0.778247, finished 70.45%.                             
[19:31:46] INFO     Rank: 0 - Epoch:56/80, Batch:16,    progress_callback.py:218
                    loss:0.825293, finished 70.48%.                             
[19:31:59] INFO     Rank: 0 - Epoch:56/80, Batch:17,    progress_callback.py:218
                    loss:0.953778, finished 70.51%.                             
[19:32:15] INFO     Rank: 0 - Epoch:56/80, Batch:18,    progress_callback.py:218
                    loss:0.860967, finished 70.54%.                             
[19:32:24] INFO     Rank: 0 - Contrastive loss is                 callback.py:66
                    0.5368101924657822, nll_loss is                             
                    0.3723420172929764                                          
[19:32:27] INFO     Rank: 0 - Epoch:56/80, Batch:19,    progress_callback.py:218
                    loss:0.874974, finished 70.57%.                             
[19:32:41] INFO     Rank: 0 - Epoch:56/80, Batch:20,    progress_callback.py:218
                    loss:1.019171, finished 70.6%.                              
[19:32:55] INFO     Rank: 0 - Epoch:56/80, Batch:21,    progress_callback.py:218
                    loss:0.776939, finished 70.62%.                             
[19:33:10] INFO     Rank: 0 - Epoch:56/80, Batch:22,    progress_callback.py:218
                    loss:0.91852, finished 70.65%.                              
[19:33:33] INFO     Rank: 0 - Epoch:56/80, Batch:23,    progress_callback.py:218
                    loss:1.052148, finished 70.68%.                             
[19:33:45] INFO     Rank: 0 - Epoch:56/80, Batch:24,    progress_callback.py:218
                    loss:0.761852, finished 70.71%.                             
[19:33:57] INFO     Rank: 0 - Epoch:56/80, Batch:25,    progress_callback.py:218
                    loss:0.809816, finished 70.74%.                             
[19:34:10] INFO     Rank: 0 - Epoch:56/80, Batch:26,    progress_callback.py:218
                    loss:0.828676, finished 70.77%.                             
[19:34:29] INFO     Rank: 0 - Epoch:56/80, Batch:27,    progress_callback.py:218
                    loss:0.788913, finished 70.8%.                              
[19:34:43] INFO     Rank: 0 - Epoch:56/80, Batch:28,    progress_callback.py:218
                    loss:0.760916, finished 70.83%.                             
[19:34:53] INFO     Rank: 0 - Contrastive loss is                 callback.py:66
                    0.4914318144321442, nll_loss is                             
                    0.3694427788257599                                          
[19:34:56] INFO     Rank: 0 - Epoch:56/80, Batch:29,    progress_callback.py:218
                    loss:0.891795, finished 70.86%.                             
[19:35:09] INFO     Rank: 0 - Epoch:56/80, Batch:30,    progress_callback.py:218
                    loss:0.993879, finished 70.89%.                             
[19:35:19] INFO     Rank: 0 - Epoch:56/80, Batch:31,    progress_callback.py:218
                    loss:0.957464, finished 70.92%.                             
[19:35:34] INFO     Rank: 0 - Epoch:56/80, Batch:32,    progress_callback.py:218
                    loss:0.99578, finished 70.95%.                              
[19:35:53] INFO     Rank: 0 - Epoch:56/80, Batch:33,    progress_callback.py:218
                    loss:1.195126, finished 70.98%.                             
[19:36:06] INFO     Rank: 0 - Epoch:56/80, Batch:34,    progress_callback.py:218
                    loss:0.978154, finished 71.01%.                             
[19:36:20] INFO     Rank: 0 - Epoch:56/80, Batch:35,    progress_callback.py:218
                    loss:0.958924, finished 71.04%.                             
[19:36:36] INFO     Rank: 0 - Epoch:56/80, Batch:36,    progress_callback.py:218
                    loss:0.816849, finished 71.07%.                             
[19:36:47] INFO     Rank: 0 - Epoch:56/80, Batch:37,    progress_callback.py:218
                    loss:1.019437, finished 71.1%.                              
[19:37:01] INFO     Rank: 0 - Epoch:56/80, Batch:38,    progress_callback.py:218
                    loss:0.883807, finished 71.13%.                             
[19:37:10] INFO     Rank: 0 - Contrastive loss is                 callback.py:66
                    0.5683592349290848, nll_loss is                             
                    0.41090935170650483                                         
[19:37:13] INFO     Rank: 0 - Epoch:56/80, Batch:39,    progress_callback.py:218
                    loss:0.993265, finished 71.16%.                             
[19:37:23] INFO     Rank: 0 - Epoch:56/80, Batch:40,    progress_callback.py:218
                    loss:0.912124, finished 71.19%.                             
[19:37:42] INFO     Rank: 0 - Epoch:56/80, Batch:41,    progress_callback.py:218
                    loss:1.066619, finished 71.22%.                             
[19:37:46] INFO     Rank: 0 - Epoch:56/80, Batch:42,    progress_callback.py:218
                    loss:1.143425, finished 71.25%.                             
           INFO     Rank: 0 -                           progress_callback.py:204
                    **********Epoch:57 starts**********                         
[19:37:58] INFO     Rank: 0 - Epoch:57/80, Batch:1,     progress_callback.py:218
                    loss:0.865124, finished 71.28%.                             
[19:38:12] INFO     Rank: 0 - Epoch:57/80, Batch:2,     progress_callback.py:218
                    loss:0.915477, finished 71.31%.                             
[19:38:25] INFO     Rank: 0 - Epoch:57/80, Batch:3,     progress_callback.py:218
                    loss:0.916065, finished 71.34%.                             
[19:38:45] INFO     Rank: 0 - Epoch:57/80, Batch:4,     progress_callback.py:218
                    loss:1.001684, finished 71.37%.                             
[19:38:57] INFO     Rank: 0 - Epoch:57/80, Batch:5,     progress_callback.py:218
                    loss:1.126644, finished 71.4%.                              
[19:39:08] INFO     Rank: 0 - Epoch:57/80, Batch:6,     progress_callback.py:218
                    loss:0.824948, finished 71.43%.                             
           INFO     Rank: 0 -                                   evaluator.py:317
                    **********Evaluation starts**********                       
[19:39:23] INFO     Rank: 0 - **********Evaluation              evaluator.py:349
                    ends**********                                              
                                                                                
           INFO     Rank: 0 - ----------Eval. results   progress_callback.py:233
                    on Epoch:57, Batch:6----------                              
           INFO     Rank: 0 -                           progress_callback.py:238
                    {"torch_ngram#ngram-overlap":                               
                    0.44623613357543945}                                        
[19:39:34] INFO     Rank: 0 - Contrastive loss is                 callback.py:66
                    0.5963316261768341, nll_loss is                             
                    0.36843719482421877                                         
[19:39:38] INFO     Rank: 0 - Epoch:57/80, Batch:7,     progress_callback.py:218
                    loss:0.875579, finished 71.46%.                             
[19:39:55] INFO     Rank: 0 - Epoch:57/80, Batch:8,     progress_callback.py:218
                    loss:1.006392, finished 71.49%.                             
[19:40:12] INFO     Rank: 0 - Epoch:57/80, Batch:9,     progress_callback.py:218
                    loss:1.070399, finished 71.52%.                             
[19:40:30] INFO     Rank: 0 - Epoch:57/80, Batch:10,    progress_callback.py:218
                    loss:0.847618, finished 71.55%.                             
[19:41:01] INFO     Rank: 0 - Epoch:57/80, Batch:11,    progress_callback.py:218
                    loss:1.182156, finished 71.58%.                             
[19:41:27] INFO     Rank: 0 - Epoch:57/80, Batch:12,    progress_callback.py:218
                    loss:0.852269, finished 71.61%.                             
[19:41:38] INFO     Rank: 0 - Epoch:57/80, Batch:13,    progress_callback.py:218
                    loss:0.978408, finished 71.64%.                             
[19:41:54] INFO     Rank: 0 - Epoch:57/80, Batch:14,    progress_callback.py:218
                    loss:0.881149, finished 71.67%.                             
[19:42:09] INFO     Rank: 0 - Epoch:57/80, Batch:15,    progress_callback.py:218
                    loss:0.838127, finished 71.7%.                              
[19:42:21] INFO     Rank: 0 - Epoch:57/80, Batch:16,    progress_callback.py:218
                    loss:1.080596, finished 71.73%.                             
[19:42:30] INFO     Rank: 0 - Contrastive loss is                 callback.py:66
                    0.5796170145273208, nll_loss is                             
                    0.3946624368429184                                          
[19:42:32] INFO     Rank: 0 - Epoch:57/80, Batch:17,    progress_callback.py:218
                    loss:1.005681, finished 71.76%.                             
[19:42:45] INFO     Rank: 0 - Epoch:57/80, Batch:18,    progress_callback.py:218
                    loss:0.979367, finished 71.79%.                             
[19:43:04] INFO     Rank: 0 - Epoch:57/80, Batch:19,    progress_callback.py:218
                    loss:0.974095, finished 71.82%.                             
[19:43:19] INFO     Rank: 0 - Epoch:57/80, Batch:20,    progress_callback.py:218
                    loss:0.722307, finished 71.85%.                             
[19:43:33] INFO     Rank: 0 - Epoch:57/80, Batch:21,    progress_callback.py:218
                    loss:0.952143, finished 71.88%.                             
[19:43:54] INFO     Rank: 0 - Epoch:57/80, Batch:22,    progress_callback.py:218
                    loss:0.862719, finished 71.9%.                              
[19:44:10] INFO     Rank: 0 - Epoch:57/80, Batch:23,    progress_callback.py:218
                    loss:1.007459, finished 71.93%.                             
[19:44:24] INFO     Rank: 0 - Epoch:57/80, Batch:24,    progress_callback.py:218
                    loss:0.988331, finished 71.96%.                             
[19:44:38] INFO     Rank: 0 - Epoch:57/80, Batch:25,    progress_callback.py:218
                    loss:1.103749, finished 71.99%.                             
[19:44:53] INFO     Rank: 0 - Epoch:57/80, Batch:26,    progress_callback.py:218
                    loss:0.99666, finished 72.02%.                              
[19:45:01] INFO     Rank: 0 - Contrastive loss is                 callback.py:66
                    0.5349112004041672, nll_loss is                             
                    0.4032001107931137                                          
[19:45:05] INFO     Rank: 0 - Epoch:57/80, Batch:27,    progress_callback.py:218
                    loss:0.794284, finished 72.05%.                             
[19:45:18] INFO     Rank: 0 - Epoch:57/80, Batch:28,    progress_callback.py:218
                    loss:0.90504, finished 72.08%.                              
[19:45:30] INFO     Rank: 0 - Epoch:57/80, Batch:29,    progress_callback.py:218
                    loss:0.931125, finished 72.11%.                             
[19:45:51] INFO     Rank: 0 - Epoch:57/80, Batch:30,    progress_callback.py:218
                    loss:0.87896, finished 72.14%.                              
[19:46:17] INFO     Rank: 0 - Epoch:57/80, Batch:31,    progress_callback.py:218
                    loss:0.870858, finished 72.17%.                             
[19:46:39] INFO     Rank: 0 - Epoch:57/80, Batch:32,    progress_callback.py:218
                    loss:0.918, finished 72.2%.                                 
[19:46:50] INFO     Rank: 0 - Epoch:57/80, Batch:33,    progress_callback.py:218
                    loss:0.91211, finished 72.23%.                              
[19:47:03] INFO     Rank: 0 - Epoch:57/80, Batch:34,    progress_callback.py:218
                    loss:0.754936, finished 72.26%.                             
[19:47:23] INFO     Rank: 0 - Epoch:57/80, Batch:35,    progress_callback.py:218
                    loss:0.879164, finished 72.29%.                             
[19:47:35] INFO     Rank: 0 - Epoch:57/80, Batch:36,    progress_callback.py:218
                    loss:1.044197, finished 72.32%.                             
[19:47:45] INFO     Rank: 0 - Contrastive loss is                 callback.py:66
                    0.5001119554042817, nll_loss is                             
                    0.38691048622131347                                         
           INFO     Rank: 0 - Epoch:57/80, Batch:37,    progress_callback.py:218
                    loss:0.775835, finished 72.35%.                             
[19:47:57] INFO     Rank: 0 - Epoch:57/80, Batch:38,    progress_callback.py:218
                    loss:0.93822, finished 72.38%.                              
[19:48:13] INFO     Rank: 0 - Epoch:57/80, Batch:39,    progress_callback.py:218
                    loss:0.955595, finished 72.41%.                             
[19:48:29] INFO     Rank: 0 - Epoch:57/80, Batch:40,    progress_callback.py:218
                    loss:0.834346, finished 72.44%.                             
[19:48:40] INFO     Rank: 0 - Epoch:57/80, Batch:41,    progress_callback.py:218
                    loss:0.989635, finished 72.47%.                             
[19:48:44] INFO     Rank: 0 - Epoch:57/80, Batch:42,    progress_callback.py:218
                    loss:1.738113, finished 72.5%.                              
           INFO     Rank: 0 -                           progress_callback.py:204
                    **********Epoch:58 starts**********                         
[19:48:57] INFO     Rank: 0 - Epoch:58/80, Batch:1,     progress_callback.py:218
                    loss:0.775072, finished 72.53%.                             
[19:49:08] INFO     Rank: 0 - Epoch:58/80, Batch:2,     progress_callback.py:218
                    loss:1.155455, finished 72.56%.                             
[19:49:25] INFO     Rank: 0 - Epoch:58/80, Batch:3,     progress_callback.py:218
                    loss:0.906697, finished 72.59%.                             
[19:49:36] INFO     Rank: 0 - Epoch:58/80, Batch:4,     progress_callback.py:218
                    loss:0.933985, finished 72.62%.                             
           INFO     Rank: 0 -                                   evaluator.py:317
                    **********Evaluation starts**********                       
[19:49:49] INFO     Rank: 0 - **********Evaluation              evaluator.py:349
                    ends**********                                              
                                                                                
           INFO     Rank: 0 - ----------Eval. results   progress_callback.py:233
                    on Epoch:58, Batch:4----------                              
           INFO     Rank: 0 -                           progress_callback.py:238
                    {"torch_ngram#ngram-overlap":                               
                    0.45105308294296265}                                        
[19:50:04] INFO     Rank: 0 - Contrastive loss is                 callback.py:66
                    0.6353613495826721, nll_loss is                             
                    0.37215492129325867                                         
           INFO     Rank: 0 - Epoch:58/80, Batch:5,     progress_callback.py:218
                    loss:0.848044, finished 72.65%.                             
[19:50:16] INFO     Rank: 0 - Epoch:58/80, Batch:6,     progress_callback.py:218
                    loss:0.871857, finished 72.68%.                             
[19:50:29] INFO     Rank: 0 - Epoch:58/80, Batch:7,     progress_callback.py:218
                    loss:0.898269, finished 72.71%.                             
[19:50:46] INFO     Rank: 0 - Epoch:58/80, Batch:8,     progress_callback.py:218
                    loss:0.980964, finished 72.74%.                             
[19:50:57] INFO     Rank: 0 - Epoch:58/80, Batch:9,     progress_callback.py:218
                    loss:0.979433, finished 72.77%.                             
[19:51:12] INFO     Rank: 0 - Epoch:58/80, Batch:10,    progress_callback.py:218
                    loss:0.845101, finished 72.8%.                              
[19:51:25] INFO     Rank: 0 - Epoch:58/80, Batch:11,    progress_callback.py:218
                    loss:1.007015, finished 72.83%.                             
[19:51:43] INFO     Rank: 0 - Epoch:58/80, Batch:12,    progress_callback.py:218
                    loss:0.732511, finished 72.86%.                             
[19:51:55] INFO     Rank: 0 - Epoch:58/80, Batch:13,    progress_callback.py:218
                    loss:0.82528, finished 72.89%.                              
[19:52:07] INFO     Rank: 0 - Epoch:58/80, Batch:14,    progress_callback.py:218
                    loss:0.834915, finished 72.92%.                             
[19:52:17] INFO     Rank: 0 - Contrastive loss is                 callback.py:66
                    0.5188438296318054, nll_loss is                             
                    0.3768190801143646                                          
[19:52:18] INFO     Rank: 0 - Epoch:58/80, Batch:15,    progress_callback.py:218
                    loss:0.981285, finished 72.95%.                             
[19:52:32] INFO     Rank: 0 - Epoch:58/80, Batch:16,    progress_callback.py:218
                    loss:1.001445, finished 72.98%.                             
[19:52:47] INFO     Rank: 0 - Epoch:58/80, Batch:17,    progress_callback.py:218
                    loss:0.886462, finished 73.01%.                             
[19:53:00] INFO     Rank: 0 - Epoch:58/80, Batch:18,    progress_callback.py:218
                    loss:0.848164, finished 73.04%.                             
[19:53:12] INFO     Rank: 0 - Epoch:58/80, Batch:19,    progress_callback.py:218
                    loss:0.74665, finished 73.07%.                              
[19:53:22] INFO     Rank: 0 - Epoch:58/80, Batch:20,    progress_callback.py:218
                    loss:0.922965, finished 73.1%.                              
[19:53:40] INFO     Rank: 0 - Epoch:58/80, Batch:21,    progress_callback.py:218
                    loss:0.955893, finished 73.12%.                             
[19:53:50] INFO     Rank: 0 - Epoch:58/80, Batch:22,    progress_callback.py:218
                    loss:0.941303, finished 73.15%.                             
[19:54:04] INFO     Rank: 0 - Epoch:58/80, Batch:23,    progress_callback.py:218
                    loss:0.744202, finished 73.18%.                             
[19:54:13] INFO     Rank: 0 - Epoch:58/80, Batch:24,    progress_callback.py:218
                    loss:1.05981, finished 73.21%.                              
[19:54:22] INFO     Rank: 0 - Contrastive loss is                 callback.py:66
                    0.5216748118400574, nll_loss is                             
                    0.3711903035640717                                          
[19:54:26] INFO     Rank: 0 - Epoch:58/80, Batch:25,    progress_callback.py:218
                    loss:0.821758, finished 73.24%.                             
[19:54:44] INFO     Rank: 0 - Epoch:58/80, Batch:26,    progress_callback.py:218
                    loss:0.809784, finished 73.27%.                             
[19:54:57] INFO     Rank: 0 - Epoch:58/80, Batch:27,    progress_callback.py:218
                    loss:0.890087, finished 73.3%.                              
[19:55:13] INFO     Rank: 0 - Epoch:58/80, Batch:28,    progress_callback.py:218
                    loss:0.853725, finished 73.33%.                             
[19:55:26] INFO     Rank: 0 - Epoch:58/80, Batch:29,    progress_callback.py:218
                    loss:0.948493, finished 73.36%.                             
[19:55:39] INFO     Rank: 0 - Epoch:58/80, Batch:30,    progress_callback.py:218
                    loss:1.059393, finished 73.39%.                             
[19:55:52] INFO     Rank: 0 - Epoch:58/80, Batch:31,    progress_callback.py:218
                    loss:0.844981, finished 73.42%.                             
[19:56:04] INFO     Rank: 0 - Epoch:58/80, Batch:32,    progress_callback.py:218
                    loss:0.999938, finished 73.45%.                             
[19:56:17] INFO     Rank: 0 - Epoch:58/80, Batch:33,    progress_callback.py:218
                    loss:0.890023, finished 73.48%.                             
[19:56:33] INFO     Rank: 0 - Epoch:58/80, Batch:34,    progress_callback.py:218
                    loss:0.825933, finished 73.51%.                             
[19:56:48] INFO     Rank: 0 - Contrastive loss is                 callback.py:66
                    0.5078311324119568, nll_loss is                             
                    0.3824666738510132                                          
           INFO     Rank: 0 - Epoch:58/80, Batch:35,    progress_callback.py:218
                    loss:0.780621, finished 73.54%.                             
[19:57:00] INFO     Rank: 0 - Epoch:58/80, Batch:36,    progress_callback.py:218
                    loss:0.994769, finished 73.57%.                             
[19:57:16] INFO     Rank: 0 - Epoch:58/80, Batch:37,    progress_callback.py:218
                    loss:0.969974, finished 73.6%.                              
[19:57:25] INFO     Rank: 0 - Epoch:58/80, Batch:38,    progress_callback.py:218
                    loss:1.131761, finished 73.63%.                             
[19:57:36] INFO     Rank: 0 - Epoch:58/80, Batch:39,    progress_callback.py:218
                    loss:0.941677, finished 73.66%.                             
[19:57:51] INFO     Rank: 0 - Epoch:58/80, Batch:40,    progress_callback.py:218
                    loss:0.759778, finished 73.69%.                             
[19:58:08] INFO     Rank: 0 - Epoch:58/80, Batch:41,    progress_callback.py:218
                    loss:0.767842, finished 73.72%.                             
[19:58:11] INFO     Rank: 0 - Epoch:58/80, Batch:42,    progress_callback.py:218
                    loss:0.780695, finished 73.75%.                             
           INFO     Rank: 0 -                           progress_callback.py:204
                    **********Epoch:59 starts**********                         
[19:58:21] INFO     Rank: 0 - Epoch:59/80, Batch:1,     progress_callback.py:218
                    loss:0.7767, finished 73.78%.                               
[19:58:30] INFO     Rank: 0 - Epoch:59/80, Batch:2,     progress_callback.py:218
                    loss:0.951531, finished 73.81%.                             
           INFO     Rank: 0 -                                   evaluator.py:317
                    **********Evaluation starts**********                       
[19:58:44] INFO     Rank: 0 - **********Evaluation              evaluator.py:349
                    ends**********                                              
                                                                                
           INFO     Rank: 0 - ----------Eval. results   progress_callback.py:233
                    on Epoch:59, Batch:2----------                              
           INFO     Rank: 0 -                           progress_callback.py:238
                    {"torch_ngram#ngram-overlap":                               
                    0.4512176811695099}                                         
[19:58:57] INFO     Rank: 0 - Contrastive loss is                 callback.py:66
                    0.5455314844846726, nll_loss is                             
                    0.36040615737438203                                         
[19:59:00] INFO     Rank: 0 - Epoch:59/80, Batch:3,     progress_callback.py:218
                    loss:0.984649, finished 73.84%.                             
[19:59:15] INFO     Rank: 0 - Epoch:59/80, Batch:4,     progress_callback.py:218
                    loss:1.002893, finished 73.87%.                             
[19:59:27] INFO     Rank: 0 - Epoch:59/80, Batch:5,     progress_callback.py:218
                    loss:1.038311, finished 73.9%.                              
[19:59:43] INFO     Rank: 0 - Epoch:59/80, Batch:6,     progress_callback.py:218
                    loss:0.849995, finished 73.93%.                             
[19:59:55] INFO     Rank: 0 - Epoch:59/80, Batch:7,     progress_callback.py:218
                    loss:0.697001, finished 73.96%.                             
[20:00:06] INFO     Rank: 0 - Epoch:59/80, Batch:8,     progress_callback.py:218
                    loss:1.104366, finished 73.99%.                             
[20:00:22] INFO     Rank: 0 - Epoch:59/80, Batch:9,     progress_callback.py:218
                    loss:0.776786, finished 74.02%.                             
[20:00:37] INFO     Rank: 0 - Epoch:59/80, Batch:10,    progress_callback.py:218
                    loss:0.78123, finished 74.05%.                              
[20:00:51] INFO     Rank: 0 - Epoch:59/80, Batch:11,    progress_callback.py:218
                    loss:0.896859, finished 74.08%.                             
[20:01:05] INFO     Rank: 0 - Epoch:59/80, Batch:12,    progress_callback.py:218
                    loss:0.895263, finished 74.11%.                             
[20:01:14] INFO     Rank: 0 - Contrastive loss is                 callback.py:66
                    0.5152289777994156, nll_loss is                             
                    0.3731743901968002                                          
[20:01:18] INFO     Rank: 0 - Epoch:59/80, Batch:13,    progress_callback.py:218
                    loss:0.84133, finished 74.14%.                              
[20:01:31] INFO     Rank: 0 - Epoch:59/80, Batch:14,    progress_callback.py:218
                    loss:0.956884, finished 74.17%.                             
[20:01:45] INFO     Rank: 0 - Epoch:59/80, Batch:15,    progress_callback.py:218
                    loss:1.048759, finished 74.2%.                              
[20:02:04] INFO     Rank: 0 - Epoch:59/80, Batch:16,    progress_callback.py:218
                    loss:0.969773, finished 74.23%.                             
[20:02:15] INFO     Rank: 0 - Epoch:59/80, Batch:17,    progress_callback.py:218
                    loss:0.937775, finished 74.26%.                             
[20:02:33] INFO     Rank: 0 - Epoch:59/80, Batch:18,    progress_callback.py:218
                    loss:0.83333, finished 74.29%.                              
[20:02:44] INFO     Rank: 0 - Epoch:59/80, Batch:19,    progress_callback.py:218
                    loss:0.846841, finished 74.32%.                             
[20:02:57] INFO     Rank: 0 - Epoch:59/80, Batch:20,    progress_callback.py:218
                    loss:0.814826, finished 74.35%.                             
[20:03:17] INFO     Rank: 0 - Epoch:59/80, Batch:21,    progress_callback.py:218
                    loss:0.729995, finished 74.38%.                             
[20:03:29] INFO     Rank: 0 - Epoch:59/80, Batch:22,    progress_callback.py:218
                    loss:0.765083, finished 74.4%.                              
[20:03:38] INFO     Rank: 0 - Contrastive loss is                 callback.py:66
                    0.5026810497045517, nll_loss is                             
                    0.3562950760126114                                          
[20:03:42] INFO     Rank: 0 - Epoch:59/80, Batch:23,    progress_callback.py:218
                    loss:0.686497, finished 74.43%.                             
[20:03:56] INFO     Rank: 0 - Epoch:59/80, Batch:24,    progress_callback.py:218
                    loss:0.93049, finished 74.46%.                              
[20:04:12] INFO     Rank: 0 - Epoch:59/80, Batch:25,    progress_callback.py:218
                    loss:0.936728, finished 74.49%.                             
[20:04:24] INFO     Rank: 0 - Epoch:59/80, Batch:26,    progress_callback.py:218
                    loss:0.816457, finished 74.52%.                             
[20:04:38] INFO     Rank: 0 - Epoch:59/80, Batch:27,    progress_callback.py:218
                    loss:0.82078, finished 74.55%.                              
[20:04:52] INFO     Rank: 0 - Epoch:59/80, Batch:28,    progress_callback.py:218
                    loss:0.786382, finished 74.58%.                             
[20:05:06] INFO     Rank: 0 - Epoch:59/80, Batch:29,    progress_callback.py:218
                    loss:0.966416, finished 74.61%.                             
[20:05:24] INFO     Rank: 0 - Epoch:59/80, Batch:30,    progress_callback.py:218
                    loss:1.102104, finished 74.64%.                             
[20:05:36] INFO     Rank: 0 - Epoch:59/80, Batch:31,    progress_callback.py:218
                    loss:0.907013, finished 74.67%.                             
[20:05:50] INFO     Rank: 0 - Epoch:59/80, Batch:32,    progress_callback.py:218
                    loss:0.891354, finished 74.7%.                              
[20:06:02] INFO     Rank: 0 - Contrastive loss is                 callback.py:66
                    0.5270596981048584, nll_loss is                             
                    0.3852808833122253                                          
[20:06:03] INFO     Rank: 0 - Epoch:59/80, Batch:33,    progress_callback.py:218
                    loss:0.965681, finished 74.73%.                             
[20:06:14] INFO     Rank: 0 - Epoch:59/80, Batch:34,    progress_callback.py:218
                    loss:0.780655, finished 74.76%.                             
[20:06:29] INFO     Rank: 0 - Epoch:59/80, Batch:35,    progress_callback.py:218
                    loss:0.83689, finished 74.79%.                              
[20:06:41] INFO     Rank: 0 - Epoch:59/80, Batch:36,    progress_callback.py:218
                    loss:0.759908, finished 74.82%.                             
[20:06:57] INFO     Rank: 0 - Epoch:59/80, Batch:37,    progress_callback.py:218
                    loss:1.067285, finished 74.85%.                             
[20:07:08] INFO     Rank: 0 - Epoch:59/80, Batch:38,    progress_callback.py:218
                    loss:0.952677, finished 74.88%.                             
[20:07:21] INFO     Rank: 0 - Epoch:59/80, Batch:39,    progress_callback.py:218
                    loss:0.968714, finished 74.91%.                             
[20:07:31] INFO     Rank: 0 - Epoch:59/80, Batch:40,    progress_callback.py:218
                    loss:1.100547, finished 74.94%.                             
[20:07:43] INFO     Rank: 0 - Epoch:59/80, Batch:41,    progress_callback.py:218
                    loss:0.923661, finished 74.97%.                             
[20:07:47] INFO     Rank: 0 - Epoch:59/80, Batch:42,    progress_callback.py:218
                    loss:0.846242, finished 75.0%.                              
           INFO     Rank: 0 -                                   evaluator.py:317
                    **********Evaluation starts**********                       
[20:08:02] INFO     Rank: 0 - **********Evaluation              evaluator.py:349
                    ends**********                                              
                                                                                
           INFO     Rank: 0 - ----------Eval. results   progress_callback.py:233
                    on Epoch:59, Batch:42----------                             
           INFO     Rank: 0 -                           progress_callback.py:238
                    {"torch_ngram#ngram-overlap":                               
                    0.45100268721580505}                                        
           INFO     Rank: 0 -                           progress_callback.py:204
                    **********Epoch:60 starts**********                         
[20:08:14] INFO     Rank: 0 - Contrastive loss is                 callback.py:66
                    0.5172798722982407, nll_loss is                             
                    0.38216194212436677                                         
[20:08:16] INFO     Rank: 0 - Epoch:60/80, Batch:1,     progress_callback.py:218
                    loss:0.757838, finished 75.03%.                             
[20:08:33] INFO     Rank: 0 - Epoch:60/80, Batch:2,     progress_callback.py:218
                    loss:0.781627, finished 75.06%.                             
[20:08:48] INFO     Rank: 0 - Epoch:60/80, Batch:3,     progress_callback.py:218
                    loss:0.814512, finished 75.09%.                             
[20:09:03] INFO     Rank: 0 - Epoch:60/80, Batch:4,     progress_callback.py:218
                    loss:0.766721, finished 75.12%.                             
[20:09:12] INFO     Rank: 0 - Epoch:60/80, Batch:5,     progress_callback.py:218
                    loss:0.838523, finished 75.15%.                             
[20:09:36] INFO     Rank: 0 - Epoch:60/80, Batch:6,     progress_callback.py:218
                    loss:0.834402, finished 75.18%.                             
[20:10:05] INFO     Rank: 0 - Epoch:60/80, Batch:7,     progress_callback.py:218
                    loss:0.950937, finished 75.21%.                             
[20:10:17] INFO     Rank: 0 - Epoch:60/80, Batch:8,     progress_callback.py:218
                    loss:1.000298, finished 75.24%.                             
[20:10:31] INFO     Rank: 0 - Epoch:60/80, Batch:9,     progress_callback.py:218
                    loss:0.950605, finished 75.27%.                             
[20:10:47] INFO     Rank: 0 - Epoch:60/80, Batch:10,    progress_callback.py:218
                    loss:0.701627, finished 75.3%.                              
[20:10:58] INFO     Rank: 0 - Contrastive loss is                 callback.py:66
                    0.5051067799329758, nll_loss is                             
                    0.3418474107980728                                          
           INFO     Rank: 0 - Epoch:60/80, Batch:11,    progress_callback.py:218
                    loss:0.830291, finished 75.33%.                             
[20:11:14] INFO     Rank: 0 - Epoch:60/80, Batch:12,    progress_callback.py:218
                    loss:0.788896, finished 75.36%.                             
[20:11:26] INFO     Rank: 0 - Epoch:60/80, Batch:13,    progress_callback.py:218
                    loss:0.991713, finished 75.39%.                             
[20:11:40] INFO     Rank: 0 - Epoch:60/80, Batch:14,    progress_callback.py:218
                    loss:0.883971, finished 75.42%.                             
[20:11:54] INFO     Rank: 0 - Epoch:60/80, Batch:15,    progress_callback.py:218
                    loss:0.857677, finished 75.45%.                             
[20:12:04] INFO     Rank: 0 - Epoch:60/80, Batch:16,    progress_callback.py:218
                    loss:0.718251, finished 75.48%.                             
[20:12:18] INFO     Rank: 0 - Epoch:60/80, Batch:17,    progress_callback.py:218
                    loss:1.014587, finished 75.51%.                             
[20:12:29] INFO     Rank: 0 - Epoch:60/80, Batch:18,    progress_callback.py:218
                    loss:0.680718, finished 75.54%.                             
[20:12:44] INFO     Rank: 0 - Epoch:60/80, Batch:19,    progress_callback.py:218
                    loss:0.802464, finished 75.57%.                             
[20:12:58] INFO     Rank: 0 - Epoch:60/80, Batch:20,    progress_callback.py:218
                    loss:0.900027, finished 75.6%.                              
[20:13:09] INFO     Rank: 0 - Contrastive loss is                 callback.py:66
                    0.5047662854194641, nll_loss is                             
                    0.3552820682525635                                          
[20:13:14] INFO     Rank: 0 - Epoch:60/80, Batch:21,    progress_callback.py:218
                    loss:0.96218, finished 75.62%.                              
[20:13:28] INFO     Rank: 0 - Epoch:60/80, Batch:22,    progress_callback.py:218
                    loss:0.905781, finished 75.65%.                             
[20:13:40] INFO     Rank: 0 - Epoch:60/80, Batch:23,    progress_callback.py:218
                    loss:0.835364, finished 75.68%.                             
[20:13:55] INFO     Rank: 0 - Epoch:60/80, Batch:24,    progress_callback.py:218
                    loss:0.946974, finished 75.71%.                             
[20:14:09] INFO     Rank: 0 - Epoch:60/80, Batch:25,    progress_callback.py:218
                    loss:0.996196, finished 75.74%.                             
[20:14:21] INFO     Rank: 0 - Epoch:60/80, Batch:26,    progress_callback.py:218
                    loss:1.01341, finished 75.77%.                              
[20:14:35] INFO     Rank: 0 - Epoch:60/80, Batch:27,    progress_callback.py:218
                    loss:0.858244, finished 75.8%.                              
[20:14:48] INFO     Rank: 0 - Epoch:60/80, Batch:28,    progress_callback.py:218
                    loss:0.707108, finished 75.83%.                             
[20:15:04] INFO     Rank: 0 - Epoch:60/80, Batch:29,    progress_callback.py:218
                    loss:0.803704, finished 75.86%.                             
[20:15:16] INFO     Rank: 0 - Epoch:60/80, Batch:30,    progress_callback.py:218
                    loss:0.955473, finished 75.89%.                             
[20:15:25] INFO     Rank: 0 - Contrastive loss is                 callback.py:66
                    0.5002622216939926, nll_loss is                             
                    0.3917152374982834                                          
[20:15:32] INFO     Rank: 0 - Epoch:60/80, Batch:31,    progress_callback.py:218
                    loss:0.897519, finished 75.92%.                             
[20:15:44] INFO     Rank: 0 - Epoch:60/80, Batch:32,    progress_callback.py:218
                    loss:0.799642, finished 75.95%.                             
[20:16:04] INFO     Rank: 0 - Epoch:60/80, Batch:33,    progress_callback.py:218
                    loss:0.736062, finished 75.98%.                             
[20:16:16] INFO     Rank: 0 - Epoch:60/80, Batch:34,    progress_callback.py:218
                    loss:0.847298, finished 76.01%.                             
[20:16:31] INFO     Rank: 0 - Epoch:60/80, Batch:35,    progress_callback.py:218
                    loss:0.789348, finished 76.04%.                             
[20:16:42] INFO     Rank: 0 - Epoch:60/80, Batch:36,    progress_callback.py:218
                    loss:0.829167, finished 76.07%.                             
[20:16:52] INFO     Rank: 0 - Epoch:60/80, Batch:37,    progress_callback.py:218
                    loss:0.86676, finished 76.1%.                               
[20:17:08] INFO     Rank: 0 - Epoch:60/80, Batch:38,    progress_callback.py:218
                    loss:1.023309, finished 76.13%.                             
[20:17:19] INFO     Rank: 0 - Epoch:60/80, Batch:39,    progress_callback.py:218
                    loss:0.570899, finished 76.16%.                             
[20:17:38] INFO     Rank: 0 - Epoch:60/80, Batch:40,    progress_callback.py:218
                    loss:0.797248, finished 76.19%.                             
[20:17:39] INFO     Rank: 0 -                                   evaluator.py:317
                    **********Evaluation starts**********                       
[20:17:54] INFO     Rank: 0 - **********Evaluation              evaluator.py:349
                    ends**********                                              
                                                                                
           INFO     Rank: 0 - ----------Eval. results   progress_callback.py:233
                    on Epoch:60, Batch:40----------                             
           INFO     Rank: 0 -                           progress_callback.py:238
                    {"torch_ngram#ngram-overlap":                               
                    0.4506503641605377}                                         
[20:18:09] INFO     Rank: 0 - Contrastive loss is                 callback.py:66
                    0.46465784907341, nll_loss is                               
                    0.34748001098632814                                         
[20:18:13] INFO     Rank: 0 - Epoch:60/80, Batch:41,    progress_callback.py:218
                    loss:0.861644, finished 76.22%.                             
[20:18:17] INFO     Rank: 0 - Epoch:60/80, Batch:42,    progress_callback.py:218
                    loss:2.051081, finished 76.25%.                             
           INFO     Rank: 0 -                           progress_callback.py:204
                    **********Epoch:61 starts**********                         
[20:18:31] INFO     Rank: 0 - Epoch:61/80, Batch:1,     progress_callback.py:218
                    loss:0.849203, finished 76.28%.                             
[20:18:44] INFO     Rank: 0 - Epoch:61/80, Batch:2,     progress_callback.py:218
                    loss:0.780732, finished 76.31%.                             
[20:18:56] INFO     Rank: 0 - Epoch:61/80, Batch:3,     progress_callback.py:218
                    loss:0.925382, finished 76.34%.                             
[20:19:11] INFO     Rank: 0 - Epoch:61/80, Batch:4,     progress_callback.py:218
                    loss:0.892873, finished 76.37%.                             
[20:19:23] INFO     Rank: 0 - Epoch:61/80, Batch:5,     progress_callback.py:218
                    loss:0.76359, finished 76.4%.                               
[20:19:34] INFO     Rank: 0 - Epoch:61/80, Batch:6,     progress_callback.py:218
                    loss:0.739563, finished 76.43%.                             
[20:19:47] INFO     Rank: 0 - Epoch:61/80, Batch:7,     progress_callback.py:218
                    loss:1.073415, finished 76.46%.                             
[20:19:59] INFO     Rank: 0 - Epoch:61/80, Batch:8,     progress_callback.py:218
                    loss:0.89348, finished 76.49%.                              
[20:20:13] INFO     Rank: 0 - Contrastive loss is                 callback.py:66
                    0.6291809529066086, nll_loss is                             
                    0.3419032901525497                                          
           INFO     Rank: 0 - Epoch:61/80, Batch:9,     progress_callback.py:218
                    loss:0.741524, finished 76.52%.                             
[20:20:26] INFO     Rank: 0 - Epoch:61/80, Batch:10,    progress_callback.py:218
                    loss:1.113642, finished 76.55%.                             
[20:20:39] INFO     Rank: 0 - Epoch:61/80, Batch:11,    progress_callback.py:218
                    loss:0.759551, finished 76.58%.                             
[20:20:50] INFO     Rank: 0 - Epoch:61/80, Batch:12,    progress_callback.py:218
                    loss:0.84837, finished 76.61%.                              
[20:21:05] INFO     Rank: 0 - Epoch:61/80, Batch:13,    progress_callback.py:218
                    loss:1.018758, finished 76.64%.                             
[20:21:23] INFO     Rank: 0 - Epoch:61/80, Batch:14,    progress_callback.py:218
                    loss:0.73624, finished 76.67%.                              
[20:21:34] INFO     Rank: 0 - Epoch:61/80, Batch:15,    progress_callback.py:218
                    loss:0.90279, finished 76.7%.                               
[20:21:47] INFO     Rank: 0 - Epoch:61/80, Batch:16,    progress_callback.py:218
                    loss:0.883173, finished 76.73%.                             
[20:21:58] INFO     Rank: 0 - Epoch:61/80, Batch:17,    progress_callback.py:218
                    loss:0.906001, finished 76.76%.                             
[20:22:11] INFO     Rank: 0 - Epoch:61/80, Batch:18,    progress_callback.py:218
                    loss:0.991277, finished 76.79%.                             
[20:22:23] INFO     Rank: 0 - Contrastive loss is                 callback.py:66
                    0.5243967443704605, nll_loss is                             
                    0.3802108258008957                                          
[20:22:30] INFO     Rank: 0 - Epoch:61/80, Batch:19,    progress_callback.py:218
                    loss:0.886274, finished 76.82%.                             
[20:22:47] INFO     Rank: 0 - Epoch:61/80, Batch:20,    progress_callback.py:218
                    loss:0.728585, finished 76.85%.                             
[20:23:01] INFO     Rank: 0 - Epoch:61/80, Batch:21,    progress_callback.py:218
                    loss:0.853786, finished 76.88%.                             
[20:23:19] INFO     Rank: 0 - Epoch:61/80, Batch:22,    progress_callback.py:218
                    loss:0.895308, finished 76.9%.                              
[20:23:34] INFO     Rank: 0 - Epoch:61/80, Batch:23,    progress_callback.py:218
                    loss:0.757218, finished 76.93%.                             
[20:23:44] INFO     Rank: 0 - Epoch:61/80, Batch:24,    progress_callback.py:218
                    loss:0.939525, finished 76.96%.                             
[20:23:55] INFO     Rank: 0 - Epoch:61/80, Batch:25,    progress_callback.py:218
                    loss:0.97691, finished 76.99%.                              
[20:24:09] INFO     Rank: 0 - Epoch:61/80, Batch:26,    progress_callback.py:218
                    loss:0.781643, finished 77.02%.                             
[20:24:22] INFO     Rank: 0 - Epoch:61/80, Batch:27,    progress_callback.py:218
                    loss:0.895693, finished 77.05%.                             
[20:24:37] INFO     Rank: 0 - Epoch:61/80, Batch:28,    progress_callback.py:218
                    loss:0.815897, finished 77.08%.                             
[20:24:45] INFO     Rank: 0 - Contrastive loss is                 callback.py:66
                    0.5043086677789688, nll_loss is                             
                    0.3407584220170975                                          
[20:24:49] INFO     Rank: 0 - Epoch:61/80, Batch:29,    progress_callback.py:218
                    loss:0.806106, finished 77.11%.                             
[20:25:00] INFO     Rank: 0 - Epoch:61/80, Batch:30,    progress_callback.py:218
                    loss:1.043796, finished 77.14%.                             
[20:25:15] INFO     Rank: 0 - Epoch:61/80, Batch:31,    progress_callback.py:218
                    loss:0.950828, finished 77.17%.                             
[20:25:35] INFO     Rank: 0 - Epoch:61/80, Batch:32,    progress_callback.py:218
                    loss:0.720038, finished 77.2%.                              
[20:25:48] INFO     Rank: 0 - Epoch:61/80, Batch:33,    progress_callback.py:218
                    loss:0.749016, finished 77.23%.                             
[20:26:05] INFO     Rank: 0 - Epoch:61/80, Batch:34,    progress_callback.py:218
                    loss:0.882241, finished 77.26%.                             
[20:26:25] INFO     Rank: 0 - Epoch:61/80, Batch:35,    progress_callback.py:218
                    loss:0.928395, finished 77.29%.                             
[20:26:43] INFO     Rank: 0 - Epoch:61/80, Batch:36,    progress_callback.py:218
                    loss:0.846373, finished 77.32%.                             
[20:26:54] INFO     Rank: 0 - Epoch:61/80, Batch:37,    progress_callback.py:218
                    loss:0.909886, finished 77.35%.                             
[20:27:06] INFO     Rank: 0 - Epoch:61/80, Batch:38,    progress_callback.py:218
                    loss:0.758966, finished 77.38%.                             
           INFO     Rank: 0 -                                   evaluator.py:317
                    **********Evaluation starts**********                       
[20:27:23] INFO     Rank: 0 - **********Evaluation              evaluator.py:349
                    ends**********                                              
                                                                                
           INFO     Rank: 0 - ----------Eval. results   progress_callback.py:233
                    on Epoch:61, Batch:38----------                             
           INFO     Rank: 0 -                           progress_callback.py:238
                    {"torch_ngram#ngram-overlap":                               
                    0.45030131936073303}                                        
[20:27:35] INFO     Rank: 0 - Contrastive loss is                 callback.py:66
                    0.5182712078094482, nll_loss is                             
                    0.3573997557163239                                          
[20:27:36] INFO     Rank: 0 - Epoch:61/80, Batch:39,    progress_callback.py:218
                    loss:0.967172, finished 77.41%.                             
[20:27:49] INFO     Rank: 0 - Epoch:61/80, Batch:40,    progress_callback.py:218
                    loss:1.092893, finished 77.44%.                             
[20:28:07] INFO     Rank: 0 - Epoch:61/80, Batch:41,    progress_callback.py:218
                    loss:0.770417, finished 77.47%.                             
[20:28:12] INFO     Rank: 0 - Epoch:61/80, Batch:42,    progress_callback.py:218
                    loss:1.341492, finished 77.5%.                              
           INFO     Rank: 0 -                           progress_callback.py:204
                    **********Epoch:62 starts**********                         
[20:28:30] INFO     Rank: 0 - Epoch:62/80, Batch:1,     progress_callback.py:218
                    loss:0.687458, finished 77.53%.                             
[20:28:46] INFO     Rank: 0 - Epoch:62/80, Batch:2,     progress_callback.py:218
                    loss:0.906977, finished 77.56%.                             
[20:28:57] INFO     Rank: 0 - Epoch:62/80, Batch:3,     progress_callback.py:218
                    loss:0.843996, finished 77.59%.                             
[20:29:11] INFO     Rank: 0 - Epoch:62/80, Batch:4,     progress_callback.py:218
                    loss:0.747425, finished 77.62%.                             
[20:29:21] INFO     Rank: 0 - Epoch:62/80, Batch:5,     progress_callback.py:218
                    loss:0.963251, finished 77.65%.                             
[20:29:33] INFO     Rank: 0 - Epoch:62/80, Batch:6,     progress_callback.py:218
                    loss:0.791189, finished 77.68%.                             
[20:29:45] INFO     Rank: 0 - Contrastive loss is                 callback.py:66
                    0.5319180399179458, nll_loss is                             
                    0.3703317016363144                                          
[20:29:47] INFO     Rank: 0 - Epoch:62/80, Batch:7,     progress_callback.py:218
                    loss:0.8774, finished 77.71%.                               
[20:30:01] INFO     Rank: 0 - Epoch:62/80, Batch:8,     progress_callback.py:218
                    loss:0.87254, finished 77.74%.                              
[20:30:11] INFO     Rank: 0 - Epoch:62/80, Batch:9,     progress_callback.py:218
                    loss:0.852911, finished 77.77%.                             
[20:30:22] INFO     Rank: 0 - Epoch:62/80, Batch:10,    progress_callback.py:218
                    loss:0.992882, finished 77.8%.                              
[20:30:32] INFO     Rank: 0 - Epoch:62/80, Batch:11,    progress_callback.py:218
                    loss:1.035064, finished 77.83%.                             
[20:30:48] INFO     Rank: 0 - Epoch:62/80, Batch:12,    progress_callback.py:218
                    loss:0.738742, finished 77.86%.                             
[20:30:59] INFO     Rank: 0 - Epoch:62/80, Batch:13,    progress_callback.py:218
                    loss:0.887691, finished 77.89%.                             
[20:31:13] INFO     Rank: 0 - Epoch:62/80, Batch:14,    progress_callback.py:218
                    loss:0.915137, finished 77.92%.                             
[20:31:24] INFO     Rank: 0 - Epoch:62/80, Batch:15,    progress_callback.py:218
                    loss:0.881932, finished 77.95%.                             
[20:31:41] INFO     Rank: 0 - Epoch:62/80, Batch:16,    progress_callback.py:218
                    loss:0.780935, finished 77.98%.                             
[20:31:56] INFO     Rank: 0 - Contrastive loss is                 callback.py:66
                    0.5384856939315796, nll_loss is                             
                    0.3480011820793152                                          
[20:31:57] INFO     Rank: 0 - Epoch:62/80, Batch:17,    progress_callback.py:218
                    loss:0.907035, finished 78.01%.                             
[20:32:10] INFO     Rank: 0 - Epoch:62/80, Batch:18,    progress_callback.py:218
                    loss:0.949113, finished 78.04%.                             
[20:32:22] INFO     Rank: 0 - Epoch:62/80, Batch:19,    progress_callback.py:218
                    loss:0.845569, finished 78.07%.                             
[20:32:37] INFO     Rank: 0 - Epoch:62/80, Batch:20,    progress_callback.py:218
                    loss:0.955782, finished 78.1%.                              
[20:33:02] INFO     Rank: 0 - Epoch:62/80, Batch:21,    progress_callback.py:218
                    loss:0.922051, finished 78.12%.                             
[20:33:12] INFO     Rank: 0 - Epoch:62/80, Batch:22,    progress_callback.py:218
                    loss:0.678319, finished 78.15%.                             
[20:33:27] INFO     Rank: 0 - Epoch:62/80, Batch:23,    progress_callback.py:218
                    loss:0.677594, finished 78.18%.                             
[20:33:39] INFO     Rank: 0 - Epoch:62/80, Batch:24,    progress_callback.py:218
                    loss:0.716773, finished 78.21%.                             
[20:33:53] INFO     Rank: 0 - Epoch:62/80, Batch:25,    progress_callback.py:218
                    loss:0.801906, finished 78.24%.                             
[20:34:15] INFO     Rank: 0 - Epoch:62/80, Batch:26,    progress_callback.py:218
                    loss:0.985905, finished 78.27%.                             
[20:34:24] INFO     Rank: 0 - Contrastive loss is                 callback.py:66
                    0.5051032602787018, nll_loss is                             
                    0.34774733185768125                                         
[20:34:30] INFO     Rank: 0 - Epoch:62/80, Batch:27,    progress_callback.py:218
                    loss:0.995494, finished 78.3%.                              
[20:34:41] INFO     Rank: 0 - Epoch:62/80, Batch:28,    progress_callback.py:218
                    loss:0.993332, finished 78.33%.                             
[20:34:56] INFO     Rank: 0 - Epoch:62/80, Batch:29,    progress_callback.py:218
                    loss:0.929721, finished 78.36%.                             
[20:35:12] INFO     Rank: 0 - Epoch:62/80, Batch:30,    progress_callback.py:218
                    loss:0.846759, finished 78.39%.                             
[20:35:24] INFO     Rank: 0 - Epoch:62/80, Batch:31,    progress_callback.py:218
                    loss:1.0543, finished 78.42%.                               
[20:35:35] INFO     Rank: 0 - Epoch:62/80, Batch:32,    progress_callback.py:218
                    loss:0.77108, finished 78.45%.                              
[20:35:48] INFO     Rank: 0 - Epoch:62/80, Batch:33,    progress_callback.py:218
                    loss:0.82878, finished 78.48%.                              
[20:36:02] INFO     Rank: 0 - Epoch:62/80, Batch:34,    progress_callback.py:218
                    loss:0.769281, finished 78.51%.                             
[20:36:13] INFO     Rank: 0 - Epoch:62/80, Batch:35,    progress_callback.py:218
                    loss:0.864972, finished 78.54%.                             
[20:36:28] INFO     Rank: 0 - Epoch:62/80, Batch:36,    progress_callback.py:218
                    loss:0.632392, finished 78.57%.                             
           INFO     Rank: 0 -                                   evaluator.py:317
                    **********Evaluation starts**********                       
[20:36:42] INFO     Rank: 0 - **********Evaluation              evaluator.py:349
                    ends**********                                              
                                                                                
           INFO     Rank: 0 - ----------Eval. results   progress_callback.py:233
                    on Epoch:62, Batch:36----------                             
           INFO     Rank: 0 -                           progress_callback.py:238
                    {"torch_ngram#ngram-overlap":                               
                    0.44944965839385986}                                        
[20:36:53] INFO     Rank: 0 - Contrastive loss is                 callback.py:66
                    0.5090082317590714, nll_loss is                             
                    0.34748237431049345                                         
[20:36:55] INFO     Rank: 0 - Epoch:62/80, Batch:37,    progress_callback.py:218
                    loss:0.87429, finished 78.6%.                               
[20:37:13] INFO     Rank: 0 - Epoch:62/80, Batch:38,    progress_callback.py:218
                    loss:0.771113, finished 78.63%.                             
[20:37:25] INFO     Rank: 0 - Epoch:62/80, Batch:39,    progress_callback.py:218
                    loss:1.031291, finished 78.66%.                             
[20:37:36] INFO     Rank: 0 - Epoch:62/80, Batch:40,    progress_callback.py:218
                    loss:0.868505, finished 78.69%.                             
[20:37:45] INFO     Rank: 0 - Epoch:62/80, Batch:41,    progress_callback.py:218
                    loss:0.910242, finished 78.72%.                             
[20:37:49] INFO     Rank: 0 - Epoch:62/80, Batch:42,    progress_callback.py:218
                    loss:1.326761, finished 78.75%.                             
           INFO     Rank: 0 -                           progress_callback.py:204
                    **********Epoch:63 starts**********                         
[20:38:05] INFO     Rank: 0 - Epoch:63/80, Batch:1,     progress_callback.py:218
                    loss:0.72301, finished 78.78%.                              
[20:38:28] INFO     Rank: 0 - Epoch:63/80, Batch:2,     progress_callback.py:218
                    loss:0.714807, finished 78.81%.                             
[20:38:39] INFO     Rank: 0 - Epoch:63/80, Batch:3,     progress_callback.py:218
                    loss:0.930775, finished 78.84%.                             
[20:38:56] INFO     Rank: 0 - Epoch:63/80, Batch:4,     progress_callback.py:218
                    loss:0.830688, finished 78.87%.                             
[20:39:04] INFO     Rank: 0 - Contrastive loss is                 callback.py:66
                    0.5665187001228332, nll_loss is                             
                    0.3400081217288971                                          
[20:39:05] INFO     Rank: 0 - Epoch:63/80, Batch:5,     progress_callback.py:218
                    loss:0.958077, finished 78.9%.                              
[20:39:22] INFO     Rank: 0 - Epoch:63/80, Batch:6,     progress_callback.py:218
                    loss:0.946414, finished 78.93%.                             
[20:39:33] INFO     Rank: 0 - Epoch:63/80, Batch:7,     progress_callback.py:218
                    loss:0.777202, finished 78.96%.                             
[20:39:46] INFO     Rank: 0 - Epoch:63/80, Batch:8,     progress_callback.py:218
                    loss:0.865763, finished 78.99%.                             
[20:40:04] INFO     Rank: 0 - Epoch:63/80, Batch:9,     progress_callback.py:218
                    loss:0.813797, finished 79.02%.                             
[20:40:18] INFO     Rank: 0 - Epoch:63/80, Batch:10,    progress_callback.py:218
                    loss:0.93823, finished 79.05%.                              
[20:40:30] INFO     Rank: 0 - Epoch:63/80, Batch:11,    progress_callback.py:218
                    loss:0.958216, finished 79.08%.                             
[20:40:44] INFO     Rank: 0 - Epoch:63/80, Batch:12,    progress_callback.py:218
                    loss:0.64839, finished 79.11%.                              
[20:41:01] INFO     Rank: 0 - Epoch:63/80, Batch:13,    progress_callback.py:218
                    loss:0.912261, finished 79.14%.                             
[20:41:20] INFO     Rank: 0 - Epoch:63/80, Batch:14,    progress_callback.py:218
                    loss:0.85084, finished 79.17%.                              
[20:41:30] INFO     Rank: 0 - Contrastive loss is                 callback.py:66
                    0.5025894254446029, nll_loss is                             
                    0.3413202971220016                                          
[20:41:31] INFO     Rank: 0 - Epoch:63/80, Batch:15,    progress_callback.py:218
                    loss:0.727985, finished 79.2%.                              
[20:41:44] INFO     Rank: 0 - Epoch:63/80, Batch:16,    progress_callback.py:218
                    loss:0.771153, finished 79.23%.                             
[20:41:56] INFO     Rank: 0 - Epoch:63/80, Batch:17,    progress_callback.py:218
                    loss:0.930017, finished 79.26%.                             
[20:42:08] INFO     Rank: 0 - Epoch:63/80, Batch:18,    progress_callback.py:218
                    loss:0.817286, finished 79.29%.                             
[20:42:24] INFO     Rank: 0 - Epoch:63/80, Batch:19,    progress_callback.py:218
                    loss:0.74852, finished 79.32%.                              
[20:42:36] INFO     Rank: 0 - Epoch:63/80, Batch:20,    progress_callback.py:218
                    loss:0.763652, finished 79.35%.                             
[20:42:49] INFO     Rank: 0 - Epoch:63/80, Batch:21,    progress_callback.py:218
                    loss:0.913932, finished 79.38%.                             
[20:43:02] INFO     Rank: 0 - Epoch:63/80, Batch:22,    progress_callback.py:218
                    loss:0.981233, finished 79.4%.                              
[20:43:15] INFO     Rank: 0 - Epoch:63/80, Batch:23,    progress_callback.py:218
                    loss:0.827995, finished 79.43%.                             
[20:43:30] INFO     Rank: 0 - Epoch:63/80, Batch:24,    progress_callback.py:218
                    loss:0.933654, finished 79.46%.                             
[20:43:41] INFO     Rank: 0 - Contrastive loss is                 callback.py:66
                    0.4953092038631439, nll_loss is                             
                    0.3354212880134583                                          
[20:43:43] INFO     Rank: 0 - Epoch:63/80, Batch:25,    progress_callback.py:218
                    loss:0.619862, finished 79.49%.                             
[20:43:55] INFO     Rank: 0 - Epoch:63/80, Batch:26,    progress_callback.py:218
                    loss:0.903469, finished 79.52%.                             
[20:44:11] INFO     Rank: 0 - Epoch:63/80, Batch:27,    progress_callback.py:218
                    loss:0.913259, finished 79.55%.                             
[20:44:22] INFO     Rank: 0 - Epoch:63/80, Batch:28,    progress_callback.py:218
                    loss:0.748092, finished 79.58%.                             
[20:44:38] INFO     Rank: 0 - Epoch:63/80, Batch:29,    progress_callback.py:218
                    loss:1.030416, finished 79.61%.                             
[20:44:49] INFO     Rank: 0 - Epoch:63/80, Batch:30,    progress_callback.py:218
                    loss:0.849894, finished 79.64%.                             
[20:45:11] INFO     Rank: 0 - Epoch:63/80, Batch:31,    progress_callback.py:218
                    loss:0.967963, finished 79.67%.                             
[20:45:21] INFO     Rank: 0 - Epoch:63/80, Batch:32,    progress_callback.py:218
                    loss:0.900923, finished 79.7%.                              
[20:45:38] INFO     Rank: 0 - Epoch:63/80, Batch:33,    progress_callback.py:218
                    loss:0.881192, finished 79.73%.                             
[20:45:52] INFO     Rank: 0 - Epoch:63/80, Batch:34,    progress_callback.py:218
                    loss:0.878184, finished 79.76%.                             
           INFO     Rank: 0 -                                   evaluator.py:317
                    **********Evaluation starts**********                       
[20:46:08] INFO     Rank: 0 - **********Evaluation              evaluator.py:349
                    ends**********                                              
                                                                                
           INFO     Rank: 0 - ----------Eval. results   progress_callback.py:233
                    on Epoch:63, Batch:34----------                             
           INFO     Rank: 0 -                           progress_callback.py:238
                    {"torch_ngram#ngram-overlap":                               
                    0.4511262774467468}                                         
[20:46:17] INFO     Rank: 0 - Contrastive loss is                 callback.py:66
                    0.5262640595436097, nll_loss is                             
                    0.3630385994911194                                          
[20:46:19] INFO     Rank: 0 - Epoch:63/80, Batch:35,    progress_callback.py:218
                    loss:0.819635, finished 79.79%.                             
[20:46:31] INFO     Rank: 0 - Epoch:63/80, Batch:36,    progress_callback.py:218
                    loss:0.673825, finished 79.82%.                             
[20:46:50] INFO     Rank: 0 - Epoch:63/80, Batch:37,    progress_callback.py:218
                    loss:0.707914, finished 79.85%.                             
[20:47:00] INFO     Rank: 0 - Epoch:63/80, Batch:38,    progress_callback.py:218
                    loss:0.786503, finished 79.88%.                             
[20:47:18] INFO     Rank: 0 - Epoch:63/80, Batch:39,    progress_callback.py:218
                    loss:0.928914, finished 79.91%.                             
[20:47:30] INFO     Rank: 0 - Epoch:63/80, Batch:40,    progress_callback.py:218
                    loss:0.661544, finished 79.94%.                             
[20:47:48] INFO     Rank: 0 - Epoch:63/80, Batch:41,    progress_callback.py:218
                    loss:0.925862, finished 79.97%.                             
[20:47:51] INFO     Rank: 0 - Epoch:63/80, Batch:42,    progress_callback.py:218
                    loss:1.51586, finished 80.0%.                               
           INFO     Rank: 0 -                           progress_callback.py:204
                    **********Epoch:64 starts**********                         
[20:48:04] INFO     Rank: 0 - Epoch:64/80, Batch:1,     progress_callback.py:218
                    loss:0.696921, finished 80.03%.                             
[20:48:14] INFO     Rank: 0 - Epoch:64/80, Batch:2,     progress_callback.py:218
                    loss:0.982301, finished 80.06%.                             
[20:48:23] INFO     Rank: 0 - Contrastive loss is                 callback.py:66
                    0.5239322751760482, nll_loss is                             
                    0.34531485140323637                                         
[20:48:25] INFO     Rank: 0 - Epoch:64/80, Batch:3,     progress_callback.py:218
                    loss:0.812828, finished 80.09%.                             
[20:48:37] INFO     Rank: 0 - Epoch:64/80, Batch:4,     progress_callback.py:218
                    loss:1.040829, finished 80.12%.                             
[20:48:50] INFO     Rank: 0 - Epoch:64/80, Batch:5,     progress_callback.py:218
                    loss:0.926283, finished 80.15%.                             
[20:49:03] INFO     Rank: 0 - Epoch:64/80, Batch:6,     progress_callback.py:218
                    loss:0.966397, finished 80.18%.                             
[20:49:22] INFO     Rank: 0 - Epoch:64/80, Batch:7,     progress_callback.py:218
                    loss:0.848211, finished 80.21%.                             
[20:49:41] INFO     Rank: 0 - Epoch:64/80, Batch:8,     progress_callback.py:218
                    loss:0.983777, finished 80.24%.                             
[20:49:55] INFO     Rank: 0 - Epoch:64/80, Batch:9,     progress_callback.py:218
                    loss:0.658628, finished 80.27%.                             
[20:50:06] INFO     Rank: 0 - Epoch:64/80, Batch:10,    progress_callback.py:218
                    loss:0.906126, finished 80.3%.                              
[20:50:15] INFO     Rank: 0 - Epoch:64/80, Batch:11,    progress_callback.py:218
                    loss:0.7388, finished 80.33%.                               
[20:50:27] INFO     Rank: 0 - Epoch:64/80, Batch:12,    progress_callback.py:218
                    loss:0.819537, finished 80.36%.                             
[20:50:38] INFO     Rank: 0 - Contrastive loss is                 callback.py:66
                    0.5129219740629196, nll_loss is                             
                    0.36597769558429716                                         
           INFO     Rank: 0 - Epoch:64/80, Batch:13,    progress_callback.py:218
                    loss:0.900409, finished 80.39%.                             
[20:50:55] INFO     Rank: 0 - Epoch:64/80, Batch:14,    progress_callback.py:218
                    loss:0.967728, finished 80.42%.                             
[20:51:07] INFO     Rank: 0 - Epoch:64/80, Batch:15,    progress_callback.py:218
                    loss:0.97035, finished 80.45%.                              
[20:51:25] INFO     Rank: 0 - Epoch:64/80, Batch:16,    progress_callback.py:218
                    loss:0.983556, finished 80.48%.                             
[20:51:42] INFO     Rank: 0 - Epoch:64/80, Batch:17,    progress_callback.py:218
                    loss:0.576726, finished 80.51%.                             
[20:51:58] INFO     Rank: 0 - Epoch:64/80, Batch:18,    progress_callback.py:218
                    loss:0.87592, finished 80.54%.                              
[20:52:11] INFO     Rank: 0 - Epoch:64/80, Batch:19,    progress_callback.py:218
                    loss:0.63476, finished 80.57%.                              
[20:52:25] INFO     Rank: 0 - Epoch:64/80, Batch:20,    progress_callback.py:218
                    loss:0.994522, finished 80.6%.                              
[20:52:38] INFO     Rank: 0 - Epoch:64/80, Batch:21,    progress_callback.py:218
                    loss:0.639101, finished 80.62%.                             
[20:52:57] INFO     Rank: 0 - Epoch:64/80, Batch:22,    progress_callback.py:218
                    loss:0.884184, finished 80.65%.                             
[20:53:09] INFO     Rank: 0 - Contrastive loss is                 callback.py:66
                    0.5075057715177536, nll_loss is                             
                    0.33535619676113126                                         
           INFO     Rank: 0 - Epoch:64/80, Batch:23,    progress_callback.py:218
                    loss:0.901772, finished 80.68%.                             
[20:53:24] INFO     Rank: 0 - Epoch:64/80, Batch:24,    progress_callback.py:218
                    loss:0.923225, finished 80.71%.                             
[20:53:36] INFO     Rank: 0 - Epoch:64/80, Batch:25,    progress_callback.py:218
                    loss:0.787286, finished 80.74%.                             
[20:53:50] INFO     Rank: 0 - Epoch:64/80, Batch:26,    progress_callback.py:218
                    loss:0.762304, finished 80.77%.                             
[20:54:06] INFO     Rank: 0 - Epoch:64/80, Batch:27,    progress_callback.py:218
                    loss:0.814529, finished 80.8%.                              
[20:54:21] INFO     Rank: 0 - Epoch:64/80, Batch:28,    progress_callback.py:218
                    loss:0.926045, finished 80.83%.                             
[20:54:36] INFO     Rank: 0 - Epoch:64/80, Batch:29,    progress_callback.py:218
                    loss:0.769307, finished 80.86%.                             
[20:54:45] INFO     Rank: 0 - Epoch:64/80, Batch:30,    progress_callback.py:218
                    loss:0.728171, finished 80.89%.                             
[20:54:55] INFO     Rank: 0 - Epoch:64/80, Batch:31,    progress_callback.py:218
                    loss:0.887427, finished 80.92%.                             
[20:55:14] INFO     Rank: 0 - Epoch:64/80, Batch:32,    progress_callback.py:218
                    loss:0.903965, finished 80.95%.                             
           INFO     Rank: 0 -                                   evaluator.py:317
                    **********Evaluation starts**********                       
[20:55:28] INFO     Rank: 0 - **********Evaluation              evaluator.py:349
                    ends**********                                              
                                                                                
           INFO     Rank: 0 - ----------Eval. results   progress_callback.py:233
                    on Epoch:64, Batch:32----------                             
           INFO     Rank: 0 -                           progress_callback.py:238
                    {"torch_ngram#ngram-overlap":                               
                    0.4515533745288849}                                         
[20:55:39] INFO     Rank: 0 - Contrastive loss is                 callback.py:66
                    0.5173536956310272, nll_loss is                             
                    0.3201599955558777                                          
           INFO     Rank: 0 - Epoch:64/80, Batch:33,    progress_callback.py:218
                    loss:0.872877, finished 80.98%.                             
[20:55:52] INFO     Rank: 0 - Epoch:64/80, Batch:34,    progress_callback.py:218
                    loss:0.776353, finished 81.01%.                             
[20:56:08] INFO     Rank: 0 - Epoch:64/80, Batch:35,    progress_callback.py:218
                    loss:0.730489, finished 81.04%.                             
[20:56:20] INFO     Rank: 0 - Epoch:64/80, Batch:36,    progress_callback.py:218
                    loss:0.776994, finished 81.07%.                             
[20:56:32] INFO     Rank: 0 - Epoch:64/80, Batch:37,    progress_callback.py:218
                    loss:0.8355, finished 81.1%.                                
[20:56:43] INFO     Rank: 0 - Epoch:64/80, Batch:38,    progress_callback.py:218
                    loss:0.680339, finished 81.13%.                             
[20:57:01] INFO     Rank: 0 - Epoch:64/80, Batch:39,    progress_callback.py:218
                    loss:0.727271, finished 81.16%.                             
[20:57:16] INFO     Rank: 0 - Epoch:64/80, Batch:40,    progress_callback.py:218
                    loss:0.990791, finished 81.19%.                             
[20:57:29] INFO     Rank: 0 - Epoch:64/80, Batch:41,    progress_callback.py:218
                    loss:0.874323, finished 81.22%.                             
[20:57:33] INFO     Rank: 0 - Epoch:64/80, Batch:42,    progress_callback.py:218
                    loss:1.408784, finished 81.25%.                             
           INFO     Rank: 0 -                           progress_callback.py:204
                    **********Epoch:65 starts**********                         
[20:57:45] INFO     Rank: 0 - Contrastive loss is                 callback.py:66
                    0.5440370589494705, nll_loss is                             
                    0.3268153041601181                                          
           INFO     Rank: 0 - Epoch:65/80, Batch:1,     progress_callback.py:218
                    loss:0.907681, finished 81.28%.                             
[20:58:00] INFO     Rank: 0 - Epoch:65/80, Batch:2,     progress_callback.py:218
                    loss:1.181426, finished 81.31%.                             
[20:58:19] INFO     Rank: 0 - Epoch:65/80, Batch:3,     progress_callback.py:218
                    loss:0.778514, finished 81.34%.                             
[20:58:32] INFO     Rank: 0 - Epoch:65/80, Batch:4,     progress_callback.py:218
                    loss:0.87326, finished 81.37%.                              
[20:58:48] INFO     Rank: 0 - Epoch:65/80, Batch:5,     progress_callback.py:218
                    loss:1.059129, finished 81.4%.                              
[20:59:01] INFO     Rank: 0 - Epoch:65/80, Batch:6,     progress_callback.py:218
                    loss:1.025692, finished 81.43%.                             
[20:59:18] INFO     Rank: 0 - Epoch:65/80, Batch:7,     progress_callback.py:218
                    loss:0.774128, finished 81.46%.                             
[20:59:33] INFO     Rank: 0 - Epoch:65/80, Batch:8,     progress_callback.py:218
                    loss:0.773024, finished 81.49%.                             
[20:59:45] INFO     Rank: 0 - Epoch:65/80, Batch:9,     progress_callback.py:218
                    loss:0.701194, finished 81.52%.                             
[20:59:56] INFO     Rank: 0 - Epoch:65/80, Batch:10,    progress_callback.py:218
                    loss:0.86419, finished 81.55%.                              
[21:00:07] INFO     Rank: 0 - Contrastive loss is                 callback.py:66
                    0.5339667648077011, nll_loss is                             
                    0.348547151684761                                           
[21:00:08] INFO     Rank: 0 - Epoch:65/80, Batch:11,    progress_callback.py:218
                    loss:0.794583, finished 81.58%.                             
[21:00:27] INFO     Rank: 0 - Epoch:65/80, Batch:12,    progress_callback.py:218
                    loss:0.818988, finished 81.61%.                             
[21:00:41] INFO     Rank: 0 - Epoch:65/80, Batch:13,    progress_callback.py:218
                    loss:0.891072, finished 81.64%.                             
[21:00:56] INFO     Rank: 0 - Epoch:65/80, Batch:14,    progress_callback.py:218
                    loss:0.969853, finished 81.67%.                             
[21:01:08] INFO     Rank: 0 - Epoch:65/80, Batch:15,    progress_callback.py:218
                    loss:0.79579, finished 81.7%.                               
[21:01:26] INFO     Rank: 0 - Epoch:65/80, Batch:16,    progress_callback.py:218
                    loss:0.882097, finished 81.73%.                             
[21:01:37] INFO     Rank: 0 - Epoch:65/80, Batch:17,    progress_callback.py:218
                    loss:0.831915, finished 81.76%.                             
[21:01:51] INFO     Rank: 0 - Epoch:65/80, Batch:18,    progress_callback.py:218
                    loss:0.973789, finished 81.79%.                             
[21:02:09] INFO     Rank: 0 - Epoch:65/80, Batch:19,    progress_callback.py:218
                    loss:0.765397, finished 81.82%.                             
[21:02:23] INFO     Rank: 0 - Epoch:65/80, Batch:20,    progress_callback.py:218
                    loss:0.77686, finished 81.85%.                              
[21:02:34] INFO     Rank: 0 - Contrastive loss is                 callback.py:66
                    0.5079132288694381, nll_loss is                             
                    0.35913534462451935                                         
[21:02:35] INFO     Rank: 0 - Epoch:65/80, Batch:21,    progress_callback.py:218
                    loss:0.964725, finished 81.88%.                             
[21:02:55] INFO     Rank: 0 - Epoch:65/80, Batch:22,    progress_callback.py:218
                    loss:0.911931, finished 81.9%.                              
[21:03:13] INFO     Rank: 0 - Epoch:65/80, Batch:23,    progress_callback.py:218
                    loss:0.781319, finished 81.93%.                             
[21:03:28] INFO     Rank: 0 - Epoch:65/80, Batch:24,    progress_callback.py:218
                    loss:0.871222, finished 81.96%.                             
[21:03:48] INFO     Rank: 0 - Epoch:65/80, Batch:25,    progress_callback.py:218
                    loss:0.852064, finished 81.99%.                             
[21:04:05] INFO     Rank: 0 - Epoch:65/80, Batch:26,    progress_callback.py:218
                    loss:0.8914, finished 82.02%.                               
[21:04:19] INFO     Rank: 0 - Epoch:65/80, Batch:27,    progress_callback.py:218
                    loss:0.861261, finished 82.05%.                             
[21:04:32] INFO     Rank: 0 - Epoch:65/80, Batch:28,    progress_callback.py:218
                    loss:0.859808, finished 82.08%.                             
[21:04:49] INFO     Rank: 0 - Epoch:65/80, Batch:29,    progress_callback.py:218
                    loss:0.706854, finished 82.11%.                             
[21:05:03] INFO     Rank: 0 - Epoch:65/80, Batch:30,    progress_callback.py:218
                    loss:0.744077, finished 82.14%.                             
           INFO     Rank: 0 -                                   evaluator.py:317
                    **********Evaluation starts**********                       
[21:05:19] INFO     Rank: 0 - **********Evaluation              evaluator.py:349
                    ends**********                                              
                                                                                
           INFO     Rank: 0 - ----------Eval. results   progress_callback.py:233
                    on Epoch:65, Batch:30----------                             
           INFO     Rank: 0 -                           progress_callback.py:238
                    {"torch_ngram#ngram-overlap":                               
                    0.44975394010543823}                                        
[21:05:28] INFO     Rank: 0 - Contrastive loss is                 callback.py:66
                    0.48509752452373506, nll_loss is                            
                    0.3473277360200882                                          
[21:05:31] INFO     Rank: 0 - Epoch:65/80, Batch:31,    progress_callback.py:218
                    loss:0.844316, finished 82.17%.                             
[21:05:47] INFO     Rank: 0 - Epoch:65/80, Batch:32,    progress_callback.py:218
                    loss:0.644722, finished 82.2%.                              
[21:06:00] INFO     Rank: 0 - Epoch:65/80, Batch:33,    progress_callback.py:218
                    loss:0.647082, finished 82.23%.                             
[21:06:17] INFO     Rank: 0 - Epoch:65/80, Batch:34,    progress_callback.py:218
                    loss:0.802227, finished 82.26%.                             
[21:06:32] INFO     Rank: 0 - Epoch:65/80, Batch:35,    progress_callback.py:218
                    loss:0.706573, finished 82.29%.                             
[21:06:50] INFO     Rank: 0 - Epoch:65/80, Batch:36,    progress_callback.py:218
                    loss:0.930354, finished 82.32%.                             
[21:07:01] INFO     Rank: 0 - Epoch:65/80, Batch:37,    progress_callback.py:218
                    loss:0.848272, finished 82.35%.                             
[21:07:16] INFO     Rank: 0 - Epoch:65/80, Batch:38,    progress_callback.py:218
                    loss:0.676656, finished 82.38%.                             
[21:07:29] INFO     Rank: 0 - Epoch:65/80, Batch:39,    progress_callback.py:218
                    loss:0.833909, finished 82.41%.                             
[21:07:40] INFO     Rank: 0 - Epoch:65/80, Batch:40,    progress_callback.py:218
                    loss:0.904664, finished 82.44%.                             
[21:07:51] INFO     Rank: 0 - Contrastive loss is                 callback.py:66
                    0.46201109886169434, nll_loss is                            
                    0.31276432871818544                                         
[21:07:55] INFO     Rank: 0 - Epoch:65/80, Batch:41,    progress_callback.py:218
                    loss:0.753297, finished 82.47%.                             
[21:08:00] INFO     Rank: 0 - Epoch:65/80, Batch:42,    progress_callback.py:218
                    loss:0.868202, finished 82.5%.                              
           INFO     Rank: 0 -                           progress_callback.py:204
                    **********Epoch:66 starts**********                         
[21:08:13] INFO     Rank: 0 - Epoch:66/80, Batch:1,     progress_callback.py:218
                    loss:0.796281, finished 82.53%.                             
[21:08:31] INFO     Rank: 0 - Epoch:66/80, Batch:2,     progress_callback.py:218
                    loss:0.803121, finished 82.56%.                             
[21:08:54] INFO     Rank: 0 - Epoch:66/80, Batch:3,     progress_callback.py:218
                    loss:0.805038, finished 82.59%.                             
[21:09:08] INFO     Rank: 0 - Epoch:66/80, Batch:4,     progress_callback.py:218
                    loss:0.807516, finished 82.62%.                             
[21:09:23] INFO     Rank: 0 - Epoch:66/80, Batch:5,     progress_callback.py:218
                    loss:0.693728, finished 82.65%.                             
[21:09:36] INFO     Rank: 0 - Epoch:66/80, Batch:6,     progress_callback.py:218
                    loss:0.878944, finished 82.68%.                             
[21:09:52] INFO     Rank: 0 - Epoch:66/80, Batch:7,     progress_callback.py:218
                    loss:0.733947, finished 82.71%.                             
[21:10:08] INFO     Rank: 0 - Epoch:66/80, Batch:8,     progress_callback.py:218
                    loss:0.755856, finished 82.74%.                             
[21:10:17] INFO     Rank: 0 - Contrastive loss is                 callback.py:66
                    0.4927898466587067, nll_loss is                             
                    0.30479745864868163                                         
           INFO     Rank: 0 - Epoch:66/80, Batch:9,     progress_callback.py:218
                    loss:0.833239, finished 82.77%.                             
[21:10:30] INFO     Rank: 0 - Epoch:66/80, Batch:10,    progress_callback.py:218
                    loss:0.83427, finished 82.8%.                               
[21:10:45] INFO     Rank: 0 - Epoch:66/80, Batch:11,    progress_callback.py:218
                    loss:0.837627, finished 82.83%.                             
[21:11:12] INFO     Rank: 0 - Epoch:66/80, Batch:12,    progress_callback.py:218
                    loss:0.860861, finished 82.86%.                             
[21:11:34] INFO     Rank: 0 - Epoch:66/80, Batch:13,    progress_callback.py:218
                    loss:1.048516, finished 82.89%.                             
[21:11:56] INFO     Rank: 0 - Epoch:66/80, Batch:14,    progress_callback.py:218
                    loss:0.682188, finished 82.92%.                             
[21:12:21] INFO     Rank: 0 - Epoch:66/80, Batch:15,    progress_callback.py:218
                    loss:0.795142, finished 82.95%.                             
[21:12:33] INFO     Rank: 0 - Epoch:66/80, Batch:16,    progress_callback.py:218
                    loss:0.845515, finished 82.98%.                             
[21:12:49] INFO     Rank: 0 - Epoch:66/80, Batch:17,    progress_callback.py:218
                    loss:0.91529, finished 83.01%.                              
[21:13:01] INFO     Rank: 0 - Epoch:66/80, Batch:18,    progress_callback.py:218
                    loss:0.734534, finished 83.04%.                             
[21:13:20] INFO     Rank: 0 - Contrastive loss is                 callback.py:66
                    0.5101499199867249, nll_loss is                             
                    0.3378682196140289                                          
           INFO     Rank: 0 - Epoch:66/80, Batch:19,    progress_callback.py:218
                    loss:0.926237, finished 83.07%.                             
[21:13:32] INFO     Rank: 0 - Epoch:66/80, Batch:20,    progress_callback.py:218
                    loss:0.958791, finished 83.1%.                              
[21:13:50] INFO     Rank: 0 - Epoch:66/80, Batch:21,    progress_callback.py:218
                    loss:0.77812, finished 83.12%.                              
[21:14:01] INFO     Rank: 0 - Epoch:66/80, Batch:22,    progress_callback.py:218
                    loss:0.920105, finished 83.15%.                             
[21:14:20] INFO     Rank: 0 - Epoch:66/80, Batch:23,    progress_callback.py:218
                    loss:0.99878, finished 83.18%.                              
[21:14:41] INFO     Rank: 0 - Epoch:66/80, Batch:24,    progress_callback.py:218
                    loss:0.837942, finished 83.21%.                             
[21:15:21] INFO     Rank: 0 - Epoch:66/80, Batch:25,    progress_callback.py:218
                    loss:0.840409, finished 83.24%.                             
[21:15:40] INFO     Rank: 0 - Epoch:66/80, Batch:26,    progress_callback.py:218
                    loss:0.688574, finished 83.27%.                             
[21:15:53] INFO     Rank: 0 - Epoch:66/80, Batch:27,    progress_callback.py:218
                    loss:1.090036, finished 83.3%.                              
[21:16:15] INFO     Rank: 0 - Epoch:66/80, Batch:28,    progress_callback.py:218
                    loss:0.775176, finished 83.33%.                             
           INFO     Rank: 0 -                                   evaluator.py:317
                    **********Evaluation starts**********                       
[21:16:30] INFO     Rank: 0 - **********Evaluation              evaluator.py:349
                    ends**********                                              
                                                                                
           INFO     Rank: 0 - ----------Eval. results   progress_callback.py:233
                    on Epoch:66, Batch:28----------                             
           INFO     Rank: 0 -                           progress_callback.py:238
                    {"torch_ngram#ngram-overlap":                               
                    0.45009496808052063}                                        
[21:16:41] INFO     Rank: 0 - Contrastive loss is                 callback.py:66
                    0.5093272298574447, nll_loss is                             
                    0.3548085540533066                                          
[21:16:43] INFO     Rank: 0 - Epoch:66/80, Batch:29,    progress_callback.py:218
                    loss:0.753423, finished 83.36%.                             
[21:16:55] INFO     Rank: 0 - Epoch:66/80, Batch:30,    progress_callback.py:218
                    loss:0.80643, finished 83.39%.                              
[21:17:05] INFO     Rank: 0 - Epoch:66/80, Batch:31,    progress_callback.py:218
                    loss:0.974008, finished 83.42%.                             
[21:17:19] INFO     Rank: 0 - Epoch:66/80, Batch:32,    progress_callback.py:218
                    loss:0.807776, finished 83.45%.                             
[21:17:36] INFO     Rank: 0 - Epoch:66/80, Batch:33,    progress_callback.py:218
                    loss:0.72483, finished 83.48%.                              
[21:17:50] INFO     Rank: 0 - Epoch:66/80, Batch:34,    progress_callback.py:218
                    loss:0.861108, finished 83.51%.                             
[21:18:04] INFO     Rank: 0 - Epoch:66/80, Batch:35,    progress_callback.py:218
                    loss:0.859061, finished 83.54%.                             
[21:18:17] INFO     Rank: 0 - Epoch:66/80, Batch:36,    progress_callback.py:218
                    loss:0.767818, finished 83.57%.                             
[21:18:37] INFO     Rank: 0 - Epoch:66/80, Batch:37,    progress_callback.py:218
                    loss:0.851679, finished 83.6%.                              
[21:18:50] INFO     Rank: 0 - Epoch:66/80, Batch:38,    progress_callback.py:218
                    loss:0.963324, finished 83.63%.                             
[21:19:00] INFO     Rank: 0 - Contrastive loss is                 callback.py:66
                    0.5219776391983032, nll_loss is                             
                    0.32824949026107786                                         
[21:19:03] INFO     Rank: 0 - Epoch:66/80, Batch:39,    progress_callback.py:218
                    loss:0.886237, finished 83.66%.                             
[21:19:16] INFO     Rank: 0 - Epoch:66/80, Batch:40,    progress_callback.py:218
                    loss:0.895698, finished 83.69%.                             
[21:19:27] INFO     Rank: 0 - Epoch:66/80, Batch:41,    progress_callback.py:218
                    loss:0.809693, finished 83.72%.                             
[21:19:32] INFO     Rank: 0 - Epoch:66/80, Batch:42,    progress_callback.py:218
                    loss:0.926099, finished 83.75%.                             
           INFO     Rank: 0 -                           progress_callback.py:204
                    **********Epoch:67 starts**********                         
[21:19:45] INFO     Rank: 0 - Epoch:67/80, Batch:1,     progress_callback.py:218
                    loss:0.86281, finished 83.78%.                              
[21:19:55] INFO     Rank: 0 - Epoch:67/80, Batch:2,     progress_callback.py:218
                    loss:0.850376, finished 83.81%.                             
[21:20:12] INFO     Rank: 0 - Epoch:67/80, Batch:3,     progress_callback.py:218
                    loss:0.738458, finished 83.84%.                             
[21:20:23] INFO     Rank: 0 - Epoch:67/80, Batch:4,     progress_callback.py:218
                    loss:0.833042, finished 83.87%.                             
[21:20:39] INFO     Rank: 0 - Epoch:67/80, Batch:5,     progress_callback.py:218
                    loss:0.844199, finished 83.9%.                              
[21:20:51] INFO     Rank: 0 - Epoch:67/80, Batch:6,     progress_callback.py:218
                    loss:0.886309, finished 83.93%.                             
[21:20:58] INFO     Rank: 0 - Contrastive loss is                 callback.py:66
                    0.5236449927091599, nll_loss is                             
                    0.33310956656932833                                         
[21:21:04] INFO     Rank: 0 - Epoch:67/80, Batch:7,     progress_callback.py:218
                    loss:0.920863, finished 83.96%.                             
[21:21:17] INFO     Rank: 0 - Epoch:67/80, Batch:8,     progress_callback.py:218
                    loss:0.784966, finished 83.99%.                             
[21:21:30] INFO     Rank: 0 - Epoch:67/80, Batch:9,     progress_callback.py:218
                    loss:0.855514, finished 84.02%.                             
[21:21:45] INFO     Rank: 0 - Epoch:67/80, Batch:10,    progress_callback.py:218
                    loss:0.752746, finished 84.05%.                             
[21:21:57] INFO     Rank: 0 - Epoch:67/80, Batch:11,    progress_callback.py:218
                    loss:0.831437, finished 84.08%.                             
[21:22:16] INFO     Rank: 0 - Epoch:67/80, Batch:12,    progress_callback.py:218
                    loss:0.810219, finished 84.11%.                             
[21:22:33] INFO     Rank: 0 - Epoch:67/80, Batch:13,    progress_callback.py:218
                    loss:0.586227, finished 84.14%.                             
[21:22:52] INFO     Rank: 0 - Epoch:67/80, Batch:14,    progress_callback.py:218
                    loss:0.639129, finished 84.17%.                             
[21:23:13] INFO     Rank: 0 - Epoch:67/80, Batch:15,    progress_callback.py:218
                    loss:0.802043, finished 84.2%.                              
[21:23:39] INFO     Rank: 0 - Epoch:67/80, Batch:16,    progress_callback.py:218
                    loss:0.994541, finished 84.23%.                             
[21:24:04] INFO     Rank: 0 - Contrastive loss is                 callback.py:66
                    0.4712215155363083, nll_loss is                             
                    0.315202072262764                                           
[21:24:05] INFO     Rank: 0 - Epoch:67/80, Batch:17,    progress_callback.py:218
                    loss:0.807413, finished 84.26%.                             
[21:24:25] INFO     Rank: 0 - Epoch:67/80, Batch:18,    progress_callback.py:218
                    loss:0.910356, finished 84.29%.                             
[21:24:39] INFO     Rank: 0 - Epoch:67/80, Batch:19,    progress_callback.py:218
                    loss:0.822835, finished 84.32%.                             
[21:24:55] INFO     Rank: 0 - Epoch:67/80, Batch:20,    progress_callback.py:218
                    loss:0.840865, finished 84.35%.                             
[21:25:13] INFO     Rank: 0 - Epoch:67/80, Batch:21,    progress_callback.py:218
                    loss:0.875726, finished 84.38%.                             
[21:25:29] INFO     Rank: 0 - Epoch:67/80, Batch:22,    progress_callback.py:218
                    loss:0.914217, finished 84.4%.                              
[21:25:43] INFO     Rank: 0 - Epoch:67/80, Batch:23,    progress_callback.py:218
                    loss:0.722118, finished 84.43%.                             
[21:26:00] INFO     Rank: 0 - Epoch:67/80, Batch:24,    progress_callback.py:218
                    loss:0.80861, finished 84.46%.                              
[21:26:15] INFO     Rank: 0 - Epoch:67/80, Batch:25,    progress_callback.py:218
                    loss:0.74481, finished 84.49%.                              
[21:26:30] INFO     Rank: 0 - Epoch:67/80, Batch:26,    progress_callback.py:218
                    loss:0.934877, finished 84.52%.                             
           INFO     Rank: 0 -                                   evaluator.py:317
                    **********Evaluation starts**********                       
[21:26:47] INFO     Rank: 0 - **********Evaluation              evaluator.py:349
                    ends**********                                              
                                                                                
           INFO     Rank: 0 - ----------Eval. results   progress_callback.py:233
                    on Epoch:67, Batch:26----------                             
           INFO     Rank: 0 -                           progress_callback.py:238
                    {"torch_ngram#ngram-overlap":                               
                    0.4488181173801422}                                         
[21:26:58] INFO     Rank: 0 - Contrastive loss is                 callback.py:66
                    0.5078573018312454, nll_loss is                             
                    0.34802931249141694                                         
           INFO     Rank: 0 - Epoch:67/80, Batch:27,    progress_callback.py:218
                    loss:0.984452, finished 84.55%.                             
[21:27:16] INFO     Rank: 0 - Epoch:67/80, Batch:28,    progress_callback.py:218
                    loss:0.780239, finished 84.58%.                             
[21:27:28] INFO     Rank: 0 - Epoch:67/80, Batch:29,    progress_callback.py:218
                    loss:0.789151, finished 84.61%.                             
[21:27:40] INFO     Rank: 0 - Epoch:67/80, Batch:30,    progress_callback.py:218
                    loss:0.705257, finished 84.64%.                             
[21:27:56] INFO     Rank: 0 - Epoch:67/80, Batch:31,    progress_callback.py:218
                    loss:0.907714, finished 84.67%.                             
[21:28:12] INFO     Rank: 0 - Epoch:67/80, Batch:32,    progress_callback.py:218
                    loss:0.772574, finished 84.7%.                              
[21:28:24] INFO     Rank: 0 - Epoch:67/80, Batch:33,    progress_callback.py:218
                    loss:0.839979, finished 84.73%.                             
[21:28:37] INFO     Rank: 0 - Epoch:67/80, Batch:34,    progress_callback.py:218
                    loss:0.731638, finished 84.76%.                             
[21:28:50] INFO     Rank: 0 - Epoch:67/80, Batch:35,    progress_callback.py:218
                    loss:0.834948, finished 84.79%.                             
[21:29:03] INFO     Rank: 0 - Epoch:67/80, Batch:36,    progress_callback.py:218
                    loss:0.881396, finished 84.82%.                             
[21:29:18] INFO     Rank: 0 - Contrastive loss is                 callback.py:66
                    0.486506050825119, nll_loss is                              
                    0.32392614483833315                                         
[21:29:22] INFO     Rank: 0 - Epoch:67/80, Batch:37,    progress_callback.py:218
                    loss:0.861426, finished 84.85%.                             
[21:29:32] INFO     Rank: 0 - Epoch:67/80, Batch:38,    progress_callback.py:218
                    loss:0.965704, finished 84.88%.                             
[21:29:42] INFO     Rank: 0 - Epoch:67/80, Batch:39,    progress_callback.py:218
                    loss:0.887107, finished 84.91%.                             
[21:29:54] INFO     Rank: 0 - Epoch:67/80, Batch:40,    progress_callback.py:218
                    loss:0.758445, finished 84.94%.                             
/home/bingxing2/gpuuser356/.conda/envs/CoNT_py37/lib/python3.7/site-packages/transformers/models/t5/tokenization_t5_fast.py:166: FutureWarning: This tokenizer was incorrectly instantiated with a model max length of 512 which will be corrected in Transformers v5.
For now, this behavior is kept to avoid breaking backwards compatibility when padding/encoding with `truncation is True`.
- Be aware that you SHOULD NOT rely on t5-small automatically truncating your input to 512 when padding/encoding.
- If you want to encode/pad to sequences longer than 512 you can either instantiate this tokenizer with `model_max_length` or pass `max_length` when encoding/padding.
- To avoid this warning, please instantiate this tokenizer with `model_max_length` set to your preferred value.
  FutureWarning,
/home/bingxing2/gpuuser356/.conda/envs/CoNT_py37/lib/python3.7/site-packages/transformers/generation_beam_search.py:198: UserWarning: Passing `max_length` to BeamSearchScorer is deprecated and has no effect. `max_length` should be passed directly to `beam_search(...)`, `beam_sample(...)`, or `group_beam_search(...)`.
  "Passing `max_length` to BeamSearchScorer is deprecated and has no effect. "

Exception info:
{
  "exc_type": "RuntimeError",
  "exc_value": "CUDA out of memory. Tried to allocate 18.00 MiB (GPU 3; 39.41 GiB total capacity; 36.18 GiB already allocated; 14.56 MiB free; 37.80 GiB reserved in total by PyTorch)",
  "exc_time": "2023-03-27-21:30:23",
  "exc_global_rank": 3,
  "exc_local_rank": 3
}
Start to stop these pids:[31653, 32788, 32895, 32969], please wait several seconds.
Traceback (most recent call last):
  File "/home/bingxing2/gpuuser356/CoNT-main/train.py", line 131, in <module>
    train_model(args)
  File "/home/bingxing2/gpuuser356/CoNT-main/train.py", line 72, in train_model
    trainer.run()
  File "/home/bingxing2/gpuuser356/.conda/envs/CoNT_py37/lib/python3.7/site-packages/fastNLP/core/controllers/trainer.py", line 711, in run
    raise e
  File "/home/bingxing2/gpuuser356/.conda/envs/CoNT_py37/lib/python3.7/site-packages/fastNLP/core/controllers/trainer.py", line 687, in run
    self.train_batch_loop.run(self, self.dataloader)
  File "/home/bingxing2/gpuuser356/.conda/envs/CoNT_py37/lib/python3.7/site-packages/fastNLP/core/controllers/loops/train_batch_loop.py", line 64, in run
    raise e
  File "/home/bingxing2/gpuuser356/.conda/envs/CoNT_py37/lib/python3.7/site-packages/fastNLP/core/controllers/loops/train_batch_loop.py", line 55, in run
    self.batch_step_fn(trainer, batch)
  File "/home/bingxing2/gpuuser356/.conda/envs/CoNT_py37/lib/python3.7/site-packages/fastNLP/core/controllers/loops/train_batch_loop.py", line 76, in batch_step_fn
    outputs = trainer.train_step(batch)
  File "/home/bingxing2/gpuuser356/.conda/envs/CoNT_py37/lib/python3.7/site-packages/fastNLP/core/controllers/trainer.py", line 1303, in train_step
    outputs = self.driver.model_call(batch, self._train_step, self._train_step_signature_fn)
  File "/home/bingxing2/gpuuser356/.conda/envs/CoNT_py37/lib/python3.7/site-packages/fastNLP/core/drivers/torch_driver/ddp.py", line 513, in model_call
    wo_auto_param_call=self.wo_auto_param_call)
  File "/home/bingxing2/gpuuser356/.conda/envs/CoNT_py37/lib/python3.7/site-packages/torch/nn/modules/module.py", line 727, in _call_impl
    result = self.forward(*input, **kwargs)
  File "/home/bingxing2/gpuuser356/.conda/envs/CoNT_py37/lib/python3.7/site-packages/torch/nn/parallel/distributed.py", line 619, in forward
    output = self.module(*inputs[0], **kwargs[0])
  File "/home/bingxing2/gpuuser356/.conda/envs/CoNT_py37/lib/python3.7/site-packages/torch/nn/modules/module.py", line 727, in _call_impl
    result = self.forward(*input, **kwargs)
  File "/home/bingxing2/gpuuser356/.conda/envs/CoNT_py37/lib/python3.7/site-packages/fastNLP/core/drivers/torch_driver/utils.py", line 106, in forward
    return auto_param_call(fn, batch, signature_fn=signature_fn)
  File "/home/bingxing2/gpuuser356/.conda/envs/CoNT_py37/lib/python3.7/site-packages/fastNLP/core/utils/utils.py", line 149, in auto_param_call
    return fn(**_has_params)
  File "/home/bingxing2/gpuuser356/.conda/envs/CoNT_py37/lib/python3.7/site-packages/torch/nn/modules/module.py", line 727, in _call_impl
    result = self.forward(*input, **kwargs)
  File "/home/bingxing2/gpuuser356/CoNT-main/model/model.py", line 324, in forward
    encoder_attention_mask=src_pad_mask)  # last layer
  File "/home/bingxing2/gpuuser356/.conda/envs/CoNT_py37/lib/python3.7/site-packages/torch/nn/modules/module.py", line 727, in _call_impl
    result = self.forward(*input, **kwargs)
  File "/home/bingxing2/gpuuser356/.conda/envs/CoNT_py37/lib/python3.7/site-packages/transformers/models/t5/modeling_t5.py", line 1046, in forward
    output_attentions=output_attentions,
  File "/home/bingxing2/gpuuser356/.conda/envs/CoNT_py37/lib/python3.7/site-packages/torch/nn/modules/module.py", line 727, in _call_impl
    result = self.forward(*input, **kwargs)
  File "/home/bingxing2/gpuuser356/.conda/envs/CoNT_py37/lib/python3.7/site-packages/transformers/models/t5/modeling_t5.py", line 701, in forward
    output_attentions=output_attentions,
  File "/home/bingxing2/gpuuser356/.conda/envs/CoNT_py37/lib/python3.7/site-packages/torch/nn/modules/module.py", line 727, in _call_impl
    result = self.forward(*input, **kwargs)
  File "/home/bingxing2/gpuuser356/.conda/envs/CoNT_py37/lib/python3.7/site-packages/transformers/models/t5/modeling_t5.py", line 615, in forward
    output_attentions=output_attentions,
  File "/home/bingxing2/gpuuser356/.conda/envs/CoNT_py37/lib/python3.7/site-packages/torch/nn/modules/module.py", line 727, in _call_impl
    result = self.forward(*input, **kwargs)
  File "/home/bingxing2/gpuuser356/.conda/envs/CoNT_py37/lib/python3.7/site-packages/transformers/models/t5/modeling_t5.py", line 502, in forward
    hidden_states, self.k, key_value_states, past_key_value[0] if past_key_value is not None else None
  File "/home/bingxing2/gpuuser356/.conda/envs/CoNT_py37/lib/python3.7/site-packages/transformers/models/t5/modeling_t5.py", line 485, in project
    hidden_states = shape(proj_layer(key_value_states))
  File "/home/bingxing2/gpuuser356/.conda/envs/CoNT_py37/lib/python3.7/site-packages/torch/nn/modules/module.py", line 727, in _call_impl
    result = self.forward(*input, **kwargs)
  File "/home/bingxing2/gpuuser356/.conda/envs/CoNT_py37/lib/python3.7/site-packages/torch/nn/modules/linear.py", line 93, in forward
    return F.linear(input, self.weight, self.bias)
  File "/home/bingxing2/gpuuser356/.conda/envs/CoNT_py37/lib/python3.7/site-packages/torch/nn/functional.py", line 1692, in linear
    output = input.matmul(weight.t())
RuntimeError: CUDA out of memory. Tried to allocate 18.00 MiB (GPU 3; 39.41 GiB total capacity; 36.18 GiB already allocated; 14.56 MiB free; 37.80 GiB reserved in total by PyTorch)
/home/bingxing2/gpuuser356/CoNT-main/train.sh: line 14: 31653 Killed                  python train.py
