0.7369283437728882
0.8312715888023376
0.8738793134689331
0.9946035742759705
0.9528558254241943
0.8815031051635742
0.8215301036834717
0.994290828704834
0.8384600281715393
1.1036500930786133
0.972584068775177
0.9838900566101074
0.8378357291221619
0.876348614692688
0.916623592376709
0.8475265502929688
1.1853440999984741
1.2276231050491333
1.1936943531036377
0.8869942426681519
1.0231866836547852
0.8123964071273804
0.7329906225204468
0.7316650748252869
1.0424610376358032
1.1412086486816406
0.8049979209899902
1.0618516206741333
0.7617020010948181
1.2016222476959229
0.7135726809501648
0.7638934850692749
0.7534133791923523
0.8572696447372437
0.6690704226493835
0.7160263061523438
0.5962181091308594
0.6475740671157837
0.8492125868797302
0.9063359498977661
0.8462464809417725
1.023296594619751
0.865756630897522
0.8822274208068848
0.9664786458015442
0.9347883462905884
0.9285156726837158
0.8665337562561035
0.8999752402305603
0.6521041393280029
0.8843173384666443
0.8184698820114136
0.9151169061660767
0.9202942848205566
0.9355915784835815
1.0069255828857422
0.969257116317749
1.1035774946212769
0.7081381678581238
0.8766803741455078
0.7896210551261902
0.8506234288215637
0.9913097620010376
0.8953172564506531
0.8175156712532043
0.9497222900390625
1.069051742553711
0.764724850654602
0.7201637029647827
0.6638199687004089
1.0828473567962646
0.9408746957778931
1.0336639881134033
0.7808748483657837
0.7937595844268799
0.9006966352462769
0.627740740776062
0.7698115110397339
0.7460013031959534
0.9617115259170532
0.8809975385665894
0.9830738306045532
0.8273200392723083
0.7742168307304382
0.9750662446022034
0.7046188116073608
0.7367879748344421
0.9153837561607361
0.7657724618911743
0.856132447719574
0.9880282282829285
1.033382534980774
0.9586902856826782
0.7064584493637085
0.8253846764564514
0.9719178676605225
0.6331484317779541
0.8704746961593628
0.8151562213897705
0.7740144729614258
0.7220612168312073
0.9358587861061096
0.8906652927398682
0.6451187133789062
0.8944792151451111
0.8731434345245361
0.796138346195221
0.7940375208854675
0.8852112889289856
1.0344561338424683
0.7659385204315186
0.692288875579834
0.6435942649841309
0.9425702095031738
0.7792363166809082
1.0092825889587402
0.46673089265823364
0.7723971605300903
0.8643741011619568
0.6130359172821045
0.7810554504394531
0.7545493245124817
0.5690152049064636
0.7163413763046265
0.8087003231048584
0.8824148178100586
0.7397353649139404
0.7009655833244324
0.83894282579422
0.8627692461013794
0.7422481775283813
0.8805256485939026
0.8340363502502441
0.817410945892334
0.8669041991233826
0.8419435024261475
0.5626489520072937
0.7135594487190247
0.8288266658782959
0.6899095177650452
0.6944669485092163
0.8780256509780884
0.6681495308876038
0.8561697602272034
0.7754834890365601
0.934371829032898
0.8594032526016235
0.7709915637969971
0.899021327495575
0.9855145215988159
0.8827559351921082
0.7169715762138367
0.6473940014839172
0.30692723393440247
0.97552090883255
0.8228992819786072
0.9498482346534729
0.7045950293540955
0.897779107093811
0.764406681060791
0.4939061105251312
0.7551462650299072
0.9119653701782227
0.8892601728439331
0.6536741256713867
0.833172082901001
0.8887202739715576
0.7232986092567444
0.7616068720817566
0.8597866296768188
0.7134917974472046
0.8361087441444397
0.7433956861495972
0.7886762022972107
0.7094771862030029
0.5825585126876831
0.7856088280677795
0.7050886750221252
0.6895740032196045
0.6887307167053223
0.6993571519851685
0.7723311185836792
0.9742264747619629
0.5457856059074402
0.8508924245834351
0.7814029455184937
0.8530977368354797
0.8073957562446594
0.7115037441253662
0.5918563604354858
0.7908199429512024
0.9302595257759094
1.0540547370910645
0.7901741862297058
0.7215681672096252
0.8577655553817749
0.8566902875900269
0.8583621978759766
0.6792165040969849
0.6650828719139099
0.5540826916694641
0.7717099785804749
0.8065550327301025
0.6730503439903259
0.8749191761016846
0.7653452754020691
0.8542649745941162
0.6673361659049988
0.6739441752433777
0.6655451059341431
0.669080376625061
0.9313305616378784
0.7248517274856567
0.877757728099823
0.907557487487793
0.7504093647003174
0.7221049666404724
0.6446587443351746
0.6859742403030396
0.6679629683494568
0.9489168524742126
0.8189942836761475
0.5864983797073364
0.7446494102478027
0.7969796657562256
0.8265666961669922
0.7787407040596008
0.7037839889526367
0.6931057572364807
0.6688100099563599
0.6050393581390381
0.6530703902244568
0.642687976360321
0.511479914188385
0.6942425966262817
0.7487269043922424
0.8127400875091553
0.7694553136825562
0.5200939774513245
0.6676430106163025
0.9093645811080933
0.9257509112358093
0.8249907493591309
0.6608449220657349
0.9179360866546631
0.8440025448799133
0.6900306344032288
0.927254319190979
0.846992015838623
0.7304775714874268
0.8568057417869568
0.8227161169052124
0.7181808948516846
0.6323718428611755
0.7542664408683777
0.7270554900169373
0.8471604585647583
0.8169187307357788
0.7174673676490784
0.7707117795944214
0.8667198419570923
0.7090964317321777
0.7626073956489563
0.693635880947113
0.7145789265632629
0.7081795334815979
0.5343960523605347
0.5924608707427979
0.7206541299819946
0.7426497936248779
0.7724670767784119
0.7320203185081482
0.778517484664917
0.5735578536987305
0.9091125726699829
0.5957748293876648
0.6967326402664185
0.8596798777580261
0.785824179649353
0.8280169367790222
0.6485776901245117
0.6638385057449341
0.6062365174293518
0.5797137022018433
0.8869311809539795
0.815517783164978
0.8753060102462769
0.7217508554458618
0.7062069177627563
0.7378425002098083
0.5495303869247437
0.7724905014038086
0.7581491470336914
0.6560328006744385
0.7595944404602051
0.5877515077590942
0.6138108968734741
0.6590300798416138
0.5397259593009949
0.9187145233154297
0.49096134305000305
0.7464180588722229
0.6478341817855835
0.6613843441009521
0.6840224266052246
0.6702158451080322
0.8943544030189514
0.7119026780128479
0.7490935325622559
0.618156373500824
0.63280189037323
0.6260532140731812
0.680826723575592
0.6423499584197998
0.7905390858650208
0.782461941242218
0.6910536885261536
0.5992791056632996
0.4444834291934967
0.7801480293273926
0.5999847054481506
0.7163795828819275
0.6967223882675171
0.6025703549385071
0.740241527557373
0.5917955040931702
0.5199102163314819
0.6912208199501038
0.9473274946212769
0.7466070055961609
0.6666125059127808
0.8413640260696411
0.5974777340888977
0.659888744354248
0.6366347074508667
0.6956304311752319
0.8599506616592407
0.7180925607681274
0.6859771609306335
0.8401919007301331
0.683591902256012
0.734102189540863
0.7591102719306946
0.8424438238143921
1.0207676887512207
0.882914125919342
0.5777599215507507
0.6059418320655823
0.7398142218589783
0.7161316871643066
0.9445873498916626
0.6866668462753296
0.552405595779419
0.3983938992023468
0.6850312352180481
0.725650429725647
0.764958381652832
0.8048545718193054
0.7405486702919006
0.6345866322517395
0.7205686569213867
0.7403759956359863
0.6475323438644409
1.016862154006958
0.7374183535575867
0.6254722476005554
0.7932472229003906
0.7702772617340088
0.8940514922142029
0.584983229637146
0.7153282165527344
0.5911651849746704
0.8613149523735046
0.48911696672439575
0.6930278539657593
1.0569040775299072
0.6149315237998962
0.8442404270172119
0.5730381608009338
0.6268069744110107
0.7249141931533813
0.6727835536003113
0.7376181483268738
0.5126762986183167
0.6065076589584351
0.7151401042938232
0.5593536496162415
0.8179291486740112
0.812006950378418
0.46938422322273254
0.7422890067100525
0.6118147969245911
0.4972710609436035
0.5750465393066406
0.6414793133735657
0.65716153383255
0.9546108245849609
0.6445881128311157
0.422495573759079
0.6431019306182861
0.49781832098960876
0.810173511505127
0.7617942690849304
0.5734603404998779
0.580997884273529
0.4411623775959015
0.6818569302558899
0.7336358428001404
0.5477035045623779
0.8335728645324707
0.8808225393295288
0.6973797082901001
0.6492062211036682
0.6057344079017639
0.5437600016593933
0.5187764763832092
0.45474785566329956
0.6375463008880615
0.6545140743255615
0.5804102420806885
0.5092873573303223
0.6912732720375061
0.3156864047050476
0.8440890312194824
0.614303708076477
0.7469878792762756
0.660956621170044
0.5613490343093872
0.7887445688247681
0.6885664463043213
1.0169214010238647
0.9263122081756592
0.5535404682159424
0.6321224570274353
0.7216794490814209
0.5083595514297485
0.7613781094551086
0.6970467567443848
0.7976033687591553
0.7820720076560974
0.8328994512557983
0.8951374888420105
0.7182077169418335
0.7643828392028809
0.6450347304344177
0.8103048801422119
0.5821805596351624
0.8489360809326172
0.680048942565918
0.8450520634651184
0.5388095378875732
0.715086817741394
0.6415380835533142
0.6184038519859314
0.76523357629776
0.9085818529129028
0.7633606195449829
0.6924750804901123
0.867308497428894
0.8088943362236023
0.5611029863357544
0.7012472152709961
0.8375921845436096
0.40026918053627014
0.4817081391811371
0.7515278458595276
0.4816344976425171
0.8263965249061584
0.741173267364502
0.7609105706214905
0.7856758236885071
0.8265727758407593
0.6214536428451538
0.6855626702308655
0.6099117994308472
0.6791303157806396
0.4588414132595062
0.7637248039245605
0.5209507346153259
0.7654812932014465
0.6810677647590637
0.8156816959381104
0.529029130935669
0.6867345571517944
0.6952100992202759
0.49922698736190796
0.9172033667564392
0.6891732215881348
0.4011514186859131
0.7641344666481018
0.562823474407196
0.9555003643035889
0.5905221700668335
0.8543791174888611
0.9073761105537415
0.6390311121940613
0.6869796514511108
0.8177419304847717
0.7162466049194336
0.5425198078155518
0.542452335357666
0.8362177610397339
0.8071507811546326
0.8113016486167908
0.49102291464805603
0.7239744663238525
0.8602993488311768
0.7933149337768555
0.5443241000175476
0.7689120769500732
0.7909712791442871
0.808637261390686
0.5282094478607178
0.47896280884742737
0.6594452261924744
0.7263671159744263
0.5568346977233887
0.6759206652641296
0.6344344615936279
0.7530534267425537
0.883336067199707
0.7338467836380005
0.6797841787338257
0.636965811252594
0.598146915435791
0.8403403162956238
0.7285884022712708
0.5508265495300293
0.7409259676933289
0.5955170392990112
0.5723887085914612
0.7043906450271606
0.6634401679039001
0.6653651595115662
0.5340913534164429
0.5893095135688782
0.7242226600646973
0.8293262124061584
0.5244972109794617
0.7744385004043579
0.5932097434997559
0.5403609871864319
0.364719420671463
0.6831619143486023
0.6478694677352905
0.4965289235115051
0.9342292547225952
0.9310170412063599
0.7896048426628113
0.5580748915672302
0.6894811987876892
0.6488563418388367
0.7071453332901001
0.46462810039520264
0.6956406831741333
0.5270496010780334
0.6369055509567261
0.8751779794692993
0.6233426928520203
0.7202757596969604
0.5605936050415039
0.9613937139511108
0.8110175132751465
0.7053086161613464
0.7155776619911194
0.9632112979888916
0.7960727214813232
0.9818102121353149
0.8472710251808167
0.8051603436470032
0.8945997357368469
0.6871763467788696
0.4525124430656433
0.7892562747001648
0.7593433856964111
0.3903953433036804
0.7541321516036987
0.551169753074646
1.04452383518219
0.9418931603431702
0.7074471712112427
0.6075786352157593
0.6367075443267822
0.8118255734443665
0.43899980187416077
0.6403995156288147
0.7653656005859375
0.5166289210319519
0.6003431081771851
0.7173619270324707
0.5146432518959045
0.8481488823890686
0.5922794938087463
0.6637855768203735
0.7103027701377869
0.7980497479438782
0.6170328259468079
0.6849107146263123
0.7202262282371521
0.7728568315505981
0.8148401379585266
0.7996436357498169
0.5378276109695435
0.8293339014053345
0.7975032329559326
0.6938607692718506
0.6396325826644897
0.9248743057250977
0.4601673185825348
0.5392799377441406
0.5840043425559998
0.6499719619750977
0.774723470211029
0.7981199026107788
0.6311092376708984
0.632148027420044
0.5019422769546509
0.5926533937454224
0.7964287996292114
0.36850664019584656
0.6150954961776733
0.7857728600502014
0.6744217872619629
0.569412887096405
0.45918118953704834
0.5750498175621033
0.5682982206344604
0.5875838994979858
0.7975342273712158
0.5975008010864258
0.6853023767471313
0.9233102202415466
0.5336769819259644
0.4666200280189514
0.6848324537277222
0.7214556336402893
0.6138764023780823
0.7865296602249146
0.5430713891983032
0.5537922978401184
0.8718236684799194
0.5439357161521912
0.5739011168479919
0.809039294719696
0.8621615171432495
0.48307573795318604
0.72684246301651
0.592309832572937
0.6049553155899048
0.5579555034637451
0.6996651887893677
0.7718991637229919
0.510474443435669
0.6426616907119751
0.7166985869407654
0.732936680316925
0.4967308044433594
0.5811125636100769
0.8218436241149902
0.5964615941047668
1.0520884990692139
0.7349666357040405
0.6302915811538696
0.491961270570755
0.7169192433357239
0.6044752597808838
0.6104779839515686
0.5357755422592163
0.6387065649032593
0.5977870225906372
0.7931292057037354
0.5885027647018433
0.6785752773284912
0.6166589856147766
0.5178083777427673
0.6614952683448792
0.4651679992675781
0.7205377817153931
0.6437109708786011
0.6912350654602051
0.6802129149436951
0.5527369976043701
0.567052960395813
1.0077022314071655
0.7661500573158264
0.5838770866394043
0.43176355957984924
0.8988636136054993
0.5528553128242493
0.5856984257698059
0.4108197093009949
0.5964730381965637
0.4948148727416992
0.45058679580688477
0.7195342183113098
0.6246812343597412
0.7198140621185303
0.7044427394866943
0.7223382592201233
0.6870205998420715
0.5499317049980164
0.7797942757606506
0.7121686935424805
0.48493966460227966
0.8023513555526733
0.7254199385643005
0.6457222104072571
0.512630045413971
0.6893512010574341
0.7114267349243164
0.5497699975967407
0.7234723567962646
0.774503231048584
0.8227788805961609
0.6763163208961487
0.7596092224121094
0.4782450497150421
0.6232925653457642
0.6135077476501465
0.7621594071388245
0.4945502281188965
0.8318961262702942
0.42255687713623047
0.39364704489707947
0.6732314229011536
0.7729651927947998
0.8360617756843567
0.4338274598121643
0.7103159427642822
0.7705204486846924
0.7227373123168945
0.5585874319076538
0.5691421031951904
0.5983968377113342
0.6510560512542725
0.644807755947113
0.7892345190048218
0.7814850211143494
0.6944037675857544
0.8279486894607544
0.7176004648208618
0.6712145805358887
0.74125075340271
0.8172094225883484
0.695583164691925
0.8342575430870056
0.589670717716217
0.33051159977912903
0.7004216909408569
0.6980636715888977
0.6468672752380371
0.6844730973243713
0.8432683944702148
0.884674072265625
0.4382598400115967
0.9300365447998047
0.8192551136016846
0.7005549669265747
0.5443592667579651
0.6585106253623962
0.6412520408630371
0.48402681946754456
0.5852205753326416
0.46139243245124817
0.757029116153717
0.7225503921508789
0.7057366967201233
0.4795922636985779
0.3950498402118683
0.6554384231567383
0.5381736755371094
0.5004374980926514
0.9425211548805237
0.7580051422119141
0.7092165350914001
0.787401556968689
1.0188201665878296
0.5525339245796204
0.7370398640632629
0.6819669604301453
0.8794243335723877
0.6623616814613342
0.7152438759803772
0.5698959231376648
0.5399347543716431
0.6382948160171509
0.7697834372520447
0.5622180700302124
0.539330005645752
0.48286205530166626
0.6687686443328857
0.7027980089187622
0.6350550055503845
0.8844903111457825
0.6943231821060181
0.5547166466712952
0.612210214138031
0.7336145043373108
0.86790931224823
0.6487249135971069
0.5813369154930115
0.5728611946105957
0.5301687717437744
0.5896926522254944
0.6792823076248169
0.5515331029891968
0.7147427797317505
0.42837589979171753
0.6332287788391113
0.3852234482765198
0.6792128086090088
0.48020389676094055
0.7626516222953796
0.6017993092536926
0.7204717397689819
0.8806940913200378
0.5277501940727234
0.647446870803833
0.3766694664955139
0.5800671577453613
0.39457881450653076
0.5476828217506409
0.7631388306617737
0.8038886785507202
0.3764314353466034
0.7264171838760376
0.7642484903335571
0.6036050319671631
0.6411464810371399
0.5958147644996643
0.7025217413902283
0.5549706220626831
0.7269741296768188
0.6172698140144348
0.6956179141998291
0.6252067685127258
0.7066571116447449
0.8279021382331848
0.7066135406494141
0.679690957069397
0.7489839196205139
0.571499764919281
0.6563230752944946
0.7056900262832642
0.6937441825866699
0.4738980829715729
0.8836073279380798
0.7618981003761292
0.4775657057762146
0.5679588317871094
0.7218769788742065
0.6212465763092041
0.7154465913772583
0.576097846031189
0.6172210574150085
0.6804914474487305
0.6632349491119385
0.6341397166252136
0.6647392511367798
0.796014130115509
0.7610283493995667
0.6593269109725952
0.736227810382843
0.7325359582901001
0.6067740321159363
0.56832355260849
0.615571916103363
0.5025860071182251
0.6708873510360718
0.6490578055381775
0.6356593370437622
0.6945024132728577
0.7816399335861206
0.569111704826355
0.704039990901947
0.7978002429008484
0.742173433303833
0.5009192228317261
0.7300345301628113
0.6267473697662354
0.6509426236152649
0.3906368613243103
0.4402877688407898
0.8291204571723938
0.7728495001792908
0.5359346866607666
0.6382175087928772
0.8802741765975952
0.7268645167350769
0.5532054901123047
0.4530368745326996
0.5956209897994995
0.5084536671638489
0.847271740436554
0.6895493865013123
0.4516821801662445
0.31921300292015076
0.7189857363700867
0.7693884372711182
0.5927860736846924
0.6950201988220215
0.7195987105369568
0.960777997970581
0.7142761945724487
0.7206230163574219
0.7629128694534302
0.5022202134132385
0.9659795761108398
0.6170051693916321
0.707557201385498
0.3057411313056946
0.6830785870552063
0.590291440486908
0.4726877808570862
0.5519070625305176
0.40725839138031006
0.6071164608001709
0.5565149188041687
0.5446133017539978
0.5137662887573242
0.8059037327766418
0.583038330078125
0.8131409883499146
0.6484886407852173
0.6706476807594299
0.6309977173805237
0.6118484735488892
0.7316534519195557
0.3623312711715698
0.7352147698402405
0.6884217858314514
0.48024484515190125
0.6223658919334412
0.6385284066200256
0.6606060266494751
0.7978605031967163
0.6646296381950378
0.5343066453933716
0.40747761726379395
0.5364739894866943
0.4873543381690979
0.5269794464111328
0.6401045918464661
0.7712222337722778
0.4407989978790283
0.9458041191101074
0.5924460887908936
0.46828243136405945
0.7451531887054443
0.6984207034111023
0.6517711877822876
0.5003170371055603
0.8573958873748779
0.7714453339576721
0.6680565476417542
0.5101450085639954
0.6670781970024109
0.6915720105171204
0.5879563093185425
0.5368091464042664
0.8864938020706177
0.6463483572006226
0.6839402318000793
0.5576372742652893
0.4246085286140442
0.4552667438983917
0.8585798144340515
0.4373478889465332
0.666315495967865
0.5933287143707275
0.6852781176567078
0.7206110954284668
0.5115454196929932
0.7297421097755432
0.6871334314346313
0.5003069043159485
0.73342365026474
0.48911353945732117
0.44109418988227844
0.5537577867507935
0.8081572651863098
0.4030686020851135
0.7092355489730835
0.6656793355941772
0.4676086902618408
0.7642280459403992
0.6276601552963257
0.6479479074478149
0.4477595388889313
0.863807201385498
0.4714069068431854
0.7294188737869263
0.5485732555389404
0.5157395005226135
0.8314839601516724
0.5933369994163513
0.6346712708473206
0.8187811374664307
0.6222648024559021
0.4446433484554291
0.7714182734489441
0.8379824161529541
0.5903023481369019
0.5656214952468872
0.6098929643630981
0.7209933996200562
0.5313313603401184
0.4378361999988556
0.60213303565979
0.7103105783462524
0.8107407689094543
0.893260657787323
0.48320552706718445
0.6349096894264221
0.638661801815033
0.7634761929512024
0.772183895111084
0.6303084492683411
0.7796666026115417
0.6641496419906616
0.5412652492523193
0.476420134305954
0.598064124584198
0.7499234080314636
0.8081127405166626
0.27585291862487793
0.77385014295578
0.5715103149414062
0.5863730311393738
0.6441290378570557
0.6093318462371826
0.8199203610420227
0.706001341342926
0.619803786277771
0.8803433179855347
0.71776282787323
0.41039755940437317
0.5684424042701721
0.8315209746360779
0.5566715598106384
0.8347223401069641
0.6271070837974548
0.7206191420555115
0.8112156987190247
0.8086686134338379
0.7767722010612488
0.7286112308502197
0.5917214155197144
0.5901637077331543
0.5043781995773315
0.4605444669723511
0.5648403167724609
0.5405879020690918
0.40304651856422424
0.4876563251018524
0.7684034109115601
0.6346331238746643
0.5392184853553772
0.7930777668952942
0.7829856872558594
0.763922929763794
0.5886908173561096
0.7524800300598145
0.691585898399353
0.7110522389411926
0.8234198689460754
0.7426241636276245
0.4223251938819885
0.4705577790737152
0.5972826480865479
0.7414237260818481
0.46929630637168884
0.6062248349189758
0.7573937773704529
0.4749826490879059
0.585624635219574
0.605963945388794
0.6008074879646301
0.6497606635093689
0.7567400932312012
0.5301764607429504
0.6758294105529785
0.5513933300971985
0.7739461064338684
0.7744880318641663
0.44376087188720703
0.5703940987586975
0.4538738429546356
0.7526660561561584
0.42713433504104614
0.41848990321159363
0.6723284125328064
0.682835578918457
0.5953998565673828
0.6671234369277954
0.708192765712738
0.5829694271087646
0.6040869355201721
0.5759187340736389
0.7634655237197876
0.7106282711029053
0.5762855410575867
0.656470537185669
0.5351955890655518
0.5665686726570129
0.7038468718528748
0.7223339080810547
0.7933837175369263
0.5229282975196838
0.6190952658653259
0.8187047243118286
0.6226102709770203
0.3445477783679962
0.5889172554016113
0.4828381836414337
0.7128974795341492
0.7193005681037903
0.6746914982795715
0.9719337224960327
0.5073012709617615
0.5246676802635193
0.5137272477149963
0.8878600001335144
0.7646786570549011
0.5420592427253723
0.6503209471702576
0.7599161267280579
0.8254820108413696
0.5953025221824646
0.5564095377922058
0.7550920248031616
0.45781493186950684
0.6504671573638916
0.5280751585960388
0.5637804865837097
0.7777489423751831
0.7347449064254761
0.5693084597587585
0.5389984846115112
0.6781599521636963
0.5009602308273315
0.6167091131210327
0.6662144660949707
0.7627151012420654
0.7258755564689636
0.6374163627624512
0.5664480924606323
0.7589702606201172
0.6195714473724365
0.5105894804000854
0.9029176235198975
0.5512913465499878
0.8984898924827576
0.5114562511444092
0.7387521862983704
0.9029613733291626
0.6486273407936096
0.6916048526763916
0.7097852826118469
0.6440509557723999
0.6360474228858948
0.41185590624809265
0.6171062588691711
0.6156309843063354
0.558018147945404
0.549858570098877
0.6178383827209473
0.5599551200866699
0.4003925621509552
0.8674155473709106
0.6072458028793335
0.5625884532928467
0.7682152986526489
0.41014325618743896
0.5919848680496216
0.5731924772262573
0.6265397667884827
0.45501843094825745
0.5096266269683838
0.8307068943977356
0.7910202741622925
0.6281560659408569
0.46797192096710205
0.49410077929496765
0.6020686030387878
0.663925051689148
0.38934963941574097
0.8735723495483398
1.1029855012893677
0.7653002142906189
0.6945551037788391
0.7442675828933716
0.7080726623535156
0.7615127563476562
0.6805070638656616
0.4196236729621887
0.6097336411476135
0.7175207734107971
0.46380865573883057
0.3719620108604431
0.8863715529441833
0.5036413669586182
0.5949949622154236
0.5913705825805664
0.4906245172023773
0.5814763307571411
0.8380460143089294
0.4650833010673523
0.5508142113685608
0.5905943512916565
0.36503076553344727
0.6455169916152954
0.6555540561676025
0.9804902076721191
0.5381746292114258
0.7260887622833252
0.745227038860321
0.6467427015304565
0.4554229974746704
0.7202287912368774
0.3900529146194458
0.5490220785140991
0.5353076457977295
0.8853384852409363
0.7592300176620483
0.5056368708610535
0.6701348423957825
0.6959748268127441
0.49434179067611694
0.8071413636207581
0.6560114622116089
0.7088946104049683
0.570648729801178
0.6849995255470276
0.416019082069397
0.5926825404167175
0.8903547525405884
0.6328190565109253
0.7147578597068787
0.5648790597915649
0.47319266200065613
0.7235283851623535
0.917578935623169
0.6019289493560791
0.45735907554626465
0.6615737080574036
0.6705231666564941
0.8123206496238708
0.7688238620758057
0.7097795605659485
0.6708983182907104
0.43419918417930603
0.3992999494075775
0.5636702179908752
0.65329509973526
0.5878720879554749
0.8353108763694763
0.4503064751625061
0.5607692003250122
0.5955502986907959
0.6702185869216919
0.3803296685218811
0.8677211999893188
0.7798972725868225
0.5638948082923889
0.45340511202812195
0.7488288879394531
0.5970162749290466
0.7022764682769775
0.5818358659744263
0.5500390529632568
0.7900101542472839
0.662823498249054
0.683332622051239
0.7253974676132202
0.7538541555404663
0.9952573180198669
0.5629692077636719
0.6811746954917908
0.8178126215934753
0.7442941069602966
0.5346943140029907
0.5963003635406494
0.843684196472168
0.7118334770202637
0.47586309909820557
0.5065011978149414
0.5646446943283081
0.5835219621658325
0.4021880328655243
0.5802402496337891
0.8316733837127686
0.4367891848087311
0.7299239039421082
0.5122517347335815
0.807637631893158
0.6624967455863953
0.7523576021194458
0.7332793474197388
0.517243504524231
0.41802671551704407
0.5241628289222717
0.4511810541152954
0.6937609910964966
0.5876965522766113
0.6513274908065796
0.4834340810775757
0.46271663904190063
0.5355220437049866
0.495877206325531
0.6131343245506287
0.6839796900749207
0.45290645956993103
0.6628021597862244
0.7747425436973572
0.4375418424606323
0.6996991038322449
0.6920231580734253
0.556941568851471
0.41266709566116333
0.41672590374946594
0.6150774955749512
0.5492371916770935
0.7745090126991272
0.7004643678665161
0.4708288609981537
0.8074025511741638
0.5918440222740173
0.8230822682380676
0.6196462512016296
0.566132664680481
0.7097944617271423
0.7503055334091187
0.7320582866668701
0.48491591215133667
0.5530697107315063
0.7336646318435669
0.4916803538799286
0.5539495348930359
0.5942286252975464
0.5061742663383484
0.6827257871627808
0.5294572114944458
0.5621325373649597
0.4638693034648895
0.5732892155647278
0.629112720489502
0.5552881956100464
0.6487056016921997
0.7162196040153503
0.5408682823181152
0.9964414834976196
0.8127110600471497
0.5848393440246582
0.6582423448562622
0.5648612380027771
0.7137798070907593
0.6179535984992981
0.7709782123565674
0.5064030289649963
0.5206024646759033
0.47353604435920715
0.4368160665035248
0.5893961191177368
0.6177794933319092
0.48097431659698486
0.8095672726631165
0.8268887996673584
0.5329849123954773
0.3916185796260834
0.7633826732635498
0.5252401232719421
0.583296000957489
0.6141277551651001
0.766173779964447
0.6537263989448547
0.6271082758903503
0.6743505001068115
0.8164142370223999
0.6360723376274109
0.8806536197662354
0.6770535111427307
0.6862466335296631
0.6005390882492065
0.4629000127315521
0.365202397108078
0.453107088804245
0.5437813401222229
0.597403347492218
0.5100541710853577
0.5510426759719849
0.5231932997703552
0.5088586807250977
0.640043318271637
0.6138943433761597
0.5529418587684631
0.8585748672485352
0.2966398298740387
0.6282225251197815
0.6438869833946228
0.3665536642074585
0.707452118396759
0.6669362187385559
0.5619108080863953
0.5545865893363953
0.5990493297576904
0.6349847316741943
0.8453203439712524
0.6339343190193176
0.8268188834190369
0.5716012716293335
0.6659823656082153
0.8353835940361023
0.5277087092399597
0.5187865495681763
0.8727073669433594
0.7706547379493713
0.6512709856033325
0.6232983469963074
0.8049867749214172
0.8460506796836853
0.4680248498916626
0.6230545043945312
0.6920070052146912
0.6628103852272034
0.6096049547195435
0.7420490980148315
0.6182894706726074
0.6685466170310974
0.6145544052124023
0.7551056146621704
0.7915308475494385
0.515937089920044
0.7165175080299377
0.7759972810745239
0.47996577620506287
0.6364048719406128
0.4016047418117523
0.3853412866592407
0.6348266005516052
0.5228092670440674
0.5283229947090149
0.6895279884338379
0.6897911429405212
0.404560387134552
0.5483965277671814
0.5972350835800171
0.585141122341156
0.6004628539085388
0.604107677936554
0.5892033576965332
0.5475121736526489
0.7253422737121582
0.6616087555885315
0.6424639225006104
0.6624660491943359
0.4762691855430603
0.7703710198402405
0.5242918133735657
0.5025613307952881
0.8738235235214233
0.7568374276161194
0.580729603767395
0.7428635358810425
0.446039080619812
0.449908047914505
0.5746791362762451
0.41263508796691895
0.666779100894928
0.5196871757507324
0.6078622937202454
0.6848399639129639
0.5641591548919678
0.8308178782463074
0.6471862196922302
0.325883150100708
0.8637454509735107
0.628748893737793
0.5941106081008911
0.6046809554100037
0.5978015065193176
0.852996289730072
0.7332573533058167
0.6189979910850525
0.7256934642791748
0.5931347012519836
0.6812704205513
0.5522356033325195
0.7569611668586731
0.7770077586174011
0.5249727964401245
0.6660206317901611
0.6913387775421143
0.37275785207748413
0.5039764642715454
0.5611334443092346
0.5108996033668518
0.4606381058692932
0.7460907101631165
0.606703519821167
0.6566237807273865
0.6595445871353149
0.7267705202102661
0.6640714406967163
0.9180113077163696
0.5813671350479126
0.5969188809394836
0.48750582337379456
0.6792985796928406
0.7732059955596924
0.47143206000328064
0.6334173679351807
0.3485359847545624
0.4519982635974884
0.6918467283248901
0.5374220609664917
0.5223879814147949
0.6302746534347534
0.6175756454467773
0.7213099002838135
0.5833965539932251
0.5598220229148865
0.698141872882843
0.4703323543071747
0.6096676588058472
0.8127291798591614
0.6706871390342712
0.823415219783783
0.8268730640411377
0.4916929006576538
0.7536402940750122
0.48770034313201904
0.5066837668418884
0.6524301767349243
0.625443696975708
0.45405489206314087
0.6951891779899597
0.5103074312210083
0.668801486492157
0.5772718787193298
0.48150715231895447
0.6965835094451904
0.7729354500770569
0.6847776770591736
0.5400403738021851
0.4005035161972046
0.6745849847793579
0.7034959197044373
0.7083677053451538
0.43111658096313477
0.7036069631576538
0.9346193075180054
0.802490770816803
0.682886004447937
0.8758281469345093
0.5802066326141357
0.7676752805709839
0.5907965898513794
0.5661731958389282
0.6516717672348022
0.8302360773086548
0.6369879841804504
0.5604017972946167
0.5563820004463196
0.6051585078239441
0.5854675769805908
0.44899505376815796
0.5297950506210327
0.6928200721740723
0.5503138303756714
0.5092126131057739
0.6574798822402954
0.5880347490310669
0.32928818464279175
0.6732024550437927
0.6777631044387817
0.5872072577476501
0.48614054918289185
0.5774320363998413
0.6577123403549194
0.48732390999794006
0.6653825640678406
0.6033291220664978
0.7102245688438416
0.6185083985328674
0.5749975442886353
0.6079828143119812
0.6931765079498291
0.6358571648597717
0.6764417290687561
0.7396499514579773
0.5971146821975708
0.758080780506134
0.6050089001655579
0.6259167790412903
0.6487624645233154
0.5218488574028015
0.44471409916877747
0.5660533905029297
0.6648343205451965
0.6215471029281616
0.5682776570320129
0.8777745962142944
0.6324467062950134
0.686231791973114
0.29445046186447144
0.7201534509658813
0.8474293351173401
0.7387484908103943
0.7216246128082275
0.6617665886878967
0.5308400392532349
0.28876328468322754
0.6852908730506897
0.5388980507850647
0.6010553240776062
0.500231146812439
0.6194919347763062
0.66746586561203
0.5171893835067749
0.6476892232894897
0.5484002828598022
0.3566511571407318
0.5438633561134338
0.5872749090194702
0.5512800216674805
0.4985845983028412
0.595802366733551
0.5799398422241211
0.6401676535606384
0.40436089038848877
0.6754657626152039
0.5353294610977173
0.4814450144767761
0.5555701851844788
0.8134198784828186
0.6319450736045837
0.710947573184967
0.6136325001716614
0.40740349888801575
0.5374231338500977
0.5791979432106018
0.6118957996368408
0.5225274562835693
0.8306106925010681
0.5815479159355164
0.43412402272224426
0.4558413624763489
0.5707415342330933
0.41179028153419495
0.42904338240623474
0.6987718343734741
0.49027353525161743
0.7411868572235107
0.7001109719276428
0.5474323034286499
0.4829496443271637
0.44888219237327576
0.6491191387176514
0.7978534698486328
0.5119251012802124
0.48641031980514526
0.5994786024093628
0.6045907139778137
0.7880330681800842
0.8645055294036865
0.7407580018043518
0.50594162940979
0.6233251690864563
0.5544407963752747
0.38333749771118164
0.58084636926651
0.6494431495666504
0.5482658743858337
0.3581259846687317
0.6945264935493469
0.64985191822052
0.40243226289749146
0.6397686004638672
0.5101040005683899
0.7221283316612244
0.5251310467720032
0.607506275177002
0.3675491511821747
0.3811960220336914
0.568564236164093
0.6946446895599365
0.5019689798355103
0.7276806235313416
0.49092936515808105
0.5559834837913513
0.3707761764526367
0.6398829221725464
0.6401033401489258
0.7409955859184265
0.41166967153549194
0.6155068874359131
0.6707243919372559
0.7149025201797485
0.6789887547492981
0.536444365978241
0.7722523212432861
0.5185356140136719
0.5896701812744141
0.7177292704582214
0.6848834753036499
0.6226385831832886
1.0136253833770752
0.4588426351547241
0.5973371863365173
0.4847845137119293
0.7305020689964294
0.6823922991752625
0.4739299416542053
0.7108799815177917
0.6582950949668884
0.5966050624847412
0.566058874130249
0.46752968430519104
0.700764536857605
0.4589417278766632
0.6827545166015625
0.5354211330413818
0.9535460472106934
0.7140054702758789
0.4679965376853943
0.8724799156188965
0.5806158781051636
0.7168318033218384
0.34981533885002136
0.45868298411369324
0.5613844990730286
0.43895086646080017
0.47541436553001404
0.7042621970176697
0.6667613983154297
0.6545239686965942
0.6760928630828857
0.43610435724258423
0.5135611891746521
0.6430153250694275
0.7189387083053589
0.7581589818000793
0.3677511513233185
0.5983800292015076
0.5335605144500732
0.5811735391616821
0.4793252646923065
0.733802855014801
0.6445285677909851
0.41956621408462524
0.7274483442306519
0.49316707253456116
0.6986795663833618
0.3963282108306885
0.6934906244277954
0.6086083054542542
0.6468585133552551
0.5690973401069641
0.6196301579475403
0.737334132194519
0.751847505569458
0.7489252090454102
0.7397334575653076
0.6381224393844604
0.5245682001113892
0.7457174062728882
0.6340367197990417
0.6310715675354004
0.6057162284851074
0.5284574031829834
0.7047655582427979
0.5205358266830444
0.7096163630485535
0.645695149898529
0.4941942095756531
0.570170521736145
0.7046914100646973
0.49540430307388306
0.42661428451538086
0.8553594946861267
0.5617281794548035
0.8700230717658997
0.7570648193359375
0.7685197591781616
0.7752391695976257
0.6354124546051025
0.4883584976196289
0.7391385436058044
0.4541875123977661
0.4685569703578949
0.4926319420337677
0.4862167239189148
0.532302737236023
0.5663211941719055
0.3668251037597656
0.6665722727775574
0.7355501651763916
0.5903548002243042
0.5453894138336182
0.6740851402282715
0.4392266273498535
0.50005042552948
0.5493837594985962
0.504071056842804
0.6564898490905762
0.7857794761657715
0.6347886323928833
0.8628973960876465
0.5498289465904236
0.47128552198410034
0.385911226272583
0.6483906507492065
0.5269011855125427
0.6150644421577454
0.5106842517852783
0.7049422860145569
0.6070824861526489
0.657263457775116
0.8266556262969971
0.6481706500053406
0.5670126676559448
0.49838021397590637
0.6078869700431824
0.6782347559928894
0.7118094563484192
0.5879786014556885
0.648527979850769
0.5609255433082581
0.41713225841522217
0.5864729881286621
0.6829783320426941
0.7725827097892761
0.4992762804031372
0.5601786375045776
0.418188214302063
0.6764724254608154
0.7265816926956177
0.4540005028247833
0.5530407428741455
0.5095279216766357
0.6364765167236328
0.547070324420929
0.829082727432251
0.6839162111282349
0.689814567565918
0.5276975631713867
0.506409227848053
0.6743459105491638
0.6576772928237915
0.5608671307563782
0.5703800916671753
0.540045976638794
0.6520430445671082
0.47077423334121704
0.7512062788009644
0.3489747643470764
0.4729434549808502
0.7013536691665649
0.5612402558326721
0.6799286603927612
0.48222994804382324
0.6800294518470764
0.41490882635116577
0.5595855712890625
0.49910256266593933
0.7370225191116333
0.5218564867973328
0.5800517201423645
0.5792990922927856
0.45343679189682007
0.5894342660903931
0.8578084111213684
0.5717392563819885
0.5838948488235474
0.40376734733581543
0.5355799794197083
0.6367424726486206
0.7909666299819946
0.599928617477417
0.7970854043960571
0.8341672420501709
0.4992583394050598
0.6248151063919067
0.7305178046226501
0.6674538850784302
0.6743019819259644
0.7180174589157104
0.5463780164718628
0.41063740849494934
0.40603071451187134
0.5315648317337036
0.5109068155288696
0.6553689241409302
0.7540397047996521
0.5033945441246033
0.5534021258354187
0.842848002910614
0.7079801559448242
0.6966094374656677
0.6693513989448547
0.7395276427268982
0.41827985644340515
0.7710760831832886
0.7239270210266113
0.6623306274414062
0.728681206703186
0.6845887303352356
0.9477058053016663
0.6585702896118164
0.546023964881897
0.7826345562934875
0.6626526713371277
0.7484434843063354
0.6934448480606079
0.43053334951400757
0.6354323625564575
0.4688619375228882
0.46148574352264404
0.7644690871238708
0.5336229801177979
0.602581799030304
0.8667033910751343
0.5269132256507874
0.6461917161941528
1.018393635749817
0.5642634630203247
0.7793571352958679
0.7009443044662476
0.4502567648887634
0.5115953683853149
0.7457484006881714
0.5853451490402222
0.7588273286819458
0.3167981505393982
0.47760018706321716
0.5600011348724365
0.362488329410553
0.6585261225700378
0.4341840147972107
0.4014227092266083
0.5980609655380249
0.5130531191825867
0.5327354669570923
0.5778666734695435
0.4942006468772888
0.36912262439727783
0.6732682585716248
0.6615431904792786
0.48583099246025085
0.44331106543540955
0.48096051812171936
0.7200307250022888
0.4935697913169861
0.5583253502845764
0.7076202630996704
0.5858497023582458
0.4714735448360443
0.5207720994949341
0.7252035737037659
0.694088339805603
0.5453577041625977
0.5234589576721191
0.4489505887031555
0.9630658626556396
0.6049661040306091
0.6486725807189941
0.559838593006134
0.7411952018737793
0.7875298261642456
0.504472017288208
0.5429635643959045
0.6289445757865906
0.43035298585891724
0.5372638702392578
0.4864160418510437
0.5450071096420288
0.9836287498474121
0.5250030755996704
0.345702201128006
0.6869246959686279
0.6862119436264038
0.663460373878479
0.577305793762207
0.6882895231246948
0.41487443447113037
0.5940037965774536
0.5004671812057495
0.611590564250946
0.5264335870742798
0.47512221336364746
0.42937037348747253
0.5737796425819397
0.735220193862915
0.5897088646888733
0.4372958242893219
0.5473356246948242
0.6546573638916016
0.41217896342277527
0.6045386791229248
0.6229792237281799
0.6387671232223511
0.6445221900939941
0.5231988430023193
0.5478354096412659
0.48333561420440674
0.7033098340034485
0.5836868286132812
0.6185854077339172
0.4606274664402008
0.7704245448112488
0.5836122632026672
0.4806535840034485
0.42734962701797485
0.5703754425048828
0.4054071605205536
0.7045234441757202
0.5992237329483032
0.8666835427284241
0.49481427669525146
0.5069658756256104
0.5534064769744873
0.4806559681892395
0.5171990394592285
0.6775895953178406
0.7656489610671997
0.4296705722808838
0.48209744691848755
0.36518824100494385
0.5359890460968018
0.5626479983329773
0.48862698674201965
0.7442435026168823
0.4024432599544525
0.672570526599884
0.5662821531295776
0.7359166741371155
0.5802980065345764
0.5436605215072632
0.5644696950912476
0.7629179358482361
0.735777735710144
0.8958420753479004
0.49044352769851685
0.481958270072937
0.5150964260101318
0.5494065284729004
0.8245057463645935
0.4242367148399353
0.4310176372528076
0.5716120600700378
0.6144372224807739
0.6298255920410156
0.37119609117507935
0.6286671161651611
0.6834479570388794
0.7292616367340088
0.6394193768501282
0.6967126131057739
0.7638717889785767
0.6468398571014404
0.6845893263816833
0.502433180809021
0.6184017658233643
0.5525528192520142
0.4016891121864319
0.6206289529800415
0.49021339416503906
0.6517258882522583
0.6103546023368835
0.45777425169944763
0.550009548664093
0.7230112552642822
0.6736210584640503
0.7782096266746521
0.5919268131256104
0.6391675472259521
0.5046964287757874
0.3637930750846863
0.611013650894165
0.6313455104827881
0.7840068340301514
0.7109505534172058
0.35764047503471375
0.8336929082870483
0.6807069182395935
0.28344666957855225
0.43708786368370056
0.49693626165390015
0.4361574053764343
0.5100350379943848
0.4987488090991974
0.6540225744247437
0.578002393245697
0.5852347016334534
0.6327194571495056
0.7354681491851807
0.7314099669456482
0.5930383801460266
0.5372390747070312
0.5561146140098572
0.6630334258079529
0.653560996055603
0.5629525184631348
0.697870135307312
0.4775407910346985
0.41888880729675293
0.5183824896812439
0.3812922537326813
0.8310348391532898
0.5895305871963501
0.4608752727508545
0.6655565500259399
0.5073570609092712
0.5547301769256592
0.7578124403953552
0.5639050602912903
0.6652026176452637
0.5598846077919006
0.7633259296417236
0.5844012498855591
0.8997817635536194
0.5384365320205688
0.5983464121818542
0.7485476732254028
0.6168308258056641
0.4285978674888611
0.6931243538856506
0.5768181085586548
0.6337006688117981
0.5669397115707397
0.4429182708263397
0.5384925603866577
0.8658527135848999
0.446730375289917
0.37000954151153564
0.5981824398040771
0.7505317330360413
0.5623266100883484
0.6471637487411499
0.43455708026885986
0.805358350276947
0.3407922089099884
0.5007917284965515
0.5957590341567993
0.5577256679534912
0.5364304780960083
0.7172852158546448
0.6248190402984619
0.32185766100883484
0.3471154272556305
0.4282374382019043
0.9032281637191772
0.6929758787155151
0.6158080101013184
0.7141238451004028
0.5148144364356995
0.43644195795059204
0.309079647064209
0.48496532440185547
0.5785056352615356
0.691450834274292
0.6523218154907227
0.6370615363121033
0.46418431401252747
0.6394346356391907
0.5849747061729431
0.34717708826065063
0.45904073119163513
0.47235915064811707
0.59956294298172
0.6980382204055786
0.5848268866539001
0.4322628974914551
0.554855465888977
0.7570808529853821
0.6045104265213013
0.6188195943832397
0.4217391014099121
0.5947573781013489
0.4987938702106476
0.807931125164032
0.8463513851165771
0.7029390931129456
0.570197582244873
0.4519408345222473
0.6962973475456238
0.48973122239112854
0.6205776333808899
0.5163357257843018
0.8088476657867432
0.49360036849975586
0.5089134573936462
0.5990084409713745
0.7307741641998291
0.5033456683158875
0.5194884538650513
0.6295543909072876
0.8085357546806335
0.4639003574848175
0.7485729455947876
0.3638354241847992
0.79233717918396
0.4686364531517029
0.5212083458900452
0.7294602394104004
0.6836797595024109
0.9983527660369873
0.6981298923492432
0.6279664039611816
0.5557413697242737
0.4967222213745117
0.6030451059341431
0.759157121181488
0.5684118866920471
0.5433428883552551
0.4615684747695923
0.7062050104141235
0.7385833263397217
0.41390058398246765
0.5572521686553955
0.46494045853614807
0.5518185496330261
0.6895812749862671
0.7104288339614868
0.6186359524726868
0.5522719621658325
0.43508586287498474
0.5359625816345215
0.529630720615387
0.6344332695007324
0.6811730265617371
0.6634266376495361
0.8619310855865479
0.5364704728126526
0.4741804003715515
0.5017844438552856
0.5294308066368103
0.7452502250671387
0.5400952100753784
0.6261230111122131
0.43772512674331665
0.6637245416641235
0.8174167275428772
0.6717928647994995
0.7803497314453125
0.5948240756988525
0.7379226684570312
0.6810986995697021
0.5418187975883484
0.6342719197273254
0.6572794914245605
0.4791583716869354
0.5041468143463135
0.7343544363975525
0.7655340433120728
0.5060098171234131
0.37189149856567383
0.43923571705818176
0.5559378862380981
0.6364874839782715
0.5576595664024353
0.41044318675994873
0.4391995668411255
0.4921554923057556
0.44817808270454407
0.5719645023345947
0.6331636905670166
0.68401038646698
0.42236897349357605
0.6909541487693787
0.6217095851898193
0.6423985958099365
0.8038572072982788
0.7345831394195557
0.29397445917129517
0.5675550103187561
0.7052162885665894
0.6804128885269165
0.7867999076843262
0.6928661465644836
0.5239278674125671
0.6487717628479004
0.6975491642951965
0.7393946051597595
0.5597308874130249
0.5026355981826782
0.4406500458717346
0.6515809297561646
0.6417931318283081
0.5489732027053833
0.7027632594108582
0.7203496694564819
0.7635586857795715
0.5938435792922974
0.4179626703262329
0.6498198509216309
0.39133375883102417
0.803006112575531
0.7554120421409607
0.6436973810195923
0.48666292428970337
0.7756896615028381
0.5030838847160339
0.5864932537078857
0.6726301312446594
0.4865911602973938
0.5586640238761902
0.5547946095466614
0.6947840452194214
0.5616599917411804
0.6051223874092102
0.5616748332977295
0.6445430517196655
0.5236197113990784
0.6306747198104858
0.6564071774482727
0.5847213268280029
0.4256283938884735
0.5525622367858887
0.6998779773712158
0.3188835084438324
0.6937937140464783
0.40568292140960693
0.6113592982292175
0.5686430931091309
0.5662571787834167
0.4718528687953949
0.6002565026283264
0.5829337239265442
0.66557776927948
0.895007312297821
0.4717783033847809
0.45868995785713196
0.46754443645477295
0.6771715879440308
0.4904525876045227
0.6046363711357117
0.5167847275733948
0.6037315726280212
0.6218390464782715
0.42343178391456604
0.7930941581726074
0.8021048903465271
0.4683738946914673
0.6076920628547668
0.4901549220085144
0.4126158058643341
0.7856643795967102
0.4867326021194458
0.6295539736747742
0.6964242458343506
0.8100454211235046
0.5752853155136108
0.6949893832206726
0.49383991956710815
0.5289098024368286
0.6158114671707153
0.7764678597450256
0.6960346698760986
0.6393172144889832
0.5433793067932129
0.6408138275146484
0.6172856688499451
0.5109571814537048
0.4963032603263855
0.7891005277633667
0.5078578591346741
0.7070462703704834
0.4702228009700775
0.5891821980476379
0.5733236074447632
0.45223361253738403
0.5144654512405396
0.5362826585769653
0.39973184466362
0.8131102919578552
0.6541615724563599
0.3754550814628601
0.8293124437332153
0.42866989970207214
0.844258725643158
0.6236739754676819
0.4380382299423218
0.5164205431938171
0.4896725118160248
0.4471129775047302
0.4635773301124573
0.5630597472190857
0.7074623703956604
0.6278132796287537
0.5765708684921265
0.546699583530426
0.4511440694332123
0.6347955465316772
0.6112837791442871
0.31586551666259766
0.33236032724380493
0.4888000190258026
0.4026394486427307
0.390440434217453
0.3982011675834656
0.4932418465614319
0.6256789565086365
0.5101010203361511
0.5980691909790039
0.4796806275844574
0.6018779873847961
0.6892863512039185
0.7542202472686768
0.6819131374359131
0.4668653607368469
0.6224021911621094
0.36907604336738586
0.5410889387130737
0.6747738718986511
0.5148463845252991
0.9382297992706299
0.7104358077049255
0.622317910194397
0.8612820506095886
0.5385395288467407
0.4802742600440979
0.4739741086959839
0.7714537382125854
0.5066789388656616
0.415193110704422
0.5356656908988953
0.6470630168914795
0.465901255607605
0.34022581577301025
0.7321831583976746
0.8001477122306824
0.5381933450698853
0.4527159631252289
0.5867130160331726
0.7135894894599915
0.6486389636993408
0.8058527708053589
0.5887206196784973
0.5188519954681396
0.45592617988586426
0.5436173677444458
0.6238106489181519
0.6208788752555847
0.7535392045974731
0.517444372177124
0.3997615575790405
0.8307204246520996
0.6993427276611328
0.6452590227127075
0.6548177003860474
0.5860252976417542
0.5293418765068054
0.46691370010375977
0.48702555894851685
0.31666100025177
0.551745593547821
0.5121553540229797
0.4833706021308899
0.5469518899917603
0.6322278380393982
0.6679086089134216
0.5221726894378662
0.6737776398658752
0.6237416863441467
0.45514196157455444
0.43861037492752075
0.5585494041442871
0.5125236511230469
0.6059233546257019
0.5039820671081543
0.6929309368133545
0.4878135025501251
0.627516508102417
0.4528301954269409
0.6162273287773132
0.8063510060310364
0.7222785949707031
0.6170672178268433
0.652029275894165
0.6375941038131714
0.34299442172050476
0.3764212131500244
0.8615967631340027
0.6437961459159851
0.809409499168396
0.5000738501548767
0.8294637203216553
0.49174803495407104
0.5538448691368103
0.5601558685302734
0.6778573393821716
0.608208954334259
0.7130531072616577
0.4899812340736389
0.7477182745933533
0.5268006920814514
0.3875715732574463
0.6232205629348755
0.4899483919143677
0.47877323627471924
0.49417540431022644
0.5653054714202881
0.36098721623420715
0.658315896987915
0.47522038221359253
0.8941322565078735
0.5818651914596558
0.3742666244506836
0.5511569976806641
0.5862267017364502
0.5122033357620239
0.38277629017829895
0.6327041983604431
0.7010958194732666
0.49160945415496826
0.8142989873886108
0.42005106806755066
0.5676718950271606
0.584233283996582
0.4557439386844635
0.5161951780319214
0.46871885657310486
0.6145817637443542
0.5402856469154358
0.5480983257293701
0.668648898601532
0.7226440906524658
0.664801836013794
0.5740463137626648
0.7519306540489197
0.6567611694335938
0.7010248899459839
0.5385538339614868
0.6956366896629333
0.7404335141181946
0.560655951499939
0.4750334620475769
0.4471903443336487
0.6694397926330566
0.4440731406211853
0.6266216039657593
0.6630764007568359
0.5584498047828674
0.5303615927696228
0.48708975315093994
0.6734844446182251
0.5914375185966492
0.4653780460357666
0.6394513249397278
0.4133685529232025
0.5391027331352234
0.5553627610206604
0.45505842566490173
0.37226933240890503
0.6991289854049683
0.7265315055847168
0.5868135690689087
0.4768771529197693
0.7554154992103577
0.4593051075935364
0.47405436635017395
0.6332737803459167
0.6428173184394836
0.5642632246017456
0.6345503926277161
0.6684386730194092
0.5377676486968994
0.7827473878860474
0.6264503002166748
0.4825637936592102
0.6047651767730713
0.46341049671173096
0.39497292041778564
0.7272953987121582
0.46363168954849243
0.5506777763366699
0.8043765425682068
0.4614396393299103
0.7273852229118347
0.8113752603530884
0.6118402481079102
0.6534238457679749
0.6487809419631958
0.7261828780174255
0.6200975775718689
0.7287018299102783
0.5554424524307251
0.7482557892799377
0.5811517238616943
0.6359836459159851
0.7157660722732544
0.5655516982078552
0.42879199981689453
0.732699990272522
0.6539624929428101
0.370786190032959
0.7162585258483887
0.5286508798599243
0.5973652005195618
0.6510310173034668
0.5366096496582031
0.45211100578308105
0.5689806342124939
0.5926807522773743
0.6672079563140869
0.7057586908340454
0.7074804306030273
0.5504859685897827
0.612244188785553
0.43780040740966797
0.6015106439590454
0.4065796434879303
0.7094916105270386
0.46700718998908997
0.5269012451171875
0.4409780204296112
0.7117453813552856
0.5613457560539246
0.5985559225082397
0.5967704653739929
0.7265489101409912
0.5365162491798401
0.379530131816864
0.6689817905426025
0.4959062337875366
0.6584906578063965
0.48785272240638733
0.5470888614654541
0.5738836526870728
0.2999218702316284
0.46286070346832275
0.5417124629020691
0.5531439781188965
0.6444696187973022
0.6303561329841614
0.38616257905960083
0.5419921875
0.4923423230648041
0.6142367124557495
0.4582138657569885
0.43800362944602966
0.3514748811721802
0.44707396626472473
0.3316342830657959
0.6922942996025085
0.6995647549629211
0.5951939821243286
0.321996808052063
0.45049479603767395
0.41005635261535645
0.5329219102859497
0.6305106282234192
0.6315980553627014
0.5934264659881592
0.6137128472328186
0.6668328046798706
0.5523965358734131
0.39194703102111816
0.666487455368042
0.6195018887519836
0.5694259405136108
0.4778699278831482
0.5608674883842468
0.3260865807533264
0.6183187961578369
0.6080671548843384
0.6529102921485901
0.46589016914367676
0.6404959559440613
0.6407557725906372
0.46835824847221375
0.7050439715385437
0.6598674058914185
0.4463084042072296
0.6034839749336243
0.5625054240226746
0.46689361333847046
0.5213831663131714
0.42109405994415283
0.34432482719421387
0.4043959081172943
0.5598272085189819
0.5867023468017578
0.5632913112640381
0.5127580761909485
0.6401627063751221
0.481214702129364
0.6511019468307495
0.812613844871521
0.5914396047592163
0.779289186000824
0.644478440284729
0.6162207722663879
0.4411642849445343
0.5793178081512451
0.516552746295929
0.6636517643928528
0.4870835542678833
0.5279931426048279
0.47686490416526794
0.6776220798492432
0.612036943435669
0.6933855414390564
0.9192134737968445
0.4721625745296478
0.4085557758808136
0.5993994474411011
0.6645930409431458
0.6155982613563538
0.7000236511230469
0.47010430693626404
0.48232680559158325
0.6297082901000977
0.3751141130924225
0.43435412645339966
0.6531858444213867
0.4892100989818573
0.6697962284088135
0.5607465505599976
0.8222838044166565
0.4799780249595642
0.57953941822052
0.745826005935669
0.6642247438430786
0.5197559595108032
0.7239968180656433
0.5242660045623779
0.664296567440033
0.7444835901260376
0.5587669014930725
0.7956310510635376
0.8554084300994873
0.4044056832790375
0.6767675876617432
0.5669023990631104
0.5196453332901001
0.5326992869377136
0.568589985370636
0.4146963655948639
0.8534958958625793
0.7527978420257568
0.5826210379600525
0.45492464303970337
0.6710148453712463
0.6721850633621216
0.3718727231025696
0.5222997665405273
0.6266143321990967
0.628282368183136
0.6826502084732056
0.3629767894744873
0.6556590795516968
0.49109169840812683
0.42500993609428406
0.6317689418792725
0.5455389618873596
0.5011339783668518
0.5013108253479004
0.5398379564285278
0.5107690691947937
0.5526987314224243
0.4237571656703949
0.5326692461967468
0.6074782609939575
0.4841007888317108
0.4027935266494751
0.6572347283363342
0.6084694266319275
0.4071999192237854
0.586225152015686
0.6888166666030884
0.5793420076370239
0.7443937063217163
0.413567453622818
0.5769540071487427
0.3519200384616852
0.46705588698387146
0.6343690156936646
0.6725192666053772
0.7057639360427856
0.6674574017524719
0.55690997838974
0.4487708806991577
0.6819132566452026
0.46654149889945984
0.48508670926094055
0.4173721373081207
0.6152843832969666
0.7452591061592102
0.6360331773757935
0.5656517744064331
0.60208660364151
0.6247285604476929
0.8139374256134033
0.5542539954185486
0.6277996897697449
0.5157908201217651
0.558393657207489
0.606608510017395
0.4922853112220764
0.5720078349113464
0.5538280606269836
0.5134942531585693
0.43948298692703247
0.4277622699737549
0.8354244232177734
0.693690836429596
0.5079945921897888
0.624500036239624
0.5097475051879883
0.5653210878372192
0.36041754484176636
0.6130293607711792
0.6751563549041748
0.38551047444343567
0.5541569590568542
0.47027352452278137
0.4685334265232086
0.5517298579216003
0.540769100189209
0.7211264967918396
0.6600921750068665
0.5589062571525574
0.5858762860298157
0.4602356553077698
0.5639572739601135
0.586024820804596
0.5991332530975342
0.7313638925552368
0.5773863792419434
0.4223761260509491
0.4820725619792938
0.4964146912097931
0.554927408695221
0.5487648248672485
0.595547616481781
0.5180822610855103
0.5820280909538269
0.5544574856758118
0.3134509027004242
0.6324349641799927
0.7087773680686951
0.7734885215759277
0.5265270471572876
0.5176528096199036
0.7235618233680725
0.6906128525733948
0.43593287467956543
0.7882335186004639
0.3614351153373718
0.6300195455551147
0.3967853784561157
0.4798727035522461
0.7280281186103821
1.0284301042556763
0.5465930104255676
0.537449061870575
0.5391048789024353
0.540477991104126
0.5531600713729858
0.43613630533218384
0.648825466632843
0.6255422830581665
0.501600444316864
0.47094404697418213
0.6261849403381348
0.5583117008209229
0.697669267654419
0.7206811308860779
0.7503266334533691
0.630524218082428
0.526404619216919
0.44934001564979553
0.5332093238830566
0.8495402932167053
0.7353664040565491
0.8232299089431763
0.7750188708305359
0.6081388592720032
0.4522188901901245
0.6817309856414795
0.6338982582092285
0.4777895212173462
0.7787765264511108
0.6631556153297424
0.6035375595092773
0.7486106157302856
0.5671116709709167
0.6040616035461426
0.8351286053657532
0.478660523891449
0.7248886823654175
0.7784131169319153
0.42094698548316956
0.7460144758224487
0.5299764275550842
0.49348753690719604
0.5014868974685669
0.7363977432250977
0.5069913268089294
0.4831267297267914
0.7369113564491272
0.4919968247413635
0.7062656879425049
0.5221494436264038
0.6113619208335876
0.5039221048355103
0.33284732699394226
0.3379705250263214
0.6194667816162109
0.39731496572494507
0.4773414134979248
0.5701937079429626
0.6662924289703369
0.6711199879646301
0.6521468162536621
0.5194032192230225
0.5031543970108032
0.5188708305358887
0.5411279201507568
0.7951281070709229
0.615757167339325
0.6657050848007202
0.7450368404388428
0.5894567370414734
0.6773079633712769
0.4986351728439331
0.5547956228256226
0.5973337292671204
0.43484246730804443
0.5077238082885742
0.5479026436805725
0.46618032455444336
0.4646795392036438
0.7923384308815002
0.5871474146842957
0.6854673027992249
0.5596463680267334
0.5772664546966553
0.5100298523902893
0.6659237146377563
0.43408846855163574
0.5800784826278687
0.4362482726573944
0.714752197265625
0.6959453821182251
0.6724216341972351
0.5131105780601501
0.5842386484146118
0.5097379684448242
0.3088463544845581
0.49214139580726624
0.4863136112689972
0.3707403540611267
0.5998919606208801
0.49896061420440674
0.5452191829681396
0.5457364916801453
0.5932390689849854
0.7227301597595215
0.8038877248764038
0.6229890584945679
0.5179298520088196
0.6901861429214478
0.5457481145858765
0.45773229002952576
0.3268820345401764
0.9243808388710022
0.5681160688400269
0.46078750491142273
0.4358024299144745
0.6542791724205017
0.6469017863273621
0.5430851578712463
0.3952406346797943
0.7232736349105835
0.5655527114868164
0.4142121374607086
0.578190803527832
0.42639240622520447
0.6860044002532959
0.4505593180656433
0.3993815779685974
0.5809938311576843
0.5612694621086121
0.5113450884819031
0.6933351159095764
0.5896084308624268
0.44330301880836487
0.6069275140762329
0.6073703765869141
0.5056508183479309
0.6703751683235168
0.5876529812812805
0.756351888179779
0.5942992568016052
0.6145711541175842
0.5001583099365234
0.6130049824714661
0.7130454182624817
0.5825167894363403
0.3152430057525635
0.6223223805427551
0.6336405873298645
0.4654586613178253
0.6643900871276855
0.4887396991252899
0.62474524974823
0.42421549558639526
0.6298880577087402
0.4620342254638672
0.599952757358551
0.49784886837005615
0.4585567116737366
0.6006238460540771
0.4853619933128357
0.7193148136138916
0.7495226860046387
0.6077724695205688
0.7353631854057312
0.5236825346946716
0.4665711224079132
0.6438601016998291
0.6234126091003418
0.654256284236908
0.5320571064949036
0.32131481170654297
0.605292022228241
0.6623916029930115
0.6253726482391357
0.6760275959968567
0.36011937260627747
0.654279351234436
0.5298120379447937
0.5039718747138977
0.5988458395004272
0.7813973426818848
0.7113747596740723
0.4342305660247803
0.4548339545726776
0.6889303922653198
0.46702879667282104
0.52197265625
0.7237805128097534
0.6444060206413269
0.8310254216194153
0.46372750401496887
0.42054352164268494
0.6878488063812256
0.5593475103378296
0.5293829441070557
0.5915576219558716
0.6268156170845032
0.6239566802978516
0.7366420030593872
0.5583388209342957
0.5362216830253601
0.4184277653694153
0.5434694886207581
0.7438204884529114
0.548218846321106
0.3305469751358032
0.419543981552124
0.6830293536186218
0.5782948136329651
0.5750029683113098
0.7125502824783325
0.7393235564231873
0.5695306658744812
0.5139673352241516
0.5358992218971252
0.5524448752403259
0.7687468528747559
0.5876871943473816
0.583003044128418
0.7166237235069275
0.3716154396533966
0.4452659487724304
0.7155131101608276
0.6340550780296326
0.49641257524490356
0.6476038098335266
0.8493037819862366
0.5703429579734802
0.6503741145133972
0.5377931594848633
0.7914638519287109
0.6569200754165649
0.5518420934677124
0.431159645318985
0.6258680820465088
0.46458807587623596
0.6363133788108826
0.33985650539398193
0.6910707950592041
0.47575533390045166
0.42983725666999817
0.48153892159461975
0.5379401445388794
0.3652861714363098
0.5464665293693542
0.6155529022216797
0.6335835456848145
0.5885998606681824
0.7507408261299133
0.5768823027610779
0.6540737152099609
0.4826037585735321
0.6618362069129944
0.6178954839706421
0.2524698078632355
0.7564399838447571
0.43736356496810913
0.4590635895729065
0.5896997451782227
0.8114451766014099
0.6575088500976562
0.45228445529937744
0.6357643604278564
0.466266393661499
0.5216367840766907
0.6946903467178345
0.7368803024291992
0.6093591451644897
0.6375211477279663
0.38695821166038513
0.698203980922699
0.5842679738998413
0.588801383972168
0.5731030702590942
0.5252031683921814
0.6110197901725769
0.5618728995323181
0.5340757369995117
0.6481199264526367
0.38740769028663635
0.5619061589241028
0.4285273253917694
0.5844824314117432
0.6021189093589783
0.6050308346748352
0.4487423002719879
0.5836853981018066
0.6084206104278564
0.6435667276382446
0.5378524661064148
0.840210497379303
0.4177800714969635
0.5259839296340942
0.5975179672241211
0.6262123584747314
0.5057721734046936
0.7636291980743408
0.4498578608036041
0.3974759578704834
0.4861951470375061
0.609757661819458
0.5692086219787598
0.7379425764083862
0.44537845253944397
0.6398916840553284
0.6972873210906982
0.7503293752670288
0.8330974578857422
0.41095471382141113
0.4159207344055176
0.4487834572792053
0.5697269439697266
0.7531212568283081
0.6234689354896545
0.5901249647140503
0.5924647450447083
0.416068434715271
0.47442054748535156
0.5555905103683472
0.48570144176483154
0.5534008741378784
0.5136460661888123
0.6421589851379395
0.3423660099506378
0.6482433080673218
0.5413050055503845
0.44584280252456665
0.5449092388153076
0.524107813835144
0.5851853489875793
0.5908114910125732
0.5165908932685852
0.3996260464191437
0.5735799670219421
0.39933305978775024
0.5797975063323975
0.4609065353870392
0.5018095374107361
0.5275877714157104
0.46268409490585327
0.48931434750556946
0.7190045714378357
0.6385149955749512
0.49241694808006287
0.5666738748550415
0.5273599624633789
0.672736644744873
0.5893394351005554
0.6537634134292603
0.37965598702430725
0.5125901699066162
0.3077513575553894
0.5770628452301025
0.6196072101593018
0.552614688873291
0.644139289855957
0.5357934832572937
0.4506358802318573
0.5308164358139038
0.6307308673858643
0.575878918170929
0.5035460591316223
0.709452211856842
0.6026741862297058
0.4159916639328003
0.5604835152626038
0.28760984539985657
0.5634601712226868
0.5908713936805725
0.5099956393241882
0.47809451818466187
0.5924527645111084
0.5504966974258423
0.5231842398643494
0.4320192039012909
0.6035425662994385
0.7290142774581909
0.6455075740814209
0.5756604075431824
0.41816866397857666
0.5898358821868896
0.5856385231018066
0.777021050453186
0.3957500457763672
0.5821410417556763
0.7000823616981506
0.6959350109100342
0.4400545656681061
0.5235345959663391
0.6765427589416504
0.7064655423164368
0.4830567240715027
0.7049762010574341
0.5346388816833496
0.48678672313690186
0.5792416930198669
0.5071044564247131
0.4339001178741455
0.49543067812919617
0.4481735825538635
0.47611358761787415
0.5911055207252502
0.6136534810066223
0.49591031670570374
0.7054228782653809
0.5439595580101013
0.5974562764167786
0.4698547422885895
0.714736819267273
0.720714807510376
0.4527948796749115
0.4046284556388855
0.6438857913017273
0.4538774788379669
0.6216579079627991
0.8152467608451843
0.7048251628875732
0.4695679247379303
0.5791329145431519
0.5390540361404419
0.602363109588623
0.49586722254753113
0.5142814517021179
0.4960840344429016
0.5290705561637878
0.6342543959617615
0.4257691502571106
0.7779223918914795
0.5947529077529907
0.5209934115409851
0.6267280578613281
0.582971453666687
0.5365586280822754
0.6065749526023865
0.7309033274650574
0.720088005065918
0.9100484251976013
0.7848564982414246
0.6411501169204712
0.4444243311882019
0.7525731325149536
0.45754390954971313
0.5980512499809265
0.6094975471496582
0.5758829712867737
0.7134156227111816
0.667837381362915
0.5918291211128235
0.5880112051963806
0.6304638385772705
0.5372965335845947
0.44375115633010864
0.33611875772476196
0.2936578691005707
0.6848382949829102
0.6749049425125122
0.42211171984672546
0.5128770470619202
0.7498167157173157
0.5750267505645752
0.5375879406929016
0.5127431154251099
0.5760582089424133
0.46902453899383545
0.4917982518672943
0.4498814642429352
0.6355481743812561
0.4617258906364441
0.6739517450332642
0.7561495304107666
0.4666638970375061
0.503525972366333
0.39375048875808716
0.5322045683860779
0.3852015733718872
0.6284283399581909
0.5788066983222961
0.5173016786575317
0.4589003324508667
0.5979248881340027
0.34950533509254456
0.8253663182258606
0.5952303409576416
0.6224702596664429
0.57692950963974
0.4274800419807434
0.8028836846351624
0.6473425030708313
0.33509591221809387
0.5752329230308533
0.7609553933143616
0.4463118314743042
0.7434703707695007
0.6369330883026123
0.44599518179893494
0.6565088033676147
0.6708259582519531
0.579014003276825
0.4713703691959381
0.4330238103866577
0.48256000876426697
0.4476153254508972
0.6981251835823059
0.42066535353660583
0.6686449646949768
0.6149787902832031
0.6324449181556702
0.6134943962097168
0.45464247465133667
0.4319330155849457
0.5714603066444397
0.5846564769744873
0.46179404854774475
0.6705326437950134
0.5588409304618835
0.4331596791744232
0.49152764678001404
0.7014251947402954
0.6445636749267578
0.6000776886940002
0.5309471487998962
0.4887724816799164
0.4270020127296448
0.523904025554657
0.4850408136844635
0.5450410842895508
0.5785013437271118
0.5593832731246948
0.5461815595626831
0.6063527464866638
0.46037009358406067
0.5126674175262451
0.6749750971794128
0.6289888620376587
0.5411287546157837
0.4493175745010376
0.36819881200790405
0.7620569467544556
0.4544091820716858
0.4657059907913208
0.5126938223838806
0.5530286431312561
0.6205094456672668
0.6945746541023254
0.6004168391227722
0.5880157947540283
0.42178577184677124
0.6986337900161743
0.4517245590686798
0.5506149530410767
0.8004095554351807
0.5850353837013245
0.5394127368927002
0.4932575523853302
0.5126296281814575
0.46477437019348145
0.4466409981250763
0.4468952715396881
0.5690938830375671
0.7982994318008423
0.4559634327888489
0.558627724647522
0.5976559519767761
0.6113097071647644
0.34792646765708923
0.5910229086875916
0.5328876376152039
0.5885604619979858
0.6638309955596924
0.5016099214553833
0.6184347867965698
0.6853299140930176
0.644818902015686
0.6236263513565063
0.6133875250816345
0.6240769028663635
0.6104335188865662
0.504835844039917
0.44507232308387756
0.5512245893478394
0.3191854953765869
0.48713764548301697
0.5750616192817688
0.4634374976158142
0.6735873222351074
0.6769329309463501
0.40112951397895813
0.6496760845184326
0.6756808757781982
0.6058157086372375
0.5733032822608948
0.5030096173286438
0.6177125573158264
0.570056140422821
0.7402141690254211
0.629853367805481
0.5853325128555298
0.6400402188301086
0.6201861500740051
0.4476000964641571
0.5773100256919861
0.5909484028816223
0.47276702523231506
0.38356226682662964
0.5616574883460999
0.3674412965774536
0.9722598791122437
0.6100077033042908
0.5026034712791443
0.5534186363220215
0.5912891030311584
0.6417797803878784
0.8536221981048584
0.5332207679748535
0.5589413046836853
0.6189658641815186
0.5779770612716675
0.6140801310539246
0.4653337001800537
0.4811682403087616
0.49499303102493286
0.3850051760673523
0.4540890157222748
0.30289018154144287
0.5632818937301636
0.4488959014415741
0.48544973134994507
0.43519631028175354
0.3616879880428314
0.4440288245677948
0.5484451055526733
0.4997139871120453
0.4747030436992645
0.9211623668670654
0.6768186092376709
0.7086825966835022
0.572788655757904
0.5090563297271729
0.5232933163642883
0.5332704782485962
0.7137807607650757
0.5095214247703552
0.632593035697937
0.4576396644115448
0.6186749339103699
0.6151459813117981
0.7297407984733582
0.44063037633895874
0.545478105545044
0.5257079005241394
0.4369216561317444
0.39063772559165955
0.46754077076911926
0.6925439238548279
0.5296201109886169
0.5083824992179871
0.47267651557922363
0.5450434684753418
0.5654763579368591
0.4057866632938385
0.559440553188324
0.20913656055927277
0.6692516207695007
0.5366367101669312
0.49691522121429443
0.48415255546569824
0.7143663167953491
0.5110193490982056
0.73354172706604
0.6876593828201294
0.5564879775047302
0.5972054600715637
0.6197006702423096
0.6795185208320618
0.5336225032806396
0.36356380581855774
0.4278144836425781
0.37128016352653503
0.6096509695053101
0.33062052726745605
0.7429482340812683
0.6892502903938293
0.36231374740600586
0.4697721004486084
0.42344537377357483
0.5620681643486023
0.4311057925224304
0.7687987089157104
0.6232930421829224
0.663297176361084
0.41080015897750854
0.7137333750724792
0.4002687335014343
0.469259113073349
0.33305346965789795
0.5049127340316772
0.47589215636253357
0.6882562637329102
0.39237913489341736
0.5317069888114929
0.4733019769191742
0.6249926090240479
0.446690171957016
0.627852737903595
0.5343327522277832
0.5039650201797485
0.6725430488586426
0.5043116211891174
0.5464138984680176
0.2583770155906677
0.5756289958953857
0.7077159881591797
0.4844944477081299
0.6624943614006042
0.6703922152519226
0.5873439311981201
0.7766129374504089
0.49164772033691406
0.4689517319202423
0.6069316864013672
0.3438006341457367
0.5314950346946716
0.4344680905342102
0.319816917181015
0.4495450556278229
0.48852381110191345
0.49220627546310425
0.6794524788856506
0.4955974221229553
0.5689243674278259
0.42683130502700806
0.6950875520706177
0.517102837562561
0.5302354097366333
0.49576929211616516
0.577664315700531
0.5205873847007751
0.37528398633003235
0.6035213470458984
0.5603284239768982
0.6571789979934692
0.8002294301986694
0.5836261510848999
0.4600188434123993
0.6778280138969421
0.7658980488777161
0.6788420081138611
0.7065200209617615
0.7181943655014038
0.6505436301231384
0.7992972135543823
0.5534526109695435
0.6555231213569641
0.44152891635894775
0.48604124784469604
0.6047025322914124
0.7433656454086304
0.7200059294700623
0.8841075897216797
0.6683976650238037
0.6184476613998413
0.6441980600357056
0.6642178297042847
0.4291267991065979
0.409067839384079
0.5337986350059509
0.3999840319156647
0.42462074756622314
0.5122973918914795
0.5913938879966736
0.5475115776062012
0.4122896194458008
0.5118145942687988
0.5370072722434998
0.580880343914032
0.7492443323135376
0.3255939781665802
0.4705965220928192
0.612602710723877
0.2913685739040375
0.5957800149917603
0.6133204102516174
0.7084146738052368
0.662516713142395
0.7129312753677368
0.4314486086368561
0.5201129913330078
0.5707847476005554
0.6477192640304565
0.6152631640434265
0.5167673826217651
0.54911869764328
0.48561525344848633
0.515977144241333
0.39973074197769165
0.6465900540351868
0.384176641702652
0.6497646570205688
0.6755617260932922
0.4820816218852997
0.7228103876113892
0.4198288321495056
0.5141236782073975
0.6105823516845703
0.337466835975647
0.5603572130203247
0.48253655433654785
0.5488870143890381
0.5909632444381714
0.5147592425346375
0.47665145993232727
0.6015682816505432
0.5952147245407104
0.45561322569847107
0.6335850954055786
0.450067937374115
0.6254875659942627
0.7465651035308838
0.5339813232421875
0.4956769347190857
0.7661226391792297
0.5410247445106506
0.50113844871521
0.6378381252288818
0.5542376041412354
0.6040078401565552
0.28207412362098694
0.6827642321586609
0.5257483720779419
0.570760190486908
0.736841082572937
0.4601536989212036
0.4078303277492523
0.5307403802871704
0.6125224232673645
0.9523400068283081
0.6921743750572205
0.8728678822517395
0.6021628975868225
0.4774932563304901
0.5520115494728088
0.6801698207855225
0.5643482208251953
0.5091995596885681
0.4746129810810089
0.4585881531238556
0.6352849006652832
0.494161456823349
0.5528210401535034
0.3778848946094513
0.8485167026519775
0.5046495199203491
0.5453197360038757
0.5739339590072632
0.35170304775238037
0.7647309303283691
0.6087707281112671
0.49297845363616943
0.6133534908294678
0.4670516550540924
0.31280142068862915
0.658221423625946
0.4877244234085083
0.6091275811195374
0.43433424830436707
0.48028185963630676
0.24496111273765564
0.4220694601535797
0.5326413512229919
0.5706804990768433
0.6345322728157043
0.6325188875198364
0.36455121636390686
0.5937015414237976
0.5370484590530396
0.5474956035614014
0.44652292132377625
0.5920801758766174
0.5925108194351196
0.4467170834541321
0.546011745929718
0.587584912776947
0.6011294722557068
0.6277028322219849
0.44497913122177124
0.6589289903640747
0.5746613144874573
0.5757782459259033
0.28396958112716675
0.7212924361228943
0.5809882283210754
0.43662357330322266
0.34466296434402466
0.7216426134109497
0.46742522716522217
0.7533765435218811
0.6317191123962402
0.7578369379043579
0.3864549994468689
0.4248139262199402
0.6376698613166809
0.7442684173583984
0.4920935034751892
0.5349632501602173
0.37131014466285706
0.5827293395996094
0.2580140233039856
0.5212387442588806
0.7349485158920288
0.6337536573410034
0.4411887228488922
0.5778521299362183
0.4551256597042084
0.5305536389350891
0.6779791116714478
0.3609831929206848
0.6796411275863647
0.6077125072479248
0.5126283764839172
0.5055720210075378
0.6755602955818176
0.4959920644760132
0.792309045791626
0.41435492038726807
0.8463383316993713
0.6895034313201904
0.4646737277507782
0.4387316107749939
0.5108742713928223
0.6441599726676941
0.5395231246948242
0.7098197340965271
0.5298463106155396
0.9750756621360779
0.5409348607063293
0.5739376544952393
0.5366604328155518
0.5324414968490601
0.3588244318962097
0.5636287927627563
0.6196910738945007
0.6505292654037476
0.5542319416999817
0.46677878499031067
0.6666666865348816
0.42347970604896545
0.4211556017398834
0.48488184809684753
0.5177090764045715
0.5770114660263062
0.5855569839477539
0.4966566860675812
0.6073682904243469
0.6738156676292419
0.4942430853843689
0.567648708820343
0.3988056778907776
0.5253192782402039
0.5851269364356995
0.4827024042606354
0.5580477714538574
0.47958558797836304
0.36920401453971863
0.5532476902008057
0.4053596258163452
0.6706592440605164
0.5900415778160095
0.4677811563014984
0.6639460325241089
0.6716623306274414
0.40052446722984314
0.7440028190612793
0.7451653480529785
0.543592631816864
0.5248986482620239
0.7412125468254089
0.6553499102592468
0.7675909996032715
0.42647606134414673
0.45414671301841736
0.6316962838172913
0.5772572159767151
0.5394151210784912
0.3617504835128784
0.636671781539917
0.6793107986450195
0.4658411741256714
0.7073193192481995
0.48912808299064636
0.509601891040802
0.7315622568130493
0.4271845519542694
0.5312395095825195
0.6418569684028625
0.5343950390815735
0.5313823223114014
0.4418409764766693
0.5528805255889893
0.6458966135978699
0.5907673239707947
0.5307950377464294
0.7581530213356018
0.5973130464553833
0.49031710624694824
0.4945448040962219
0.6382465362548828
0.47825050354003906
0.6404930949211121
0.5927506685256958
0.6739777326583862
0.43732988834381104
0.5160976648330688
0.4669548273086548
0.728289008140564
0.4138414263725281
0.40346741676330566
0.37379470467567444
0.6614735722541809
0.5203704833984375
0.3854163885116577
0.4598062336444855
0.7363395690917969
0.6348825693130493
0.5515968203544617
0.46019822359085083
0.5241939425468445
0.5456264615058899
0.6322365999221802
0.5054952502250671
0.48419296741485596
0.6816093921661377
0.587933361530304
0.5652419328689575
0.7256784439086914
0.7702732086181641
0.6052769422531128
0.592491626739502
0.3522588610649109
0.5084847807884216
0.5399512648582458
0.9538360238075256
0.5457026362419128
0.5696088671684265
0.6283109784126282
0.634205162525177
0.5822126865386963
0.3236694037914276
0.3173064589500427
0.6718563437461853
0.4405990540981293
0.5896008014678955
0.619430661201477
0.5114313960075378
0.6361936330795288
0.6874200105667114
0.4427196979522705
0.4355803430080414
0.5730234980583191
0.5008865594863892
0.5474287867546082
0.5326725840568542
0.506354570388794
0.49425506591796875
0.4193767011165619
0.5946288108825684
0.4342009127140045
0.5717787742614746
0.42411375045776367
0.4698062539100647
0.6043151617050171
0.5370295643806458
0.6143394112586975
0.7427471280097961
0.6492356657981873
0.48024982213974
0.5420700311660767
0.3982587456703186
0.6429459452629089
0.4749339520931244
0.6805525422096252
0.6219870448112488
0.6576691269874573
0.6668080687522888
0.49586546421051025
0.4910846948623657
0.5250549912452698
0.5530603528022766
0.5147683024406433
0.4162575304508209
0.3336607813835144
0.605444073677063
0.4961616098880768
0.5709918141365051
0.41437387466430664
0.481914222240448
0.4495495557785034
0.48377370834350586
0.5092970728874207
0.46491608023643494
0.6680876016616821
0.5952194929122925
0.3846447765827179
0.402133971452713
0.5112329125404358
0.6053708791732788
0.5897496938705444
0.6286624073982239
0.33049827814102173
0.6012461185455322
0.2757517397403717
0.47784215211868286
0.31488192081451416
0.5343843698501587
0.7272550463676453
0.4956035315990448
0.6198397874832153
0.43353623151779175
0.40402793884277344
0.35524776577949524
0.43676745891571045
0.4782802164554596
0.7827277779579163
0.5792661309242249
0.48129990696907043
0.671319305896759
0.6237261891365051
0.5363849401473999
0.6114661693572998
0.46585914492607117
0.6319056153297424
0.6170167922973633
0.6102063059806824
0.3331289291381836
0.5186715126037598
0.697386622428894
0.6087926626205444
0.5442483425140381
0.3999239206314087
0.40076130628585815
0.6045567989349365
0.5167068839073181
0.47162988781929016
0.4853789210319519
0.5425143837928772
0.37181398272514343
0.402382493019104
0.6927216053009033
0.6203473210334778
0.6556060910224915
0.5190412998199463
0.5956712365150452
0.33252382278442383
0.5180585384368896
0.6650304198265076
0.4575091600418091
0.6360591650009155
0.4975169003009796
0.7092832326889038
0.3655183017253876
0.35020899772644043
0.6064682602882385
0.4360230565071106
0.4644702970981598
0.5426343083381653
0.6929280161857605
0.3097112774848938
0.661499559879303
0.5972893834114075
0.7592567801475525
0.6682149171829224
0.6970210671424866
0.37781035900115967
0.5818911194801331
0.6951964497566223
0.6381241083145142
0.5672229528427124
0.457671582698822
0.571864902973175
0.6063100695610046
0.5614060759544373
0.5040839910507202
0.7069569826126099
0.5428109169006348
0.7230865359306335
0.7014978528022766
0.3977016508579254
0.4968872368335724
0.5016612410545349
0.4583987593650818
0.6283416748046875
0.5977828502655029
0.5959513187408447
0.3326590359210968
0.49701449275016785
0.6760193109512329
0.6591378450393677
0.6908242106437683
0.6812648177146912
0.5872209668159485
0.46574586629867554
0.4457395672798157
0.6309004426002502
0.7183777093887329
0.2913304269313812
0.4819931387901306
0.39058297872543335
0.5595288276672363
0.6046927571296692
0.40973877906799316
0.5165516138076782
0.7201523780822754
0.45211362838745117
0.4890836775302887
0.7699300050735474
0.5337003469467163
0.49753785133361816
0.6951534748077393
0.4614965617656708
0.5896034836769104
0.6003665924072266
0.6782530546188354
0.6404948234558105
0.4081488251686096
0.4864918291568756
0.8418242931365967
0.5807973742485046
0.5727239847183228
0.5257535576820374
0.4076324999332428
0.49648070335388184
0.4886395037174225
0.5383313894271851
0.7306690812110901
0.38730454444885254
0.5365274548530579
0.401861310005188
0.6034677624702454
0.5880624055862427
0.4855418801307678
0.4829639196395874
0.5703336000442505
0.4752023220062256
0.6405326128005981
0.5988730192184448
0.37871891260147095
0.8578042387962341
0.5098156929016113
0.6215015053749084
0.48363691568374634
0.7748824954032898
0.5463904142379761
0.4846549332141876
0.5141919851303101
0.5769109725952148
0.442544549703598
0.45895445346832275
0.5979017615318298
0.43475618958473206
0.6191169023513794
0.7184165716171265
0.6851576566696167
0.42905282974243164
0.591301679611206
0.6712372899055481
0.3510354161262512
0.34754514694213867
0.4588445723056793
0.5642291903495789
0.6518795490264893
0.4950765371322632
0.6102418899536133
0.4978097081184387
0.6391119956970215
0.2572799026966095
0.5909131169319153
0.4449925720691681
0.517725944519043
0.40598776936531067
0.6734919548034668
0.3952961564064026
0.7471542954444885
0.4531783163547516
0.43758299946784973
0.7201230525970459
0.5447805523872375
0.5142911076545715
0.5696444511413574
0.37535423040390015
0.7103723883628845
0.30555784702301025
0.5409306883811951
0.3912796974182129
0.5184125304222107
0.47495442628860474
0.5927843451499939
0.5765405893325806
0.8512462377548218
0.4816744327545166
0.6010953783988953
0.6483975648880005
0.6590988636016846
0.4727468490600586
0.8404866456985474
0.5001686811447144
0.5272636413574219
0.4108935296535492
0.6450474262237549
0.4178166091442108
0.6291749477386475
0.629965603351593
0.5633569359779358
0.5002755522727966
0.538373589515686
0.6592571139335632
0.3863624632358551
0.40176668763160706
0.641873300075531
0.47281792759895325
0.5952292084693909
0.3591529130935669
0.5602514743804932
0.8166111707687378
0.5855024456977844
0.42814749479293823
0.5412017107009888
0.7545687556266785
0.4640742540359497
0.49274346232414246
0.544472336769104
0.49644649028778076
0.599494993686676
0.638360321521759
0.5507140159606934
0.5337052345275879
0.6185794472694397
0.4146381616592407
0.570499062538147
0.6197394728660583
0.49528634548187256
0.4236278831958771
0.7512525916099548
0.6641728281974792
0.5449321269989014
0.43902164697647095
0.5453940629959106
0.38771799206733704
0.5580556988716125
0.36952531337738037
0.2890307903289795
0.44919517636299133
0.34277671575546265
0.4116208553314209
0.6339156627655029
0.35668885707855225
0.8200017809867859
0.5823426842689514
0.5218522548675537
0.5414792895317078
0.41238731145858765
0.37292513251304626
0.38060274720191956
0.5716977715492249
0.5914609432220459
0.7026392221450806
0.537624180316925
0.46999794244766235
0.44197729229927063
0.3788907527923584
0.45028039813041687
0.33023327589035034
0.567295253276825
0.4867023825645447
0.670137882232666
0.4958082437515259
0.5199072360992432
0.5710229873657227
0.5619999170303345
0.6612611413002014
0.7718577980995178
0.5849601030349731
0.462988018989563
0.5849341750144958
0.42762860655784607
0.6795540452003479
0.4309922456741333
0.5035336017608643
0.5970770120620728
0.5807156562805176
0.7271835803985596
0.4130373001098633
0.5271710157394409
0.5128610730171204
0.5976452827453613
0.5551761984825134
0.47064781188964844
0.44719263911247253
0.5314260125160217
0.564443051815033
0.623187780380249
0.5853230953216553
0.4767187237739563
0.5142371654510498
0.4641430377960205
0.7431622743606567
0.5331829190254211
0.5089094042778015
0.6154690980911255
0.2761688232421875
0.42726191878318787
0.7094790935516357
0.6177897453308105
0.582459568977356
0.6714280843734741
0.5279762148857117
0.5879921913146973
0.5125432014465332
0.7551556825637817
0.3976175785064697
0.7460153102874756
0.5033684372901917
0.9114376902580261
0.6617156863212585
0.40658169984817505
0.6085875034332275
0.5935705304145813
0.5795646905899048
0.4930558204650879
0.5467987656593323
0.696575403213501
0.6424118280410767
0.6843093037605286
0.5687428116798401
0.3360080122947693
0.5802001953125
0.44746142625808716
0.549892783164978
0.4785298705101013
0.4286574423313141
0.45652684569358826
0.524013340473175
0.4193599820137024
0.648445725440979
0.6152908802032471
0.608393669128418
0.5114550590515137
0.3049127161502838
0.5523838996887207
0.32641980051994324
0.6847469210624695
0.4432789981365204
0.6236242651939392
0.6166642904281616
0.3068285286426544
0.6988253593444824
0.5349289178848267
0.37787359952926636
0.42665764689445496
0.8080588579177856
0.672720730304718
0.4427739381790161
0.5192346572875977
0.4474044144153595
0.4061521589756012
0.5278005599975586
0.5634565949440002
0.43969467282295227
0.6098934412002563
0.3698250651359558
0.5828090906143188
0.48047661781311035
0.5065707564353943
0.5831617712974548
0.5377407073974609
0.43889865279197693
0.43267691135406494
0.5874208211898804
0.451759397983551
0.4479990601539612
0.7471528053283691
0.45720621943473816
0.5486645698547363
0.4025672674179077
0.6372737884521484
0.47558826208114624
0.48531481623649597
0.46344006061553955
0.4477185308933258
0.7861236333847046
0.6001098155975342
0.6381439566612244
0.6851609349250793
0.5852916240692139
0.6831873059272766
0.5626447200775146
0.6013839840888977
0.5593965649604797
0.4815426766872406
0.6662644147872925
0.45240476727485657
0.47651413083076477
0.574066698551178
0.4244059920310974
0.8543446063995361
0.38277819752693176
0.5030038356781006
0.3782727122306824
0.6857638359069824
0.6358763575553894
0.5106264352798462
0.276909202337265
0.4638057053089142
0.41582122445106506
0.5431893467903137
0.5171435475349426
0.5913354158401489
0.5928096771240234
0.5819669365882874
0.5714946985244751
0.3948330283164978
0.3707571029663086
0.6176645755767822
0.5482112169265747
0.49173247814178467
0.46417370438575745
0.5169119238853455
0.5863194465637207
0.5580697655677795
0.42218008637428284
0.4946790933609009
0.6345177292823792
0.6022754311561584
0.4510422646999359
0.5313001871109009
0.6022438406944275
0.6237341165542603
0.4904877245426178
0.6698659658432007
0.6810342669487
0.3980889916419983
0.6828739643096924
0.557635486125946
0.6215203404426575
0.2823493480682373
0.34580960869789124
0.5368269085884094
0.5297765135765076
0.6379963755607605
0.6670330762863159
0.48615002632141113
0.5821844339370728
0.6567162275314331
0.710287868976593
0.401163786649704
0.421761155128479
0.4271024167537689
0.6170108318328857
0.40770918130874634
0.3430647552013397
0.7217537760734558
0.670741856098175
0.6800931692123413
0.7026486396789551
0.5941419005393982
0.7649314999580383
0.40696007013320923
0.3115840554237366
0.5037104487419128
0.5054882764816284
0.4573225975036621
0.401284396648407
0.6588201522827148
0.5033473372459412
0.5633939504623413
0.6502099633216858
0.4233839809894562
0.4632970690727234
0.3691193461418152
0.29743900895118713
0.5198885798454285
0.4280681312084198
0.5870259404182434
0.508590817451477
0.6178708672523499
0.5572711825370789
0.40374210476875305
0.8215321898460388
0.33457085490226746
0.5672038197517395
0.4462285339832306
0.6875805854797363
0.6179295778274536
0.4805375635623932
0.528415858745575
0.5632243156433105
0.5935031175613403
0.4679432511329651
0.5455916523933411
0.5786508917808533
0.4834980368614197
0.67475426197052
0.6076456308364868
0.5181505680084229
0.6119053363800049
0.4308428466320038
0.659181535243988
0.45875170826911926
0.5316745042800903
0.5977791547775269
0.5180279016494751
0.4195599853992462
0.35282015800476074
0.6790555119514465
0.4434056878089905
0.6607588529586792
0.5366085171699524
0.28919801115989685
0.7282108664512634
0.6298186182975769
0.549929141998291
0.5518884062767029
0.4550113379955292
0.4884917140007019
0.5528725385665894
0.4801383316516876
0.5641753077507019
0.551249086856842
0.540592610836029
0.6353752613067627
0.7025565505027771
0.6043716669082642
0.6470900177955627
0.7788518667221069
0.5160435438156128
0.2578262388706207
0.44251003861427307
0.5405561923980713
0.6200079321861267
0.5679857730865479
0.5619497299194336
0.5496528744697571
0.4616948664188385
0.5413310527801514
0.5400574803352356
0.5208680629730225
0.5667781233787537
0.40281951427459717
0.693601131439209
0.5156251192092896
0.7261518239974976
0.3458251655101776
0.3309635519981384
0.4279963970184326
0.486270010471344
0.4810480773448944
0.748904824256897
0.4179268479347229
0.5550206899642944
0.5804373025894165
0.4079815149307251
0.48348963260650635
0.5846269130706787
0.5272138118743896
0.440492182970047
0.7999269962310791
0.5478364825248718
0.4250420928001404
0.6466009020805359
0.5386222004890442
0.5599632263183594
0.5899874567985535
0.5680134296417236
0.5208787322044373
0.39425334334373474
0.3929658830165863
0.6180974841117859
0.5974565744400024
0.5902677774429321
0.4755780100822449
0.44462305307388306
0.6417316198348999
0.6472570300102234
0.6157455444335938
0.6461080312728882
0.35632193088531494
0.4757673442363739
0.6819260120391846
0.36939501762390137
0.4562428891658783
0.544209361076355
0.5618587136268616
0.5655956268310547
0.5868180394172668
0.5419874787330627
0.7267705202102661
0.4496850371360779
0.3625967800617218
0.5642855167388916
0.5049656629562378
0.4850412905216217
0.493412047624588
0.7393140196800232
0.2596087157726288
0.5607588291168213
0.4873664677143097
0.46306586265563965
0.3472025394439697
0.5350557565689087
0.42341071367263794
0.6413493752479553
0.5117154717445374
0.4024530053138733
0.6199036240577698
0.4414772391319275
0.5809731483459473
0.5029643177986145
0.6864314079284668
0.5550560355186462
0.43076229095458984
0.7382415533065796
0.6875068545341492
0.5314698219299316
0.602978527545929
0.6548052430152893
0.5852751135826111
0.669553279876709
0.4497256577014923
0.5055869221687317
0.3721313774585724
0.5562545657157898
0.7246356010437012
0.5947164297103882
0.6343998908996582
0.3764462172985077
0.6617541313171387
0.4972604811191559
0.7747504711151123
0.43546435236930847
0.6552432775497437
0.48468852043151855
0.5463637113571167
0.6292945742607117
0.5087556838989258
0.5557389855384827
0.6983885169029236
0.45169463753700256
0.5779350399971008
0.5940054059028625
0.42092165350914
0.34858623147010803
0.5533224940299988
0.411191463470459
0.698925793170929
0.5212613344192505
0.5049508213996887
0.5795160531997681
0.5362832546234131
0.6345881819725037
0.5351815223693848
0.5558156967163086
0.34647417068481445
0.20128820836544037
0.5233412384986877
0.5340374708175659
0.5170485973358154
0.36416760087013245
0.481302410364151
0.6267380714416504
0.3757399618625641
0.598755419254303
0.44883859157562256
0.5060521960258484
0.5856572985649109
0.48970845341682434
0.654723048210144
0.5099928379058838
0.8225595951080322
0.47581976652145386
0.5038849115371704
0.4095591902732849
0.64063560962677
0.669894814491272
0.3701545000076294
0.5780671834945679
0.5003299713134766
0.4622974991798401
0.4549802541732788
0.4455887973308563
0.4921792447566986
0.5530412197113037
0.5871162414550781
0.7783693075180054
0.43592336773872375
0.6643822193145752
0.7939590811729431
0.6217392683029175
0.858128547668457
0.5333009362220764
0.4429332911968231
0.728743314743042
0.4930022358894348
0.4868021011352539
0.5583722591400146
0.6750608086585999
0.6354127526283264
0.6370039582252502
0.49812185764312744
0.5687028169631958
0.5956181287765503
0.4414854049682617
0.603899359703064
0.5845330357551575
0.6020652651786804
0.5958613157272339
0.5670347809791565
0.7121022939682007
0.6460288166999817
0.6416049599647522
0.6189498901367188
0.5339174270629883
0.5793691277503967
0.4991041123867035
0.6158884763717651
0.5285027027130127
0.5145294666290283
0.598503589630127
0.5262798070907593
0.42037224769592285
0.4711431860923767
0.2878487706184387
0.7250204682350159
0.5931954979896545
0.6724869608879089
0.45552578568458557
0.45684951543807983
0.46568048000335693
0.6786525845527649
0.6074309945106506
0.5316522717475891
0.5498924255371094
0.45389458537101746
0.8229923248291016
0.609793484210968
0.44429004192352295
0.3300098776817322
0.4855320155620575
0.8166474103927612
0.3889150023460388
0.38470032811164856
0.7155919075012207
0.5767163038253784
0.6371975541114807
0.6683104634284973
0.3989703059196472
0.49006807804107666
0.5399954319000244
0.4968135356903076
0.4190032482147217
0.38563328981399536
0.6046563386917114
0.4600951373577118
0.6506515741348267
0.5387176275253296
0.4249579608440399
0.5645533800125122
0.631981372833252
0.4195968508720398
0.8183958530426025
0.6328094601631165
0.6589153409004211
0.46249061822891235
0.42016273736953735
0.5732914805412292
0.41137975454330444
0.651092529296875
0.2668014168739319
0.4628061056137085
0.7122344374656677
0.6030139923095703
0.44786038994789124
0.4553435444831848
0.37242668867111206
0.3987446129322052
0.6021735668182373
0.6919864416122437
0.6792961359024048
0.45138341188430786
0.7165920734405518
0.5759372711181641
0.49564608931541443
0.5385787487030029
0.6411389112472534
0.4253835380077362
0.5215665102005005
0.597234845161438
0.5774123072624207
0.5944885015487671
0.3871501088142395
0.48771095275878906
0.4673711359500885
0.5677503347396851
0.37505823373794556
0.6955989003181458
0.6456394195556641
0.46542343497276306
0.4728808104991913
0.36755549907684326
0.5978879928588867
0.5361027121543884
0.4290732741355896
0.2835780382156372
0.4817017614841461
0.31973201036453247
0.602951169013977
0.4257175624370575
0.38840562105178833
0.46779224276542664
0.6093102693557739
0.5899779796600342
0.43905001878738403
0.39835426211357117
0.6075732707977295
0.4740659296512604
0.6676786541938782
0.5020267367362976
0.4902249276638031
0.46753156185150146
0.32539600133895874
0.6498640775680542
0.6472468376159668
0.36662858724594116
0.48265019059181213
0.4548078775405884
0.5190361142158508
0.44244101643562317
0.5363779664039612
0.5649586319923401
0.5393660068511963
0.29510366916656494
0.6372699737548828
0.5058445930480957
0.5178390741348267
0.4228329062461853
0.46960535645484924
0.39856085181236267
0.6239111423492432
0.39064228534698486
0.5477253198623657
0.725692629814148
0.4720885157585144
0.6873598694801331
0.5815455913543701
0.2882901728153229
0.27624598145484924
0.4398571252822876
0.3889099359512329
0.5000548958778381
0.5140583515167236
0.34279507398605347
0.5495250821113586
0.5944386124610901
0.45411476492881775
0.8050301671028137
0.5597600340843201
0.5087766051292419
0.5708649754524231
0.395481675863266
0.6722716093063354
0.41179654002189636
0.4063425064086914
0.5431796312332153
0.46839866042137146
0.4827708899974823
0.4910406172275543
0.45774850249290466
0.502070963382721
0.285728394985199
0.4399597942829132
0.4785435199737549
0.3804307281970978
0.5449366569519043
0.5660232305526733
0.3947646915912628
0.539289116859436
0.6172180771827698
0.7555434107780457
0.6657387018203735
0.3763159215450287
0.3690953552722931
0.4945085942745209
0.5710746645927429
0.6133267879486084
0.5244737863540649
0.331304132938385
0.4160693287849426
0.21416901051998138
0.6150630712509155
0.6447455286979675
0.6929512023925781
0.7422306537628174
0.6524282693862915
0.5239960551261902
0.5236495137214661
0.5272774696350098
0.5740612745285034
0.41825175285339355
0.43588584661483765
0.680665135383606
0.5927974581718445
0.7102117538452148
0.7594433426856995
0.47234487533569336
0.4877699613571167
0.47144705057144165
0.5084267854690552
0.46477699279785156
0.5178297758102417
0.49963778257369995
0.43546658754348755
0.5247189402580261
0.5715077519416809
0.4373486638069153
0.4419856369495392
0.6388230919837952
0.585954487323761
0.39955300092697144
0.5037586688995361
0.44634658098220825
0.4897514879703522
0.24569901823997498
0.4209270775318146
0.3461236357688904
0.5737028121948242
0.4990023076534271
0.6679931282997131
0.6338881254196167
0.6040372848510742
0.7423413395881653
0.4510163366794586
0.560312807559967
0.5354411602020264
0.5936427712440491
0.5444009304046631
0.6325532793998718
0.4239661395549774
0.7274681329727173
0.32195529341697693
0.8245769143104553
0.3322671353816986
0.6177057027816772
0.3529324531555176
0.4755609631538391
0.28960302472114563
0.6454870104789734
0.4186665415763855
0.4501284658908844
0.3510928153991699
0.4056021571159363
0.4504063129425049
0.7345644235610962
0.6381965279579163
0.7183825373649597
0.6553660035133362
0.6734590530395508
0.536072850227356
0.5806277990341187
0.39353466033935547
0.44683560729026794
0.37016934156417847
0.619633138179779
0.5111051201820374
0.5802134275436401
0.39478543400764465
0.5673984289169312
0.592653214931488
0.49887850880622864
0.4528330862522125
0.38647040724754333
0.41624921560287476
0.6062722206115723
0.551173746585846
0.47436219453811646
0.5528523325920105
0.4536881744861603
0.5533875823020935
0.7857732176780701
0.6248143315315247
0.4745499789714813
0.30329498648643494
0.43949368596076965
0.46547234058380127
0.9133409857749939
0.5826091170310974
0.716974139213562
0.3116655945777893
0.5228986144065857
0.7339120507240295
0.4812995493412018
0.35891374945640564
0.4496397078037262
0.42284759879112244
0.6304550170898438
0.3322637677192688
0.706561803817749
0.44810929894447327
0.45080503821372986
0.6060604453086853
0.5127620697021484
0.5672930479049683
0.6827829480171204
0.5457119345664978
0.7213236093521118
0.4835522174835205
0.6213984489440918
0.5539865493774414
0.536582350730896
0.42503622174263
0.46282798051834106
0.6251118183135986
0.3717474639415741
0.5168726444244385
0.6502952575683594
0.5462838411331177
0.30496206879615784
0.36009836196899414
0.43678683042526245
0.6640607118606567
0.5381126999855042
0.3520342707633972
0.368079274892807
0.4750581979751587
0.609054684638977
0.6028363108634949
0.6092086434364319
0.4389004111289978
0.599249005317688
0.4798552989959717
0.48977747559547424
0.38284698128700256
0.4334500730037689
0.6078557372093201
0.6209372282028198
0.6629250049591064
0.7288450598716736
0.49375098943710327
0.7084661722183228
0.4020638167858124
0.5714515447616577
0.2800639867782593
0.7048117518424988
0.43394914269447327
0.36937981843948364
0.37869203090667725
0.2511553168296814
0.2852843999862671
0.4586600959300995
0.41707590222358704
0.49048662185668945
0.47505202889442444
0.5665760636329651
0.3103174567222595
0.5688226819038391
0.4572903513908386
0.8033772706985474
0.4893583357334137
0.42553791403770447
0.7197384238243103
0.41418203711509705
0.3647611439228058
0.3893447816371918
0.5294156670570374
0.4574817419052124
0.6107217073440552
0.5982441902160645
0.6498277187347412
0.4873945713043213
0.506788432598114
0.35172906517982483
0.6259353160858154
0.5802533030509949
0.3730461299419403
0.4030260443687439
0.5232211351394653
0.6851930618286133
0.3440955877304077
0.36772051453590393
0.4560384154319763
0.7184395790100098
0.503248929977417
0.6000186204910278
0.3216575086116791
0.5630142092704773
0.43363863229751587
0.46655306220054626
0.3893403112888336
0.3912833333015442
0.3105289041996002
0.535004198551178
0.4674416482448578
0.4318382143974304
0.5082782506942749
0.5410787463188171
0.37659430503845215
0.4303067922592163
0.5330032110214233
0.5264154672622681
0.4964146316051483
0.5202924013137817
0.6072121858596802
0.6704036593437195
0.6105542778968811
0.7115903496742249
0.6236482262611389
0.7221094965934753
0.6125760078430176
0.5173035264015198
0.3807564973831177
0.7429893612861633
0.5575205087661743
0.5032076835632324
0.5848783850669861
0.4229724109172821
0.422375351190567
0.41502612829208374
0.3446333706378937
0.5369346141815186
0.6194067597389221
0.5914474725723267
0.4769618511199951
0.32171013951301575
0.34675532579421997
0.6254554986953735
0.412743479013443
0.6540977358818054
0.41650351881980896
0.4215852916240692
0.44842809438705444
0.6635966300964355
0.5830199122428894
0.49246492981910706
0.5223687887191772
0.7916533350944519
0.6553243398666382
0.7217350006103516
0.37664395570755005
0.3835502564907074
0.3324350416660309
0.6024729609489441
0.49745309352874756
0.6493722796440125
0.41712453961372375
0.5400822758674622
0.4671609401702881
0.5540857315063477
0.4542820155620575
0.5976449251174927
0.3529769778251648
0.43260934948921204
0.5596950054168701
0.8271260261535645
0.36363622546195984
0.4447953402996063
0.5791053771972656
0.45026150345802307
0.497696191072464
0.6145527362823486
0.4731816053390503
0.47847840189933777
0.42912405729293823
0.5161952972412109
0.5824769735336304
0.5559674501419067
0.6677225232124329
0.5914545655250549
0.4676421284675598
0.7323811650276184
0.488790363073349
0.521902322769165
0.5911549925804138
0.6722177267074585
0.4239325225353241
0.46078193187713623
0.3582223653793335
0.3516174256801605
0.46628040075302124
0.4468904137611389
0.5016146302223206
0.41710031032562256
0.6250893473625183
0.6232132315635681
0.711747407913208
0.6163076162338257
0.3854725956916809
0.42094457149505615
0.3472910523414612
0.5943856835365295
0.6567971110343933
0.6178561449050903
0.6436738967895508
0.39441442489624023
0.38331106305122375
0.4921669661998749
0.23723359405994415
0.7012010812759399
0.3706631064414978
0.5070658922195435
0.4425480365753174
0.49969881772994995
0.6618887186050415
0.40017083287239075
0.7342640161514282
0.2786746323108673
0.614629328250885
0.6788356900215149
0.33430054783821106
0.45243343710899353
0.5769596695899963
0.3879985809326172
0.6058018207550049
0.6192747354507446
0.5144637823104858
0.44667375087738037
0.5268872380256653
0.5731423497200012
0.4585292935371399
0.575950562953949
0.5429897904396057
0.8157535791397095
0.7679479122161865
0.37403157353401184
0.7257097363471985
0.3627612590789795
0.45498719811439514
0.4347987771034241
0.4273027181625366
0.4467964768409729
0.7713525891304016
0.6670178174972534
0.545557975769043
0.46958568692207336
0.5810080170631409
0.5756934285163879
0.5295292735099792
0.5358373522758484
0.5812838077545166
0.5643327236175537
0.5404942035675049
0.6565041542053223
0.5173739194869995
0.788324236869812
0.6547595262527466
0.4442247748374939
0.5401652455329895
0.5198495984077454
0.464140385389328
0.45991116762161255
0.4493684768676758
0.3772624433040619
0.5347521305084229
0.6982740163803101
0.4491080641746521
0.4376359283924103
0.528654932975769
0.5162333846092224
0.6822583079338074
0.6436977982521057
0.39329275488853455
0.3927464187145233
0.4973524808883667
0.6467530131340027
0.7079852819442749
0.559727132320404
0.6151300668716431
0.5374338030815125
0.7037542462348938
0.43883880972862244
0.5409730672836304
0.5022506713867188
0.4143548905849457
0.5591684579849243
0.442663311958313
0.5837479829788208
0.37056848406791687
0.5358099937438965
0.6656040549278259
0.4861268699169159
0.3900614082813263
0.5550757646560669
0.6480751633644104
0.4599670171737671
0.3006952702999115
0.5018702745437622
0.47236546874046326
0.5951547026634216
0.7512317299842834
0.42094603180885315
0.5026551485061646
0.42183876037597656
0.3869518041610718
0.6682076454162598
0.48305433988571167
0.5054200887680054
0.552430272102356
0.5737144947052002
0.5034506320953369
0.5539040565490723
0.43334633111953735
0.6382490992546082
0.4743996858596802
0.5016734600067139
0.43642231822013855
0.7267083525657654
0.4602125287055969
0.5438463091850281
0.44571617245674133
0.49124762415885925
0.4513205289840698
0.6274592876434326
0.6370266675949097
0.5712431073188782
0.37975120544433594
0.5520613789558411
0.6046640276908875
0.4516144096851349
0.6468243598937988
0.655038595199585
0.4435623586177826
0.4065447449684143
0.26457974314689636
0.4330165386199951
0.27064409852027893
0.5428429245948792
0.46502870321273804
0.416002482175827
0.624018669128418
0.468214750289917
0.3994311988353729
0.42624732851982117
0.5052418112754822
0.45476043224334717
0.4786115288734436
0.49655860662460327
0.7265674471855164
0.5367024540901184
0.4641270339488983
0.6345833539962769
0.6051796078681946
0.7741225957870483
0.6305249929428101
0.7644789814949036
0.5274596810340881
0.4622952938079834
0.5041554570198059
0.5317020416259766
0.6213196516036987
0.39515233039855957
0.5669947862625122
0.3279199004173279
0.5453792810440063
0.3429405689239502
0.44161027669906616
0.5485037565231323
0.4170576333999634
0.591073751449585
0.5445697903633118
0.8600452542304993
0.5716710090637207
0.5244180560112
0.6045830845832825
0.6551346778869629
0.6366536617279053
0.6006506681442261
0.46774864196777344
0.5977537631988525
0.4689384996891022
0.5089696645736694
0.6102314591407776
0.4213787317276001
0.4328495264053345
0.5858505368232727
0.5182104110717773
0.3461633026599884
0.32695332169532776
0.2665030360221863
0.6008170247077942
0.4332321584224701
0.5122355818748474
0.4233788847923279
0.5300239324569702
0.6035919189453125
0.6288464069366455
0.6190820336341858
0.39458414912223816
0.5910925269126892
0.5658693909645081
0.5405197143554688
0.4460024833679199
0.48881760239601135
0.5361979603767395
0.5230671167373657
0.5073888301849365
0.47109800577163696
0.33705514669418335
0.45487695932388306
0.47439542412757874
0.4243803322315216
0.32034391164779663
0.5222429037094116
0.5932177305221558
0.38420766592025757
0.3444613516330719
0.6816023588180542
0.5060849189758301
0.6372631788253784
0.5116236209869385
0.4299330413341522
0.5423106551170349
0.4008641839027405
0.43223837018013
0.7853078246116638
0.607070803642273
0.4161597788333893
0.2764454483985901
0.4187203049659729
0.5863443613052368
0.6676974892616272
0.39847368001937866
0.40680480003356934
0.743399977684021
0.49751824140548706
0.3968600928783417
0.4221562147140503
0.5702744722366333
0.4204317331314087
0.39471831917762756
0.36880072951316833
0.6078149080276489
0.4041009545326233
0.4740760326385498
0.36714687943458557
0.5566385388374329
0.4832013249397278
0.2917636036872864
0.574633777141571
0.5047553181648254
0.43134456872940063
0.41166502237319946
0.40054091811180115
0.4180673360824585
0.4260813593864441
0.6260972023010254
0.43767932057380676
0.6241292357444763
0.4583824574947357
0.44490230083465576
0.34172576665878296
0.5250099897384644
0.35462871193885803
0.5341757535934448
0.6500760316848755
0.7457934021949768
0.47137147188186646
0.41892972588539124
0.4593290388584137
0.37187209725379944
0.3838884234428406
0.5250995755195618
0.5569904446601868
0.36008739471435547
0.678675651550293
0.48346808552742004
0.5880227088928223
0.5315930247306824
0.6060232520103455
0.502242922782898
0.5092082023620605
0.5254231691360474
0.6954237818717957
0.5186953544616699
0.7135432958602905
0.5884183645248413
0.48993590474128723
0.4990158677101135
0.6098318099975586
0.2536180019378662
0.3989690840244293
0.6637892723083496
0.4537877142429352
0.34817734360694885
0.37310338020324707
0.43660199642181396
0.4574669897556305
0.4699546992778778
0.5458143949508667
0.5711299180984497
0.3519548773765564
0.5212804675102234
0.4180713891983032
0.45377033948898315
0.33740514516830444
0.5046656131744385
0.4089008867740631
0.2593531012535095
0.46515896916389465
0.25908899307250977
0.4636603891849518
0.6539592742919922
0.554503321647644
0.39027485251426697
0.5933859944343567
0.5570685267448425
0.48571521043777466
0.6089363694190979
0.5374411344528198
0.5437676906585693
0.5848063230514526
0.5837196707725525
0.44699376821517944
0.7509175539016724
0.5471910238265991
0.4188687205314636
0.4828203022480011
0.462924063205719
0.5249840617179871
0.6375027894973755
0.6354184150695801
0.5099099278450012
0.771537721157074
0.34439536929130554
0.548191487789154
0.6398898959159851
0.5721937417984009
0.41822630167007446
0.41382500529289246
0.4962516725063324
0.6106961965560913
0.6383439302444458
0.28504881262779236
0.5970317125320435
0.6289739608764648
0.6621068716049194
0.5119524002075195
0.6709116697311401
0.5259633660316467
0.34979039430618286
0.47779738903045654
0.48922261595726013
0.46647873520851135
0.5770310759544373
0.4302780032157898
0.5864877700805664
0.40689921379089355
0.491792768239975
0.5375295877456665
0.31399843096733093
0.3798728287220001
0.5245989561080933
0.5715980529785156
0.4933447241783142
0.4865987300872803
0.6401471495628357
0.3607928156852722
0.4805048108100891
0.4680624306201935
0.48499545454978943
0.6008517146110535
0.4740198254585266
0.42249423265457153
0.2558036744594574
0.623362123966217
0.4694840610027313
0.7232481241226196
0.6348041296005249
0.610113263130188
0.6057127714157104
0.4580572247505188
0.4632904827594757
0.7031648755073547
0.5068960189819336
0.5373042225837708
0.4130704700946808
0.7356500029563904
0.46453580260276794
0.3780023753643036
0.6301004886627197
0.42417988181114197
0.4421568214893341
0.36339086294174194
0.5939366221427917
0.5515637397766113
0.6295908689498901
0.3451941907405853
0.6750558018684387
0.40592798590660095
0.5589390993118286
0.5085175633430481
0.6105191707611084
0.5407994389533997
0.607358455657959
0.5373971462249756
0.5271931886672974
0.4595972001552582
0.5054754614830017
0.6128686666488647
0.5970765352249146
0.45930472016334534
0.5977799296379089
0.5233749747276306
0.4854050874710083
0.45346954464912415
0.4371388554573059
0.44004443287849426
0.8635026812553406
0.4914512634277344
0.5525427460670471
0.5387208461761475
0.5610831379890442
0.5470850467681885
0.39353641867637634
0.4420294761657715
0.40579354763031006
0.5378296375274658
0.5010587573051453
0.6605640053749084
0.5233982801437378
0.5836191177368164
0.5661824345588684
0.33278679847717285
0.6025505065917969
0.5367159843444824
0.4877578020095825
0.6215499043464661
0.5706591010093689
0.5782175064086914
0.5141369700431824
0.6580173373222351
0.6354514956474304
0.30602020025253296
0.6710658073425293
0.4365447461605072
0.6245443820953369
0.4716925024986267
0.4684532880783081
0.5522334575653076
0.5422114729881287
0.6361988186836243
0.3544338345527649
0.49688979983329773
0.5129196643829346
0.31105875968933105
0.2996560037136078
0.5602220892906189
0.4419320821762085
0.5856835842132568
0.5452535152435303
0.6447343230247498
0.5255981087684631
0.44457393884658813
0.5422613620758057
0.4862982928752899
0.43073880672454834
0.5465149879455566
0.4767868220806122
0.6594476103782654
0.3531259596347809
0.48109808564186096
0.27671104669570923
0.7007755041122437
0.5295156836509705
0.41975048184394836
0.378617525100708
0.4893292784690857
0.4145745635032654
0.7659245133399963
0.6258480548858643
0.33689409494400024
0.6998913884162903
0.44922545552253723
0.5693162679672241
0.4670550525188446
0.4210950434207916
0.6571888327598572
0.38558411598205566
0.3265902101993561
0.3705992102622986
0.5608898401260376
0.654913067817688
0.5364981293678284
0.39257875084877014
0.5951765775680542
0.7023423314094543
0.4106220602989197
0.4459131062030792
0.31655874848365784
0.45290619134902954
0.5293962359428406
0.5872063040733337
0.5969489812850952
0.429919570684433
0.44341784715652466
0.5962740182876587
0.40639597177505493
0.48491835594177246
0.31864580512046814
0.4508296549320221
0.5377792716026306
0.3679083287715912
0.7196184396743774
0.7192769646644592
0.5595732927322388
0.5139174461364746
0.36225229501724243
0.3999440371990204
0.3884779214859009
0.5536057949066162
0.4558180868625641
0.5785270929336548
0.5461215376853943
0.5879058241844177
0.32266882061958313
0.5087571740150452
0.33390012383461
0.5372296571731567
0.4141616225242615
0.3712429702281952
0.5110329985618591
0.6536145210266113
0.5109866857528687
0.34756213426589966
0.47847744822502136
0.4284510910511017
0.4592300057411194
0.5487019419670105
0.6193976998329163
0.6234577894210815
0.5569767951965332
0.4239289462566376
0.6186035871505737
0.358875572681427
0.3934665620326996
0.5422486662864685
0.535625159740448
0.29029375314712524
0.4703317880630493
0.5758652687072754
0.5799028277397156
0.542779266834259
0.40818431973457336
0.40537527203559875
0.4987090826034546
0.5103554725646973
0.4673773944377899
0.38020870089530945
0.6276234984397888
0.4676841199398041
0.6153285503387451
0.40886324644088745
0.44014695286750793
0.5149223804473877
0.34580618143081665
0.5801891088485718
0.6464851498603821
0.6390796899795532
0.4528142213821411
0.4151701033115387
0.5016523003578186
0.5657169818878174
0.6160569190979004
0.22649355232715607
0.4043929874897003
0.544691801071167
0.5437759757041931
0.5120068788528442
0.5719509720802307
0.36725497245788574
0.48795345425605774
0.5443752408027649
0.7221250534057617
0.432478129863739
0.4287105202674866
0.6746302843093872
0.4710383117198944
0.4108354151248932
0.5825194120407104
0.5802686214447021
0.6070587635040283
0.3869404196739197
0.4095149636268616
0.6932787299156189
0.6511649489402771
0.5222693681716919
0.36936476826667786
0.5134759545326233
0.41875091195106506
0.5313721299171448
0.4907141923904419
0.3157147765159607
0.6575915813446045
0.3308526873588562
0.48607388138771057
0.40450528264045715
0.3728638291358948
0.45662039518356323
0.4128265082836151
0.5911827683448792
0.474791020154953
0.47794684767723083
0.567607045173645
0.4325965344905853
0.6209829449653625
0.35144397616386414
0.5719347596168518
0.48424163460731506
0.46041280031204224
0.4484672546386719
0.7893076539039612
0.3073262572288513
0.6861523389816284
0.6354506015777588
0.5953125953674316
0.5628491640090942
0.42027339339256287
0.5300518870353699
0.32808393239974976
0.2932108938694
0.5863965153694153
0.4266597032546997
0.5716145038604736
0.4627631902694702
0.8330604434013367
0.4786878824234009
0.35034242272377014
0.4232112765312195
0.41285014152526855
0.4250714182853699
0.5937359929084778
0.3766709864139557
0.5754984617233276
0.5789704918861389
0.369858056306839
0.6346129179000854
0.5339853763580322
0.6854076385498047
0.5075745582580566
0.47638729214668274
0.4139154553413391
0.6333416104316711
0.4657834470272064
0.7112584710121155
0.3842553496360779
0.5146878361701965
0.6191142201423645
0.8037357330322266
0.6172448396682739
0.4376267194747925
0.48050570487976074
0.24695809185504913
0.5536783933639526
0.5471607446670532
0.4086768627166748
0.5125074982643127
0.5446256995201111
0.6348684430122375
0.8413792848587036
0.41379284858703613
0.6662196516990662
0.37487202882766724
0.4663585126399994
0.6203164458274841
0.481574684381485
0.33777663111686707
0.5868433117866516
0.4199160635471344
0.4341471791267395
0.3954881727695465
0.4408988654613495
0.5608062744140625
0.44519010186195374
0.4537317454814911
0.6013662219047546
0.5563458800315857
0.7195273041725159
0.38280096650123596
0.4522724747657776
0.4136683940887451
0.8048275709152222
0.6659704446792603
0.5071901082992554
0.45605841279029846
0.5121741890907288
0.5357435941696167
0.5897960066795349
0.3672178089618683
0.6664497256278992
0.34703969955444336
0.5128572583198547
0.41823431849479675
0.5963444113731384
0.6253241896629333
0.5817714929580688
0.645297646522522
0.35306239128112793
0.583635687828064
0.49243810772895813
0.35675936937332153
0.3931286334991455
0.3463245928287506
0.5289270877838135
0.46621230244636536
0.46120113134384155
0.6558451652526855
0.43494927883148193
0.33543145656585693
0.48427680134773254
0.4280744194984436
0.5273029804229736
0.48282110691070557
0.2850431799888611
0.41843557357788086
0.3126492202281952
0.72307950258255
0.5070675611495972
0.6980000138282776
0.5544952154159546
0.5444426536560059
0.4294573962688446
0.6626017093658447
0.3609119951725006
0.5317617058753967
0.4549473822116852
0.41833144426345825
0.5278653502464294
0.33316874504089355
0.5385386943817139
0.5742045044898987
0.513691246509552
0.4111253023147583
0.5214227437973022
0.47727254033088684
0.5523579120635986
0.4490932822227478
0.48934462666511536
0.5368415713310242
0.6020936369895935
0.6535018682479858
0.42187732458114624
0.6977033019065857
0.432035356760025
0.5290961265563965
0.3271960914134979
0.43141669034957886
0.7148815989494324
0.5329930782318115
0.39999711513519287
0.5676583051681519
0.7263633012771606
0.425157368183136
0.3587123155593872
0.60357666015625
0.5628666281700134
0.4023509919643402
0.4871633052825928
0.3091908097267151
0.33348846435546875
0.5817254185676575
0.5024334788322449
0.4160609543323517
0.3996242880821228
0.30083057284355164
0.4269862473011017
0.606353759765625
0.5222858190536499
0.4366358816623688
0.6751616597175598
0.6731688380241394
0.4589948356151581
0.508483350276947
0.5941785573959351
0.37643399834632874
0.6517988443374634
0.5171618461608887
0.44744873046875
0.6231974959373474
0.6451495885848999
0.4184660315513611
0.43770912289619446
0.508245587348938
0.6130840182304382
0.7307303547859192
0.7071373462677002
0.4329524636268616
0.3726442754268646
0.5823976993560791
0.3836210072040558
0.6059542298316956
0.6527348756790161
0.5353094935417175
0.7169075608253479
0.35501039028167725
0.4652731418609619
0.4286114573478699
0.4966188371181488
0.37358558177948
0.5254353284835815
0.5470417737960815
0.5967065095901489
0.5168703198432922
0.6212854385375977
0.5521798133850098
0.7112191915512085
0.5227480530738831
0.4151350259780884
0.4907224178314209
0.41564613580703735
0.3421478271484375
0.46470871567726135
0.5885254740715027
0.4880344867706299
0.6868324279785156
0.4083719253540039
0.5817504525184631
0.595045804977417
0.4175308644771576
0.39137330651283264
0.34488406777381897
0.5557160377502441
0.43050628900527954
0.5526807904243469
0.6755713224411011
0.5549247860908508
0.38534700870513916
0.6347508430480957
0.6938697695732117
0.4203351140022278
0.43686097860336304
0.5294349193572998
0.4546780288219452
0.5747075080871582
0.34238651394844055
0.45733869075775146
0.4879954755306244
0.30324986577033997
0.8287481069564819
0.4141971170902252
0.5306410193443298
0.3512337803840637
0.5066171288490295
0.4677502512931824
0.4212951064109802
0.3735940456390381
0.2649714946746826
0.322603315114975
0.43943971395492554
0.4480031728744507
0.4144423305988312
0.4031645655632019
0.4265540838241577
0.48137781023979187
0.2605980634689331
0.3819521963596344
0.5289319753646851
0.5549349784851074
0.440545916557312
0.3368467092514038
0.5503066778182983
0.4288873076438904
0.3858245313167572
0.5961264967918396
0.5576813220977783
0.5758283734321594
0.48730677366256714
0.3884463608264923
0.25601357221603394
0.5685058236122131
0.4545803368091583
0.4635378122329712
0.7678160667419434
0.4771319031715393
0.6048006415367126
0.4373962879180908
0.49087515473365784
0.667899489402771
0.5344031453132629
0.5290626287460327
0.667514979839325
0.5177305936813354
0.3745558559894562
0.3182404935359955
0.5910946130752563
0.7816209197044373
0.39799314737319946
0.43691444396972656
0.4250076711177826
0.34898656606674194
0.6128526329994202
0.5610479116439819
0.46108272671699524
0.5917260050773621
0.36135104298591614
0.48870348930358887
0.4353530704975128
0.45303264260292053
0.5682709217071533
0.4075982868671417
0.3860071301460266
0.5467875599861145
0.45539456605911255
0.4685826897621155
0.4746131896972656
0.5386584997177124
0.355272501707077
0.4265446066856384
0.6094441413879395
0.3622016906738281
0.4183478057384491
0.6797710657119751
0.6618006825447083
0.6038923263549805
0.450077086687088
0.6847084164619446
0.522722601890564
0.6067090034484863
0.5177901983261108
0.5275707840919495
0.3654315769672394
0.5113973021507263
0.4873770773410797
0.6860331296920776
0.5948496460914612
0.6995328664779663
0.6730879545211792
0.49214860796928406
0.46046555042266846
0.4371700882911682
0.38157129287719727
0.607505202293396
0.4866665005683899
0.3362392783164978
0.47958794236183167
0.5131899118423462
0.5182197093963623
0.5224159359931946
0.3055415451526642
0.4597552418708801
0.5168406963348389
0.6711582541465759
0.6758534908294678
0.523189902305603
0.6523339152336121
0.5022534728050232
0.4581972360610962
0.44757336378097534
0.3972349762916565
0.6914664506912231
0.4549025595188141
0.44380179047584534
0.46106383204460144
0.5529583692550659
0.44158679246902466
0.3762151002883911
0.34705549478530884
0.6327316164970398
0.5022140741348267
0.3230421543121338
0.43823832273483276
0.659379780292511
0.5098686218261719
0.5189945697784424
0.47133076190948486
0.43207040429115295
0.49696049094200134
0.34716981649398804
0.6297735571861267
0.4217393398284912
0.4713495075702667
0.5741041302680969
0.5092155337333679
0.4382721185684204
0.46371421217918396
0.5637083649635315
0.7160139083862305
0.585040807723999
0.4577692449092865
0.340781569480896
0.4796680510044098
0.5286961197853088
0.7133820056915283
0.39281710982322693
0.5350494980812073
0.5877578854560852
0.3528570830821991
0.7124013304710388
0.3906534016132355
0.48450279235839844
0.36787742376327515
0.4648102819919586
0.6742261648178101
0.3291175961494446
0.4786422848701477
0.28712013363838196
0.31371814012527466
0.5152145028114319
0.6171576380729675
0.275884211063385
0.48996204137802124
0.6049494743347168
0.3355621099472046
0.6914066672325134
0.3594483733177185
0.6246791481971741
0.3904735743999481
0.45247602462768555
0.5800773501396179
0.5255980491638184
0.4363167881965637
0.5817923545837402
0.4913331866264343
0.503504753112793
0.5221126675605774
0.42358535528182983
0.5987765192985535
0.4404529631137848
0.452606201171875
0.5011159181594849
0.6518711447715759
0.41793134808540344
0.39239323139190674
0.5276883244514465
0.5613884925842285
0.594379186630249
0.5092106461524963
0.5653680562973022
0.5570619702339172
0.5781400799751282
0.4672480523586273
0.4853408932685852
0.45735424757003784
0.31920546293258667
0.625948429107666
0.5017938613891602
0.35962334275245667
0.2814066410064697
0.34866419434547424
0.48898062109947205
0.5359509587287903
0.6214190721511841
0.4984948933124542
0.5157126188278198
0.5400550961494446
0.3939030170440674
0.6724958419799805
0.38821497559547424
0.44917261600494385
0.5186796188354492
0.41835832595825195
0.41204291582107544
0.6666355133056641
0.5097110271453857
0.5072861313819885
0.349956214427948
0.5077341794967651
0.4248662292957306
0.43949341773986816
0.5811240077018738
0.5968201160430908
0.48728513717651367
0.38915830850601196
0.4334910809993744
0.2941744923591614
0.3679531216621399
0.40481528639793396
0.5139708518981934
0.5498911738395691
0.5419946312904358
0.5308985114097595
0.43768566846847534
0.4893736243247986
0.405129611492157
0.37258753180503845
0.49341922998428345
0.3705456554889679
0.582088053226471
0.39053627848625183
0.4826233685016632
0.4798870086669922
0.37773072719573975
0.5787166953086853
0.38485661149024963
0.6644825339317322
0.6455898880958557
0.26476332545280457
0.5368670225143433
0.5585324168205261
0.625608503818512
0.3145652413368225
0.8154582381248474
0.5278773903846741
0.5390974283218384
0.5396718382835388
0.5826365351676941
0.4360368847846985
0.3888835608959198
0.35125744342803955
0.47566738724708557
0.4590788781642914
0.5641850233078003
0.42622053623199463
0.49180543422698975
0.46715253591537476
0.5855973362922668
0.34326091408729553
0.5061423778533936
0.46978965401649475
0.3727394938468933
0.5824916362762451
0.4489423334598541
0.4614603817462921
0.4682532250881195
0.6416178941726685
0.5523644685745239
0.4363956153392792
0.5001637935638428
0.5385863780975342
0.4733457565307617
0.39207205176353455
0.5795405507087708
0.5183570384979248
0.4601317048072815
0.4910845458507538
0.6493245959281921
0.4430958032608032
0.4252795875072479
0.6987568140029907
0.3235023617744446
0.5359812378883362
0.7284849882125854
0.4243817627429962
0.40648362040519714
0.5887880325317383
0.4507457911968231
0.4803439974784851
0.38042882084846497
0.4000853896141052
0.5887517929077148
0.4694891571998596
0.440918505191803
0.7033441662788391
0.34916460514068604
0.514406681060791
0.42389798164367676
0.3604315519332886
0.4751562178134918
0.5745664834976196
0.6867994070053101
0.37020254135131836
0.6112675070762634
0.36149436235427856
0.5199218392372131
0.5324302315711975
0.5505182147026062
0.6228324174880981
0.5612428784370422
0.6082240343093872
0.6521538496017456
0.4192720055580139
0.44250673055648804
0.3294699192047119
0.5549087524414062
0.33017972111701965
0.5015115737915039
0.4291529357433319
0.46519625186920166
0.35031479597091675
0.36546024680137634
0.4085996747016907
0.37857532501220703
0.41779592633247375
0.5037378072738647
0.39203253388404846
0.4255691170692444
0.5382587313652039
0.4256795644760132
0.5296276807785034
0.41711556911468506
0.3682466149330139
0.5025105476379395
0.5536240339279175
0.5721267461776733
0.4930373728275299
0.4081863760948181
0.45225825905799866
0.39860567450523376
0.30242007970809937
0.293424516916275
0.602039635181427
0.37291476130485535
0.7794908285140991
0.4163457155227661
0.5481849312782288
0.37088558077812195
0.36948686838150024
0.4125346839427948
0.574010968208313
0.6653483510017395
0.3689393997192383
0.3854089081287384
0.5481113195419312
0.5196528434753418
0.40887463092803955
0.5325747728347778
0.43307027220726013
0.49464645981788635
0.4516283869743347
0.440341591835022
0.5735339522361755
0.24324043095111847
0.4097471535205841
0.4330334961414337
0.43891552090644836
0.49207207560539246
0.5038368105888367
0.573275089263916
0.6554283499717712
0.45965880155563354
0.5392157435417175
0.45096635818481445
0.5478591918945312
0.7724061012268066
0.4043378233909607
0.4563104212284088
0.41117504239082336
0.49526646733283997
0.3247835636138916
0.7044485807418823
0.5267007350921631
0.2671377956867218
0.48464435338974
0.6472671627998352
0.2865362763404846
0.616300642490387
0.294241726398468
0.7580782175064087
0.33101704716682434
0.5287639498710632
0.3960384428501129
0.5397330522537231
0.47990837693214417
0.4736427366733551
0.7161862850189209
0.42974653840065
0.392389178276062
0.46923577785491943
0.5601303577423096
0.34423238039016724
0.5253342390060425
0.5324195623397827
0.6431628465652466
0.6480457782745361
0.4940296411514282
0.5817822217941284
0.48350200057029724
0.28244999051094055
0.28184616565704346
0.4316943287849426
0.42914682626724243
0.5122432708740234
0.24188797175884247
0.688757598400116
0.34778234362602234
0.6088765859603882
0.39931467175483704
0.5316264629364014
0.26179882884025574
0.551125168800354
0.4817531108856201
0.4727446436882019
0.37678003311157227
0.38916707038879395
0.3732081651687622
0.3710286319255829
0.4621111750602722
0.3794420063495636
0.6885475516319275
0.4975419044494629
0.6275845766067505
0.4763628840446472
0.3782428205013275
0.5194624662399292
0.43132588267326355
0.6544411182403564
0.4506155848503113
0.8130121827125549
0.6132180094718933
0.3402474820613861
0.41044631600379944
0.5285137295722961
0.6077717542648315
0.7779467701911926
0.350909948348999
0.4664243161678314
0.4188019335269928
0.45266246795654297
0.48151057958602905
0.5642957091331482
0.5297146439552307
0.5913295149803162
0.4187122583389282
0.4565233588218689
0.4029833674430847
0.34445032477378845
0.4140312075614929
0.5977962613105774
0.6149160265922546
0.533449113368988
0.6814035773277283
0.7260143756866455
0.5135893821716309
0.3795712888240814
0.45325493812561035
0.5992484092712402
0.36028653383255005
0.49438750743865967
0.46547257900238037
0.5000771880149841
0.4762563705444336
0.7138031721115112
0.32719099521636963
0.6486156582832336
0.5570465922355652
0.47742995619773865
0.45952269434928894
0.4226718544960022
0.3695356547832489
0.46178290247917175
0.38006988167762756
0.2617761492729187
0.21906094253063202
0.3663679361343384
0.45422789454460144
0.24270743131637573
0.3584396243095398
0.550610363483429
0.3553503155708313
0.7211355566978455
0.6700524687767029
0.4391864240169525
0.37394100427627563
0.2911994159221649
0.47562405467033386
0.4863443672657013
0.48390522599220276
0.4971269965171814
0.35723572969436646
0.5995215177536011
0.3788509666919708
0.3772488832473755
0.3663511872291565
0.6703361868858337
0.45509397983551025
0.3868374228477478
0.5622324347496033
0.29484042525291443
0.3035324215888977
0.4738738536834717
0.48877692222595215
0.44760969281196594
0.6042104959487915
0.5621039867401123
0.5278418660163879
0.49399733543395996
0.6082199215888977
0.5221205949783325
0.5175741314888
0.4603113830089569
0.48394447565078735
0.6831853985786438
0.26934826374053955
0.3465024530887604
0.48569151759147644
0.46967777609825134
0.634714663028717
0.5864664316177368
0.30490821599960327
0.5534877777099609
0.5044090151786804
0.4232192933559418
0.724265456199646
0.6637994050979614
0.6255252957344055
0.5540311336517334
0.3843490183353424
0.3482055366039276
0.3715258240699768
0.523432731628418
0.6126441955566406
0.5330135226249695
0.620840311050415
0.531279981136322
0.5399124026298523
0.5927671790122986
0.34434396028518677
0.34734734892845154
0.4215405583381653
0.5484033823013306
0.42855533957481384
0.405902624130249
0.4337623417377472
0.45195648074150085
0.4706438183784485
0.4186844825744629
0.4454185664653778
0.5345072746276855
0.5870873928070068
0.6306248307228088
0.47353535890579224
0.6149947643280029
0.5290231108665466
0.40340709686279297
0.6414384841918945
0.5118463039398193
0.45147380232810974
0.4976995289325714
0.46921756863594055
0.6032822132110596
0.5524771809577942
0.4715784788131714
0.3960387408733368
0.4288836121559143
0.36720409989356995
0.591049075126648
0.3059585392475128
0.6039091944694519
0.31966903805732727
0.4541429579257965
0.33630257844924927
0.7038180232048035
0.6150981187820435
0.668626070022583
0.3428906202316284
0.485334575176239
0.6799928545951843
0.44448259472846985
0.4526025652885437
