9.840309143066406
9.78964900970459
9.774335861206055
9.749696731567383
9.652754783630371
9.513508796691895
9.14871883392334
9.243036270141602
9.260063171386719
9.149870872497559
9.069696426391602
8.997440338134766
9.081513404846191
9.06741714477539
8.981282234191895
8.908291816711426
8.849324226379395
8.830554962158203
8.899550437927246
8.805448532104492
8.866668701171875
8.93329906463623
8.896933555603027
8.721168518066406
8.71428394317627
8.641803741455078
8.640307426452637
8.718564987182617
8.615646362304688
8.652297973632812
8.441996574401855
8.61525821685791
8.431344032287598
8.588973045349121
8.414613723754883
8.42564868927002
8.610716819763184
8.360024452209473
8.40634536743164
8.472585678100586
9.851766586303711
9.840497016906738
9.786322593688965
9.792438507080078
9.744095802307129
9.734007835388184
9.656204223632812
9.686605453491211
9.482463836669922
9.477212905883789
9.413928985595703
9.341412544250488
9.218396186828613
9.198786735534668
9.132079124450684
9.14280891418457
9.072843551635742
9.11227035522461
9.171258926391602
9.010821342468262
9.010494232177734
9.023908615112305
9.063097953796387
8.981554985046387
9.002795219421387
9.030851364135742
8.93265151977539
8.909858703613281
8.907363891601562
8.901171684265137
8.847450256347656
8.819515228271484
8.876753807067871
8.837655067443848
8.769247055053711
8.785959243774414
8.782974243164062
8.724583625793457
8.726792335510254
8.862725257873535
8.709392547607422
8.744796752929688
8.698491096496582
8.73576545715332
8.618593215942383
8.653261184692383
8.606231689453125
8.63545036315918
8.47805404663086
8.598888397216797
8.548224449157715
8.515559196472168
8.441790580749512
8.484212875366211
8.365494728088379
8.547022819519043
8.544822692871094
8.504709243774414
8.40312385559082
8.463813781738281
8.415949821472168
8.383819580078125
8.489296913146973
8.432055473327637
8.328134536743164
8.468689918518066
8.441264152526855
8.392685890197754
8.390734672546387
8.298643112182617
8.408052444458008
8.352696418762207
8.439778327941895
8.26719856262207
8.234658241271973
8.270219802856445
8.260478019714355
8.22126293182373
8.181435585021973
8.2267427444458
8.355331420898438
8.158256530761719
8.158230781555176
8.177536010742188
8.139857292175293
8.21821403503418
8.10513973236084
8.052383422851562
8.033764839172363
8.093867301940918
8.154738426208496
8.125603675842285
8.144737243652344
7.986732482910156
8.165098190307617
7.962161064147949
8.156533241271973
7.923628330230713
8.031710624694824
8.035091400146484
7.99464225769043
8.02184772491455
7.949732303619385
7.9290547370910645
8.09687328338623
7.780813694000244
8.016314506530762
7.885199546813965
7.8945512771606445
8.111261367797852
7.959429740905762
7.969189643859863
7.886175632476807
8.005620002746582
8.006097793579102
7.883460998535156
7.80109167098999
7.82711935043335
7.872160911560059
7.819913387298584
7.887207508087158
7.707171440124512
7.813634872436523
7.731289386749268
7.851314067840576
7.961360931396484
7.641924858093262
7.958549499511719
7.749345302581787
7.653184413909912
7.600419998168945
7.7922868728637695
7.823040008544922
7.727284908294678
7.758310317993164
7.723058700561523
7.6593708992004395
7.574859142303467
7.678371429443359
7.613814830780029
7.5784831047058105
7.541801929473877
7.538813591003418
7.598198890686035
7.6794281005859375
7.747309684753418
7.578337669372559
7.526846408843994
7.527705669403076
7.676052570343018
7.594698905944824
7.685181140899658
7.637485504150391
7.460776329040527
7.61298131942749
7.6511993408203125
7.496164321899414
7.6501383781433105
7.508635997772217
7.504584789276123
7.643155574798584
7.447929382324219
7.403927326202393
7.547136306762695
7.319126129150391
7.342029094696045
7.145583629608154
7.222043514251709
7.300516605377197
7.570560932159424
7.613596439361572
7.400722503662109
7.4126458168029785
7.494485378265381
7.4372687339782715
7.363854885101318
7.342004299163818
7.443221569061279
7.387381553649902
7.475712776184082
7.502732276916504
7.350505828857422
7.4260993003845215
7.351023197174072
7.402029991149902
7.519341468811035
7.334901332855225
7.436304092407227
7.2937798500061035
7.364814281463623
7.300303936004639
7.20456600189209
7.316131591796875
7.110429286956787
7.007730960845947
7.269603729248047
7.4231085777282715
7.186870098114014
7.2164835929870605
7.18921422958374
7.079198837280273
7.29842472076416
7.052333831787109
7.098508358001709
7.2720794677734375
7.226675510406494
7.286683082580566
7.154117584228516
7.266755104064941
7.236263751983643
7.1105780601501465
7.210755348205566
7.0341315269470215
7.248215198516846
7.2595343589782715
7.210549354553223
7.090175628662109
7.121768951416016
7.113785743713379
7.123147487640381
7.209382057189941
6.993688106536865
7.350614547729492
7.2725114822387695
7.227262020111084
6.908747673034668
7.107168197631836
7.124481678009033
7.1707353591918945
7.049887657165527
7.252802848815918
7.202652454376221
7.1190643310546875
7.11354923248291
6.893448829650879
7.174371242523193
7.140670299530029
7.182851314544678
6.8092875480651855
6.9796528816223145
7.075623035430908
6.879133701324463
6.992308139801025
6.728959560394287
7.063642978668213
7.0546393394470215
7.052160739898682
6.9935808181762695
6.679067134857178
7.139531135559082
6.9546709060668945
6.8885884284973145
7.058549404144287
6.940832138061523
7.02286434173584
6.723466873168945
6.756679058074951
6.908054828643799
6.93620491027832
7.006932258605957
6.930089950561523
6.9782395362854
6.83240270614624
6.887050628662109
6.693470478057861
7.006350994110107
6.950961112976074
6.916901588439941
7.097825527191162
7.005712032318115
6.958128929138184
7.0910234451293945
6.563473701477051
6.805528163909912
6.840717315673828
6.70668363571167
6.799638748168945
6.799820423126221
6.726665019989014
6.763122081756592
6.5650248527526855
6.6861371994018555
6.764308929443359
6.9258551597595215
7.016208648681641
6.891476631164551
6.668717384338379
6.690826892852783
6.822728157043457
6.628078460693359
6.837292671203613
6.86783504486084
6.958347320556641
6.527213096618652
6.677662372589111
6.708883285522461
6.677414417266846
6.390334129333496
6.565936088562012
6.807147979736328
6.459838390350342
6.32602071762085
6.716052055358887
6.678389549255371
6.370177745819092
6.609262943267822
6.741730213165283
6.928800582885742
6.780781269073486
6.458334445953369
6.738232612609863
6.729053974151611
6.685995578765869
6.4189982414245605
6.574774265289307
6.705615520477295
6.6198296546936035
6.506034851074219
6.636613845825195
6.498794078826904
6.558107852935791
6.654572010040283
6.593356609344482
6.57648229598999
6.558135032653809
6.814172267913818
6.601808547973633
6.526026725769043
6.686365604400635
6.595503330230713
6.592080593109131
6.489333629608154
6.734622955322266
6.591110706329346
6.32266092300415
6.605166912078857
6.338823318481445
6.395249843597412
6.635779857635498
6.6479363441467285
6.478349208831787
6.222691535949707
6.436748027801514
6.499131679534912
6.648035049438477
6.49038028717041
6.441902160644531
6.5486249923706055
6.642867088317871
6.565028190612793
6.613333225250244
6.471398830413818
6.622990131378174
6.494368076324463
6.616142272949219
6.73051118850708
6.442068099975586
6.445552825927734
6.384183406829834
6.642033576965332
6.494009494781494
6.345932960510254
6.343209743499756
6.27308988571167
6.612125396728516
6.436342716217041
6.645431041717529
6.226035118103027
6.535479545593262
6.220864772796631
6.427643775939941
6.215705394744873
6.157616138458252
6.613089084625244
6.3491058349609375
6.144809246063232
6.4003801345825195
6.445247650146484
6.418722152709961
6.4613261222839355
6.280477046966553
6.274187088012695
6.456979274749756
6.247537136077881
6.313701629638672
5.954493045806885
6.432798385620117
6.526590824127197
6.344766616821289
6.130020618438721
6.559747695922852
6.216894149780273
6.249283790588379
6.324640274047852
6.056169509887695
6.100832939147949
5.8115949630737305
6.343760967254639
6.329342365264893
6.41580867767334
6.516840934753418
6.349989891052246
6.255923748016357
6.3689799308776855
6.2396769523620605
5.965338230133057
6.282782554626465
6.3959879875183105
6.227271556854248
5.903652667999268
6.198953151702881
6.136167526245117
6.218891620635986
6.245565891265869
6.10317850112915
6.306190490722656
6.389529228210449
6.1405487060546875
6.183017730712891
6.429452419281006
6.371909141540527
6.26316499710083
5.938381195068359
5.90994930267334
6.323789119720459
6.201946258544922
6.018805503845215
5.9784393310546875
5.933043956756592
5.930889129638672
5.982332229614258
6.029365062713623
6.257360935211182
6.0151686668396
6.311491012573242
6.24509859085083
5.960297584533691
6.342213153839111
5.968947410583496
5.976203918457031
6.29822301864624
6.178136825561523
6.003936767578125
5.805173397064209
6.064448356628418
6.217632293701172
6.040442943572998
6.128066062927246
5.890979290008545
5.982118129730225
6.260580539703369
5.9896650314331055
6.205225467681885
5.9762043952941895
5.909300804138184
5.8046064376831055
6.031668663024902
6.323321342468262
6.036899089813232
5.8539862632751465
5.730241775512695
6.3529534339904785
6.039124965667725
5.7785210609436035
5.957990646362305
6.020341396331787
6.222400188446045
6.268245220184326
5.8857316970825195
5.97122049331665
6.2588210105896
5.668344974517822
5.4476776123046875
5.9894280433654785
6.038476467132568
6.056219100952148
5.64233922958374
6.106764316558838
6.07391881942749
6.146015167236328
6.195486068725586
5.728075981140137
5.8974409103393555
5.874817848205566
5.765213489532471
5.9509406089782715
5.888951301574707
6.091828346252441
5.855579853057861
5.545020580291748
6.127349376678467
5.835049152374268
6.18093729019165
6.022310733795166
6.107476234436035
6.0501604080200195
6.039846420288086
5.608055591583252
5.9600605964660645
5.750483989715576
5.582072734832764
6.08247709274292
6.07243013381958
5.699530601501465
5.942179203033447
5.930274963378906
5.806379318237305
6.188669204711914
6.150784492492676
5.72231912612915
5.519983768463135
6.009557247161865
5.816937446594238
5.9959235191345215
5.872039318084717
5.843649864196777
5.643982887268066
5.6769328117370605
5.948324680328369
5.705089092254639
5.815945148468018
6.11543083190918
5.663434028625488
5.880863666534424
5.419583320617676
6.14218282699585
6.012825012207031
5.572109222412109
5.96204948425293
5.741256237030029
5.709445953369141
5.655904293060303
5.8486223220825195
5.602318286895752
5.464104652404785
5.817154884338379
5.722756385803223
5.645010948181152
5.909239292144775
5.849578857421875
5.909152030944824
5.886314392089844
5.434832572937012
5.767422676086426
5.799042224884033
5.785159587860107
6.060400009155273
5.642164707183838
5.864182949066162
5.664614677429199
5.560200214385986
5.703485488891602
5.670199394226074
5.9054951667785645
5.411041259765625
5.802626609802246
5.193619251251221
5.604881763458252
5.838632106781006
5.551575660705566
5.779996395111084
5.496633052825928
5.690045356750488
5.287975311279297
5.9038872718811035
5.908870220184326
5.375589370727539
5.782791614532471
5.964931011199951
5.7591729164123535
5.4783711433410645
5.79274845123291
5.778426170349121
5.658639907836914
5.892894744873047
6.006986618041992
5.7228803634643555
5.744284152984619
5.710079193115234
5.478581428527832
5.434091091156006
5.188607692718506
5.457941055297852
5.561679840087891
5.713776588439941
5.9268903732299805
5.667266845703125
5.514511585235596
5.374140739440918
5.379537582397461
5.699699401855469
5.413282871246338
5.511226654052734
5.585037708282471
5.965988636016846
5.869076251983643
5.453062534332275
5.693591594696045
5.811439037322998
5.498940467834473
5.588172912597656
5.6805949211120605
5.433221340179443
5.590356826782227
5.578174114227295
5.471514701843262
5.745519638061523
5.341719627380371
5.533177852630615
5.835124492645264
5.029868125915527
5.47806453704834
5.377987861633301
5.437452793121338
5.535515785217285
5.110115051269531
5.436753273010254
5.4390668869018555
5.749472618103027
5.505088806152344
5.626379489898682
5.568384170532227
5.441340446472168
5.380650043487549
4.9296488761901855
5.59758186340332
5.259836196899414
5.415729999542236
5.868426322937012
5.23906135559082
5.720709323883057
5.4194183349609375
5.313027381896973
5.525915145874023
5.220848560333252
5.656561851501465
5.2992472648620605
5.70766019821167
5.422272205352783
5.448203086853027
5.670766353607178
5.621227741241455
5.4676361083984375
5.332586288452148
5.4553327560424805
5.466677188873291
5.102594375610352
5.551804542541504
5.613827705383301
5.28013277053833
5.481747150421143
5.528000831604004
5.1192402839660645
5.458179950714111
5.378807067871094
5.308649063110352
5.267632961273193
5.1980061531066895
5.594830513000488
5.502929210662842
5.178304195404053
5.225627899169922
5.237032890319824
5.392059326171875
5.454973220825195
5.307582378387451
5.164309501647949
5.709452152252197
5.351644992828369
5.324982643127441
5.396430015563965
5.189722537994385
5.422388553619385
5.323866844177246
5.568195819854736
5.149674415588379
5.499448776245117
5.3694891929626465
5.100066184997559
5.540679931640625
5.344439506530762
5.675683975219727
4.837859630584717
5.28483247756958
5.416062831878662
5.767782688140869
5.398265838623047
5.143795013427734
5.118224620819092
5.39821720123291
5.427344799041748
5.166016101837158
5.31515645980835
4.970195293426514
5.0707526206970215
4.967535972595215
5.197368144989014
5.608768463134766
5.551875591278076
5.600490570068359
5.084192752838135
5.724157810211182
5.231287002563477
5.060214996337891
5.218205451965332
5.273622989654541
5.318820953369141
5.143693923950195
5.156255722045898
4.95334529876709
5.262154579162598
5.111778259277344
5.439530372619629
4.947442054748535
5.0864715576171875
4.7869439125061035
5.285528659820557
5.230750560760498
5.270322799682617
5.308370590209961
4.879566192626953
4.793483734130859
5.3162102699279785
5.3436150550842285
5.317855358123779
4.626459121704102
5.448256015777588
4.8006768226623535
4.9273810386657715
5.0604071617126465
4.934619426727295
5.074178695678711
5.002488136291504
5.197309970855713
5.30259895324707
5.326898097991943
5.45828914642334
5.231935501098633
4.9113359451293945
5.207528114318848
5.634420871734619
5.372216701507568
4.625183582305908
5.444499969482422
4.559479236602783
4.904260635375977
5.3392205238342285
5.486627101898193
5.360742568969727
4.7431535720825195
5.03370475769043
5.216587543487549
5.2813825607299805
5.082759857177734
5.035462856292725
5.147294044494629
5.196713447570801
5.277924060821533
5.074817180633545
5.085101127624512
5.287275791168213
4.876615524291992
5.270593166351318
5.445591449737549
5.474952220916748
5.068658828735352
5.2589921951293945
4.7837300300598145
5.1578192710876465
5.25059175491333
5.1012139320373535
4.911167621612549
5.14866304397583
4.860879898071289
4.782678604125977
5.269301891326904
5.099081993103027
5.053867816925049
5.144851207733154
5.417410373687744
4.957409858703613
4.974337100982666
5.04622220993042
5.056953430175781
5.039004325866699
4.853211402893066
5.245863437652588
4.955265045166016
5.008585453033447
5.20992374420166
5.1371307373046875
5.189103126525879
4.934750080108643
5.101961135864258
5.395649433135986
5.382289886474609
5.120392799377441
5.180816173553467
5.151705265045166
5.124783992767334
5.039201259613037
4.862321853637695
4.883978843688965
5.187775611877441
4.9146599769592285
4.956088542938232
5.134749889373779
5.159182548522949
4.993295192718506
5.131240367889404
4.894084930419922
5.2708635330200195
4.945250988006592
4.704164981842041
4.769960880279541
5.0269036293029785
4.988625526428223
4.871073246002197
4.879657745361328
4.7904767990112305
4.803408145904541
5.182570457458496
4.4830803871154785
4.894274711608887
4.627256870269775
5.0543317794799805
5.141743183135986
4.731970310211182
5.057652473449707
4.714217662811279
4.980680465698242
4.993968963623047
4.559953212738037
4.427938461303711
4.904695510864258
5.210566520690918
5.257080554962158
5.309619426727295
4.745570659637451
4.9049296379089355
4.743926525115967
4.821724891662598
4.9441680908203125
4.611757755279541
4.667532920837402
4.987203121185303
4.599447727203369
4.518569469451904
5.067065715789795
5.179490089416504
4.840485095977783
4.9240193367004395
4.872915267944336
4.9584174156188965
4.954380035400391
5.174570083618164
4.891032695770264
5.203255653381348
4.9798407554626465
5.1329569816589355
4.707991123199463
5.116541385650635
4.800893783569336
4.640564441680908
4.850912094116211
5.0051374435424805
4.8280229568481445
4.900049209594727
4.965139865875244
4.836441993713379
4.792267322540283
4.916600704193115
4.768962383270264
4.921413421630859
4.868518352508545
4.652842998504639
4.807466983795166
4.908238410949707
4.937275409698486
4.917888164520264
4.7207841873168945
5.020411968231201
4.8926286697387695
5.0073466300964355
5.138474941253662
4.9271979331970215
4.852188587188721
4.590101718902588
4.942662715911865
4.8793864250183105
4.6900529861450195
4.7159552574157715
4.5377044677734375
4.27274227142334
4.834261894226074
4.594791889190674
4.7868242263793945
4.693346977233887
4.962741851806641
4.800654411315918
5.147062301635742
4.556267738342285
5.075441837310791
5.161235809326172
4.639705657958984
4.999127388000488
4.748359203338623
5.190262317657471
4.70598030090332
4.9959330558776855
4.76293420791626
4.808272361755371
5.010429382324219
4.447289943695068
4.444394588470459
4.698643684387207
4.930843353271484
4.283419132232666
4.77943229675293
4.7182464599609375
4.774316787719727
4.975032329559326
4.220354080200195
5.067803859710693
4.464428424835205
4.948214530944824
4.739511489868164
4.915251731872559
4.49277400970459
5.173244476318359
4.530243396759033
4.593540191650391
4.85301399230957
4.773717403411865
4.7499775886535645
4.995913028717041
4.685863018035889
4.448457717895508
4.878039360046387
4.722823619842529
4.872416973114014
4.485258102416992
4.721855640411377
4.521022796630859
4.729075908660889
4.674731731414795
4.68831729888916
4.592334270477295
4.314813613891602
4.612407684326172
4.80586576461792
4.435273170471191
4.859246253967285
4.394758224487305
4.850313663482666
5.0233941078186035
4.68784236907959
4.336538791656494
4.680481433868408
4.768976211547852
4.683021545410156
4.476248741149902
4.754556655883789
4.7093095779418945
4.32313346862793
4.961277008056641
4.334717273712158
4.542444229125977
4.132473468780518
4.816351413726807
4.875977993011475
4.672967910766602
4.780982494354248
4.566910266876221
4.715173244476318
4.490364074707031
4.85439395904541
4.474470138549805
4.152346134185791
4.800265789031982
4.9136481285095215
4.446138858795166
4.329558849334717
4.6220502853393555
4.5875773429870605
4.458098888397217
4.670920372009277
4.59500789642334
4.166729927062988
4.763950824737549
4.629692077636719
4.638672828674316
4.196938991546631
4.170825004577637
4.6709818840026855
4.394419193267822
4.6101202964782715
4.683156967163086
4.6399126052856445
4.8873982429504395
4.493259906768799
4.681248188018799
4.6875128746032715
4.7743072509765625
4.397688865661621
4.515965938568115
4.447871208190918
4.563369274139404
4.171402454376221
4.682481288909912
4.38482666015625
4.544109344482422
4.739185810089111
4.630981922149658
4.775456428527832
4.484320163726807
4.60050630569458
4.707794189453125
4.598351001739502
4.309231758117676
4.372525215148926
4.33348274230957
4.929187297821045
4.513524532318115
4.463672161102295
4.636214733123779
4.4405903816223145
4.176568508148193
4.645847320556641
4.645994186401367
4.378810882568359
4.265469074249268
4.431333541870117
4.7419281005859375
4.286829948425293
4.450873851776123
4.385902404785156
4.724790573120117
4.93539571762085
4.727603912353516
4.552314281463623
4.203080177307129
4.806366920471191
4.155579566955566
4.635792255401611
4.190530300140381
4.139979839324951
4.138874053955078
4.396994590759277
4.162389278411865
4.068401336669922
4.083959579467773
4.144687175750732
4.452489376068115
4.541388034820557
4.502502918243408
4.345682144165039
4.398642063140869
4.935049533843994
4.075196266174316
4.126023769378662
4.546452045440674
4.682626247406006
4.656925678253174
4.021888732910156
4.047112464904785
4.025725841522217
4.406204700469971
4.4355669021606445
3.847541093826294
4.158592700958252
4.527173042297363
4.841879367828369
4.543545246124268
4.0912370681762695
4.42313289642334
3.9824090003967285
4.340789318084717
3.9317188262939453
4.354532718658447
4.651886463165283
4.378243446350098
4.6130266189575195
4.71433687210083
4.975948333740234
4.4073286056518555
4.072193622589111
4.0442023277282715
4.1776909828186035
4.206573963165283
4.200672149658203
4.407471656799316
3.719097375869751
4.5637993812561035
4.412103176116943
4.699313640594482
4.322157382965088
4.449219703674316
4.488006591796875
4.364772796630859
4.306557655334473
4.557775020599365
3.9215686321258545
4.009101867675781
4.765223979949951
4.074587821960449
4.242013931274414
4.471436977386475
4.388280868530273
4.0773162841796875
4.5013275146484375
4.261364936828613
4.593160152435303
4.6860671043396
4.11539363861084
4.456199645996094
4.30383825302124
4.013511657714844
3.8467633724212646
3.547557830810547
3.877016544342041
4.068470478057861
4.3925676345825195
4.325344085693359
4.113624095916748
4.103210926055908
4.582515239715576
4.615246295928955
4.308368682861328
4.226019859313965
4.186971187591553
4.093935012817383
3.9197001457214355
4.38602876663208
4.186676025390625
4.578119277954102
4.407954692840576
4.5090460777282715
4.217647075653076
4.604125022888184
4.486983299255371
4.58501672744751
4.583341121673584
4.292311191558838
4.467431545257568
4.37554407119751
4.321695327758789
4.388377666473389
4.116406440734863
4.029473304748535
3.8748879432678223
4.4427361488342285
4.339779853820801
4.397008419036865
4.299506187438965
4.315483570098877
3.706927537918091
4.150084495544434
4.038651466369629
3.849113941192627
4.782468318939209
4.34929084777832
4.286130905151367
4.1980366706848145
4.290061950683594
4.22839879989624
4.306185722351074
3.994685649871826
3.9742045402526855
4.250809192657471
4.371212005615234
4.3903913497924805
4.373436450958252
3.9120378494262695
3.9697930812835693
3.9789812564849854
4.210677623748779
4.331972122192383
4.3336310386657715
4.1168718338012695
4.1586103439331055
3.890449285507202
4.210943698883057
4.094179630279541
4.28679895401001
4.183310031890869
4.277640342712402
4.582695484161377
4.300928115844727
4.531548976898193
4.41962194442749
4.433773517608643
4.2757697105407715
3.949503183364868
4.143974304199219
4.296815872192383
4.1836934089660645
4.209782600402832
3.9957644939422607
4.045612812042236
3.960648536682129
3.914759397506714
3.616950511932373
4.399610996246338
4.15491247177124
4.29067325592041
4.317636966705322
3.8361876010894775
4.285704612731934
3.811513900756836
4.0540266036987305
4.2501301765441895
4.49437952041626
4.436880111694336
4.226619243621826
4.455231189727783
4.405762672424316
4.041078567504883
4.376987934112549
4.2273664474487305
3.964932918548584
4.440532207489014
3.7732648849487305
4.346384048461914
4.1081223487854
4.320137977600098
4.535706043243408
4.07906436920166
4.411863803863525
4.154356479644775
4.010463237762451
3.910353899002075
4.030746936798096
3.809141159057617
4.062446594238281
3.878215789794922
4.353591442108154
4.081552505493164
4.2335991859436035
3.8622357845306396
4.11920690536499
4.556848526000977
3.6368117332458496
4.3091278076171875
3.8960320949554443
4.046631336212158
4.084262847900391
4.0318779945373535
4.264779567718506
4.471725940704346
3.8624250888824463
3.93464994430542
4.0285539627075195
3.7687129974365234
3.758497476577759
4.156491756439209
4.1428632736206055
4.225220203399658
4.204479217529297
4.312480449676514
3.985267162322998
4.217395305633545
3.602041721343994
4.131105422973633
3.993595600128174
4.36033296585083
3.7819788455963135
3.8838460445404053
3.8716423511505127
3.4773430824279785
3.863016128540039
3.961162805557251
3.939138412475586
4.181099891662598
3.809901237487793
3.8639750480651855
3.9601290225982666
4.080807209014893
4.347557544708252
4.135703086853027
4.3836493492126465
4.267373085021973
4.061936855316162
4.304472923278809
4.0772294998168945
3.824496269226074
4.072058200836182
3.887192964553833
4.13416862487793
4.123106002807617
4.072625637054443
4.03397798538208
3.811767578125
4.342830181121826
3.6558961868286133
4.265342712402344
3.859300136566162
4.126168251037598
4.096332550048828
4.047360897064209
4.239516258239746
4.121183395385742
4.031154632568359
4.0705108642578125
4.142016410827637
3.88816237449646
3.7003209590911865
3.2969064712524414
3.833893299102783
4.185765266418457
4.129369258880615
3.920931816101074
3.859544277191162
3.955075263977051
4.047140121459961
3.803238868713379
3.9490621089935303
4.0889434814453125
4.283696174621582
4.260193824768066
3.7718095779418945
3.9543347358703613
4.536633491516113
3.527827739715576
3.9540395736694336
3.813781499862671
4.3871941566467285
4.195558547973633
3.3924760818481445
3.8497581481933594
3.9921422004699707
4.061655521392822
3.420196294784546
3.819230556488037
4.1445794105529785
3.9554176330566406
3.541351318359375
3.754401683807373
4.082478046417236
3.7617599964141846
4.2509331703186035
4.162957668304443
3.391228675842285
4.285736560821533
3.6763641834259033
4.172651290893555
3.8641140460968018
4.132757186889648
3.9070770740509033
4.259566307067871
3.3961503505706787
3.74763822555542
3.7824103832244873
4.171947956085205
4.181210041046143
3.954826831817627
4.3127899169921875
3.7838399410247803
3.8025918006896973
4.049909591674805
4.0110368728637695
3.4983255863189697
3.921724319458008
4.050586223602295
3.798224687576294
3.602719783782959
3.746316432952881
3.670409679412842
3.793153762817383
4.102602481842041
4.102663993835449
3.926886796951294
3.940580129623413
4.126792907714844
4.076216697692871
3.713595151901245
3.6247711181640625
3.818859100341797
4.285858631134033
3.567934274673462
3.489061117172241
3.8940203189849854
3.4423975944519043
3.7138359546661377
3.366346836090088
3.7466182708740234
3.7217772006988525
3.7510485649108887
3.8177073001861572
4.1687211990356445
3.933565855026245
3.737210273742676
3.9593214988708496
4.166804313659668
4.31041145324707
3.1926236152648926
3.865830898284912
4.078816890716553
4.122527599334717
3.9483962059020996
3.8718745708465576
3.8602864742279053
3.321424722671509
3.939932107925415
3.743887424468994
3.661287546157837
3.955989360809326
3.678945302963257
3.9658281803131104
3.7898035049438477
3.7839221954345703
4.011568069458008
3.4622533321380615
3.9197959899902344
3.7807369232177734
3.793640613555908
3.806546926498413
4.109749794006348
3.703537702560425
3.928802967071533
3.6017262935638428
3.7030069828033447
3.9569454193115234
3.7686240673065186
4.077928066253662
3.850451946258545
4.054967403411865
4.153983116149902
3.999040126800537
3.7569658756256104
3.9218969345092773
3.571380376815796
3.750593900680542
3.7297234535217285
3.7345569133758545
3.844919443130493
3.749070644378662
3.2473437786102295
4.051799774169922
3.902810573577881
3.6418752670288086
3.233018636703491
3.3904783725738525
4.258350849151611
3.891900062561035
2.9863877296447754
3.8483481407165527
3.5948896408081055
4.204113960266113
3.8213484287261963
3.704686164855957
3.76814866065979
3.730797052383423
3.595334053039551
3.836235284805298
4.01751184463501
4.123602867126465
3.5020599365234375
3.844935655593872
4.060349464416504
3.532992124557495
3.691896915435791
3.8709189891815186
3.5320701599121094
3.70275616645813
3.517540216445923
2.8803586959838867
3.396411180496216
3.6646125316619873
3.490802526473999
3.850290536880493
3.801637887954712
3.675884485244751
3.4567368030548096
3.4256298542022705
3.880260467529297
3.6870667934417725
3.7361435890197754
3.325836658477783
3.491037368774414
3.717688798904419
3.9644784927368164
3.5398128032684326
3.9744906425476074
3.4512853622436523
3.698212146759033
3.7653613090515137
4.009000778198242
3.930610418319702
3.758232593536377
3.601175546646118
3.0018606185913086
3.6082262992858887
3.9292731285095215
3.5334482192993164
3.800055980682373
3.716454267501831
3.7271482944488525
3.9575414657592773
3.961069345474243
3.2595202922821045
3.1963417530059814
4.28903341293335
4.019215106964111
3.3141400814056396
3.8742735385894775
3.747530221939087
3.688622236251831
3.794513463973999
3.2447574138641357
3.55450439453125
3.3738486766815186
3.905618906021118
3.580216884613037
3.795416831970215
3.469482898712158
3.744152784347534
3.7171804904937744
3.2756357192993164
3.5991339683532715
3.5847349166870117
3.5360636711120605
3.8466134071350098
3.7873191833496094
3.711444616317749
3.6475374698638916
3.2535743713378906
4.004810333251953
3.4695346355438232
4.016166687011719
3.9127280712127686
3.4753916263580322
3.746326208114624
3.7702908515930176
3.561713218688965
3.4671831130981445
3.4300129413604736
3.61651349067688
3.4444918632507324
3.8646492958068848
3.389770030975342
2.875345230102539
3.216430425643921
3.0924181938171387
3.26728892326355
3.3944952487945557
3.625464916229248
3.9240458011627197
3.6957128047943115
3.861661911010742
3.8559744358062744
3.577066421508789
3.418670654296875
3.8572728633880615
3.867426872253418
3.8609390258789062
3.333949565887451
3.7753610610961914
3.3986682891845703
3.61018443107605
3.4588608741760254
3.2351131439208984
3.6441681385040283
3.663900375366211
3.696359157562256
3.8317623138427734
3.56933331489563
3.674755334854126
3.5256993770599365
3.613696336746216
3.148707866668701
3.6582436561584473
3.42445707321167
3.6751372814178467
3.699335813522339
3.4457039833068848
3.7471065521240234
3.7119078636169434
3.15415358543396
3.5759007930755615
3.4243359565734863
3.6133086681365967
3.5764973163604736
3.5229785442352295
3.782114267349243
3.5120127201080322
3.6801602840423584
3.652545213699341
3.8779757022857666
3.5992648601531982
3.6923317909240723
3.6830503940582275
4.028660774230957
3.5103394985198975
3.7033071517944336
3.464334487915039
3.3745391368865967
3.680013656616211
3.726407051086426
3.3219549655914307
3.737586259841919
3.405486583709717
3.4918017387390137
3.316417932510376
3.390676736831665
3.7233502864837646
3.2855992317199707
3.832531452178955
3.818997383117676
3.4011409282684326
3.2150185108184814
3.3050732612609863
3.500199556350708
3.6327006816864014
3.654325485229492
3.7320666313171387
3.3199422359466553
3.1906561851501465
3.449981927871704
3.122257709503174
3.73787260055542
3.556990385055542
3.3822290897369385
3.4105963706970215
3.388073682785034
3.4080584049224854
3.3863701820373535
3.543928384780884
3.7259104251861572
3.80566668510437
3.2972512245178223
2.8684823513031006
3.569384813308716
3.7505874633789062
3.4187545776367188
2.9091663360595703
3.4963295459747314
3.6181845664978027
3.415558099746704
3.1803805828094482
3.610663414001465
3.722121000289917
3.3821768760681152
3.539910078048706
3.5504724979400635
3.7396914958953857
3.5854880809783936
3.7292368412017822
3.406289577484131
3.339250087738037
3.699341297149658
3.300640821456909
3.538996458053589
3.684278964996338
3.146909475326538
3.195484161376953
2.99938702583313
3.2929470539093018
3.311453342437744
3.3855552673339844
3.2774102687835693
3.197505474090576
3.6524274349212646
3.6255383491516113
3.747270345687866
3.5068626403808594
3.7329230308532715
3.534558057785034
3.567532777786255
3.8103973865509033
3.3767945766448975
3.6058154106140137
3.541102409362793
3.520094156265259
3.2753329277038574
3.657935619354248
3.2416296005249023
3.6636767387390137
3.246229648590088
3.650160551071167
3.722938299179077
3.3178610801696777
3.7043120861053467
3.643622636795044
2.7858431339263916
3.468777894973755
3.743356704711914
3.5003557205200195
3.0555031299591064
3.810046911239624
2.919078826904297
3.613382577896118
3.5170698165893555
3.401017427444458
3.155890703201294
2.8589749336242676
3.3108861446380615
2.9545462131500244
3.654027223587036
3.689293622970581
3.5335614681243896
3.4359288215637207
3.4015438556671143
2.7876033782958984
3.297114849090576
3.458878993988037
3.3665342330932617
3.1456964015960693
2.875781774520874
3.5005438327789307
3.4555468559265137
3.055758476257324
3.4784297943115234
3.734699010848999
3.385589838027954
3.541736125946045
3.2489001750946045
3.7320497035980225
2.9375739097595215
3.1674115657806396
3.3426942825317383
3.2213056087493896
3.3574137687683105
3.7686758041381836
3.330057382583618
2.9973769187927246
3.269606351852417
3.6265580654144287
3.279301166534424
3.289499044418335
3.368711471557617
3.4563231468200684
3.376962661743164
3.4676499366760254
3.2684779167175293
3.3609824180603027
3.619140863418579
3.3607823848724365
3.4634063243865967
3.3419837951660156
3.4495162963867188
3.5888614654541016
3.322723627090454
3.351234197616577
3.4691834449768066
3.374373435974121
3.385563611984253
3.6175384521484375
3.5687825679779053
3.0894410610198975
3.4396865367889404
3.5177695751190186
3.3996288776397705
2.914604425430298
2.859795093536377
3.517320156097412
3.1262996196746826
3.4720447063446045
3.0411291122436523
3.1668853759765625
3.484417676925659
3.103003978729248
3.2362143993377686
3.1775143146514893
3.1515870094299316
3.0374209880828857
3.34727144241333
3.7565860748291016
3.323070526123047
3.155784845352173
3.1692779064178467
3.148385763168335
3.350313186645508
3.408219337463379
3.1865696907043457
3.1437900066375732
3.295806407928467
2.5223069190979004
3.835696220397949
3.5154168605804443
3.3719658851623535
3.7513415813446045
3.528327465057373
3.326620578765869
3.2317264080047607
3.1004068851470947
3.155538320541382
3.4412355422973633
3.321406364440918
2.9060916900634766
3.294651508331299
2.8497233390808105
2.917705535888672
3.6921708583831787
2.566490411758423
3.0781803131103516
3.6329691410064697
3.248730182647705
3.501309394836426
3.360135078430176
3.414588212966919
2.770094156265259
3.106947898864746
3.3962886333465576
3.301330327987671
3.5707271099090576
3.3166210651397705
3.3905527591705322
3.3394365310668945
3.21513032913208
3.3530471324920654
3.3775296211242676
3.0415356159210205
3.2709853649139404
3.124359369277954
3.3235809803009033
3.3892571926116943
3.269566059112549
3.183375835418701
3.344984531402588
3.041752815246582
3.5171337127685547
2.948460102081299
3.3182804584503174
3.383592367172241
3.1305387020111084
3.7007861137390137
2.822333335876465
3.5679993629455566
3.4467146396636963
3.4941115379333496
3.2752156257629395
3.050428867340088
3.0596399307250977
3.2181055545806885
3.209747076034546
2.984621047973633
3.49589204788208
3.0226101875305176
2.996143341064453
3.186650037765503
3.202030897140503
3.3488214015960693
3.3818538188934326
3.3567311763763428
3.6968226432800293
3.164768934249878
2.947795867919922
3.3708512783050537
3.427807092666626
2.790039300918579
3.7766706943511963
3.2046256065368652
3.582070827484131
2.9977200031280518
3.2968337535858154
2.5761730670928955
2.8383078575134277
3.3886208534240723
3.7380740642547607
3.2483718395233154
3.2472569942474365
2.9382433891296387
3.3124852180480957
3.125138759613037
3.081001043319702
2.740272045135498
3.367760181427002
3.2669920921325684
3.3007702827453613
3.456479549407959
2.8862314224243164
3.2647664546966553
3.236260414123535
3.3572051525115967
2.95458984375
3.2802376747131348
3.492201566696167
3.542497396469116
3.4602859020233154
3.009387254714966
3.4106035232543945
3.0949292182922363
3.214810371398926
3.282268762588501
3.170729398727417
3.3301196098327637
2.7758448123931885
3.3281283378601074
2.604520320892334
3.396146297454834
3.250673294067383
3.163339853286743
3.4155080318450928
2.7377305030822754
3.4698731899261475
2.9865078926086426
3.1851911544799805
2.7650580406188965
3.1942176818847656
3.225557327270508
3.2670955657958984
3.068784713745117
3.338287353515625
3.4237124919891357
3.6804287433624268
3.1256117820739746
3.231293201446533
2.9296271800994873
2.821558952331543
3.2040934562683105
3.0243852138519287
3.0470468997955322
2.968341112136841
3.401893377304077
2.983250379562378
2.6728601455688477
3.067129135131836
3.0246620178222656
3.5655269622802734
3.0914182662963867
3.3514273166656494
3.1788785457611084
3.2677078247070312
3.124577522277832
3.6934239864349365
3.337857484817505
2.8538095951080322
3.2784996032714844
2.9651336669921875
3.2143139839172363
3.3983004093170166
2.8901636600494385
3.1184871196746826
3.150045156478882
3.462087392807007
2.629836082458496
2.8685152530670166
2.5978128910064697
3.458037853240967
3.164597272872925
2.7092208862304688
3.2172584533691406
3.096848249435425
2.733142375946045
2.8924062252044678
3.0007269382476807
3.4847166538238525
3.5503008365631104
3.0729918479919434
3.5551278591156006
3.059669256210327
3.337266206741333
2.9385673999786377
3.0198376178741455
3.381983757019043
3.217693567276001
3.1896073818206787
3.2968947887420654
3.3974499702453613
2.9452428817749023
3.06370210647583
3.4041588306427
3.152604103088379
3.330648183822632
3.070448637008667
3.2025201320648193
3.199991226196289
3.556730270385742
3.4189553260803223
2.9729268550872803
3.0495550632476807
3.2409958839416504
2.9380974769592285
2.5086634159088135
3.106503486633301
3.462212562561035
2.8930211067199707
3.205789566040039
3.0769879817962646
3.339838981628418
2.8064610958099365
2.402336597442627
2.878209114074707
3.145876169204712
3.504654884338379
2.9992995262145996
2.69464373588562
3.3115074634552
3.1010377407073975
2.633488178253174
3.230912923812866
3.3667514324188232
2.8260409832000732
3.0161781311035156
3.4187698364257812
3.1835789680480957
2.773913860321045
2.906521797180176
3.1114165782928467
2.5058000087738037
2.9400198459625244
2.548410654067993
2.930152654647827
3.0716001987457275
3.414280891418457
3.230384588241577
2.8444395065307617
2.392416477203369
3.3476874828338623
3.3086233139038086
3.3138883113861084
3.2737066745758057
2.8912806510925293
3.13382887840271
3.2505431175231934
2.720560073852539
3.078639268875122
3.3123819828033447
3.4061272144317627
3.375638723373413
2.676132917404175
2.832219362258911
2.8510758876800537
3.223879337310791
2.8931872844696045
3.0991129875183105
2.8827579021453857
3.1501970291137695
3.08003568649292
2.998140573501587
3.2204747200012207
3.3484864234924316
3.212794542312622
2.984548330307007
3.148831367492676
2.7969038486480713
3.0454797744750977
2.7828738689422607
3.1839423179626465
3.2791411876678467
3.2103569507598877
3.2588162422180176
2.7741687297821045
3.0741851329803467
2.9319090843200684
2.401822566986084
3.267282724380493
3.0041563510894775
2.842919111251831
3.441222667694092
2.9616191387176514
2.9296677112579346
2.709807872772217
2.965566396713257
2.8328042030334473
2.707350730895996
2.679697036743164
2.5204074382781982
3.2060585021972656
2.7840895652770996
2.764580011367798
3.2961723804473877
2.9365427494049072
2.74424409866333
2.9211108684539795
3.1656253337860107
2.6767618656158447
3.4548890590667725
2.829360246658325
2.9093551635742188
2.9270427227020264
3.1020150184631348
3.1932687759399414
3.4267218112945557
3.1186740398406982
2.9670357704162598
2.734546661376953
3.2345635890960693
2.8613760471343994
3.189857006072998
2.923646926879883
3.027301788330078
3.236398935317993
2.8938777446746826
2.9537742137908936
2.988790512084961
2.7022695541381836
3.262190580368042
2.7931158542633057
3.053147792816162
3.2072157859802246
3.0382890701293945
2.816664218902588
3.0115811824798584
2.9069933891296387
3.0270824432373047
3.2350339889526367
2.8608343601226807
3.013249158859253
3.099374294281006
3.3787739276885986
2.9517698287963867
3.1899192333221436
2.6925265789031982
3.1123945713043213
2.9524333477020264
2.8181514739990234
3.2238261699676514
2.779191493988037
2.5628178119659424
2.757368803024292
2.9144976139068604
2.989537000656128
3.3110764026641846
3.0958964824676514
3.326972723007202
2.68031644821167
2.841020107269287
2.631659746170044
2.8504137992858887
2.673919677734375
3.007463216781616
2.9205174446105957
2.8840548992156982
3.229640245437622
2.773646116256714
2.380192279815674
3.129399299621582
3.090541362762451
3.076019287109375
3.1016476154327393
2.966493606567383
3.352964401245117
2.8839950561523438
2.9665350914001465
2.5692243576049805
3.1248672008514404
3.095893144607544
3.2556495666503906
2.540128469467163
3.4073574542999268
2.86830735206604
2.6300103664398193
3.340970754623413
2.6330149173736572
2.902745008468628
2.675466299057007
3.1125903129577637
2.537662982940674
2.8556482791900635
2.5416996479034424
3.350114107131958
2.334888219833374
3.2961723804473877
2.494473457336426
2.984166145324707
2.5560808181762695
3.0677664279937744
3.063223361968994
2.667834997177124
2.8681929111480713
2.971038818359375
2.93524169921875
2.372941732406616
2.640810966491699
2.825237512588501
3.059988498687744
2.7200748920440674
2.5464541912078857
3.115382671356201
2.954686403274536
3.0927515029907227
2.96622371673584
3.0001003742218018
2.4948670864105225
3.410388231277466
3.2577602863311768
2.505746364593506
3.3055195808410645
2.5836918354034424
2.752384662628174
2.7635653018951416
2.4778025150299072
2.934694528579712
3.131685256958008
2.9223082065582275
2.765613317489624
2.7146692276000977
2.9356393814086914
2.2589938640594482
2.870770215988159
2.617677927017212
3.2672319412231445
2.960697650909424
2.70458984375
2.6177189350128174
2.7536778450012207
2.856330156326294
3.0499155521392822
2.4944212436676025
2.816131353378296
2.9773809909820557
2.9103779792785645
2.4920198917388916
2.8913841247558594
2.9061379432678223
2.569740056991577
2.6308274269104004
2.824016571044922
2.6393282413482666
2.9413068294525146
3.1708123683929443
3.011629343032837
2.87231183052063
2.8843162059783936
2.891763210296631
2.665895938873291
2.7759592533111572
3.3157050609588623
3.20736026763916
3.017287492752075
2.5119965076446533
2.909071445465088
2.8202712535858154
3.224602460861206
3.11629056930542
3.367588520050049
3.088899850845337
2.88651442527771
2.868941307067871
2.8452415466308594
2.7695999145507812
3.071603536605835
3.033745288848877
3.094794273376465
2.477454900741577
2.8919739723205566
2.795128107070923
3.0586791038513184
3.2628209590911865
2.8054068088531494
2.9243056774139404
3.2782745361328125
2.7388343811035156
2.6724135875701904
2.8603601455688477
3.3353123664855957
3.036591053009033
2.561058282852173
3.045541286468506
2.522610664367676
2.802493095397949
3.3321309089660645
3.023730516433716
2.5275540351867676
2.241032123565674
2.695070505142212
2.7857613563537598
2.935911178588867
2.795200824737549
2.5803632736206055
2.8624396324157715
3.0641772747039795
2.8543503284454346
3.1007699966430664
2.895106792449951
2.6530814170837402
2.701429843902588
2.922312021255493
3.1741347312927246
2.908673048019409
2.6513824462890625
2.5060489177703857
2.999140739440918
3.1738107204437256
3.183631181716919
3.0725936889648438
3.0013041496276855
2.67182993888855
2.6078908443450928
3.279024362564087
3.0550975799560547
2.8471431732177734
3.1723527908325195
2.231178045272827
2.6853880882263184
2.8560383319854736
2.6327707767486572
3.030364751815796
3.129974842071533
2.8606338500976562
2.630497455596924
2.906219244003296
2.789661407470703
2.834423542022705
2.245699167251587
2.590959072113037
2.7910659313201904
2.624906063079834
2.5551743507385254
2.5429041385650635
2.8491172790527344
2.9390358924865723
2.986750602722168
2.6990816593170166
2.872141122817993
2.9269802570343018
2.079348087310791
3.2788703441619873
2.9980270862579346
2.593672513961792
2.9286656379699707
2.9243671894073486
3.1393768787384033
2.8404181003570557
2.6727027893066406
3.1053292751312256
2.6554362773895264
2.5930800437927246
2.848078727722168
3.0190489292144775
2.6606557369232178
2.716627359390259
2.6099634170532227
2.63995099067688
2.8235135078430176
2.9633967876434326
2.7189860343933105
3.280696153640747
2.793360948562622
2.5191102027893066
2.598576545715332
2.6440091133117676
2.69972825050354
2.7146875858306885
2.7228615283966064
2.899249792098999
2.986497402191162
2.8008482456207275
2.0982303619384766
2.88439679145813
2.738330364227295
2.354886770248413
3.1329822540283203
3.200514078140259
2.8396894931793213
2.607584238052368
2.9477829933166504
2.4448211193084717
2.3912882804870605
2.596449136734009
2.844521999359131
2.9157209396362305
2.893815040588379
2.8121562004089355
2.70265531539917
3.0308876037597656
2.714803695678711
2.7877931594848633
2.629077911376953
2.3628618717193604
2.9779441356658936
2.570427179336548
2.9125936031341553
2.622290849685669
3.115750312805176
2.510673999786377
2.7550668716430664
2.7992875576019287
2.6458826065063477
2.487809419631958
3.080864667892456
2.681871175765991
2.7458717823028564
2.6560399532318115
2.613570213317871
2.943772792816162
2.8585925102233887
2.964026927947998
2.7558059692382812
2.512312173843384
2.4274442195892334
2.4506304264068604
2.8412654399871826
2.8186352252960205
2.4788312911987305
3.113389253616333
2.7290446758270264
2.4182608127593994
1.9807391166687012
2.8376643657684326
2.7983314990997314
2.538452625274658
3.263667106628418
3.0139200687408447
2.6034107208251953
2.6608786582946777
2.821765661239624
3.157716751098633
2.9511940479278564
3.025991439819336
2.7098093032836914
2.8196349143981934
2.7563111782073975
2.5733442306518555
2.801607847213745
3.1136763095855713
2.7270658016204834
2.5859978199005127
2.881622552871704
2.883528470993042
2.7326815128326416
2.3852176666259766
2.8817315101623535
2.470040798187256
2.5121548175811768
2.9647443294525146
2.7748122215270996
2.8392550945281982
2.4821512699127197
2.9959254264831543
1.9225226640701294
2.7937769889831543
2.878720998764038
2.2598438262939453
2.864173412322998
2.736513376235962
2.4230713844299316
2.60821533203125
2.8766465187072754
2.483106851577759
2.8723397254943848
2.8169925212860107
2.702556848526001
2.6439626216888428
2.786505699157715
2.917335033416748
3.021613836288452
2.8026065826416016
2.508010149002075
2.862231969833374
2.6200807094573975
2.8727831840515137
2.6591174602508545
2.677060127258301
2.5210208892822266
2.819270372390747
2.9155542850494385
2.775712251663208
2.373506784439087
2.7888033390045166
2.3857061862945557
2.593843936920166
2.608743667602539
2.636478900909424
2.160778045654297
2.625340461730957
3.1348817348480225
2.5898497104644775
2.560136079788208
3.197701930999756
2.4567248821258545
2.4539713859558105
2.6771445274353027
2.470766544342041
2.409452438354492
2.671532392501831
2.7960779666900635
2.7752320766448975
2.69289493560791
2.674365520477295
2.6508054733276367
2.711632013320923
2.379544973373413
2.585320472717285
3.065577983856201
2.306089162826538
2.4774954319000244
3.035158157348633
3.063795804977417
2.7627272605895996
2.2365334033966064
2.5181844234466553
2.418642282485962
2.680176258087158
3.0644049644470215
2.841989755630493
2.394231081008911
2.739595413208008
2.314945936203003
2.6634297370910645
2.6711952686309814
2.2634899616241455
2.615407705307007
2.2535669803619385
2.734297513961792
2.611616611480713
2.7851035594940186
2.557324171066284
2.4012131690979004
2.430955648422241
2.9834985733032227
2.406039237976074
3.104506492614746
2.697871446609497
2.5046164989471436
2.6887784004211426
2.4387564659118652
2.9685816764831543
2.787057638168335
2.5032846927642822
2.291990280151367
2.5842766761779785
3.007798433303833
2.484819173812866
2.161752939224243
2.4239299297332764
2.613510847091675
3.178344964981079
2.7824149131774902
2.5074551105499268
2.1977267265319824
2.5394904613494873
2.80047345161438
2.5935721397399902
2.346906900405884
2.42901349067688
2.7140114307403564
2.3930304050445557
2.6856651306152344
2.1884777545928955
2.6398167610168457
2.662720203399658
2.669978141784668
2.93023419380188
2.7627246379852295
2.554718494415283
2.5746254920959473
2.8589067459106445
2.7683801651000977
2.133089542388916
2.343414068222046
2.613257884979248
2.448089361190796
2.0569090843200684
3.010876178741455
2.177001714706421
2.756261110305786
2.83662486076355
2.2469635009765625
2.6473448276519775
2.186913251876831
2.769198417663574
2.4983065128326416
2.8410422801971436
2.6289145946502686
2.185789108276367
2.453418016433716
2.71388840675354
2.2550644874572754
2.536257266998291
2.2893173694610596
2.087524652481079
2.3265342712402344
2.5059542655944824
2.402740240097046
2.6801328659057617
2.791416645050049
2.5322341918945312
2.770979404449463
2.16056752204895
1.9990956783294678
2.0290420055389404
2.5956616401672363
2.5714545249938965
2.4358372688293457
2.640533447265625
2.8337974548339844
2.515796422958374
2.917720079421997
2.633138418197632
2.454235792160034
2.5336596965789795
2.9841346740722656
2.5804026126861572
2.6486406326293945
2.130150318145752
2.3169033527374268
2.243419647216797
3.0693488121032715
2.725080728530884
2.4531593322753906
3.0141916275024414
2.3878870010375977
2.4962828159332275
2.4619526863098145
2.609110116958618
3.1661558151245117
2.243799924850464
2.8819375038146973
2.768608331680298
2.7617645263671875
2.596668004989624
2.4656050205230713
2.871581792831421
2.431246757507324
2.7153515815734863
2.7373666763305664
2.913825750350952
2.9619040489196777
2.4097323417663574
2.6601152420043945
2.547771453857422
2.456970453262329
2.614828586578369
2.748253107070923
2.863224983215332
2.329496383666992
2.700108528137207
1.943629503250122
2.581096649169922
2.5535316467285156
2.4676074981689453
2.5057764053344727
2.6951160430908203
2.4348838329315186
2.118711471557617
2.8829755783081055
2.8933229446411133
2.3205454349517822
2.756072521209717
2.4799180030822754
2.6641387939453125
2.6607840061187744
2.8284552097320557
2.9133713245391846
2.225172996520996
2.523172378540039
2.658670663833618
3.0117268562316895
2.7287962436676025
2.912592887878418
2.7885637283325195
2.536259412765503
2.5479183197021484
2.327353000640869
2.453744649887085
2.4833481311798096
2.47367525100708
2.2663471698760986
2.6326744556427
2.764605760574341
2.286487340927124
2.4589524269104004
2.3636584281921387
2.4426801204681396
2.7304258346557617
2.6176204681396484
2.1809120178222656
2.5388002395629883
2.036807060241699
2.3115241527557373
2.4450130462646484
2.506659984588623
2.4259109497070312
2.9142777919769287
2.336728811264038
2.700615406036377
2.8550617694854736
2.6093690395355225
2.710117816925049
2.0048670768737793
2.772282838821411
2.9564545154571533
2.260010004043579
2.848676919937134
2.6173412799835205
2.6700806617736816
3.169741153717041
2.8359601497650146
2.4702506065368652
2.8542425632476807
2.4833755493164062
2.534055233001709
2.654430389404297
2.3345494270324707
2.7937703132629395
2.565203905105591
3.1318094730377197
2.7365691661834717
2.922272205352783
2.379744291305542
1.9940357208251953
2.8418712615966797
2.141517400741577
1.9762513637542725
2.311044931411743
2.308405876159668
3.0859034061431885
2.3158302307128906
2.5082192420959473
2.6241085529327393
2.5022852420806885
2.7773382663726807
2.0445563793182373
2.3350205421447754
2.298830270767212
2.4301984310150146
2.2906830310821533
2.886996269226074
2.109628677368164
2.4958457946777344
2.173405647277832
2.308584690093994
2.622723340988159
2.7232866287231445
2.5439491271972656
2.9496467113494873
1.9511432647705078
2.5993828773498535
2.7150301933288574
2.4933042526245117
2.6198673248291016
2.5986459255218506
2.4460301399230957
2.2837677001953125
2.740351915359497
2.007446050643921
2.4928054809570312
2.1743836402893066
2.6229746341705322
2.5367445945739746
2.7061867713928223
2.8850388526916504
2.5260276794433594
2.437619686126709
2.5248310565948486
2.3311104774475098
2.667952299118042
1.874571681022644
2.591146469116211
2.2867088317871094
2.4823131561279297
2.4893171787261963
2.6766104698181152
2.2142815589904785
2.7913713455200195
2.4821975231170654
2.9956836700439453
2.848492383956909
1.8799314498901367
2.4286370277404785
2.4267895221710205
2.628789186477661
2.8115782737731934
2.657651662826538
2.6901888847351074
2.551753044128418
2.025784730911255
2.241016387939453
2.7867281436920166
2.9210755825042725
2.3258824348449707
2.2415783405303955
2.2099366188049316
1.8994781970977783
2.3472633361816406
1.8336769342422485
2.5788073539733887
2.458657741546631
2.629638910293579
2.665112257003784
2.4822843074798584
2.491783618927002
2.4764904975891113
2.6843461990356445
2.817641496658325
2.18988037109375
2.423117160797119
2.5530238151550293
2.4000823497772217
2.6489357948303223
2.416438341140747
2.6169135570526123
2.5901496410369873
2.154237747192383
2.4611761569976807
2.4685328006744385
2.2530267238616943
2.10400652885437
2.320413112640381
2.361379861831665
2.473731279373169
1.994042158126831
2.828474521636963
2.424583673477173
2.446213483810425
2.7530643939971924
2.160001516342163
2.847977638244629
2.361954927444458
2.4248569011688232
2.791097402572632
2.424910068511963
1.300254225730896
2.7770965099334717
2.4829840660095215
2.531092882156372
2.6587886810302734
2.9615352153778076
2.59393572807312
2.6163785457611084
1.8441404104232788
2.311370849609375
2.0529747009277344
2.2824926376342773
2.7193994522094727
2.177823305130005
2.5322248935699463
2.1715738773345947
2.5259928703308105
2.5374596118927
2.540097236633301
2.172313690185547
2.603503942489624
2.5206003189086914
2.409719228744507
2.057025909423828
2.403032064437866
2.7417216300964355
2.581753969192505
2.697983980178833
2.6648356914520264
2.013211727142334
2.249204158782959
2.425858497619629
2.2107584476470947
2.219007730484009
2.5750701427459717
2.610647678375244
2.534653902053833
2.0517539978027344
2.1605215072631836
2.290792942047119
2.417668104171753
3.0156197547912598
2.4859824180603027
2.4156694412231445
2.6334898471832275
2.3434770107269287
2.3656656742095947
2.721979856491089
2.5866281986236572
2.1959147453308105
2.4515156745910645
2.4136147499084473
2.305558443069458
2.5452799797058105
2.3169281482696533
2.288367509841919
2.4222161769866943
2.289661169052124
2.5471749305725098
2.4544310569763184
2.128824234008789
2.485826015472412
2.502312421798706
2.3418848514556885
2.4053571224212646
2.2426047325134277
2.300501585006714
2.5190560817718506
2.256159782409668
2.435288190841675
2.1022391319274902
2.0954430103302
2.0981647968292236
2.2784392833709717
2.819460153579712
2.2746708393096924
2.8082435131073
2.2772350311279297
2.2102134227752686
2.7071220874786377
2.1101181507110596
2.544511318206787
2.265246629714966
2.2870614528656006
2.507566452026367
2.8932600021362305
2.257038116455078
2.449871778488159
2.2258529663085938
2.2514243125915527
2.801959991455078
2.1696510314941406
2.4434499740600586
1.828137755393982
2.444277763366699
2.2194483280181885
2.5863962173461914
2.280423879623413
2.583083391189575
2.4130771160125732
2.420910358428955
2.7993929386138916
2.120872974395752
2.400318145751953
2.2454798221588135
2.190971612930298
2.414027452468872
2.116938352584839
2.5306813716888428
2.3640036582946777
2.2482893466949463
2.986257553100586
2.2675998210906982
2.2860841751098633
2.430959463119507
2.51804518699646
2.4480793476104736
2.2371268272399902
2.404463291168213
2.3109636306762695
2.357913017272949
2.3522448539733887
2.41837477684021
2.5184996128082275
2.3741724491119385
2.326669216156006
2.076112747192383
2.6335175037384033
2.4159183502197266
2.534017562866211
2.1519551277160645
1.8691272735595703
2.392883777618408
2.114166498184204
2.3768606185913086
2.5045249462127686
2.242429494857788
2.6910347938537598
2.483970880508423
2.051398754119873
2.488520383834839
2.2775626182556152
2.712488889694214
2.4671523571014404
2.4031553268432617
2.0258662700653076
2.345935821533203
2.551980972290039
2.3047165870666504
1.3797897100448608
2.4885427951812744
2.2906293869018555
2.407935380935669
2.440277099609375
1.9837454557418823
2.5706348419189453
2.3500354290008545
2.7243316173553467
2.0536248683929443
2.792968988418579
2.1945390701293945
1.614302158355713
2.0492870807647705
2.508493661880493
2.2844414710998535
1.8760117292404175
1.9619193077087402
2.401963472366333
2.3320906162261963
2.488659620285034
2.1129024028778076
2.533055067062378
1.955321192741394
1.982575535774231
2.0392606258392334
2.18967342376709
2.680797815322876
2.4836373329162598
2.076493740081787
2.315875768661499
2.0206849575042725
2.813302516937256
2.08988094329834
2.187434673309326
1.7948073148727417
2.047278881072998
2.326793909072876
2.547377109527588
2.024472236633301
2.722055673599243
2.445463180541992
2.1968131065368652
2.240061044692993
1.8650760650634766
2.038738489151001
1.8231755495071411
2.1286675930023193
2.217897415161133
2.1433117389678955
2.415785312652588
2.101438283920288
2.752800703048706
2.560628890991211
2.1991159915924072
2.3668785095214844
2.4657840728759766
2.1413955688476562
1.9945811033248901
2.412511110305786
2.5622682571411133
2.6314070224761963
2.566995143890381
2.073765277862549
2.4542782306671143
1.7693363428115845
2.0983033180236816
2.1664721965789795
2.593935966491699
2.2117245197296143
2.3115711212158203
2.2999107837677
2.697950839996338
1.9112002849578857
1.9056836366653442
2.3368797302246094
2.24786114692688
2.6240410804748535
2.6048104763031006
2.1850242614746094
2.3116977214813232
2.371692180633545
2.4947288036346436
2.5881354808807373
2.332533597946167
2.1819536685943604
2.483078718185425
2.014082670211792
1.7348567247390747
2.6433191299438477
2.562805414199829
2.2592499256134033
2.3132879734039307
1.6305817365646362
2.3278684616088867
2.5794551372528076
2.4830307960510254
1.999313473701477
2.2199299335479736
2.702073097229004
1.9019324779510498
2.3891921043395996
1.7143514156341553
2.5848240852355957
2.0435562133789062
2.471421718597412
2.5752501487731934
2.206427812576294
1.6302838325500488
2.051802158355713
2.1632022857666016
2.021770477294922
2.6150882244110107
2.5677123069763184
2.61504864692688
1.8185007572174072
2.5503792762756348
2.144221782684326
2.7377591133117676
2.8037664890289307
2.493061065673828
2.5984134674072266
1.6859008073806763
2.4346799850463867
2.2130613327026367
2.7429311275482178
2.342184066772461
2.1141698360443115
2.574147939682007
2.3414807319641113
2.3801491260528564
2.36798357963562
2.240657091140747
2.071134090423584
2.2796900272369385
2.5637423992156982
2.235051393508911
2.4535388946533203
2.219021797180176
2.291510581970215
2.335203170776367
2.209604501724243
2.4769906997680664
2.6651008129119873
2.203336715698242
2.0905685424804688
2.0625176429748535
2.113619804382324
2.3413524627685547
2.1302828788757324
2.2150065898895264
2.3557627201080322
2.2537682056427
2.457495927810669
2.1229286193847656
2.385756015777588
2.0205023288726807
2.4505820274353027
2.3998188972473145
2.0939955711364746
2.4190001487731934
1.6893177032470703
2.4942023754119873
2.3988795280456543
2.21968150138855
2.4311184883117676
2.376133441925049
2.508697509765625
2.303297519683838
2.24658465385437
2.4936277866363525
2.0403103828430176
2.4460501670837402
2.222886562347412
2.5023562908172607
2.4587042331695557
2.449202060699463
1.8664686679840088
2.3647282123565674
2.5295965671539307
2.77850604057312
2.079623222351074
1.663126826286316
1.7741516828536987
1.8279355764389038
2.488523483276367
2.014490842819214
2.0566468238830566
1.9686176776885986
2.4408700466156006
2.8590569496154785
2.380625009536743
2.462146043777466
2.5506319999694824
2.3067820072174072
2.5614922046661377
2.4172356128692627
1.94736647605896
2.4615418910980225
2.504647970199585
2.3297266960144043
2.3309953212738037
2.506192922592163
2.082167863845825
2.260981798171997
2.364546775817871
2.246202230453491
2.0960278511047363
1.880252480506897
2.020893096923828
2.1064260005950928
1.903949499130249
1.6840753555297852
1.89108145236969
2.191434860229492
1.9275113344192505
2.459714651107788
1.7614169120788574
1.8318556547164917
1.9995054006576538
2.25241756439209
2.292140483856201
2.1290886402130127
2.242499589920044
2.440300703048706
2.3361690044403076
2.3953611850738525
2.4330828189849854
1.43878173828125
2.32338547706604
2.4981884956359863
2.6822335720062256
1.8900994062423706
2.205770969390869
2.2918238639831543
1.9340450763702393
2.2559874057769775
1.9683163166046143
2.255403995513916
1.7387182712554932
2.2649099826812744
1.9086908102035522
2.69889760017395
2.0258047580718994
2.019502878189087
2.2311649322509766
2.2675888538360596
2.3178060054779053
2.433706283569336
2.049520969390869
2.5577428340911865
2.5272068977355957
2.2510664463043213
2.3589975833892822
2.005502223968506
2.133408784866333
1.808914303779602
1.9805641174316406
2.1321470737457275
2.211456060409546
2.105504035949707
2.231156826019287
2.2902824878692627
2.201084852218628
2.3056488037109375
2.4156861305236816
2.0277793407440186
2.5597596168518066
2.2131900787353516
2.40919828414917
2.259493112564087
1.5701828002929688
2.4519741535186768
2.4534902572631836
2.5034360885620117
2.002162456512451
2.5564167499542236
2.1946182250976562
2.2783098220825195
2.5508646965026855
2.1011972427368164
2.224123239517212
2.210055112838745
2.6399643421173096
1.8429303169250488
2.187134265899658
2.35345721244812
2.2608938217163086
2.470749855041504
2.6322832107543945
1.9992464780807495
2.3544509410858154
2.281862735748291
1.9394047260284424
2.4310660362243652
2.036747932434082
2.064741373062134
2.170713186264038
1.973974347114563
1.3748624324798584
1.7257781028747559
2.4416089057922363
2.1539509296417236
2.0826306343078613
2.4667158126831055
2.288109540939331
2.6159112453460693
1.4781599044799805
2.0631117820739746
1.9119081497192383
2.5309529304504395
2.556452512741089
2.1208536624908447
2.09063982963562
2.2185776233673096
2.3498172760009766
2.4702811241149902
2.107280969619751
2.2164876461029053
1.7874763011932373
2.625295400619507
2.409686803817749
2.550807476043701
2.527634620666504
2.446955919265747
2.222808837890625
1.9506930112838745
2.549816846847534
2.1583240032196045
2.370513439178467
2.0435597896575928
2.0722033977508545
2.445479393005371
2.423436164855957
2.304302215576172
1.8051515817642212
2.142052173614502
1.8501986265182495
2.3843483924865723
2.592571973800659
2.1347687244415283
1.794194221496582
2.3062758445739746
2.1406872272491455
2.0987958908081055
2.285388469696045
2.3905694484710693
1.869814157485962
2.2860825061798096
2.406104326248169
2.5035488605499268
2.1530332565307617
2.6072049140930176
2.0514509677886963
2.167743682861328
2.275247573852539
1.9891821146011353
2.1457648277282715
2.2733423709869385
2.447678327560425
2.183769941329956
2.0084495544433594
1.9370148181915283
1.9007028341293335
1.9052129983901978
2.2012641429901123
2.0833802223205566
2.356198310852051
2.367222309112549
2.177158832550049
1.893700122833252
2.407217264175415
2.4388747215270996
1.9504055976867676
2.146044969558716
2.318493604660034
2.2257895469665527
1.9869780540466309
2.171980619430542
2.1929476261138916
2.4899773597717285
1.6926324367523193
2.3481671810150146
1.939674735069275
2.201134443283081
2.202488422393799
2.0150279998779297
2.3906102180480957
2.1821136474609375
2.3551530838012695
2.143707036972046
1.772933840751648
2.2277920246124268
2.2208454608917236
2.115816593170166
2.218458414077759
2.0245361328125
2.039471387863159
2.3862595558166504
2.293916702270508
1.7862833738327026
2.0725343227386475
2.2121291160583496
2.179137706756592
2.474982261657715
2.4261834621429443
2.4584813117980957
2.471329689025879
1.9540642499923706
2.3771047592163086
2.0011773109436035
2.4135501384735107
2.153491973876953
1.978213906288147
2.4532783031463623
2.3142309188842773
2.481792688369751
2.084773063659668
2.053318500518799
2.3214781284332275
2.0615577697753906
2.3376176357269287
2.022550582885742
2.1329562664031982
1.885743260383606
1.9738860130310059
2.0937304496765137
2.0585598945617676
2.116917610168457
2.283756732940674
2.4239630699157715
2.2861623764038086
1.8501567840576172
1.8727550506591797
2.0074918270111084
2.0092999935150146
1.860561490058899
2.2415013313293457
2.054070472717285
2.3142101764678955
1.8449162244796753
1.5876505374908447
2.0892086029052734
1.727113962173462
1.6791174411773682
1.7651346921920776
2.387683391571045
2.2312753200531006
2.1090152263641357
2.191012382507324
1.9543730020523071
1.9038182497024536
1.8859858512878418
2.53275465965271
1.9070297479629517
2.3488500118255615
2.4283900260925293
2.1528377532958984
1.7270640134811401
1.891928791999817
2.230062246322632
1.8127795457839966
2.1330552101135254
2.258396625518799
2.0337038040161133
2.218877077102661
2.4113547801971436
1.760179042816162
1.7538858652114868
1.7537511587142944
2.062908887863159
1.8364315032958984
2.107887029647827
1.6926021575927734
1.9742889404296875
2.377387762069702
2.197009563446045
2.000971794128418
2.3380165100097656
2.164926290512085
2.0887269973754883
2.1256561279296875
1.5253478288650513
2.261384963989258
2.33607816696167
2.2213621139526367
1.623615026473999
2.045745611190796
2.12188458442688
2.1037755012512207
2.2045648097991943
2.2045578956604004
1.822048544883728
2.030693292617798
2.293569564819336
2.4321701526641846
2.24830961227417
2.3970048427581787
2.5021893978118896
2.125577211380005
2.6025798320770264
2.320361852645874
1.9207738637924194
2.068723201751709
2.2299532890319824
1.8225640058517456
2.17299222946167
1.984182596206665
2.5216729640960693
2.169435977935791
2.0807015895843506
1.7496095895767212
2.018399238586426
2.2116479873657227
2.3742334842681885
2.1476194858551025
2.239480495452881
1.8218843936920166
2.3288733959198
2.449495315551758
2.4774794578552246
2.2167069911956787
2.0484373569488525
2.157008171081543
1.663292407989502
2.039555311203003
2.190730333328247
1.9080318212509155
2.3606090545654297
1.8849776983261108
1.7437983751296997
2.332568645477295
2.1134660243988037
2.4584803581237793
1.6742099523544312
1.7801706790924072
2.3061070442199707
2.431723117828369
1.926027536392212
2.121946334838867
2.1186091899871826
1.9436975717544556
1.859992265701294
2.0926854610443115
2.618788957595825
1.7083361148834229
2.337388515472412
2.450096368789673
2.223327159881592
2.3151845932006836
1.9208370447158813
2.224667549133301
1.9434547424316406
1.9544347524642944
2.1007845401763916
2.414940118789673
2.2682383060455322
1.9592410326004028
1.941762089729309
1.9591842889785767
1.9471787214279175
1.9166027307510376
2.2208516597747803
2.157586097717285
2.069709062576294
2.42964768409729
1.575533151626587
1.8787885904312134
2.3411340713500977
2.266964912414551
1.860776424407959
2.0423269271850586
2.0382962226867676
1.6683180332183838
2.1304032802581787
2.1121575832366943
2.0571203231811523
2.18795108795166
2.30279803276062
1.6186600923538208
2.312411069869995
1.9865199327468872
2.3800911903381348
2.065781354904175
2.229649066925049
1.5618959665298462
1.8951340913772583
2.0915539264678955
2.132401466369629
2.180177927017212
2.1360559463500977
2.0789732933044434
1.9567131996154785
2.012021064758301
1.5189566612243652
2.0417418479919434
1.940100073814392
1.9775781631469727
2.2745535373687744
2.2238588333129883
2.20086932182312
1.7960923910140991
1.933791995048523
2.525850772857666
2.193956136703491
2.058077335357666
2.3931777477264404
2.022542953491211
2.310056447982788
2.0435025691986084
2.1673474311828613
1.7052032947540283
2.415404796600342
1.8425278663635254
2.5937392711639404
2.060091018676758
2.4104301929473877
2.161374807357788
1.8090381622314453
2.007866859436035
1.7870891094207764
2.1598451137542725
2.139416217803955
1.6885430812835693
2.0487608909606934
2.3501837253570557
2.035006284713745
2.27292799949646
2.02347469329834
1.4945298433303833
2.1549594402313232
1.8974437713623047
1.7953953742980957
1.9531573057174683
2.232356309890747
1.9922703504562378
2.0322999954223633
2.2140283584594727
1.5415726900100708
1.9974440336227417
2.104449987411499
2.1808767318725586
2.1732044219970703
2.1071550846099854
2.159226655960083
1.7966803312301636
1.795711636543274
2.1141796112060547
1.9220510721206665
2.0483813285827637
2.312819719314575
2.025594711303711
2.102525234222412
2.08474063873291
2.2501096725463867
1.994948387145996
1.774397611618042
2.0872905254364014
2.263782262802124
2.2750957012176514
2.3683581352233887
2.1300735473632812
2.4540324211120605
2.211743116378784
2.1205554008483887
2.3855011463165283
2.2871100902557373
1.760128378868103
1.9766864776611328
1.9474743604660034
1.7857226133346558
2.2461559772491455
1.7573977708816528
1.4689816236495972
2.011660099029541
2.2723588943481445
2.361288547515869
2.1499216556549072
1.5056906938552856
1.8636568784713745
1.8040872812271118
2.053351879119873
2.033838987350464
2.199800729751587
2.345621109008789
2.013585329055786
2.0702898502349854
1.8739527463912964
1.714981198310852
2.023773670196533
2.3433520793914795
2.2848875522613525
2.0860164165496826
2.1191985607147217
1.970168948173523
1.6399600505828857
2.223729133605957
1.7677823305130005
1.9964629411697388
1.839054822921753
2.1632606983184814
2.194370746612549
2.440889358520508
1.8534294366836548
1.7775582075119019
2.3938546180725098
1.9213833808898926
1.988000750541687
2.0533676147460938
2.427736282348633
2.131532907485962
2.2618889808654785
2.0353119373321533
1.993308424949646
2.076699733734131
1.7833878993988037
1.7877850532531738
2.045328378677368
2.114767551422119
1.8698704242706299
2.0188019275665283
1.8603163957595825
1.9904930591583252
1.6772047281265259
1.7507089376449585
2.144289016723633
1.8720544576644897
2.3368124961853027
2.0315587520599365
1.3593453168869019
1.8591866493225098
1.9563528299331665
2.267543077468872
1.8372900485992432
2.327816963195801
1.9718902111053467
1.685145378112793
2.3771986961364746
2.1158556938171387
2.2717738151550293
1.9348533153533936
2.1449148654937744
2.1104798316955566
1.7341324090957642
2.0334789752960205
2.3546061515808105
2.1802258491516113
2.212435722351074
1.7881131172180176
2.2672677040100098
1.8849668502807617
2.1323652267456055
1.9213929176330566
1.9251772165298462
1.8770638704299927
1.8963987827301025
1.9141952991485596
2.1134896278381348
2.2826344966888428
1.8238269090652466
1.932755470275879
2.141897439956665
1.9708974361419678
2.2379117012023926
1.8956332206726074
1.9256117343902588
1.8761123418807983
1.8464726209640503
2.1110072135925293
1.645850419998169
2.143324375152588
2.025923490524292
2.037761926651001
2.1237058639526367
1.9517340660095215
2.36100435256958
1.932936429977417
2.274260997772217
2.1300032138824463
2.289344549179077
2.0484678745269775
1.9269298315048218
2.1573657989501953
1.9784972667694092
2.0289714336395264
1.8121029138565063
2.275404691696167
1.8675696849822998
2.0360729694366455
1.989041805267334
1.7145100831985474
1.9754438400268555
2.0098931789398193
1.6365450620651245
2.02580189704895
1.7185837030410767
2.0266048908233643
2.014432668685913
1.7366864681243896
2.0245158672332764
2.0494887828826904
2.083289861679077
2.2782938480377197
2.099625825881958
1.846856951713562
2.208731174468994
1.6619435548782349
2.285626173019409
1.673780083656311
1.6675097942352295
1.7852160930633545
1.668204426765442
1.7386499643325806
1.6843321323394775
2.2129149436950684
1.9561865329742432
1.8962762355804443
2.279707670211792
1.6065325736999512
2.0278077125549316
1.9259904623031616
2.109788656234741
2.0193638801574707
1.9051190614700317
1.8976305723190308
1.9400224685668945
2.1980655193328857
2.4167282581329346
1.9292815923690796
1.9383739233016968
2.0468640327453613
1.9101194143295288
1.533742904663086
2.054644823074341
2.4558677673339844
1.9325793981552124
2.1016030311584473
2.093519687652588
1.9721437692642212
1.881730318069458
2.244441032409668
2.0435898303985596
1.8757574558258057
2.048049211502075
1.599915862083435
2.02827525138855
1.8370399475097656
2.0780937671661377
2.10239577293396
1.6810779571533203
1.7649294137954712
2.155350685119629
2.001239776611328
2.357017993927002
1.7254347801208496
1.8600832223892212
1.9143015146255493
1.781450629234314
1.9937412738800049
1.8824961185455322
2.205192804336548
1.6515558958053589
1.8401905298233032
2.163404941558838
2.11073899269104
1.8825619220733643
1.9427967071533203
2.030164957046509
1.8250409364700317
2.1729981899261475
1.855027675628662
2.026395320892334
1.6928061246871948
1.9490143060684204
2.0016350746154785
2.2234017848968506
2.530320167541504
2.096609592437744
2.287813186645508
2.3271961212158203
1.7977999448776245
1.8064008951187134
1.7583013772964478
1.7689814567565918
2.232924461364746
1.632929801940918
2.0517687797546387
1.8495880365371704
2.090989351272583
2.1454997062683105
2.065800666809082
2.0521247386932373
1.6432201862335205
2.0236873626708984
1.7663707733154297
2.126833915710449
2.1578803062438965
1.7208888530731201
1.8878787755966187
1.7365254163742065
1.5026096105575562
1.6057568788528442
2.1025784015655518
2.232635498046875
1.5066359043121338
2.002469062805176
1.8476570844650269
2.0601136684417725
2.297821283340454
1.9545987844467163
1.1072524785995483
2.0706515312194824
2.093862771987915
2.14860200881958
1.7469850778579712
2.3122200965881348
2.0688109397888184
1.9511357545852661
1.9988384246826172
1.631338357925415
2.032175302505493
2.0084736347198486
2.1095173358917236
1.9390956163406372
1.9109841585159302
2.0903406143188477
1.8653287887573242
1.8569899797439575
2.1106138229370117
1.646004319190979
2.345482349395752
1.9303739070892334
1.9032598733901978
2.3099253177642822
2.066354990005493
1.8250480890274048
1.426350474357605
1.8718526363372803
1.9821124076843262
1.8617600202560425
1.532302975654602
1.8463152647018433
1.7343164682388306
2.0815649032592773
2.084076166152954
1.5615326166152954
2.0248312950134277
1.9289277791976929
1.674623727798462
2.0074431896209717
2.012803554534912
1.9745131731033325
1.9967570304870605
1.959775686264038
1.7198619842529297
1.7075358629226685
1.810779333114624
1.4921611547470093
1.8187878131866455
2.169116497039795
1.6439135074615479
1.7802107334136963
1.9693259000778198
1.9326525926589966
1.8348183631896973
1.9521104097366333
1.9144726991653442
1.8777000904083252
1.9687302112579346
1.9848852157592773
1.9836140871047974
1.7367579936981201
2.1253859996795654
1.8383466005325317
1.8586633205413818
1.904044508934021
2.2031776905059814
2.255077600479126
2.1704630851745605
1.36441969871521
2.055356502532959
2.2532267570495605
2.0016393661499023
2.165138006210327
2.1546151638031006
2.1397488117218018
2.1332056522369385
2.15395450592041
2.1149706840515137
1.984696865081787
2.241399049758911
2.1823062896728516
2.035142660140991
1.6713902950286865
1.8718340396881104
1.6566132307052612
1.6705299615859985
2.1623146533966064
1.8894026279449463
1.8163825273513794
1.6304434537887573
1.8113975524902344
1.8060094118118286
2.331681251525879
2.0512354373931885
2.051532506942749
1.6369829177856445
1.6956515312194824
1.370774745941162
2.2288737297058105
2.1596755981445312
1.7258256673812866
2.056464433670044
1.8343647718429565
2.1282966136932373
1.9542231559753418
2.136622428894043
1.698386311531067
1.8605066537857056
1.8094934225082397
2.0818932056427
2.026555061340332
2.231665849685669
1.984238862991333
1.8265347480773926
2.1211752891540527
1.945566177368164
2.0437076091766357
1.8619087934494019
2.297407388687134
1.9411225318908691
2.1448516845703125
2.1850078105926514
1.9972679615020752
1.4475483894348145
2.226513385772705
1.9934512376785278
1.819722294807434
2.0109405517578125
2.034611463546753
2.032052993774414
2.0414929389953613
1.9236681461334229
1.7460476160049438
1.5974242687225342
2.1182539463043213
1.8489326238632202
1.7930693626403809
2.188288450241089
2.069323778152466
2.17104434967041
1.671447515487671
1.9881603717803955
2.0810739994049072
1.562680721282959
2.130418062210083
1.6747980117797852
1.865247130393982
2.338744878768921
1.9085994958877563
1.6774616241455078
2.143721580505371
2.37308406829834
2.0234005451202393
1.8163344860076904
1.28732168674469
2.0410397052764893
1.5816376209259033
1.7725868225097656
2.281497001647949
2.0531513690948486
2.245398998260498
1.9388188123703003
2.1685025691986084
2.043571949005127
2.047506809234619
1.7189944982528687
2.200787305831909
1.7230806350708008
1.9356876611709595
1.6511706113815308
1.7780777215957642
1.8062487840652466
1.6784394979476929
1.4493908882141113
1.9060121774673462
1.918917179107666
1.7490359544754028
1.8428375720977783
1.9303172826766968
1.95215904712677
2.211291551589966
1.5310264825820923
2.3983266353607178
1.6534754037857056
1.82209312915802
2.0340538024902344
1.6148015260696411
1.9936803579330444
2.0730366706848145
2.0796267986297607
1.9020036458969116
2.0781638622283936
1.9979300498962402
1.4139293432235718
1.8600820302963257
1.6163575649261475
2.113399028778076
1.7529523372650146
1.5686814785003662
2.131910562515259
1.78510582447052
2.1313204765319824
1.627103328704834
1.9594457149505615
1.9469186067581177
1.438820242881775
1.2018948793411255
1.9900342226028442
2.0137417316436768
1.9638662338256836
1.5887006521224976
1.8994578123092651
1.6369987726211548
1.580966591835022
2.155052661895752
1.9138509035110474
1.5865918397903442
1.6509771347045898
1.8575406074523926
1.3399007320404053
1.957951307296753
1.72733736038208
1.765120029449463
1.9934946298599243
1.556359887123108
1.702658772468567
2.3042078018188477
1.4215534925460815
2.047532081604004
1.9306142330169678
1.702343225479126
1.5361251831054688
1.689252257347107
2.1772847175598145
2.0079071521759033
1.881065011024475
2.125107765197754
2.1115245819091797
2.198941230773926
1.8074899911880493
1.6771767139434814
1.7469561100006104
1.2923953533172607
1.9430837631225586
2.035830020904541
2.044748544692993
1.8068162202835083
2.0139477252960205
2.2107021808624268
1.745410680770874
2.2438278198242188
1.6858253479003906
1.4170488119125366
1.4197216033935547
1.9681028127670288
1.8717927932739258
1.4359415769577026
1.4483963251113892
1.9009943008422852
2.1508424282073975
1.7445040941238403
2.226454019546509
1.6851153373718262
1.731689691543579
1.592476725578308
1.3559108972549438
1.7456120252609253
1.8374545574188232
2.0526175498962402
1.931710958480835
2.0089080333709717
2.006514549255371
1.9960453510284424
1.699110984802246
1.5704163312911987
1.813836932182312
1.7061983346939087
1.946104884147644
1.5650453567504883
1.638425588607788
1.9234485626220703
2.2845537662506104
1.7962684631347656
2.226917266845703
1.756438970565796
1.8490713834762573
1.7706040143966675
1.568378210067749
1.9709631204605103
1.9815678596496582
1.6354517936706543
2.175273895263672
1.9052791595458984
1.7189037799835205
1.9177980422973633
1.6190743446350098
2.127114772796631
1.4629846811294556
1.8438286781311035
1.495971441268921
1.988866925239563
1.2798629999160767
2.0616159439086914
1.4814318418502808
1.5407826900482178
1.8924075365066528
1.5464973449707031
1.6388007402420044
2.1130590438842773
1.7087815999984741
1.522408127784729
1.694031000137329
1.8121333122253418
2.0485055446624756
1.7089557647705078
1.9228870868682861
1.7277038097381592
1.886938214302063
2.2029247283935547
1.8157726526260376
1.7462456226348877
2.0521552562713623
1.907584547996521
2.174905776977539
1.806791067123413
1.385158658027649
1.3489480018615723
1.867619514465332
1.538476824760437
1.5767936706542969
2.0162017345428467
1.8720157146453857
2.0106797218322754
1.786895990371704
1.5329209566116333
1.8392812013626099
1.6634471416473389
1.2641394138336182
2.032493829727173
2.0210752487182617
1.4572776556015015
1.9127111434936523
2.0268495082855225
2.0148298740386963
1.9833606481552124
1.5029126405715942
1.8987648487091064
1.6040573120117188
2.051866292953491
1.6801202297210693
1.6479038000106812
1.609086275100708
1.9226995706558228
1.9886380434036255
1.8580422401428223
1.95710289478302
1.619976282119751
1.6681864261627197
1.6458728313446045
1.709132432937622
1.7951620817184448
1.8042235374450684
2.0579686164855957
1.9552973508834839
1.8656527996063232
1.7576313018798828
2.0297234058380127
1.8192524909973145
2.142019510269165
1.7515367269515991
1.3942232131958008
1.8809945583343506
1.5014623403549194
1.592632532119751
2.1298165321350098
1.7859355211257935
2.1024200916290283
1.9998259544372559
1.7719897031784058
1.5678627490997314
1.3568090200424194
2.0812413692474365
1.7808561325073242
2.1268763542175293
2.107534408569336
2.3358314037323
1.5292482376098633
1.8815014362335205
1.576314091682434
2.2929606437683105
1.6752628087997437
1.851515531539917
1.9955408573150635
1.5714662075042725
1.865240216255188
1.8896770477294922
1.407990574836731
1.7249102592468262
1.900152325630188
1.7950656414031982
1.9320504665374756
1.4705201387405396
1.7533056735992432
1.8626885414123535
1.578585147857666
1.4610779285430908
1.456231713294983
2.0006017684936523
2.072598695755005
1.7602559328079224
1.8731110095977783
2.0798704624176025
1.7968981266021729
1.8775508403778076
1.8343451023101807
1.8161360025405884
1.7031357288360596
1.6373670101165771
1.927085518836975
1.9912832975387573
1.9929066896438599
1.637832760810852
2.009800672531128
1.9801439046859741
2.0055344104766846
1.9995651245117188
1.9020758867263794
2.0825884342193604
2.0763885974884033
1.8663806915283203
1.531728744506836
1.827434778213501
1.603951334953308
1.752413272857666
1.8932112455368042
1.7379881143569946
1.98544442653656
1.8445541858673096
1.4143718481063843
1.6317448616027832
1.5221699476242065
2.0474491119384766
2.2227866649627686
1.7957758903503418
1.7963602542877197
1.7695366144180298
2.007750988006592
1.8628662824630737
1.878590703010559
1.6425774097442627
2.131361484527588
1.719781756401062
1.6229095458984375
1.9882664680480957
1.8588076829910278
1.6947885751724243
1.837477445602417
1.6144942045211792
1.7156134843826294
1.8665608167648315
1.82986319065094
1.7860445976257324
1.7772265672683716
1.999847412109375
1.498953104019165
1.328460693359375
1.8208996057510376
1.6942975521087646
1.7064080238342285
1.9392926692962646
1.9410266876220703
1.293751835823059
1.6984549760818481
1.5845743417739868
1.7973684072494507
1.6422626972198486
1.6461490392684937
1.7674534320831299
1.5830409526824951
1.5795079469680786
1.8019579648971558
1.631976842880249
2.0655295848846436
1.8170371055603027
2.2069785594940186
1.8952094316482544
1.4022537469863892
1.658624529838562
1.6953805685043335
1.6196520328521729
1.6941643953323364
1.504996657371521
1.5077667236328125
1.5217223167419434
1.575697660446167
1.725995421409607
1.844201683998108
1.4092228412628174
2.139324903488159
1.487687110900879
1.6339316368103027
1.604630947113037
1.9557063579559326
1.769179105758667
1.7818331718444824
1.6567237377166748
1.759770393371582
2.068084716796875
1.534267783164978
1.583071231842041
1.5851341485977173
1.8281536102294922
1.7563167810440063
1.8036977052688599
1.7933837175369263
1.5344626903533936
1.621679663658142
1.8662229776382446
1.8625253438949585
1.8322334289550781
1.830335021018982
2.123527765274048
1.7649747133255005
1.4609416723251343
1.8996962308883667
1.8601969480514526
2.128180503845215
1.876736044883728
1.8144867420196533
1.6126660108566284
1.8491291999816895
1.3643405437469482
1.6021480560302734
1.9461866617202759
1.8762544393539429
1.5846596956253052
1.369305968284607
1.7038600444793701
2.1455554962158203
1.8146001100540161
1.9482245445251465
1.9981857538223267
1.588006615638733
1.8110579252243042
1.7130237817764282
1.278588056564331
1.4813964366912842
2.1267786026000977
1.4727474451065063
1.783413290977478
1.591426134109497
1.9878830909729004
1.7058688402175903
1.41594398021698
1.7963777780532837
1.4396289587020874
1.508571743965149
2.10665225982666
1.8041094541549683
2.058952569961548
1.57314133644104
2.169004440307617
1.8144456148147583
1.9315860271453857
1.773734450340271
1.6387319564819336
1.6493916511535645
1.662144422531128
1.7716662883758545
1.4360712766647339
1.910258173942566
1.8171058893203735
1.734462022781372
1.7644736766815186
2.09189510345459
1.6885969638824463
2.1180310249328613
1.3825678825378418
1.7276252508163452
1.3893905878067017
2.0132217407226562
1.858884334564209
1.852161169052124
2.0161004066467285
1.9698090553283691
1.9114724397659302
1.7041765451431274
1.1907585859298706
1.7359334230422974
1.968860387802124
2.1229889392852783
1.7630428075790405
1.786651611328125
1.9900457859039307
1.7382140159606934
1.5077953338623047
1.8129639625549316
1.7140491008758545
1.5868406295776367
1.5716900825500488
1.765305995941162
2.023623466491699
1.8628034591674805
1.3531044721603394
1.5593173503875732
1.7006855010986328
1.9992825984954834
1.5823650360107422
1.993902564048767
1.6953613758087158
1.946912169456482
1.5893230438232422
2.091123580932617
1.7876856327056885
1.7842402458190918
1.5992449522018433
1.7285465002059937
2.113224983215332
2.08537220954895
1.4838848114013672
1.7891132831573486
1.7978054285049438
1.534270167350769
1.8652567863464355
1.5922691822052002
1.6448664665222168
1.7127666473388672
1.5976660251617432
1.7716920375823975
2.1100263595581055
1.7546437978744507
1.5571722984313965
1.7649787664413452
1.8467097282409668
1.8881233930587769
2.2004055976867676
1.6542322635650635
1.7551381587982178
1.4273390769958496
1.6420743465423584
1.7900011539459229
1.8365265130996704
1.6929205656051636
1.8676252365112305
1.9893041849136353
1.744248628616333
2.0397841930389404
1.4851652383804321
1.4345279932022095
2.115807056427002
1.9341624975204468
1.6580650806427002
1.5382494926452637
1.71455717086792
1.7435581684112549
2.0718374252319336
1.6348912715911865
1.6502580642700195
1.4309605360031128
1.5276437997817993
1.8411208391189575
1.8672512769699097
1.842199444770813
1.5758602619171143
1.630360722541809
2.011831283569336
1.8796926736831665
1.5059030055999756
2.013070821762085
1.7946977615356445
1.978771448135376
1.4631688594818115
1.707314133644104
1.5836800336837769
1.5732425451278687
1.7031383514404297
1.7342731952667236
2.0223381519317627
1.6549334526062012
1.919547200202942
1.6163721084594727
1.8404161930084229
1.47911536693573
1.9470943212509155
1.861688494682312
1.6334621906280518
1.619812250137329
1.5835483074188232
1.4667754173278809
1.5216315984725952
1.8640282154083252
1.8869891166687012
1.5064882040023804
1.8276501893997192
1.8076215982437134
1.3509007692337036
1.8977062702178955
1.6352652311325073
1.7924402952194214
1.5944385528564453
2.0283799171447754
1.8075745105743408
1.9920029640197754
1.3690043687820435
1.8840402364730835
1.8528693914413452
1.6833282709121704
2.081146478652954
1.7612320184707642
1.873274326324463
1.5318820476531982
1.843275547027588
1.7109569311141968
1.8123304843902588
1.8093441724777222
2.0282537937164307
1.7240970134735107
1.7330864667892456
1.842700481414795
1.3937784433364868
1.552127718925476
1.5483088493347168
1.8374333381652832
2.071507692337036
1.813287615776062
1.8027887344360352
1.597573161125183
1.1232348680496216
1.6276277303695679
1.295369029045105
1.6732079982757568
1.7537585496902466
2.0480329990386963
1.5329455137252808
1.6090543270111084
1.8205397129058838
1.5546762943267822
1.6771847009658813
1.9619413614273071
1.923529863357544
1.773160457611084
1.7949023246765137
1.6925594806671143
2.173173666000366
1.5979446172714233
1.6887433528900146
1.887156367301941
1.637350082397461
1.980972170829773
1.659566044807434
1.7247161865234375
1.8456640243530273
1.8414422273635864
1.7112942934036255
1.3768681287765503
1.9011263847351074
1.847273588180542
1.948790192604065
1.4519948959350586
1.8267078399658203
1.6433743238449097
1.5193837881088257
1.822569489479065
1.7487003803253174
1.645776391029358
1.6489263772964478
1.7644168138504028
1.641094446182251
1.4537500143051147
1.842453956604004
2.1077303886413574
2.121227979660034
2.035696029663086
1.979593276977539
1.7598624229431152
1.6405656337738037
1.7765856981277466
1.5640069246292114
1.5738182067871094
1.9369122982025146
1.6639404296875
1.858629822731018
1.3203192949295044
1.3066775798797607
1.7536993026733398
1.6091411113739014
1.7153922319412231
1.6826918125152588
1.5762667655944824
1.5575884580612183
1.5484447479248047
1.6942956447601318
1.8847590684890747
1.313064455986023
1.303786039352417
1.4155231714248657
1.8568013906478882
1.7986959218978882
1.8132774829864502
1.3840153217315674
1.5291457176208496
1.6616380214691162
1.594498634338379
1.3614295721054077
1.8522233963012695
1.5316096544265747
1.4737613201141357
1.576465368270874
1.602690577507019
1.6402462720870972
1.6746580600738525
1.6186766624450684
1.6475483179092407
2.057197332382202
1.6436567306518555
1.3862428665161133
1.694080114364624
1.2095097303390503
1.6040235757827759
1.6833820343017578
1.9628373384475708
1.6670358180999756
1.5771743059158325
1.3831987380981445
1.6691337823867798
1.744598627090454
1.6378376483917236
1.9567654132843018
1.4812581539154053
1.6522103548049927
1.57770836353302
1.6706910133361816
1.5773142576217651
1.987950086593628
1.8155854940414429
2.157520055770874
1.6854004859924316
1.7209945917129517
2.069810628890991
1.689110517501831
1.4207358360290527
1.5813491344451904
1.9636739492416382
1.5823501348495483
1.4913651943206787
1.7864737510681152
1.2225028276443481
1.765723705291748
1.6270607709884644
1.644211769104004
1.5825873613357544
1.9174712896347046
1.2791907787322998
1.8008837699890137
1.8134775161743164
1.6265904903411865
1.7701143026351929
1.7875081300735474
1.7988014221191406
1.4326388835906982
1.598934531211853
1.6695398092269897
1.9148097038269043
1.707392930984497
2.0111520290374756
1.8035435676574707
1.8214828968048096
1.7451534271240234
1.8397140502929688
1.6829380989074707
1.7177530527114868
1.8025107383728027
1.3617738485336304
1.8573983907699585
1.8699603080749512
1.9476268291473389
1.9856656789779663
1.5275273323059082
1.6954377889633179
1.845139980316162
1.4349147081375122
1.6519806385040283
1.5632188320159912
1.784000277519226
1.5511562824249268
1.7716732025146484
2.2170002460479736
1.7785435914993286
1.9839577674865723
1.967189073562622
1.0689265727996826
1.5502887964248657
1.5127769708633423
1.668390154838562
1.3982335329055786
1.6551053524017334
1.4131375551223755
1.7261734008789062
1.9897538423538208
1.3956705331802368
1.8010497093200684
1.7208248376846313
2.0057156085968018
1.7397081851959229
1.650136947631836
1.4254176616668701
1.803123116493225
1.8319517374038696
1.5661461353302002
1.4193848371505737
1.5579133033752441
1.665114164352417
1.9473522901535034
1.431236982345581
1.6779624223709106
1.6422637701034546
1.6066547632217407
1.6821603775024414
1.6799689531326294
1.697519302368164
1.5750869512557983
1.5416470766067505
1.6302897930145264
1.5095152854919434
1.7227673530578613
1.5561041831970215
1.914212703704834
1.6222357749938965
1.7689332962036133
1.8742763996124268
1.2773600816726685
1.5459591150283813
1.7087128162384033
1.681143045425415
1.5316410064697266
1.7740222215652466
1.774312973022461
1.6382489204406738
1.6726396083831787
1.6346900463104248
1.7295187711715698
1.5906703472137451
1.2718833684921265
1.8440320491790771
1.9539449214935303
1.9363023042678833
2.01186466217041
1.9208033084869385
1.879394769668579
1.9032785892486572
1.6591644287109375
1.7990148067474365
1.931497573852539
1.630457878112793
1.2005481719970703
1.064307689666748
1.4959304332733154
1.661743402481079
1.6888322830200195
2.0393707752227783
1.6266733407974243
1.8333799839019775
1.704923152923584
1.6167668104171753
2.067744493484497
1.502527117729187
1.716644048690796
1.0888445377349854
1.337956428527832
1.5167046785354614
1.420675277709961
1.896612286567688
1.3717507123947144
1.688437819480896
1.7289016246795654
1.715124249458313
1.677667260169983
1.5101908445358276
1.7490687370300293
1.3677688837051392
1.6730393171310425
2.0029456615448
1.6418416500091553
1.5217735767364502
1.5930113792419434
1.9271548986434937
1.501326560974121
1.4607919454574585
1.542805552482605
1.4394981861114502
1.7310327291488647
1.9649606943130493
1.8891372680664062
1.5626163482666016
1.7062859535217285
1.8767156600952148
1.7789899110794067
1.7719087600708008
1.8102465867996216
2.0224618911743164
1.7014414072036743
1.6625020503997803
1.307736873626709
1.4879261255264282
1.867071509361267
1.6576188802719116
1.7713595628738403
1.5844204425811768
1.4936537742614746
1.5251007080078125
1.590184211730957
1.2140721082687378
1.6632919311523438
1.5761375427246094
1.396604061126709
1.84961998462677
1.2118451595306396
1.4877526760101318
1.603817105293274
1.612886667251587
1.5282671451568604
1.7416329383850098
1.7126771211624146
1.4104171991348267
1.7124810218811035
2.020404815673828
1.5213981866836548
1.7220091819763184
1.420170545578003
1.6488037109375
1.3764270544052124
1.2623549699783325
1.6976522207260132
1.8539869785308838
1.7980551719665527
1.7648224830627441
1.3865166902542114
1.4341919422149658
1.3208262920379639
1.6998018026351929
1.3733885288238525
1.7125530242919922
1.4945437908172607
1.6224035024642944
1.6907798051834106
1.2716524600982666
1.5730884075164795
0.9740988612174988
1.5902730226516724
1.4412411451339722
1.270551085472107
1.626559853553772
1.606831669807434
1.6105365753173828
1.4279803037643433
1.4965829849243164
1.9854391813278198
1.7467684745788574
1.5609039068222046
1.6982767581939697
1.329717993736267
1.8721226453781128
1.6623796224594116
1.8393127918243408
1.6184260845184326
1.5531744956970215
1.7119728326797485
1.2596262693405151
1.6110389232635498
1.735689640045166
1.835035800933838
1.9310855865478516
1.4626879692077637
1.4221290349960327
1.4740443229675293
1.840792179107666
1.592995524406433
2.0659289360046387
1.5662788152694702
1.8760311603546143
1.765682339668274
1.6919711828231812
1.698375940322876
1.7939281463623047
1.8177757263183594
1.8209288120269775
1.6262112855911255
1.6200189590454102
1.602537751197815
1.3413145542144775
1.4710562229156494
1.5736548900604248
1.692459225654602
1.6746271848678589
1.4772820472717285
1.911345362663269
1.2804359197616577
1.7152056694030762
1.50606369972229
1.8231409788131714
1.6527904272079468
1.4922386407852173
1.6060175895690918
1.4788352251052856
1.6869148015975952
1.7503306865692139
1.7698310613632202
1.5970293283462524
1.4810492992401123
1.6303952932357788
1.8313053846359253
1.6716974973678589
1.6251118183135986
1.4906675815582275
1.7244311571121216
1.6224868297576904
1.5312331914901733
1.452420949935913
1.651030421257019
1.5656256675720215
2.0576281547546387
1.503196120262146
1.844372272491455
1.6299906969070435
1.7843328714370728
1.7585476636886597
1.487298607826233
1.6828995943069458
1.7854028940200806
1.562683343887329
1.2271511554718018
1.7417269945144653
1.5436934232711792
1.8679254055023193
1.3824516534805298
1.8201578855514526
1.6004499197006226
1.27427077293396
1.409303069114685
1.7426166534423828
1.6159801483154297
1.5526516437530518
1.8523157835006714
1.365594506263733
1.6161460876464844
1.835296630859375
1.6720547676086426
1.724894642829895
1.5791783332824707
1.4678910970687866
1.2971254587173462
1.7462575435638428
1.64900541305542
1.6425315141677856
1.604509949684143
1.662669062614441
1.6533230543136597
1.7112421989440918
1.5283397436141968
1.7239739894866943
1.653865933418274
1.4920135736465454
1.8954156637191772
1.289741039276123
1.7044841051101685
1.2069050073623657
1.7002252340316772
1.611374020576477
1.6975198984146118
1.7168973684310913
1.760332465171814
1.3214486837387085
1.39169180393219
1.5771265029907227
1.3804824352264404
1.2399991750717163
1.606608271598816
1.6917484998703003
1.7236698865890503
1.5878582000732422
1.6487367153167725
1.5967762470245361
1.758316993713379
1.4388699531555176
1.3546608686447144
1.7361353635787964
1.6283831596374512
1.5458911657333374
1.6005347967147827
1.3669774532318115
1.4959028959274292
1.5339996814727783
1.7842588424682617
1.6168370246887207
1.4570695161819458
1.5715049505233765
1.6066018342971802
1.4701899290084839
1.2504761219024658
1.585332989692688
1.7644294500350952
1.2356635332107544
1.360558271408081
1.766351580619812
1.553423285484314
1.2791197299957275
1.4141768217086792
1.5544719696044922
1.6544586420059204
1.3655766248703003
1.5665178298950195
1.823831558227539
1.4977831840515137
1.5982589721679688
2.0293614864349365
1.7718380689620972
1.3040368556976318
1.5813003778457642
1.7551088333129883
2.00419545173645
1.4350574016571045
1.7103722095489502
1.5351868867874146
1.6992368698120117
1.461835503578186
1.8693668842315674
1.5272879600524902
1.6127973794937134
1.8588792085647583
1.6613688468933105
1.506074070930481
1.5225425958633423
1.4464086294174194
1.3814204931259155
1.5520718097686768
1.3032608032226562
1.412597894668579
1.7607237100601196
1.7564817667007446
1.4825856685638428
1.4501689672470093
1.5230761766433716
1.337071180343628
1.544173002243042
1.832000494003296
1.2051010131835938
1.4323962926864624
1.6684497594833374
1.7261598110198975
1.0716724395751953
1.684151291847229
1.5810937881469727
1.6022939682006836
1.153159499168396
1.6886786222457886
1.6999709606170654
1.541982889175415
1.4368406534194946
1.5288926362991333
1.7253358364105225
1.8288294076919556
1.493120551109314
1.9494271278381348
1.5085535049438477
1.53151535987854
1.59882390499115
1.4328514337539673
1.7390717267990112
1.2348625659942627
1.6609554290771484
1.8040486574172974
1.4847514629364014
1.5582678318023682
1.8230595588684082
1.829166054725647
1.6078234910964966
1.631304383277893
1.6642787456512451
1.3732370138168335
1.2923697233200073
1.5684083700180054
1.4386378526687622
1.5860462188720703
1.7255586385726929
1.471509337425232
1.5203652381896973
1.3537358045578003
1.7324308156967163
1.572123408317566
1.4449975490570068
1.4992525577545166
1.6594204902648926
1.4876095056533813
1.4992772340774536
1.6340532302856445
1.5085368156433105
1.6098315715789795
1.7016692161560059
1.7044423818588257
1.6514168977737427
1.511769413948059
1.5800518989562988
1.5506845712661743
1.681240439414978
1.7697768211364746
1.4021717309951782
1.6103566884994507
1.082897424697876
1.4126369953155518
1.495030403137207
1.308786392211914
1.7304434776306152
1.4611672163009644
1.87518310546875
1.7030301094055176
1.4863766431808472
1.565766453742981
1.7858946323394775
1.7816171646118164
1.6044437885284424
1.698644995689392
1.814983606338501
1.7151024341583252
1.7920517921447754
1.6021391153335571
1.224568486213684
1.264717698097229
1.258155345916748
1.8144898414611816
1.7170382738113403
1.3458082675933838
1.546021819114685
1.6095309257507324
1.578320860862732
1.5786603689193726
1.455191969871521
1.2146313190460205
1.8334007263183594
1.5424888134002686
1.460395336151123
1.6560719013214111
1.623984456062317
1.2029917240142822
1.5299028158187866
1.8840092420578003
1.5720559358596802
1.668615460395813
1.0957562923431396
1.8878581523895264
1.7416362762451172
1.4474211931228638
1.7640589475631714
1.488663673400879
1.750071406364441
1.7667949199676514
1.4720134735107422
1.4423775672912598
1.5874638557434082
1.6489547491073608
1.6270170211791992
1.413353681564331
1.4421563148498535
1.3631863594055176
1.2161369323730469
1.3664867877960205
1.5040823221206665
1.4203113317489624
1.8086084127426147
1.5300465822219849
1.5892541408538818
1.8056188821792603
1.5577549934387207
1.5549875497817993
1.588915228843689
1.3870527744293213
1.5349010229110718
1.5829813480377197
1.3875404596328735
1.392245888710022
1.6171274185180664
1.039198398590088
1.6771072149276733
1.9168657064437866
1.8211573362350464
1.582340121269226
1.477294921875
1.39947509765625
1.4403290748596191
1.2094182968139648
1.7234387397766113
1.480834722518921
1.4095656871795654
1.5243138074874878
1.351302146911621
1.4592140913009644
1.6594048738479614
1.4354254007339478
1.6280854940414429
1.5116076469421387
1.5029665231704712
1.7380236387252808
1.5417025089263916
1.580212116241455
1.5732412338256836
1.3640700578689575
1.285467505455017
1.4123713970184326
1.4915567636489868
1.5885703563690186
1.5410106182098389
1.3246372938156128
1.4662666320800781
1.1407328844070435
1.7730867862701416
1.5225728750228882
1.6906996965408325
1.6911834478378296
1.4979007244110107
1.5661591291427612
1.5795323848724365
1.332721471786499
1.4996682405471802
1.319642186164856
1.2093621492385864
1.3835687637329102
1.842885136604309
1.302297830581665
1.230584740638733
1.5915956497192383
1.5647823810577393
1.5874555110931396
1.3704208135604858
1.923189640045166
1.4813745021820068
1.6096335649490356
1.3780326843261719
1.6605138778686523
1.160563349723816
1.2918139696121216
1.4654709100723267
1.255425214767456
1.5857082605361938
1.3075664043426514
1.6111149787902832
1.6216554641723633
1.530408501625061
1.169830560684204
1.5745543241500854
1.664932370185852
1.7362056970596313
1.431886911392212
1.5844427347183228
1.3924564123153687
1.9115267992019653
1.4280049800872803
1.0458629131317139
0.9795629978179932
1.1923655271530151
1.7378981113433838
1.6727454662322998
1.412630319595337
1.508496642112732
1.4381107091903687
1.5053890943527222
1.504889726638794
1.3498711585998535
1.4078009128570557
1.466997504234314
1.489969253540039
1.1931959390640259
1.504859447479248
1.2920068502426147
1.7076196670532227
1.6316078901290894
1.4734306335449219
1.2920416593551636
1.813161849975586
1.3081820011138916
1.7657638788223267
1.4513826370239258
1.4551500082015991
1.1803419589996338
1.512008547782898
1.4988442659378052
1.6583679914474487
1.4088928699493408
1.8230960369110107
1.8517334461212158
1.5873751640319824
1.44217050075531
1.558773398399353
1.8887401819229126
1.2656251192092896
1.6591217517852783
1.750340223312378
1.8806159496307373
1.7588917016983032
1.6971275806427002
1.4083201885223389
1.5601959228515625
1.0820906162261963
1.2764028310775757
1.2316608428955078
1.7807788848876953
1.3766608238220215
1.5461235046386719
1.680204153060913
1.5329581499099731
1.391680121421814
1.6555284261703491
1.642759919166565
1.5398131608963013
1.0401686429977417
1.5425184965133667
1.2462725639343262
1.3544007539749146
1.4424539804458618
1.434273600578308
1.5318255424499512
1.1081582307815552
1.776307225227356
1.7065894603729248
1.667360782623291
1.4487143754959106
1.640181064605713
1.8523088693618774
1.4893876314163208
1.5721004009246826
1.0316351652145386
1.3845726251602173
1.253792643547058
1.6762886047363281
1.578552484512329
1.4729288816452026
1.7363346815109253
1.6661659479141235
1.3693557977676392
1.6646101474761963
1.273976445198059
1.392677903175354
1.709001064300537
1.8421614170074463
1.346924901008606
1.6934716701507568
1.6309865713119507
1.4613580703735352
1.3857266902923584
1.4610639810562134
1.0955328941345215
1.466328501701355
1.3639003038406372
1.5463359355926514
1.8946231603622437
1.8638763427734375
1.5121328830718994
1.5598888397216797
1.2300162315368652
1.3375269174575806
1.7258358001708984
1.647547960281372
1.5541269779205322
1.1875401735305786
1.3521796464920044
1.5175248384475708
1.365233302116394
1.4704546928405762
1.6395186185836792
1.5234522819519043
1.6199992895126343
1.5368313789367676
1.53785240650177
1.4948794841766357
1.3825771808624268
1.1701934337615967
1.65225088596344
1.3142303228378296
1.7062727212905884
1.4510444402694702
1.4821301698684692
1.5351864099502563
1.8630934953689575
1.5326613187789917
1.7067310810089111
1.238542914390564
1.3975504636764526
1.3836716413497925
1.2919600009918213
1.5390151739120483
1.4865025281906128
1.4048962593078613
1.6378947496414185
1.526600956916809
1.4960607290267944
1.4552892446517944
1.6568058729171753
1.281411051750183
1.5741958618164062
1.9237335920333862
1.5493857860565186
1.4261343479156494
1.286967396736145
1.4705122709274292
1.613158106803894
1.6505861282348633
1.2143890857696533
1.4176647663116455
1.5957249402999878
1.4336597919464111
1.427594542503357
1.7986245155334473
1.4285564422607422
1.539419412612915
1.4407126903533936
1.4949790239334106
1.5246665477752686
1.6520501375198364
1.6589199304580688
1.622359275817871
1.4928090572357178
1.6179192066192627
1.576759934425354
1.6421489715576172
1.5340707302093506
1.4427757263183594
1.4135539531707764
1.4299871921539307
1.391932725906372
1.3776812553405762
1.430290699005127
1.53848135471344
1.4248571395874023
1.7717820405960083
1.587235450744629
1.462215781211853
1.3389685153961182
1.6677557229995728
1.4355615377426147
1.2961560487747192
1.4931310415267944
1.4896169900894165
1.0996519327163696
1.3835300207138062
1.4302749633789062
1.2712461948394775
1.2743512392044067
1.4235084056854248
1.673065185546875
1.534085750579834
1.1808972358703613
1.459494709968567
1.3974812030792236
1.564404845237732
1.4959670305252075
1.525351643562317
1.1476237773895264
1.4046493768692017
1.4340816736221313
1.5096367597579956
1.6031440496444702
1.2427632808685303
1.698838710784912
1.2840672731399536
1.5451911687850952
1.4471982717514038
1.7091187238693237
1.6531983613967896
1.5533599853515625
1.6997376680374146
1.4313968420028687
1.6118342876434326
1.5495246648788452
1.6257399320602417
1.4857667684555054
1.6473190784454346
1.3970985412597656
1.0891647338867188
1.2800376415252686
1.6234599351882935
1.7065482139587402
1.5643476247787476
1.5856261253356934
1.6439286470413208
1.6724594831466675
1.5285333395004272
1.3094974756240845
1.3544607162475586
1.537428379058838
1.5282766819000244
1.373875617980957
1.5476605892181396
1.6875923871994019
1.5483325719833374
1.5462366342544556
1.3862128257751465
1.2697889804840088
1.4971274137496948
1.501875400543213
1.729270339012146
1.5224242210388184
1.3643815517425537
1.5406609773635864
1.4782514572143555
1.771144986152649
1.1730033159255981
1.4970731735229492
1.1753170490264893
1.7510524988174438
1.484669804573059
1.2730443477630615
1.394208550453186
1.4559391736984253
1.61887526512146
1.022022008895874
1.5183241367340088
1.4229347705841064
1.4623748064041138
1.3184146881103516
1.2461076974868774
1.0923655033111572
1.3943768739700317
1.27407705783844
1.5213514566421509
1.4621822834014893
1.3210736513137817
1.2729949951171875
1.3575446605682373
1.4639869928359985
1.4023886919021606
1.2420886754989624
1.319958209991455
1.3939427137374878
1.6062965393066406
1.5635182857513428
1.6214869022369385
1.7161599397659302
1.665837287902832
1.5549296140670776
1.61384117603302
1.5058674812316895
1.759806752204895
1.5909295082092285
1.3882594108581543
1.673948884010315
1.5135852098464966
1.0458406209945679
1.492035150527954
1.2665584087371826
1.5713675022125244
1.5264718532562256
1.5748785734176636
1.0687991380691528
1.4204474687576294
1.4927247762680054
1.3679941892623901
1.388995885848999
1.4451402425765991
1.419721245765686
1.312146544456482
1.7711281776428223
1.2761362791061401
1.5631593465805054
1.6830300092697144
1.587088704109192
1.6650251150131226
1.5026880502700806
1.6747468709945679
1.3936513662338257
1.1874743700027466
1.6051180362701416
1.3335283994674683
1.5649718046188354
1.3713254928588867
1.5801684856414795
1.4736589193344116
1.2222132682800293
1.2741061449050903
1.648768424987793
1.399777889251709
1.5595605373382568
1.8195008039474487
1.187636375427246
1.3658348321914673
1.1321529150009155
1.5692607164382935
1.5566861629486084
1.492841362953186
1.4263170957565308
1.4517149925231934
1.418487548828125
1.3547369241714478
1.0294809341430664
1.4064027070999146
1.2867478132247925
1.6278114318847656
1.1212838888168335
1.5492565631866455
1.5594570636749268
1.6909185647964478
1.6330723762512207
1.505158543586731
1.2058864831924438
1.5911427736282349
1.4809939861297607
1.2940068244934082
1.6622059345245361
1.236399531364441
1.0628588199615479
1.6845130920410156
1.373006820678711
1.2300338745117188
1.371419072151184
1.7088708877563477
1.4044643640518188
1.0956310033798218
1.6328963041305542
1.7323682308197021
1.5127726793289185
1.4969171285629272
1.5736815929412842
1.3468457460403442
1.2757545709609985
1.1629548072814941
1.5348871946334839
1.7103595733642578
1.738602876663208
1.1224360466003418
1.3359140157699585
1.449462890625
1.3706386089324951
1.0880413055419922
1.4412002563476562
1.5232644081115723
1.434046745300293
1.4039006233215332
1.2183462381362915
1.0845927000045776
1.504783272743225
1.4764530658721924
1.5307718515396118
1.758254051208496
1.6968927383422852
1.3739076852798462
1.2650328874588013
1.6224868297576904
1.465806007385254
1.6025019884109497
1.1977585554122925
1.6058237552642822
1.3463308811187744
1.4222854375839233
1.5017911195755005
1.5467785596847534
1.378814935684204
1.4405461549758911
1.5949820280075073
1.307870864868164
1.2270839214324951
1.6688319444656372
1.6687272787094116
1.490296483039856
1.8888667821884155
1.1383203268051147
1.6532682180404663
1.3316155672073364
1.0145049095153809
1.2350976467132568
1.3475598096847534
1.3681436777114868
1.7628393173217773
1.0696139335632324
1.7571282386779785
1.2054343223571777
1.7341105937957764
1.2809592485427856
1.3070141077041626
1.5472506284713745
1.268031120300293
0.7800722122192383
1.343705177307129
1.4383047819137573
1.3783279657363892
1.378175973892212
1.37785804271698
1.4330946207046509
1.4943252801895142
1.4881597757339478
1.5744925737380981
1.4839258193969727
1.71726393699646
1.3936290740966797
1.422706127166748
1.381174921989441
1.20504629611969
1.6260885000228882
1.781261920928955
1.1395702362060547
1.4502525329589844
1.458733081817627
1.3109378814697266
1.6621294021606445
1.0200040340423584
1.6240394115447998
1.689123272895813
1.0015259981155396
1.7018824815750122
1.3416855335235596
1.2439210414886475
1.4652466773986816
1.4444074630737305
1.3876601457595825
1.295487642288208
1.3960847854614258
1.4009966850280762
1.5767565965652466
1.438641905784607
1.2263741493225098
1.222594976425171
1.2762118577957153
1.22952401638031
1.380332112312317
1.4875462055206299
1.5244598388671875
1.560831069946289
1.5390450954437256
1.4407079219818115
1.480547547340393
1.1720843315124512
1.2298979759216309
1.3777985572814941
1.4818272590637207
1.4599828720092773
1.2816073894500732
1.7734869718551636
1.6096525192260742
1.2777470350265503
1.1533687114715576
1.5131051540374756
1.4340907335281372
1.098872184753418
1.2007129192352295
1.5509943962097168
0.8662593960762024
1.5205745697021484
1.5743731260299683
1.3795700073242188
0.9566791653633118
1.4245637655258179
1.3280941247940063
1.023559331893921
1.1528608798980713
0.9697720408439636
1.4017986059188843
1.1906657218933105
1.474048376083374
1.5223252773284912
1.2983760833740234
1.3325917720794678
1.6625392436981201
1.3278584480285645
1.3054190874099731
1.5876675844192505
1.3789997100830078
1.6154872179031372
1.7000980377197266
1.2822096347808838
1.027512788772583
1.2259443998336792
1.3348655700683594
1.3213756084442139
1.3965590000152588
1.5866602659225464
1.4543663263320923
1.3335648775100708
1.5854170322418213
1.5434750318527222
1.6193480491638184
1.4084309339523315
1.451366662979126
1.3525913953781128
1.2149028778076172
1.6083776950836182
1.1469255685806274
1.066386342048645
1.2516649961471558
1.322234869003296
1.3862855434417725
1.688612699508667
1.3832250833511353
1.3009531497955322
1.5859230756759644
1.645735740661621
1.271183967590332
1.5772390365600586
1.2182748317718506
1.176551103591919
1.5175226926803589
1.322069764137268
1.7413883209228516
1.3381226062774658
1.4050980806350708
1.7608253955841064
1.4504176378250122
1.2237924337387085
0.8590700030326843
1.376878261566162
1.1434767246246338
1.4612735509872437
1.2478034496307373
1.437089443206787
1.0930756330490112
1.3273675441741943
1.5831400156021118
1.2029600143432617
1.7342060804367065
1.8178290128707886
1.5166884660720825
1.4603559970855713
0.9450465440750122
1.5214245319366455
1.8630012273788452
1.4424914121627808
1.372054100036621
1.46250319480896
1.811869502067566
1.2607733011245728
1.2859293222427368
1.252687692642212
1.4194551706314087
1.717112421989441
1.411635160446167
1.5338943004608154
1.4107942581176758
1.2525609731674194
1.6062042713165283
1.2059051990509033
1.4105165004730225
1.284091830253601
1.1957439184188843
1.444114327430725
1.4180690050125122
1.12746262550354
1.3864637613296509
1.5563284158706665
1.754939079284668
1.658265471458435
1.355391025543213
1.50836181640625
1.4594632387161255
1.033168911933899
1.7212387323379517
1.1608965396881104
1.7123898267745972
1.4367154836654663
1.2409114837646484
1.1249308586120605
1.1593828201293945
1.3221379518508911
1.5474499464035034
1.3744176626205444
1.2149503231048584
1.4214394092559814
1.3545600175857544
1.3946378231048584
1.2227779626846313
1.3818303346633911
1.4565742015838623
1.5951091051101685
1.5901261568069458
1.4453414678573608
1.141609787940979
1.5718936920166016
1.3769018650054932
1.4564547538757324
1.3381061553955078
1.6260861158370972
1.244093418121338
1.733918309211731
1.2529830932617188
1.1593393087387085
1.35944402217865
1.2902733087539673
1.316570520401001
1.0387985706329346
1.2875621318817139
1.3099387884140015
1.2416706085205078
1.3396203517913818
1.3766003847122192
1.7232012748718262
1.5808258056640625
1.427868366241455
1.2625401020050049
1.4258190393447876
1.6336207389831543
0.9126051068305969
1.196603775024414
1.3313868045806885
1.4060708284378052
1.4863213300704956
1.3818795680999756
1.1124024391174316
1.2620794773101807
1.3021799325942993
1.1443724632263184
1.1948435306549072
1.412868857383728
1.6081068515777588
1.5012197494506836
1.988661766052246
1.3892796039581299
1.3228784799575806
1.3246068954467773
1.2048118114471436
1.427177906036377
1.5067389011383057
1.310720682144165
1.4793198108673096
1.1935847997665405
1.1891978979110718
1.5331956148147583
1.2910032272338867
1.4755024909973145
1.3615885972976685
1.4475842714309692
1.1391977071762085
1.3362884521484375
1.3011269569396973
1.7989755868911743
1.2529958486557007
1.3387694358825684
1.3735144138336182
1.140572428703308
1.26515531539917
1.3483315706253052
1.6266238689422607
1.1547900438308716
1.1855641603469849
1.6639806032180786
1.0555071830749512
1.3078783750534058
1.6321316957473755
1.2353477478027344
1.2078906297683716
1.2004115581512451
1.6974027156829834
1.159684181213379
1.6792351007461548
1.5423001050949097
1.2955676317214966
1.278137445449829
1.227942705154419
1.1746752262115479
1.5527600049972534
1.4017187356948853
1.1894711256027222
1.377152919769287
1.2658225297927856
1.3875737190246582
1.3259395360946655
1.6322109699249268
1.1588789224624634
1.5071218013763428
1.598009467124939
1.3044114112854004
1.1350904703140259
1.0279536247253418
1.2031315565109253
1.2649626731872559
1.42503023147583
0.9734808802604675
1.1371381282806396
1.3592489957809448
1.403303861618042
1.2087613344192505
1.0932087898254395
1.1034177541732788
1.4995335340499878
1.2072745561599731
1.418701171875
1.656633973121643
1.4317626953125
1.3999488353729248
1.0090581178665161
1.2485162019729614
0.9652470946311951
1.7798385620117188
1.4999741315841675
1.424263834953308
1.2539782524108887
1.149762511253357
1.3786362409591675
1.2820944786071777
1.3872604370117188
1.4144911766052246
1.3702497482299805
1.4039725065231323
1.2827138900756836
1.2660560607910156
1.4226711988449097
1.4069736003875732
1.6537827253341675
1.8108619451522827
1.230783224105835
1.2000160217285156
1.0399588346481323
1.3656752109527588
1.2117815017700195
1.1791949272155762
1.395321249961853
1.366626262664795
1.6997345685958862
0.9644948244094849
1.3663609027862549
1.2704578638076782
1.2698616981506348
1.0305603742599487
1.1763328313827515
1.4580984115600586
1.3499515056610107
1.5108550786972046
1.2458851337432861
1.1943639516830444
1.3896563053131104
1.373725414276123
1.4564582109451294
1.0348342657089233
1.4736087322235107
1.4259299039840698
1.4376636743545532
1.3503996133804321
1.6174309253692627
1.3500714302062988
1.5621943473815918
1.621769666671753
1.3792667388916016
1.2417384386062622
1.4974983930587769
1.4240905046463013
1.5051414966583252
1.2516679763793945
1.5664035081863403
1.1594443321228027
1.2677704095840454
1.5380842685699463
1.3467049598693848
1.50290846824646
1.3458728790283203
1.2302731275558472
1.3736662864685059
1.208762764930725
1.587144374847412
1.4364981651306152
1.5213937759399414
1.1722582578659058
1.258063554763794
1.4396395683288574
1.5335402488708496
1.3308274745941162
1.3328121900558472
1.2987537384033203
1.4403221607208252
1.1875585317611694
1.0298266410827637
1.6251245737075806
1.275628924369812
1.5308113098144531
1.4063012599945068
1.4064985513687134
1.2168940305709839
1.4613518714904785
1.1944736242294312
1.524850845336914
1.7710539102554321
1.274830937385559
1.2752766609191895
1.1535766124725342
1.5241036415100098
1.466407060623169
1.3820360898971558
1.2739896774291992
1.188798189163208
1.4969594478607178
1.4111850261688232
1.3180040121078491
1.1560465097427368
1.8251897096633911
1.255225658416748
1.5505777597427368
1.470155119895935
1.1767942905426025
1.2838176488876343
1.1688220500946045
1.5008783340454102
1.3560625314712524
0.9936181306838989
1.6076209545135498
1.3558616638183594
1.1752642393112183
1.147143006324768
1.3981715440750122
1.234912633895874
1.0413893461227417
1.242672085762024
1.3386996984481812
1.4537078142166138
1.2755054235458374
1.4770523309707642
1.3006874322891235
1.370324730873108
1.1483051776885986
1.381210207939148
1.4487568140029907
1.350839376449585
1.4283941984176636
1.4603387117385864
1.2693158388137817
1.1343364715576172
1.3067690134048462
1.3220311403274536
1.2828153371810913
1.590524673461914
1.4363682270050049
1.3868035078048706
1.2356451749801636
1.3783241510391235
1.0856727361679077
1.7091463804244995
1.3847662210464478
1.2599108219146729
1.4115830659866333
1.1646186113357544
1.5151491165161133
1.0482946634292603
1.4649405479431152
1.5544049739837646
1.5211408138275146
1.5732206106185913
1.256316900253296
1.5594124794006348
1.4798721075057983
1.134199857711792
1.5137823820114136
1.3639761209487915
1.3926794528961182
1.4127039909362793
1.5111719369888306
1.5852667093276978
1.3019763231277466
1.557990550994873
1.3191027641296387
1.2966591119766235
1.4791139364242554
1.4262086153030396
1.3561744689941406
1.4373650550842285
1.6403533220291138
1.1380945444107056
1.4669795036315918
1.1858373880386353
0.7055142521858215
1.2628610134124756
1.4757901430130005
1.4190099239349365
1.4778727293014526
1.2038605213165283
1.3221368789672852
1.1294410228729248
1.453942894935608
1.310571551322937
1.3954883813858032
1.3349887132644653
1.5738911628723145
1.664523720741272
1.3341470956802368
1.3031482696533203
1.4020490646362305
1.311780333518982
1.366176724433899
1.1827713251113892
1.1535190343856812
1.2464909553527832
1.104218602180481
1.4416453838348389
1.246707558631897
0.9672459363937378
1.3178762197494507
1.6658774614334106
1.3827199935913086
1.3202202320098877
1.3860886096954346
1.1410894393920898
1.3248000144958496
1.2603561878204346
1.313840627670288
1.4604196548461914
1.1724307537078857
1.4187185764312744
1.0781540870666504
1.0150812864303589
1.512845754623413
1.407470941543579
1.612592339515686
1.3880817890167236
1.5693247318267822
1.6476855278015137
1.296213150024414
1.1898274421691895
0.9290496706962585
1.330518126487732
1.5389518737792969
1.395321011543274
1.319901943206787
1.342731237411499
1.1336421966552734
1.3127741813659668
1.1225663423538208
1.4255508184432983
1.4986618757247925
1.613892674446106
1.1258965730667114
1.4784120321273804
1.2977325916290283
1.332007884979248
1.3156243562698364
1.3771932125091553
1.0594069957733154
1.2243585586547852
1.1166658401489258
1.5644745826721191
1.0656553506851196
1.0838032960891724
1.3060921430587769
1.3756757974624634
1.269898772239685
1.3467621803283691
1.1435835361480713
1.1219162940979004
1.495577096939087
0.992579996585846
1.350153923034668
1.1612770557403564
1.3950937986373901
1.233036756515503
0.9490242004394531
1.4615461826324463
1.0458061695098877
1.3471431732177734
1.124505639076233
1.6473581790924072
1.1188445091247559
1.7316781282424927
1.3691401481628418
1.6184405088424683
1.0767667293548584
1.4749902486801147
1.3676403760910034
1.2930680513381958
1.1351605653762817
1.177372932434082
1.5864955186843872
1.2790433168411255
1.62150239944458
1.0705188512802124
1.4334574937820435
1.5698225498199463
1.427384853363037
1.1571534872055054
1.1341272592544556
1.2183325290679932
1.1310521364212036
1.4075229167938232
1.1186420917510986
1.0544672012329102
1.4304858446121216
0.9246091842651367
1.3572384119033813
0.8950523138046265
1.293163537979126
1.393459439277649
1.2064698934555054
1.5163965225219727
1.4946393966674805
1.1725115776062012
1.4058644771575928
1.4565237760543823
1.192112922668457
1.2307641506195068
1.3157012462615967
1.5121700763702393
1.2981317043304443
1.535963773727417
1.1639318466186523
1.3850719928741455
1.3272886276245117
1.1057647466659546
1.2882972955703735
1.03379487991333
1.2964929342269897
1.186935544013977
1.0048868656158447
1.2332860231399536
1.3815675973892212
1.1367543935775757
1.0810428857803345
1.355697751045227
1.2549372911453247
1.4652622938156128
1.255616545677185
1.4187144041061401
1.251800775527954
1.9275507926940918
1.2159026861190796
1.5952959060668945
1.2906919717788696
1.2236418724060059
1.6460673809051514
1.426013469696045
1.1802482604980469
1.3575620651245117
1.4312628507614136
1.1859630346298218
1.1064218282699585
1.3848942518234253
1.40699303150177
1.5083483457565308
1.28169584274292
1.3409141302108765
1.1333911418914795
1.1748394966125488
1.3740733861923218
1.5158960819244385
1.4571175575256348
1.1663541793823242
1.232338309288025
1.1416529417037964
1.507089376449585
1.3720784187316895
1.2445318698883057
1.0681242942810059
1.1056451797485352
1.328055739402771
1.3180853128433228
1.4267239570617676
1.4743304252624512
1.074172854423523
1.2406196594238281
1.2957663536071777
1.3151066303253174
1.2911332845687866
1.2632094621658325
1.2321362495422363
1.6770224571228027
1.434470534324646
1.113303303718567
1.562071442604065
1.1538240909576416
1.1133981943130493
1.254242181777954
1.529083490371704
1.5940836668014526
1.1545937061309814
1.1087441444396973
1.2642043828964233
1.5382728576660156
1.3706443309783936
0.8920882940292358
1.413292407989502
1.2059640884399414
1.2933887243270874
1.1640570163726807
1.5155729055404663
1.1974799633026123
1.2118198871612549
1.428765892982483
1.3236697912216187
1.1539915800094604
1.1228976249694824
1.3458627462387085
1.3118761777877808
1.4508211612701416
1.2480849027633667
1.3804750442504883
1.348880410194397
1.0841535329818726
1.2403947114944458
1.3380985260009766
1.074034333229065
1.4996341466903687
1.6086161136627197
1.5959415435791016
1.4832844734191895
1.5722004175186157
1.448276162147522
1.3885912895202637
1.3216831684112549
1.2670313119888306
1.1690888404846191
1.3419431447982788
1.4632847309112549
1.3885679244995117
1.5264997482299805
1.5183335542678833
1.4880963563919067
1.4580641984939575
1.2969011068344116
1.356554388999939
1.2449679374694824
1.0747087001800537
1.4668530225753784
1.0918872356414795
1.2960474491119385
1.4713702201843262
1.6459037065505981
1.2734490633010864
1.2877562046051025
1.06360924243927
1.4814165830612183
1.2635737657546997
1.1412233114242554
1.101646065711975
1.5217771530151367
1.5291519165039062
1.1934391260147095
1.1291266679763794
1.051404595375061
1.459562063217163
1.35457444190979
1.481329083442688
1.3771897554397583
1.4472060203552246
1.0177620649337769
1.1937955617904663
1.4276293516159058
0.9357396960258484
1.372923493385315
1.2288403511047363
1.1615848541259766
1.1193121671676636
1.2546788454055786
1.1813706159591675
1.181965947151184
1.3145791292190552
1.2630325555801392
0.9602664709091187
1.4660375118255615
1.5041155815124512
1.0537683963775635
1.5502495765686035
1.202728509902954
1.5366413593292236
0.9901366233825684
1.3040217161178589
1.1702673435211182
1.1034270524978638
1.2035168409347534
1.4641621112823486
1.4016320705413818
1.11215078830719
1.3027918338775635
0.9428514838218689
1.4525903463363647
1.3253514766693115
1.0057343244552612
0.790259838104248
1.4296056032180786
1.2305091619491577
1.4581760168075562
1.4129359722137451
1.480114459991455
1.1395583152770996
1.2534575462341309
1.1618916988372803
1.5521860122680664
0.9380711913108826
1.2152438163757324
1.4031487703323364
1.214776873588562
1.2524205446243286
1.371288776397705
1.1419881582260132
1.3271535634994507
1.1104589700698853
1.1289509534835815
1.2691221237182617
1.3038665056228638
1.1133979558944702
1.3963024616241455
0.9313725233078003
0.9667856097221375
1.3088583946228027
0.9881139993667603
1.563265323638916
1.2292119264602661
1.2628711462020874
0.8100665807723999
1.2079970836639404
1.4655096530914307
1.2413662672042847
1.3451675176620483
1.0592631101608276
1.096339464187622
1.3881334066390991
1.138479232788086
0.9629342555999756
1.4018726348876953
1.1300312280654907
1.480526089668274
1.25054132938385
1.5986257791519165
1.3241578340530396
1.3015964031219482
1.212497353553772
1.066611409187317
1.412808895111084
1.1911863088607788
1.137692928314209
1.2628310918807983
1.2788026332855225
1.2104545831680298
1.1568794250488281
1.457399845123291
1.4258469343185425
0.9021328687667847
1.000262975692749
1.4560019969940186
1.3635468482971191
1.0881491899490356
1.198141098022461
1.1814414262771606
1.2861868143081665
1.2059898376464844
1.1959561109542847
1.256592035293579
2.1717429161071777
0.7035378813743591
1.32423734664917
1.4799778461456299
1.9272078275680542
1.1932618618011475
2.316288948059082
2.0557305812835693
1.304996371269226
1.9769474267959595
2.3680169582366943
1.7716467380523682
1.57014799118042
1.242885947227478
1.489229440689087
1.3891255855560303
1.4477434158325195
1.765447735786438
2.613516330718994
1.4337917566299438
1.9552892446517944
0.9451715350151062
1.1127839088439941
1.8656350374221802
2.331873655319214
2.1436915397644043
2.1405675411224365
1.7075577974319458
1.320723295211792
1.4469488859176636
0.6998754739761353
1.5426262617111206
2.026038885116577
1.447166919708252
0.9877439737319946
1.7600313425064087
1.1238031387329102
1.414925217628479
1.878846526145935
1.929816722869873
2.367271661758423
1.3306211233139038
1.5736370086669922
1.0887784957885742
1.2534712553024292
0.8148370981216431
1.9129103422164917
1.915522813796997
1.0071829557418823
1.6411840915679932
1.170417308807373
1.5765069723129272
1.5718510150909424
1.4036897420883179
1.1504287719726562
1.617912769317627
1.5303773880004883
1.7085824012756348
2.1716644763946533
1.3084546327590942
0.8006809949874878
1.3542118072509766
1.6812304258346558
1.6449676752090454
1.0280998945236206
1.9208766222000122
2.0905044078826904
1.0273839235305786
1.1894570589065552
1.0612235069274902
3.092111825942993
2.168412208557129
1.6765317916870117
1.7883424758911133
1.8151739835739136
2.0629324913024902
1.4453164339065552
1.9074801206588745
0.8743295669555664
1.206188440322876
2.3464910984039307
1.1075259447097778
2.1622371673583984
1.1268118619918823
1.426009178161621
0.8811529874801636
1.233355164527893
1.6298547983169556
1.4652589559555054
1.1353164911270142
1.4897456169128418
2.3733022212982178
1.6688545942306519
2.017611503601074
1.063684344291687
1.8484472036361694
0.5092750787734985
1.8925679922103882
1.5617437362670898
1.095178484916687
1.6041486263275146
0.8755444884300232
1.940109133720398
0.9229259490966797
1.5782074928283691
0.6652922034263611
2.1936001777648926
2.024360418319702
2.001943349838257
1.8016208410263062
1.3853929042816162
0.8616565465927124
1.470458745956421
1.7229825258255005
1.9563560485839844
1.6093050241470337
1.4270615577697754
1.043410301208496
1.8821853399276733
1.6249538660049438
1.4274356365203857
0.9211574196815491
1.023279070854187
1.0055111646652222
1.986924171447754
1.3853768110275269
1.2898579835891724
1.6022711992263794
1.1483570337295532
1.4145795106887817
0.7646964192390442
1.390432596206665
1.8780018091201782
1.2190674543380737
1.306509017944336
1.5385369062423706
0.6738584637641907
0.600760281085968
1.5758495330810547
0.8742048740386963
1.106736421585083
1.5403902530670166
0.8283776044845581
1.0894713401794434
1.7584714889526367
1.5987794399261475
1.52206289768219
0.7667158246040344
1.7785247564315796
1.5812420845031738
1.686569094657898
0.9445721507072449
1.2191622257232666
0.38225388526916504
1.6567988395690918
1.3685290813446045
2.0178613662719727
1.1037414073944092
1.0570200681686401
1.2922179698944092
0.9869210124015808
1.3127033710479736
1.594057321548462
1.4409550428390503
1.1303445100784302
1.120497465133667
0.6612547636032104
1.529691457748413
1.1360951662063599
1.9953056573867798
1.4805707931518555
1.362428903579712
1.751935362815857
1.310595989227295
1.5760003328323364
1.2292532920837402
1.556403636932373
1.0554628372192383
1.4515186548233032
1.202217698097229
0.8402020335197449
1.0600398778915405
1.1436824798583984
0.9279425144195557
2.110508441925049
1.2104642391204834
1.6825754642486572
1.6114150285720825
1.2032756805419922
1.8845175504684448
1.5652285814285278
1.0905216932296753
2.0088160037994385
1.546479344367981
1.4646939039230347
1.8615121841430664
1.316774606704712
2.1879568099975586
0.900286853313446
1.0516574382781982
0.7711630463600159
1.0343810319900513
1.2949848175048828
1.402148962020874
1.5344538688659668
1.4048374891281128
1.5001559257507324
1.4739184379577637
1.3369096517562866
1.2878094911575317
1.935001254081726
1.1455211639404297
1.1320719718933105
1.264447808265686
1.3960639238357544
1.3190761804580688
1.4508707523345947
1.5098077058792114
1.3768386840820312
1.2101796865463257
1.2031301259994507
1.7318782806396484
1.8329169750213623
1.779255747795105
1.7470506429672241
1.979695200920105
1.4253623485565186
1.0017915964126587
1.4173939228057861
0.7077778577804565
0.9045917391777039
1.0474765300750732
1.3402166366577148
0.9280253648757935
1.5119534730911255
1.9231339693069458
1.2064114809036255
1.6082861423492432
0.56937175989151
1.6964701414108276
1.5128827095031738
1.3443424701690674
1.5966718196868896
1.1058186292648315
1.5546016693115234
1.326479196548462
1.3619717359542847
1.143583059310913
1.5122407674789429
1.0985045433044434
1.2236242294311523
1.8670443296432495
1.0554654598236084
1.7921764850616455
1.2697670459747314
1.075455665588379
0.7905175089836121
1.1043051481246948
2.1671953201293945
1.4012913703918457
1.5290608406066895
1.6427470445632935
0.9088468551635742
0.9391681551933289
1.9190280437469482
1.4951728582382202
0.8719741702079773
1.3921931982040405
1.9853730201721191
1.857060194015503
1.82142174243927
1.2274800539016724
1.6526968479156494
0.6709237694740295
1.2468961477279663
0.8322828412055969
1.3536899089813232
0.879407525062561
0.7987546324729919
1.3429206609725952
0.927901029586792
0.9527462124824524
1.400515079498291
1.6144897937774658
2.245351552963257
1.5706795454025269
1.2943432331085205
1.3222241401672363
1.3414658308029175
1.664716362953186
1.305847406387329
1.1424403190612793
1.7997550964355469
1.3081576824188232
1.3603389263153076
1.3442564010620117
0.8307810425758362
0.8758846521377563
0.8894611597061157
1.691296100616455
0.5877107381820679
0.9070591330528259
1.1247364282608032
1.5720630884170532
1.0461093187332153
0.8547436594963074
1.2898094654083252
1.4603203535079956
0.882271409034729
0.9278218746185303
1.0415151119232178
1.0019638538360596
1.6609452962875366
0.565309464931488
1.5066378116607666
1.2903456687927246
1.2408287525177002
1.1821171045303345
1.4563040733337402
1.408384084701538
1.6830803155899048
1.3306509256362915
1.2202739715576172
0.5783421993255615
1.2739790678024292
1.5614193677902222
0.6985173225402832
1.3045190572738647
1.1819565296173096
1.5026695728302002
1.4831331968307495
1.474344253540039
1.7879316806793213
1.0630927085876465
1.2163325548171997
0.9283452033996582
1.1626986265182495
1.1422711610794067
1.3930953741073608
1.4161827564239502
1.4012610912322998
1.22798490524292
1.6241014003753662
1.5459344387054443
1.6820127964019775
1.3836270570755005
1.337551474571228
1.4012463092803955
1.6145985126495361
1.4791474342346191
1.7115404605865479
1.01003897190094
1.3258789777755737
1.4327460527420044
1.4527249336242676
1.8657022714614868
1.0266680717468262
1.1413938999176025
1.6326814889907837
0.9934774041175842
1.500353217124939
1.9019293785095215
1.020380973815918
1.6835017204284668
1.026880145072937
1.176844835281372
1.5312148332595825
1.4053359031677246
1.6408113241195679
0.7417193055152893
1.339032530784607
0.7975053191184998
1.6326849460601807
0.6634361147880554
1.1040619611740112
1.0830881595611572
1.6701427698135376
1.0429424047470093
0.9856356978416443
1.4411498308181763
1.8724220991134644
1.7185581922531128
1.4334988594055176
1.0474367141723633
1.095248818397522
0.8472194671630859
1.114676833152771
1.6233688592910767
1.714030385017395
1.075732707977295
1.1441954374313354
1.74355947971344
0.9947607517242432
0.9041393995285034
1.607535481452942
1.0947915315628052
0.8329675793647766
1.3862563371658325
1.210565209388733
1.095842719078064
1.523385763168335
1.251752495765686
1.26161527633667
0.9291759729385376
1.394291877746582
0.8206985592842102
1.339909553527832
0.8010918498039246
0.6808644533157349
1.8032727241516113
1.5898810625076294
1.348336100578308
1.1300102472305298
1.7622169256210327
0.894266664981842
1.4685026407241821
1.2507776021957397
1.1591811180114746
1.545340657234192
1.0916396379470825
1.7802425622940063
1.3551629781723022
0.7209789752960205
1.0850681066513062
1.4301406145095825
0.6245276927947998
1.2715240716934204
0.8833290934562683
1.030804991722107
0.8979603052139282
1.5265969038009644
1.7598443031311035
0.7342360019683838
1.0813456773757935
0.7932552695274353
0.7758356928825378
1.9181921482086182
0.8773030638694763
1.1498560905456543
1.4422376155853271
1.3752020597457886
1.3565380573272705
0.8967396020889282
1.206429362297058
1.4524677991867065
1.0934785604476929
1.653967022895813
1.3396245241165161
1.3992937803268433
0.9261782169342041
0.870465099811554
1.2596355676651
1.1113775968551636
0.9861980676651001
1.0304993391036987
1.7770802974700928
1.5422676801681519
1.0991710424423218
1.572690486907959
1.609095811843872
0.7969381213188171
0.5489668846130371
1.2850062847137451
0.9582690000534058
1.085758924484253
1.2612742185592651
1.759143352508545
0.8711289167404175
1.9694232940673828
1.1463106870651245
1.0231761932373047
1.3639498949050903
0.974070131778717
1.0061709880828857
0.9860945343971252
1.2681483030319214
1.0315784215927124
1.2821446657180786
1.2133891582489014
1.4469034671783447
1.324702262878418
1.1002484560012817
1.7040773630142212
1.616025447845459
0.6828699111938477
1.071712851524353
1.4700285196304321
1.3161331415176392
1.017889380455017
1.31120765209198
1.4235352277755737
1.6127055883407593
0.8190625905990601
1.10529363155365
1.4697093963623047
1.2896000146865845
1.1466197967529297
1.3875738382339478
1.8569647073745728
0.9358270168304443
0.6795170307159424
1.4028544425964355
1.4559500217437744
1.295135259628296
1.041459083557129
1.7882940769195557
1.4597100019454956
1.1750174760818481
2.198756217956543
1.0230604410171509
1.0005731582641602
0.7324748039245605
1.3512464761734009
1.6071854829788208
0.8385169506072998
1.6135921478271484
1.0429377555847168
1.1825448274612427
1.4011269807815552
0.9834758043289185
1.2143319845199585
1.1696171760559082
0.7238547205924988
0.6564139723777771
0.5511340498924255
1.3385069370269775
2.0614395141601562
1.2581727504730225
1.13812255859375
0.8417564630508423
0.444629430770874
1.5732038021087646
1.7782416343688965
1.2223310470581055
1.215096354484558
0.8787854313850403
1.0605006217956543
1.4692637920379639
1.2235093116760254
1.672643780708313
0.852654755115509
1.0716718435287476
0.6396108269691467
1.5504719018936157
1.1569818258285522
1.0485337972640991
1.712365984916687
1.631213903427124
1.2052321434020996
0.9656032919883728
0.916249692440033
1.0500452518463135
1.3663570880889893
1.0741311311721802
1.0656331777572632
1.6638789176940918
0.7490379810333252
1.3702354431152344
1.082984447479248
0.971912682056427
1.5779749155044556
1.3089650869369507
0.9816046357154846
1.6885589361190796
0.9739550948143005
1.8153495788574219
1.0863128900527954
0.8843773603439331
1.5086281299591064
1.8188585042953491
0.8076436519622803
1.1783310174942017
1.2789802551269531
1.1619081497192383
1.6009916067123413
1.5466903448104858
1.9351335763931274
1.139174222946167
1.6621686220169067
1.5172032117843628
0.9050016403198242
1.0963844060897827
0.9531275033950806
1.2242985963821411
1.357285976409912
0.898602306842804
1.6281934976577759
1.6864798069000244
1.1588040590286255
1.3569077253341675
1.2347272634506226
1.0817091464996338
0.8378910422325134
1.0770806074142456
1.7471001148223877
1.0743517875671387
1.3847688436508179
1.1207984685897827
1.4892902374267578
1.1710489988327026
1.4202601909637451
0.7130149006843567
1.4277085065841675
0.9776709675788879
0.9970551133155823
1.0643351078033447
1.8145583868026733
0.9720596671104431
1.0955199003219604
1.3833599090576172
1.329979419708252
0.9358691573143005
0.7894330024719238
1.208184003829956
0.9599160552024841
1.1484861373901367
0.8261731863021851
0.7917208671569824
1.3072913885116577
1.1612069606781006
1.4311171770095825
1.194211721420288
1.4439417123794556
1.7394611835479736
1.2052594423294067
0.6543469429016113
1.303480625152588
1.0131219625473022
1.4168943166732788
1.0892001390457153
0.42657041549682617
1.3904786109924316
0.7852451801300049
1.4253385066986084
1.1710201501846313
1.2587957382202148
1.5066012144088745
1.5503325462341309
0.8514625430107117
0.717533528804779
0.8152782917022705
1.359410285949707
1.562577247619629
1.1878185272216797
1.2532402276992798
1.6017215251922607
1.0016590356826782
1.5858932733535767
1.329796314239502
1.0722953081130981
1.2608702182769775
1.0341488122940063
0.8244261145591736
0.9139782190322876
1.0577243566513062
1.3447837829589844
0.6009914875030518
1.2541561126708984
1.2280478477478027
0.9762396216392517
1.2954270839691162
1.8865939378738403
1.0261520147323608
0.7529140114784241
1.2535067796707153
1.0536823272705078
0.8896089792251587
1.1271854639053345
1.083296537399292
1.6938172578811646
1.1539618968963623
1.2584139108657837
1.3783594369888306
0.7162505984306335
1.1756300926208496
1.0064551830291748
1.2215418815612793
1.1586867570877075
1.323165774345398
0.5943602919578552
1.3786730766296387
1.205801010131836
0.6650572419166565
1.461198091506958
1.333005428314209
0.6907915472984314
1.6538118124008179
1.4385796785354614
0.7887428998947144
1.3581432104110718
1.3352470397949219
1.3293095827102661
0.9368310570716858
1.0737040042877197
1.3731390237808228
0.8372129797935486
1.3104267120361328
0.7569144368171692
1.650547742843628
1.300908088684082
1.0825107097625732
1.1444453001022339
1.7249518632888794
0.9836597442626953
0.7841974496841431
0.9710949063301086
1.105033040046692
1.4361143112182617
1.0953773260116577
1.2168887853622437
1.1448687314987183
1.412889838218689
0.8076585531234741
1.4004336595535278
1.2038322687149048
0.7241698503494263
1.0396606922149658
1.1975548267364502
0.8259710669517517
0.8365995287895203
0.7681851983070374
1.2396601438522339
0.8173503875732422
0.7792103886604309
1.237429141998291
1.2430047988891602
1.3774385452270508
0.659102737903595
1.1133497953414917
1.081512451171875
0.8138799667358398
1.455446481704712
0.6541017889976501
1.300534725189209
1.2841397523880005
1.070448637008667
1.6565860509872437
1.540157675743103
1.2145698070526123
1.0260034799575806
1.200773000717163
1.5441536903381348
1.4971652030944824
1.669934630393982
0.7255699634552002
2.2346341609954834
0.5093839764595032
0.7405223250389099
1.0293326377868652
0.6328815817832947
0.7088385820388794
1.0449167490005493
1.5374728441238403
1.4426629543304443
1.473799467086792
1.1390565633773804
1.421360969543457
1.287334680557251
1.0122326612472534
1.1915671825408936
0.7815262079238892
1.2450813055038452
0.8110438585281372
1.3448246717453003
1.2772773504257202
1.1991291046142578
1.2696239948272705
1.2333769798278809
0.6638414859771729
1.2322335243225098
0.9868218898773193
1.3467776775360107
0.8666543364524841
0.79154372215271
0.8220868706703186
0.8950843811035156
1.8161309957504272
1.0476632118225098
0.9233407974243164
1.2204149961471558
1.2720978260040283
1.41713285446167
1.0027309656143188
1.0946053266525269
1.3724309206008911
1.4438594579696655
1.9297317266464233
0.7642931938171387
1.1115071773529053
1.0514044761657715
1.5085086822509766
1.1028363704681396
1.0083699226379395
1.795267105102539
1.8536697626113892
1.2107796669006348
1.625915765762329
1.2554826736450195
1.2010775804519653
1.4930740594863892
0.9441767930984497
0.9804096817970276
0.8756782412528992
0.9260030388832092
1.5809825658798218
1.8292152881622314
1.6222305297851562
1.0051662921905518
1.403386116027832
1.4295145273208618
1.6645538806915283
0.9836478233337402
1.0384093523025513
1.3830682039260864
1.0879545211791992
1.135801911354065
1.3192111253738403
0.6620278358459473
1.0463260412216187
1.285646677017212
1.006343126296997
0.9922305941581726
1.3136533498764038
0.8560413122177124
0.6774831414222717
1.0760151147842407
0.9264525771141052
1.160825490951538
1.2873400449752808
1.0030577182769775
1.195836067199707
0.7242735624313354
1.28614342212677
0.6510036587715149
0.8491397500038147
0.60791015625
1.095971703529358
1.4521074295043945
1.377901554107666
1.8869377374649048
1.0022969245910645
1.2290520668029785
1.266083002090454
1.2336817979812622
1.2834903001785278
0.9441038966178894
1.1097503900527954
1.0803773403167725
0.8274284601211548
1.5460233688354492
1.2151590585708618
0.7510390877723694
1.0502333641052246
1.1648374795913696
1.1984726190567017
1.5710561275482178
1.2157574892044067
1.297244668006897
0.8647818565368652
1.8221296072006226
1.2736728191375732
0.9496697783470154
1.4622559547424316
0.7797827124595642
0.7615493535995483
0.9001089334487915
1.4501312971115112
1.3931676149368286
1.3320938348770142
1.4258999824523926
1.3377193212509155
1.036550760269165
1.2894221544265747
1.1173893213272095
1.2284611463546753
1.4084217548370361
0.9229345917701721
1.0471636056900024
1.2055569887161255
1.512017846107483
1.1613831520080566
0.8975245356559753
0.6038916707038879
1.223441243171692
1.003328561782837
1.5724358558654785
1.039017677307129
1.1757447719573975
1.509725570678711
0.8152976632118225
0.3891831338405609
1.2290135622024536
0.37561073899269104
0.9251061081886292
1.1985011100769043
0.6494054794311523
1.021135687828064
0.7549198865890503
1.0398379564285278
0.9250267744064331
1.0441150665283203
1.373383641242981
1.2085059881210327
0.9412707686424255
1.2440627813339233
1.3968584537506104
1.247144341468811
1.8130056858062744
1.1878386735916138
1.265546202659607
1.3205784559249878
1.1063050031661987
1.0884954929351807
1.5658525228500366
0.614769458770752
0.5568333268165588
0.9904886484146118
0.8705523610115051
0.5018211007118225
1.2738984823226929
1.3648338317871094
0.8837084174156189
0.8467113971710205
1.3541200160980225
1.1057733297348022
1.2073321342468262
1.0003899335861206
1.5274254083633423
1.0739167928695679
1.3816455602645874
0.8805152773857117
1.0715011358261108
1.153867483139038
1.5591285228729248
0.6503707766532898
0.9192558526992798
1.5880658626556396
1.315614104270935
0.9158490896224976
1.3451011180877686
0.6870810985565186
1.3290424346923828
1.1189172267913818
1.4009861946105957
0.6388033628463745
1.0687549114227295
0.8090462684631348
1.0219600200653076
0.519321620464325
1.0146770477294922
1.1835051774978638
0.9448270201683044
1.7246510982513428
1.3729184865951538
0.9066901803016663
0.9726229906082153
0.8831689357757568
0.7663132548332214
1.2168540954589844
1.0291167497634888
1.547162652015686
0.6983834505081177
1.0334787368774414
1.2947571277618408
1.1867629289627075
0.8962818384170532
1.78658127784729
0.8699186444282532
0.7579174041748047
0.8409823775291443
1.2149139642715454
1.0660535097122192
1.1303025484085083
1.4957345724105835
0.7603505253791809
1.4107656478881836
1.279017686843872
1.4901126623153687
0.2796163260936737
0.5232806205749512
1.2291078567504883
1.3969314098358154
1.5446699857711792
1.2801833152770996
1.1780892610549927
1.5164395570755005
0.9960938692092896
0.9703278541564941
1.007556438446045
1.6212469339370728
0.9738286137580872
1.423933982849121
0.7281339168548584
0.992967963218689
0.7855883836746216
1.0456293821334839
0.7253794074058533
0.8165076971054077
1.2037016153335571
1.172192931175232
1.4872565269470215
1.2252821922302246
0.7403585910797119
1.1517888307571411
0.9176710844039917
0.7045027017593384
0.9263141751289368
1.323689341545105
1.2993724346160889
1.2455902099609375
1.558684229850769
1.1274670362472534
1.3693697452545166
0.9074753522872925
1.0539827346801758
1.5698323249816895
1.1556757688522339
1.4665578603744507
1.343375563621521
1.3979798555374146
0.8465703725814819
1.1002379655838013
0.881644606590271
1.6094914674758911
1.060182809829712
1.2072778940200806
1.3587528467178345
0.8946284651756287
1.0489445924758911
1.0856268405914307
1.3712351322174072
1.7280911207199097
0.7222999334335327
0.8174939155578613
1.474538803100586
0.9758188128471375
0.9216732382774353
1.1786572933197021
1.679560661315918
1.2737762928009033
1.7054989337921143
1.2675061225891113
1.2675631046295166
0.5587056875228882
1.3881512880325317
1.1895477771759033
1.0583232641220093
0.8745472431182861
0.8550078868865967
0.9658525586128235
1.2680190801620483
1.119997262954712
1.05649995803833
1.1086424589157104
1.4730348587036133
1.1895495653152466
1.1188760995864868
1.2888959646224976
1.7501022815704346
1.230467677116394
0.7144767642021179
1.0828471183776855
1.1029157638549805
0.7240893840789795
0.8929109573364258
1.3275728225708008
0.7840193510055542
0.4890522062778473
1.2552754878997803
1.3638900518417358
1.0269368886947632
0.9908420443534851
1.4428694248199463
1.0083515644073486
0.5116400122642517
1.1620429754257202
0.8076319694519043
0.7632849216461182
0.5810034275054932
0.8843371272087097
1.3150100708007812
1.4098727703094482
1.0983003377914429
0.8002603054046631
1.5720469951629639
1.3419015407562256
1.2388572692871094
0.7579537630081177
1.4911037683486938
0.5319491624832153
0.5818617939949036
0.5870881080627441
0.9327243566513062
0.776397168636322
0.9246602058410645
0.7086944580078125
0.7365288138389587
1.0818508863449097
1.086555004119873
1.4983088970184326
1.157291293144226
0.8968324661254883
0.753485381603241
1.1524757146835327
1.6108338832855225
0.6606794595718384
0.9424534440040588
1.6231064796447754
1.2894554138183594
0.4769309461116791
1.370794653892517
0.5884448885917664
0.8234816789627075
1.1213098764419556
0.761029064655304
1.7883776426315308
1.2369028329849243
1.5013914108276367
0.9304606914520264
0.8093041777610779
0.29927122592926025
0.7499976754188538
1.566068410873413
1.1868103742599487
0.9581473469734192
1.14927077293396
1.3935474157333374
1.0166465044021606
1.6391137838363647
1.3730363845825195
1.0944994688034058
0.6614981293678284
1.5284194946289062
1.0604811906814575
1.2293120622634888
1.5517507791519165
1.3231842517852783
1.417181134223938
1.36762273311615
0.9538456797599792
1.2015913724899292
1.268655776977539
1.8301949501037598
1.3307676315307617
1.3458805084228516
1.39348566532135
1.1061207056045532
1.2529908418655396
0.5505689382553101
1.3187886476516724
1.319507122039795
0.502290666103363
1.5362765789031982
1.0934056043624878
1.0138640403747559
0.7807034254074097
0.6244344115257263
1.4033483266830444
0.6184196472167969
0.7628185153007507
0.9468815326690674
1.0055147409439087
0.9966479539871216
1.1826363801956177
1.3959989547729492
0.7801035642623901
1.075913906097412
1.504307746887207
0.7026911973953247
0.9402671456336975
1.075108528137207
0.8950886726379395
0.9219877123832703
0.9108073711395264
0.7837218046188354
0.7223127484321594
0.5642166137695312
0.7367730736732483
0.9680334329605103
1.0516363382339478
1.1209607124328613
0.5789474248886108
0.8330899477005005
0.9415778517723083
1.2022675275802612
1.1862794160842896
0.9051768779754639
1.011364459991455
1.090122103691101
1.4823907613754272
1.211635708808899
1.1732001304626465
1.2663216590881348
1.3881946802139282
1.2691993713378906
0.9486031532287598
1.0282286405563354
0.7680982351303101
1.1529637575149536
0.6578019261360168
1.3315892219543457
0.7906736731529236
1.101054310798645
0.832344651222229
1.1313621997833252
0.9647859334945679
0.9577873349189758
0.9181241393089294
0.9130030274391174
0.85475093126297
0.9966562986373901
1.201082468032837
1.2276519536972046
1.481568455696106
0.8161446452140808
1.2786023616790771
1.2203822135925293
1.0527539253234863
0.7188298106193542
1.0799219608306885
0.8870591521263123
1.157981276512146
0.7931374311447144
0.6051235795021057
1.4322441816329956
0.8956665396690369
1.7336995601654053
1.1933541297912598
0.9836475253105164
1.5260982513427734
1.2558493614196777
1.3366553783416748
1.0947279930114746
1.5094103813171387
0.6922350525856018
1.7507014274597168
1.4645960330963135
0.6785584688186646
1.1527445316314697
1.2766002416610718
0.7253609299659729
0.8899195790290833
1.3533653020858765
0.519017219543457
1.2562631368637085
1.2061374187469482
0.9810330271720886
1.8082059621810913
0.9871546030044556
1.3006772994995117
0.8286562561988831
1.228342890739441
0.8541986346244812
1.4286441802978516
0.8063597679138184
0.7397816181182861
1.6222041845321655
0.658741295337677
1.0490071773529053
0.9381945133209229
0.864159882068634
0.7831621170043945
0.7835208177566528
0.7799810171127319
1.0359506607055664
1.053930401802063
0.8035343289375305
0.6193301677703857
1.0396920442581177
0.7733144760131836
0.7675399780273438
1.0280507802963257
0.9745272397994995
1.1008771657943726
0.8377445936203003
1.3889472484588623
1.4759809970855713
0.6386927366256714
0.8648466467857361
1.4931143522262573
1.2964853048324585
0.8419666886329651
1.0153899192810059
1.5585962533950806
1.142982840538025
0.9886988997459412
1.4259743690490723
0.6952934265136719
0.8880026340484619
1.3391507863998413
1.2452459335327148
1.0756890773773193
0.7871660590171814
0.9907997846603394
1.1724704504013062
1.0126408338546753
1.345970630645752
1.1025210618972778
1.1419118642807007
1.2957078218460083
0.8301214575767517
0.8787133693695068
0.7847071886062622
0.8761976957321167
0.8319107294082642
0.9393370747566223
0.9368150234222412
0.8714163899421692
0.7100663781166077
0.7589815258979797
1.4501187801361084
1.1854453086853027
0.7787879109382629
0.8709667325019836
1.041190505027771
0.840790867805481
1.1009479761123657
0.9594679474830627
1.5582934617996216
0.9353734850883484
0.628131628036499
1.1693273782730103
0.9499579071998596
1.33452308177948
1.1043206453323364
0.952721357345581
1.4918020963668823
1.300856590270996
1.0154114961624146
0.6274789571762085
0.9253445863723755
0.8532145023345947
1.1332191228866577
0.7540324330329895
1.2753264904022217
0.7736135721206665
1.3995550870895386
1.0292353630065918
1.1107312440872192
1.2055280208587646
0.4283539950847626
1.5171165466308594
0.890975296497345
0.7963484525680542
0.9745116233825684
0.5897712707519531
1.0817837715148926
1.1617835760116577
0.9869228005409241
1.0700384378433228
0.8735989928245544
1.7191096544265747
1.5440500974655151
0.8993469476699829
0.812884509563446
1.1835516691207886
1.5083764791488647
1.0971485376358032
1.1932204961776733
1.544725775718689
1.1546398401260376
1.1689682006835938
0.7505705952644348
0.6227108836174011
0.8507415652275085
0.669080913066864
1.4430419206619263
1.3402395248413086
0.9411654472351074
0.617378294467926
1.5952847003936768
0.94447261095047
0.8599525094032288
0.6931631565093994
1.2952018976211548
1.1057080030441284
1.0061671733856201
0.7318521738052368
1.0857754945755005
1.1402667760849
0.688132107257843
1.0839813947677612
0.9409553408622742
0.6671046614646912
0.6652098298072815
1.0511038303375244
0.5197190642356873
1.174324870109558
1.0992391109466553
0.7030028104782104
0.8676595687866211
1.4178452491760254
0.7099077701568604
0.9623043537139893
1.2321823835372925
1.2620506286621094
1.089129090309143
0.4657536745071411
1.2689191102981567
0.9057253003120422
0.7856391668319702
0.993523359298706
1.079550862312317
1.09203040599823
1.4788397550582886
1.0820335149765015
0.9014934301376343
1.2546284198760986
0.6260777115821838
1.4430203437805176
0.7776269316673279
0.7174198627471924
0.9388065338134766
0.846192479133606
0.9477996826171875
1.4480974674224854
0.5812090635299683
0.987102210521698
0.6189205646514893
1.0769342184066772
1.2174838781356812
0.7901973724365234
0.8259453773498535
0.9389251470565796
1.6203784942626953
0.9399605393409729
1.5287495851516724
1.026395320892334
1.2314834594726562
0.8883453607559204
0.889663577079773
1.353745460510254
1.3515640497207642
0.9404469728469849
1.1455291509628296
0.8031970858573914
0.9638431072235107
1.1243600845336914
0.7291203141212463
1.0903115272521973
1.0924043655395508
0.9110251069068909
0.6319119334220886
0.6403581500053406
0.8941667675971985
1.6065210103988647
0.5194018483161926
1.0240803956985474
0.8505993485450745
1.4760206937789917
1.1591838598251343
1.0494823455810547
0.8056871294975281
0.6101155877113342
0.9349422454833984
0.5822015404701233
1.1673285961151123
1.1534128189086914
0.8680669665336609
1.0163692235946655
1.1491527557373047
1.5945665836334229
0.7086186408996582
1.3956834077835083
1.0601727962493896
0.7261360287666321
0.8580564856529236
0.3027310371398926
0.9826093316078186
1.1460720300674438
0.5974178910255432
0.8577984571456909
1.1945325136184692
0.8448934555053711
0.7304937243461609
0.5756397247314453
1.3014086484909058
0.7940658330917358
0.7285019159317017
1.4086506366729736
1.2263380289077759
0.8361351490020752
1.4918642044067383
0.7160527110099792
1.120659351348877
0.7813683748245239
1.0451442003250122
1.367934226989746
1.2033586502075195
1.1792665719985962
1.1348568201065063
1.1823318004608154
1.3241029977798462
0.3873835802078247
0.9319321513175964
1.09331476688385
0.6910680532455444
0.7359246611595154
0.7939764857292175
1.1756037473678589
0.789077639579773
0.9130075573921204
0.8877037763595581
1.9295151233673096
1.6182454824447632
0.7784850597381592
0.6949740648269653
1.0159417390823364
0.8723885416984558
1.1722052097320557
1.0736721754074097
1.0446985960006714
0.6932704448699951
0.8000227212905884
1.0623265504837036
0.9162009358406067
1.1808174848556519
1.0963131189346313
0.4475892186164856
1.1023452281951904
0.9987725615501404
0.7929447889328003
0.9356550574302673
1.0422807931900024
1.2482954263687134
0.9504735469818115
0.568967342376709
0.9200130105018616
0.9657188653945923
0.7774735689163208
1.9153244495391846
0.9488638043403625
0.7445704340934753
1.24995756149292
1.2484567165374756
1.080886960029602
1.0739703178405762
1.064013957977295
0.9139478206634521
1.0807263851165771
0.8444892764091492
1.2960740327835083
0.9498228430747986
0.5970223546028137
0.6511436104774475
0.9293838739395142
1.067157506942749
0.8854770660400391
0.8612414598464966
0.7487093210220337
0.8333606123924255
1.675568699836731
1.4816644191741943
1.5331218242645264
1.5043781995773315
1.0304405689239502
1.0216834545135498
0.9733986854553223
1.1201856136322021
0.9297688007354736
1.191686987876892
0.9353384971618652
0.7571960687637329
0.9373528957366943
0.8857893943786621
0.9451200366020203
0.6790112257003784
1.2882490158081055
0.9928632974624634
0.912211000919342
0.9719277620315552
0.5843368768692017
1.0820306539535522
1.2789064645767212
1.1893752813339233
1.1038093566894531
0.9778469800949097
1.359379768371582
0.7805790305137634
1.1993471384048462
1.015128254890442
1.4382704496383667
1.1969671249389648
0.8506045341491699
1.0630855560302734
1.2928460836410522
1.1316372156143188
0.8870598077774048
1.2082092761993408
1.1590502262115479
0.8973900079727173
0.6994036436080933
1.4165101051330566
1.203324317932129
0.9744939804077148
1.1054824590682983
0.6489845514297485
0.7718605399131775
1.1251983642578125
1.256854772567749
0.740669310092926
1.0354198217391968
0.9745239019393921
0.8372493982315063
0.9593364596366882
1.1582070589065552
1.2017865180969238
1.230491042137146
1.0060348510742188
0.8101223111152649
1.1206300258636475
0.9055924415588379
0.8820406794548035
0.8561744689941406
0.7484337687492371
0.7211136221885681
1.3177486658096313
1.2124606370925903
1.3554155826568604
0.811120331287384
1.620308518409729
0.3813507556915283
1.0689243078231812
1.3922079801559448
1.3383408784866333
0.9089409708976746
0.7324135899543762
0.8729125261306763
0.8957304954528809
0.99847012758255
0.6966350078582764
1.307212233543396
0.5837153196334839
1.1347678899765015
0.7703550457954407
0.9675360321998596
0.7252927422523499
0.7838934063911438
1.146833062171936
1.0901663303375244
0.9992696642875671
0.46505314111709595
0.7172864079475403
1.2141916751861572
1.0946091413497925
1.2134151458740234
0.9953345060348511
0.9927072525024414
0.9219548106193542
1.096714735031128
0.7690576910972595
0.9081310629844666
0.7011662721633911
1.0922107696533203
0.7762489318847656
0.8919634819030762
0.49707555770874023
0.7048813700675964
0.9204314351081848
0.8050615787506104
0.8012746572494507
0.4031713306903839
1.0534652471542358
0.860534131526947
0.8357021808624268
0.9959888458251953
1.2261921167373657
1.058451533317566
1.001795768737793
0.9304336905479431
0.7796697616577148
1.2062188386917114
1.3588709831237793
0.9679215550422668
0.8261295557022095
0.7487623691558838
1.1272521018981934
0.7585811018943787
0.9032067060470581
0.9682208895683289
1.4230057001113892
1.2305396795272827
0.6145283579826355
0.5510056614875793
0.7694016695022583
0.714519202709198
1.5190703868865967
1.5399234294891357
1.1494349241256714
0.9426168203353882
1.5319105386734009
0.6530633568763733
1.6549437046051025
1.0727379322052002
1.232738971710205
0.7001330852508545
0.6948018670082092
0.8170663118362427
0.8655638694763184
1.0847680568695068
1.2738922834396362
0.955811619758606
1.1172053813934326
0.8301836848258972
0.4644213318824768
0.9644477963447571
1.187515377998352
0.9399420022964478
0.9348837733268738
0.6212843060493469
1.2198773622512817
0.8441057205200195
0.9583587050437927
0.6516295075416565
1.1224172115325928
1.3831521272659302
1.133227825164795
0.9389746785163879
0.6064853072166443
0.7127133011817932
1.0519601106643677
0.8929699063301086
0.9194854497909546
1.0482252836227417
1.4030297994613647
0.8120196461677551
1.075467824935913
0.7721317410469055
1.073757529258728
1.0416826009750366
1.0413384437561035
1.3324390649795532
1.1801226139068604
1.0706135034561157
1.0778839588165283
0.9268838763237
1.2327299118041992
1.156153678894043
0.8585101366043091
0.9188151955604553
1.2043853998184204
0.806254506111145
1.2148146629333496
1.0274271965026855
0.8877804279327393
0.6326864957809448
1.0417582988739014
0.7907145023345947
1.0066590309143066
0.6873502731323242
1.0206810235977173
1.0424877405166626
1.2319508790969849
1.263199806213379
0.5679528713226318
1.023303747177124
0.994224488735199
1.2136380672454834
0.6767388582229614
1.2049955129623413
0.8877238631248474
1.1332683563232422
0.8769534230232239
0.9379015564918518
0.7357494831085205
0.8553984761238098
1.007219910621643
1.0454328060150146
1.0794246196746826
1.2664116621017456
0.6887059211730957
0.9137500524520874
0.916414737701416
0.8815487623214722
0.8010636568069458
0.4468514025211334
0.5058324337005615
0.7999192476272583
0.5059076547622681
1.075107216835022
0.8024985194206238
0.7486142516136169
1.2042192220687866
1.160157561302185
1.1346206665039062
1.0078901052474976
0.9402558207511902
0.958126962184906
0.6356857419013977
0.931025505065918
0.7011770009994507
0.6892960667610168
0.7048691511154175
0.6017241477966309
1.580673336982727
0.5958251357078552
0.7988852262496948
0.9406697750091553
1.2879828214645386
0.6566243767738342
1.497198462486267
1.1522103548049927
0.772355854511261
0.920483410358429
1.0621830224990845
1.279947280883789
1.0271642208099365
0.8076841235160828
0.858001172542572
1.156653881072998
0.9164532423019409
1.1235004663467407
0.9685391783714294
0.7479115128517151
0.9290491342544556
0.8493696451187134
0.9820590615272522
1.0616140365600586
1.2812159061431885
1.091647982597351
1.0846487283706665
1.1153969764709473
0.7545015215873718
1.3078969717025757
0.7699190378189087
0.42355477809906006
1.6559762954711914
0.6904556155204773
0.7912064790725708
1.361093521118164
1.0651322603225708
1.0036853551864624
1.0603972673416138
1.0249913930892944
0.874540388584137
0.6843758225440979
1.086104393005371
1.0091851949691772
0.8721606731414795
0.5682248473167419
0.5921764373779297
0.554688572883606
0.8316197991371155
1.1564643383026123
1.012943983078003
0.9753040671348572
1.0244344472885132
1.1346322298049927
1.015651822090149
0.8230137228965759
0.7778694033622742
1.0555869340896606
1.4979026317596436
0.8695229887962341
0.6897677183151245
0.7622285485267639
0.780619740486145
0.9225717186927795
1.1054916381835938
1.1055630445480347
1.0987772941589355
0.7747347354888916
1.2931597232818604
0.6592733263969421
1.0235170125961304
1.0769349336624146
1.1741706132888794
0.7476957440376282
1.018306016921997
1.4672701358795166
0.8487443923950195
0.9476912617683411
0.9736660718917847
0.9240625500679016
0.9184373021125793
0.7013856172561646
0.468829870223999
0.9257617592811584
1.3761932849884033
0.8342909216880798
1.1157056093215942
1.0128462314605713
0.9625021815299988
1.1130053997039795
1.4455044269561768
1.1797322034835815
0.9075349569320679
0.9415040016174316
0.6741632223129272
0.6748409867286682
0.46069633960723877
1.4033136367797852
0.7265262603759766
1.4683994054794312
0.7773408889770508
1.1210983991622925
1.2122480869293213
1.2060233354568481
0.8036061525344849
0.8001270890235901
0.9005964398384094
0.8632270097732544
0.8380546569824219
0.6697807908058167
1.007591962814331
0.7358627319335938
1.3582581281661987
1.0770143270492554
1.31551194190979
0.8991231322288513
1.379652738571167
0.6352517008781433
1.240985631942749
1.073753833770752
1.1528185606002808
0.8251115083694458
0.6284679770469666
0.8816033601760864
0.55342036485672
0.9844832420349121
0.4174136817455292
1.4555639028549194
1.331459641456604
1.6364141702651978
1.32710862159729
1.0560775995254517
1.3427449464797974
1.1056386232376099
1.0339672565460205
0.7321633100509644
0.856395423412323
1.0415868759155273
0.5777960419654846
0.5920605063438416
1.0563116073608398
0.9109413623809814
1.1805198192596436
0.4564814567565918
0.711288571357727
1.0968390703201294
1.1436265707015991
0.8700790405273438
0.6082995533943176
0.6686561107635498
0.9798009991645813
0.8609361052513123
1.083522081375122
0.7766965627670288
1.3713661432266235
0.7197791337966919
1.1682090759277344
0.8167721033096313
1.3022525310516357
1.0010286569595337
1.0129194259643555
0.7889654040336609
0.7777817249298096
1.0029293298721313
0.823515772819519
1.1836353540420532
0.9916995763778687
0.9231577515602112
0.8639369010925293
1.2090927362442017
1.3742632865905762
0.8978432416915894
1.204326868057251
0.9672927260398865
1.3173089027404785
1.1418391466140747
1.2967883348464966
0.7159273624420166
0.8672822713851929
1.0852409601211548
0.880101203918457
1.0285637378692627
0.8207198977470398
1.3390095233917236
0.8136725425720215
0.34289243817329407
1.128598690032959
0.8582443594932556
0.6482986807823181
0.46572762727737427
0.7637202143669128
0.6276799440383911
0.7950729727745056
0.6912333369255066
0.9744096994400024
0.43329307436943054
0.9138643145561218
0.40027564764022827
1.3729116916656494
1.1805812120437622
0.5357112884521484
0.45267632603645325
0.8528311252593994
1.0801548957824707
0.7167066931724548
0.7277235388755798
0.7456594705581665
0.5251107215881348
0.8194807171821594
0.6610854268074036
0.9181274771690369
0.6610250473022461
1.0376332998275757
1.0372984409332275
0.5648700594902039
0.6301201581954956
1.147355318069458
0.8958775401115417
1.2638975381851196
0.7415584921836853
0.7894188761711121
0.4492129385471344
1.0984971523284912
1.030981421470642
0.9285085201263428
0.6384448409080505
1.1554279327392578
1.2635170221328735
1.006724238395691
0.9724170565605164
0.86214679479599
0.8730860948562622
1.2221649885177612
0.9522128701210022
0.6952329874038696
0.7925679087638855
0.7358371019363403
0.629456639289856
1.0584403276443481
0.6475600004196167
1.1707615852355957
0.5251573324203491
0.8819522261619568
0.782023012638092
0.787818431854248
0.620289146900177
0.8095235228538513
0.5659943222999573
0.9744011163711548
0.9019137024879456
0.6652612686157227
0.8025460839271545
0.4489525556564331
0.7348423004150391
0.8294490575790405
1.1601825952529907
0.8720962405204773
1.0777970552444458
1.0028023719787598
0.5844769477844238
1.2061598300933838
0.8894640207290649
0.7617942690849304
0.6784120798110962
0.9218501448631287
0.8730767965316772
1.4239388704299927
0.73785001039505
0.6302677392959595
1.395290493965149
0.5939549803733826
0.9045485258102417
1.6054531335830688
0.6251399517059326
1.4188578128814697
0.6086263656616211
0.8237859606742859
0.8679618835449219
1.3137131929397583
0.8530564308166504
1.4352372884750366
1.0838767290115356
0.9624462127685547
0.7881935238838196
0.8180447220802307
0.8105607628822327
0.9762763381004333
0.9726855754852295
0.5048094391822815
1.0035860538482666
1.1975072622299194
0.8942508101463318
0.7561188340187073
1.0384409427642822
1.1283243894577026
0.6916630864143372
0.6226761937141418
0.557032585144043
1.20474112033844
1.1432299613952637
1.5752490758895874
0.7997019290924072
0.8354545831680298
0.9499973058700562
1.5355333089828491
1.0633679628372192
1.2770570516586304
1.1181979179382324
1.1879388093948364
0.9308983683586121
1.1827294826507568
0.9008401036262512
1.25201416015625
0.7993786931037903
0.8079317808151245
1.0704067945480347
0.9251606464385986
0.8116409182548523
0.7380988001823425
0.635708749294281
1.0200715065002441
1.219542145729065
0.6588208675384521
1.3326362371444702
0.8258090019226074
1.0427145957946777
0.9749746322631836
0.6431906819343567
1.1216391324996948
0.8451047539710999
0.8695344924926758
0.4492439925670624
1.4841026067733765
0.9189462065696716
1.5238087177276611
0.8934399485588074
0.9590279459953308
0.7419769763946533
1.3202794790267944
0.8574938774108887
1.4036846160888672
0.9697051644325256
1.2120354175567627
0.7306338548660278
1.4195094108581543
0.3665248453617096
1.2449620962142944
0.9731218218803406
1.1687697172164917
0.5323053598403931
0.8369155526161194
0.6890620589256287
0.9948296546936035
1.0152459144592285
0.9972218871116638
0.955492377281189
0.9052032232284546
0.9363030791282654
0.7954142093658447
1.3862018585205078
1.2188279628753662
0.7190091609954834
0.5579886436462402
1.0231188535690308
0.5294962525367737
0.8636605143547058
1.0279186964035034
1.0143787860870361
0.8120160698890686
0.8716166019439697
0.3985567092895508
0.7853180766105652
0.8789052963256836
0.6512958407402039
0.9505599141120911
1.2244137525558472
1.1168769598007202
0.6335443258285522
0.7590823173522949
0.8715655207633972
0.8561577200889587
1.0582705736160278
0.9843573570251465
0.8569744229316711
1.181902289390564
0.7338927984237671
0.8629903197288513
1.0892436504364014
0.8146308660507202
1.044632911682129
0.718977153301239
1.0132818222045898
0.8673396110534668
1.1478151082992554
0.8303481936454773
0.8444340229034424
0.5887906551361084
0.6955376863479614
0.7539270520210266
0.8228745460510254
1.2112809419631958
0.9289997816085815
0.7686914205551147
0.9721811413764954
0.7008373141288757
0.6170224547386169
1.3458523750305176
0.51693195104599
0.946683943271637
0.605022668838501
0.9858237504959106
0.6314275860786438
1.1207793951034546
1.130984902381897
0.8934180736541748
0.8725655674934387
0.4877442717552185
0.7576299905776978
1.1495734453201294
1.082944393157959
1.2033731937408447
0.7749505639076233
1.2195574045181274
0.9919253587722778
0.9544222354888916
0.7339945435523987
0.9142223000526428
1.0951353311538696
0.9026349186897278
0.6252033710479736
0.9994238018989563
1.064245343208313
1.070521593093872
1.008165955543518
1.0447129011154175
1.2367454767227173
0.8227338790893555
0.9672056436538696
0.7073317170143127
0.9928325414657593
0.6301699876785278
0.7097641825675964
0.9823010563850403
0.7661370635032654
1.0686490535736084
0.8949320316314697
1.3638807535171509
0.6925538182258606
1.0527582168579102
1.0314385890960693
1.2170137166976929
1.4115262031555176
0.7464785575866699
0.7247015237808228
1.2085254192352295
1.0299911499023438
0.7500969767570496
1.1514033079147339
1.0539714097976685
1.0181843042373657
0.8756983280181885
0.9693071246147156
0.7468764781951904
0.8768352270126343
0.6365388035774231
0.8426008820533752
0.7196601629257202
0.9272981286048889
0.6190053820610046
0.7093718647956848
1.0132213830947876
0.6787619590759277
1.084238886833191
1.140795350074768
0.6742405891418457
0.7410941123962402
0.7887822389602661
0.8515852093696594
1.3058949708938599
0.6944172382354736
1.221388816833496
0.5778850317001343
1.3198919296264648
1.2681448459625244
1.2009490728378296
1.3963779211044312
0.9063217639923096
1.1746753454208374
1.255435585975647
0.9826804995536804
1.0101594924926758
1.1568067073822021
0.9055796265602112
1.1126664876937866
0.9518632292747498
0.8381665349006653
0.7327436208724976
1.176113247871399
0.7391662001609802
0.9468508362770081
0.9477773904800415
0.8641960620880127
0.7275238633155823
0.6658040285110474
1.1081548929214478
1.1844749450683594
0.8539606332778931
0.6005582213401794
1.0514143705368042
0.9717236161231995
0.6311622858047485
0.729342520236969
0.926643431186676
0.8818108439445496
0.6732144951820374
1.0667765140533447
0.9333217144012451
0.9067046642303467
0.9258019924163818
0.9344570636749268
0.95417720079422
0.9459813237190247
0.7985134720802307
0.9225742816925049
0.8011474013328552
0.7519581913948059
0.8767344355583191
1.023292064666748
1.2530900239944458
0.6142206788063049
0.7648919820785522
0.8789008259773254
0.7348251938819885
0.4420663118362427
0.8254181146621704
1.1424096822738647
0.9488787055015564
1.4383724927902222
1.0638784170150757
0.6121994256973267
0.8771207928657532
0.9562734961509705
0.8124492764472961
0.9289348125457764
1.323055624961853
1.1788971424102783
0.795932948589325
0.5306598544120789
1.1747167110443115
0.9922857880592346
0.6141956448554993
1.164282202720642
0.8455604314804077
1.2704318761825562
1.3284449577331543
0.6293636560440063
0.5763396620750427
0.820921003818512
0.9822748899459839
1.0140429735183716
0.9228969812393188
0.834094226360321
1.4575239419937134
0.7477169036865234
1.0311285257339478
1.0542608499526978
1.2646585702896118
1.3426185846328735
0.7774161696434021
0.7233937978744507
0.6233091950416565
0.7809056639671326
0.8575426936149597
0.8447673916816711
0.6266912817955017
0.6301054358482361
1.017385721206665
0.670143187046051
0.7403554916381836
0.6723453998565674
0.7901585698127747
1.0974175930023193
0.5117535591125488
1.0986981391906738
0.7684161067008972
1.0263004302978516
0.5198495388031006
0.785516619682312
0.7943270206451416
0.4849514663219452
0.4513431489467621
0.7968469262123108
1.0082440376281738
0.8667153716087341
0.8344852924346924
0.7414950132369995
0.6463457345962524
0.530429482460022
1.0920255184173584
0.6332126259803772
1.0876238346099854
0.7463012337684631
1.28074049949646
1.190338373184204
0.9691371321678162
0.7819986939430237
1.2701274156570435
1.1635428667068481
0.7178668975830078
0.912535548210144
0.7305622696876526
1.190268635749817
0.8311699032783508
0.8538663983345032
1.2821303606033325
1.127299427986145
0.9042590856552124
0.6994554996490479
0.7349302768707275
0.7637927532196045
0.7257817387580872
1.1071412563323975
0.39213234186172485
0.7424767017364502
0.8409809470176697
0.813869059085846
1.276310920715332
0.4647355377674103
0.6556283831596375
0.7786814570426941
1.0356632471084595
0.7726030945777893
0.7172818779945374
0.9695476293563843
0.6488137245178223
0.6476141810417175
0.9340742826461792
1.3980385065078735
1.137162685394287
1.0083705186843872
1.1498149633407593
0.5872376561164856
0.8400845527648926
0.7285014390945435
1.2667661905288696
1.1495585441589355
0.8689072728157043
1.2519563436508179
1.2091989517211914
0.7872242331504822
1.0821831226348877
0.6052102446556091
0.8340641856193542
0.43551871180534363
1.1049587726593018
0.8598090410232544
1.1337376832962036
0.8026288747787476
0.8209747672080994
0.7046939730644226
1.0310344696044922
0.8566046953201294
0.6444827318191528
0.809147298336029
0.966701865196228
0.6279978156089783
1.0631529092788696
1.1502394676208496
0.9690020680427551
1.3897085189819336
0.8944916725158691
0.6680889129638672
0.9490207433700562
0.6713953614234924
1.0221554040908813
0.667058527469635
0.9360421895980835
0.7389304041862488
1.036624550819397
0.9553532600402832
0.6941444873809814
0.7016646862030029
0.901557981967926
0.7525621652603149
0.7438132762908936
0.6687927842140198
0.9094931483268738
0.8326501846313477
0.7633768916130066
0.5558659434318542
0.6228485703468323
0.8990402817726135
1.063084363937378
0.7155935764312744
0.7358636260032654
0.9069279432296753
0.8857884407043457
0.7479339838027954
0.8460004925727844
0.9435676336288452
0.9109309911727905
0.34920212626457214
0.9173074960708618
0.7066559791564941
0.8857972621917725
0.6512030363082886
0.8436970114707947
0.6932942271232605
0.7036192417144775
0.9094908237457275
1.326623558998108
0.7532885670661926
1.1124317646026611
0.754958987236023
1.1965103149414062
0.8142333030700684
1.1773219108581543
0.9455170631408691
1.014565110206604
0.6360682845115662
0.8862005472183228
1.1818541288375854
0.7607307434082031
0.8286425471305847
0.8182128667831421
1.1149619817733765
1.221016526222229
1.0859657526016235
0.6430371999740601
0.7975754737854004
0.977103590965271
1.0217030048370361
1.1491923332214355
0.7979167103767395
1.2581626176834106
0.7272010445594788
0.725304126739502
0.5388036966323853
0.6281746029853821
0.7137489914894104
0.9281288981437683
0.8821386098861694
1.0010054111480713
1.0064724683761597
0.812318742275238
0.7065778970718384
0.728337824344635
0.8380112648010254
0.7588559985160828
0.7420276403427124
0.6503033638000488
0.6412788033485413
0.36968761682510376
1.166703701019287
0.8978829383850098
0.7894122004508972
1.2797313928604126
0.4607349932193756
0.6837753057479858
0.7817997932434082
0.9845982193946838
0.38326311111450195
0.8083052635192871
0.9385692477226257
0.5242139101028442
1.049430012702942
0.41207560896873474
0.7590391039848328
1.0575478076934814
0.4404331147670746
0.9326318502426147
0.6630585789680481
0.8621574640274048
0.8078771233558655
1.069940447807312
1.01183021068573
0.7992043495178223
0.6968932151794434
0.909754753112793
0.6102206110954285
0.7633485198020935
0.6598461270332336
0.6857495903968811
0.7264595627784729
1.2270632982254028
0.9558427929878235
1.1490776538848877
1.2094600200653076
0.7862579822540283
0.5134953260421753
0.754669189453125
0.94911128282547
0.9338316321372986
0.5708128213882446
0.6847356557846069
1.0785759687423706
0.7302209138870239
1.0450327396392822
0.8263952732086182
0.9918696880340576
0.8137191534042358
1.3627320528030396
0.8378019332885742
0.9140850901603699
1.3073135614395142
0.9467816352844238
0.7617495656013489
1.1947969198226929
1.0276328325271606
1.4340184926986694
0.6865800023078918
0.894243061542511
1.2261362075805664
1.3054119348526
1.311025619506836
1.0228813886642456
1.3166738748550415
0.8797970414161682
0.5954785346984863
0.7440013885498047
0.7947922945022583
0.9375618696212769
0.6478033661842346
0.8312690854072571
0.9324610829353333
0.8797211050987244
0.5629965662956238
0.9345300197601318
1.0000009536743164
0.6790791749954224
0.5753797888755798
0.9970554709434509
0.6033331155776978
0.9808163642883301
0.7878929376602173
0.7974059581756592
0.9770962595939636
1.0518642663955688
0.6652446985244751
0.8758167028427124
0.9798187017440796
0.7472500205039978
0.7823158502578735
0.7063950896263123
0.8731140494346619
0.9637985229492188
1.366996169090271
0.48643743991851807
1.168362021446228
1.0369395017623901
0.6308547258377075
0.8617209196090698
0.8302774429321289
0.8635306358337402
0.741915225982666
0.5326061844825745
0.8134236931800842
0.789867103099823
1.020255446434021
0.8507475852966309
0.8550660014152527
1.1660151481628418
0.998198926448822
0.6114532351493835
0.7384787797927856
0.801484227180481
0.7137409448623657
1.0962623357772827
0.3928256928920746
0.589180052280426
0.7626667022705078
0.4986153542995453
0.6580239534378052
1.1408445835113525
0.9652622938156128
1.1493923664093018
0.8478329181671143
1.041957974433899
0.48417967557907104
1.063941240310669
0.9699699878692627
0.7642541527748108
0.9363816976547241
1.1123815774917603
1.0516393184661865
0.7288740277290344
0.6056262850761414
0.9408136606216431
0.588344395160675
0.83510422706604
1.0670723915100098
0.8600460886955261
0.8484185934066772
0.6415322422981262
1.438797116279602
0.9374315738677979
0.8849037289619446
0.912176787853241
1.486039400100708
0.6411661505699158
0.507194995880127
0.569136381149292
0.8034313917160034
0.7746710181236267
0.8213799595832825
0.9854822754859924
0.9587823152542114
0.8203750848770142
1.0961562395095825
0.8322159051895142
0.94659423828125
1.1336842775344849
0.7862923741340637
0.6654396653175354
0.8649427890777588
0.6948261260986328
0.9795489311218262
0.9129189848899841
0.7747706770896912
0.5724493265151978
0.7965776324272156
0.5181418657302856
0.946426510810852
1.113907814025879
0.8354617357254028
0.7491162419319153
0.6220058798789978
1.0984582901000977
1.046372652053833
0.7869682908058167
1.299340844154358
0.9434135556221008
0.5915163159370422
0.6624828577041626
0.6274969577789307
1.1702063083648682
1.1196907758712769
0.9783707857131958
1.2360644340515137
1.1872657537460327
1.1718723773956299
1.0254168510437012
0.8400983810424805
1.0604639053344727
1.0036163330078125
0.8123683333396912
0.619321882724762
0.7921706438064575
1.3261433839797974
0.683728039264679
0.9173520803451538
0.7784876227378845
0.6839255094528198
1.0848298072814941
0.815132200717926
1.0427796840667725
0.9658164978027344
0.7351595163345337
0.6439204812049866
1.1883623600006104
0.9902125597000122
0.6040279269218445
1.2681934833526611
1.2298377752304077
0.6054947972297668
0.8214328289031982
0.7961312532424927
0.6469943523406982
1.1579381227493286
0.7143203616142273
0.8812645077705383
0.5844187140464783
0.6205574870109558
0.5721251964569092
0.6158179640769958
0.8372251391410828
0.8238956928253174
0.9598302841186523
0.9853693842887878
0.8670976161956787
1.0106406211853027
0.8599189519882202
0.8125735521316528
0.5881443619728088
0.6908689141273499
1.1827069520950317
0.8093472123146057
0.939048707485199
0.9839239716529846
0.8237435817718506
0.8264888525009155
0.7572749853134155
0.527115523815155
0.8469300270080566
0.4889753460884094
0.7717907428741455
0.9771100878715515
0.9989760518074036
0.9323049187660217
1.1215112209320068
0.5815994143486023
0.9767410755157471
0.7070931196212769
0.8710405230522156
1.05234956741333
0.8128108382225037
0.6389777064323425
0.8191593885421753
0.5291725397109985
0.6021299362182617
0.6491002440452576
0.7178921699523926
0.3852185010910034
1.0524015426635742
1.1480039358139038
0.7488991022109985
0.894923746585846
1.2907476425170898
1.2043884992599487
0.852737545967102
0.7368757128715515
0.4736027717590332
0.7647339701652527
0.6550520062446594
0.6666762828826904
0.5609851479530334
0.7059074640274048
0.6217886209487915
1.3582518100738525
0.6983556151390076
1.4016011953353882
0.920465350151062
1.0723464488983154
0.7282992005348206
1.1305031776428223
0.4242910146713257
1.057246208190918
1.0206564664840698
0.9582420587539673
0.6387048363685608
0.5824873447418213
0.857310950756073
1.0574089288711548
0.9268172979354858
0.8189801573753357
0.75242680311203
0.835343062877655
0.7965508699417114
1.0273737907409668
0.8164327144622803
1.1588423252105713
0.7358773350715637
1.2219778299331665
0.7980428338050842
0.6733554005622864
0.7839890718460083
1.1579443216323853
0.49170932173728943
0.7063430547714233
0.6069594621658325
0.5214606523513794
0.8654592633247375
0.5766626596450806
0.8769115805625916
0.6704172492027283
0.8119328022003174
0.9297658205032349
1.0514192581176758
0.8681463599205017
0.5134667158126831
1.2818480730056763
0.6614774465560913
0.5542433857917786
0.7844625115394592
0.9261456727981567
0.7353180050849915
1.173988938331604
0.7498518824577332
0.7038898468017578
0.7610182762145996
0.6576985120773315
0.550592303276062
0.7274289727210999
0.5178425312042236
0.7937761545181274
0.7868643999099731
1.0453369617462158
0.7536890506744385
0.8842557072639465
1.0410780906677246
0.5433576703071594
1.0290961265563965
0.6823612451553345
0.8097243905067444
0.7468301653862
0.5781121850013733
0.8958514928817749
0.8546279072761536
0.5897141098976135
0.6894318461418152
0.7971384525299072
0.4064362943172455
0.846452534198761
0.7912569642066956
0.8572666645050049
0.3937266767024994
1.1131089925765991
0.8440679907798767
1.0742849111557007
1.1289094686508179
0.8447858691215515
1.040353536605835
0.8335389494895935
1.3085705041885376
0.5426459908485413
0.7366981506347656
0.4954066872596741
0.9283583164215088
0.5918551683425903
0.6151908040046692
0.7022165656089783
0.8856212496757507
0.7292346358299255
1.0392757654190063
0.8029670715332031
1.0634440183639526
1.2094694375991821
0.7466877102851868
0.9291837811470032
0.8123095035552979
0.7630464434623718
0.8497089743614197
1.0198525190353394
0.8919076919555664
0.7944682836532593
0.8127197623252869
0.5553492903709412
0.6760848760604858
0.7235931158065796
0.7567985653877258
0.46521419286727905
0.8017228245735168
0.7610943913459778
0.6110942959785461
1.1093647480010986
0.8510571718215942
0.7260891199111938
0.8574705719947815
0.8379847407341003
0.6877017021179199
1.1412568092346191
0.3634524941444397
1.2169090509414673
0.7126404047012329
0.9216554164886475
0.9536836743354797
0.5609838366508484
0.8607601523399353
0.8550053238868713
0.8142908811569214
0.7448551058769226
0.34890344738960266
0.6617258191108704
0.8052218556404114
0.709082305431366
1.0915213823318481
0.8516045212745667
0.6922768950462341
1.1455793380737305
1.031970739364624
0.6376222372055054
0.8194591999053955
0.49887388944625854
0.8800907135009766
0.8495303392410278
0.5934690237045288
1.1220276355743408
0.9480418562889099
0.7100894451141357
0.7857367396354675
1.1780046224594116
0.8015685081481934
0.7771925330162048
0.9124365448951721
0.8012592792510986
0.49148160219192505
0.6802371144294739
0.5699377059936523
1.008334755897522
0.5791122317314148
0.4006011486053467
0.6930753588676453
0.9573825597763062
0.34735581278800964
0.8195916414260864
0.8335216641426086
0.43422994017601013
0.7132864594459534
1.089087724685669
0.8707398176193237
0.6308498978614807
0.7103563547134399
0.797781765460968
0.6307790875434875
0.7026448249816895
0.8587220311164856
0.5353878140449524
0.6874969005584717
0.709873616695404
0.6964444518089294
0.7727084159851074
0.7003387212753296
0.8007323145866394
0.7838210463523865
1.0184496641159058
0.749995768070221
0.7894623279571533
0.9137740135192871
0.3702295124530792
0.6432573199272156
0.658560574054718
1.053840160369873
0.9070835709571838
0.7834960222244263
0.9310526251792908
1.0344676971435547
0.4143122136592865
0.5598946809768677
0.8454656004905701
1.0039262771606445
0.7527992725372314
0.4632875919342041
0.878337025642395
0.5090268850326538
0.8314974904060364
0.688558042049408
0.8145197629928589
0.9001876711845398
0.9131380915641785
0.7040292024612427
1.1005107164382935
0.720979630947113
1.09502112865448
0.6797448396682739
0.9355364441871643
0.6095312237739563
1.0449869632720947
0.5369373559951782
0.752253532409668
0.6268600821495056
0.7261595129966736
0.6859833598136902
0.7698135375976562
0.7874082922935486
0.8464643955230713
0.5352510809898376
0.8003219962120056
0.6382840275764465
0.7740968465805054
1.0028952360153198
0.8571283221244812
0.8280445337295532
0.9285447001457214
0.6015910506248474
0.9274018406867981
0.42812493443489075
1.1139194965362549
0.865559458732605
1.0789721012115479
0.3618084788322449
0.4920247495174408
0.7108757495880127
0.7120434641838074
1.1357275247573853
1.1432790756225586
0.7011483907699585
0.7080298066139221
0.3385908305644989
0.7762761116027832
0.690812885761261
1.1535539627075195
0.7758417129516602
0.686042070388794
0.9646926522254944
1.0396138429641724
0.4246842861175537
0.9509745240211487
1.1429771184921265
1.1806707382202148
0.9705837965011597
1.0647668838500977
0.9180225729942322
1.1078099012374878
0.9487435817718506
1.0581600666046143
0.751545250415802
0.8334960341453552
0.7720435857772827
1.0239957571029663
0.7135686874389648
0.7056542634963989
0.6672938466072083
0.9907965064048767
0.48685428500175476
0.635494589805603
0.7916350364685059
0.8847123980522156
0.6912440657615662
0.6845990419387817
0.7798051238059998
1.2541685104370117
0.9870118498802185
0.6959773302078247
0.92930668592453
1.0554999113082886
0.7964532375335693
0.9085654020309448
0.6224544644355774
0.8565479516983032
0.676007091999054
0.6527295708656311
0.6940598487854004
0.4951048493385315
0.9130703210830688
1.0234317779541016
0.786632776260376
0.7296394109725952
0.8099746108055115
0.7900968194007874
0.7458527684211731
1.0928629636764526
0.9026751518249512
0.7956774830818176
0.4313327670097351
0.8460867404937744
1.0837416648864746
0.929220974445343
0.6624652147293091
0.8941572904586792
0.5353010892868042
0.8054606914520264
0.6319597959518433
0.8406295776367188
0.9169042706489563
0.7536728382110596
0.575644314289093
1.0580583810806274
0.6384209990501404
0.5393203496932983
0.46952107548713684
0.8115193247795105
0.8135443925857544
0.8859752416610718
0.7471557259559631
1.268989086151123
0.3825424313545227
0.640664279460907
0.9834637641906738
1.019716501235962
1.0112361907958984
1.19634211063385
0.831946849822998
1.1877697706222534
0.9642486572265625
0.6347739696502686
0.8364536166191101
1.0278840065002441
0.9249970316886902
0.6787925958633423
0.685530424118042
0.8318328857421875
0.5811153650283813
0.7936448454856873
0.46295905113220215
0.6808882355690002
0.6556695699691772
0.7432643175125122
0.8119075298309326
0.5742994546890259
0.7133635878562927
0.6747900247573853
0.2813452184200287
0.9189022779464722
0.6306171417236328
0.5091161131858826
0.5503355860710144
1.0829037427902222
0.8247759342193604
0.8416435122489929
0.6412888169288635
0.3871997594833374
0.5625258684158325
0.8598375916481018
0.9202163219451904
0.8146924376487732
0.6474254131317139
0.9758965969085693
0.6717854738235474
0.8595532774925232
0.6972216963768005
0.5622088313102722
0.570727527141571
0.45092305541038513
1.046994924545288
0.9482135772705078
0.8330127000808716
0.865609884262085
0.4666564166545868
0.7295052409172058
1.1350035667419434
1.1662794351577759
0.6450582146644592
0.7335209250450134
0.5775274634361267
0.8922695517539978
0.6499415040016174
0.5801649689674377
0.7093262076377869
0.6149053573608398
0.9518373012542725
0.7929021716117859
0.69790118932724
0.8333628177642822
0.7015873789787292
0.6892463564872742
0.8068990707397461
0.9788623452186584
0.7889506220817566
1.1458244323730469
0.675109326839447
0.8125182390213013
0.5577715039253235
0.6610429883003235
0.6750554442405701
0.7508342862129211
0.9249722361564636
0.6472311019897461
0.7055701613426208
1.0043894052505493
0.6101597547531128
0.8884813785552979
1.3563957214355469
0.8638080358505249
0.7354317903518677
1.0193452835083008
1.0519006252288818
0.6695476770401001
0.47609251737594604
0.8861596584320068
1.0240929126739502
1.044063687324524
0.7724630832672119
0.6260877251625061
0.9074887037277222
0.8549851179122925
0.599850058555603
0.5775119662284851
0.816372811794281
0.7973619103431702
0.7512747645378113
0.5586638450622559
0.5343284606933594
0.6744259595870972
0.5962353944778442
0.8023797273635864
0.5350090265274048
0.7343114614486694
0.6013239026069641
0.7671521306037903
1.0365079641342163
0.5315074920654297
0.7538877725601196
1.1879903078079224
1.005954384803772
0.932649552822113
0.7012032270431519
0.6806614995002747
0.6248799562454224
0.8109480142593384
1.074518084526062
0.7632587552070618
0.7781589031219482
1.0749523639678955
1.0991545915603638
1.1011650562286377
0.6105117201805115
0.9917858242988586
0.6870521903038025
0.9255019426345825
0.6405127644538879
0.9557299017906189
0.7178505063056946
0.5467349290847778
0.44087210297584534
1.0122848749160767
1.0735704898834229
0.8478997945785522
1.0216463804244995
1.008528470993042
0.8108096718788147
0.9783201217651367
1.2514221668243408
0.6329573392868042
0.8570120334625244
0.7646638751029968
1.0094664096832275
1.102616310119629
0.7509135603904724
0.6748381853103638
1.0442343950271606
0.9458456635475159
0.7028658986091614
0.5331107974052429
0.5810332298278809
1.1021004915237427
0.45343464612960815
0.5814877152442932
0.616519033908844
0.9248807430267334
0.9651022553443909
0.6345795392990112
0.9186290502548218
0.7702447175979614
0.5859107375144958
0.7017533183097839
0.6000310182571411
0.660010814666748
0.8248983025550842
1.0777636766433716
0.49441006779670715
1.1956698894500732
0.8469012975692749
0.7304081320762634
1.0761194229125977
0.6830019950866699
0.773466169834137
1.2455520629882812
0.7404539585113525
0.6867344975471497
0.4515462815761566
0.8493073582649231
0.9482736587524414
0.44690489768981934
0.9181414842605591
0.4840037226676941
0.9161271452903748
1.0367799997329712
0.9655795097351074
0.7483614087104797
0.7533707618713379
0.8170390725135803
1.068109154701233
0.4442271888256073
1.0397732257843018
0.9105907082557678
0.46427688002586365
1.0386581420898438
0.7555052042007446
0.8413875699043274
0.703235387802124
0.6524460911750793
0.6722269654273987
0.7515309453010559
0.7276545166969299
0.6322675347328186
0.6158831119537354
0.8378735184669495
1.0172264575958252
1.0025275945663452
0.8650887608528137
0.6131387948989868
0.9603397846221924
1.044975996017456
0.8668277263641357
0.7561365365982056
0.6581488847732544
1.0751692056655884
0.9739201068878174
0.8143490552902222
0.9797741770744324
0.9373974800109863
0.5329972505569458
0.698899507522583
0.8499992489814758
0.6829171776771545
0.5975090265274048
0.5438288450241089
0.5837942361831665
0.7324745059013367
0.4903353154659271
1.0234626531600952
0.7941883206367493
0.8048341870307922
1.088942289352417
0.682201623916626
0.5915948748588562
0.8443624377250671
0.7780743837356567
0.6867338418960571
0.4514140188694
0.9444939494132996
0.8050734400749207
0.5988706946372986
0.6657375693321228
0.6023303270339966
0.551301121711731
0.614976704120636
0.7088179588317871
0.7531782388687134
0.7402870655059814
0.7978363633155823
0.8585430979728699
0.3172542452812195
0.47024232149124146
1.1418088674545288
0.44271227717399597
0.7899538278579712
0.6532902121543884
0.9847388863563538
0.7180267572402954
0.640022873878479
0.6396431922912598
0.9210909605026245
0.9739447832107544
0.9392908811569214
0.8603801131248474
0.8767353296279907
0.6444914937019348
0.5459498763084412
0.8677499294281006
0.6369759440422058
0.5832589268684387
0.6920219659805298
0.4678176939487457
0.9827675819396973
0.5628838539123535
0.8720610737800598
0.909766674041748
0.9165951609611511
0.646977961063385
0.9689788818359375
1.0307329893112183
0.5899169445037842
0.8174282908439636
0.5911609530448914
0.4188288450241089
0.9509049654006958
0.5220937728881836
0.5774350762367249
0.7847892642021179
0.8535523414611816
0.9046361446380615
0.7138308882713318
0.8532750606536865
0.5011779069900513
0.6938403844833374
0.9016136527061462
1.1671792268753052
0.8122654557228088
0.8301680088043213
0.7831963896751404
0.6150979995727539
0.7410368323326111
0.5449424982070923
0.6081774830818176
0.708347737789154
0.8049578666687012
0.46312543749809265
0.7640182971954346
0.849729061126709
0.9911043047904968
0.8631051778793335
0.7212663292884827
0.6826590299606323
0.7647983431816101
0.8773308992385864
0.9526315927505493
0.9065710306167603
0.86138516664505
0.8403277397155762
0.6942803859710693
1.185516357421875
0.6329203844070435
0.5768816471099854
0.6435366272926331
0.7758400440216064
0.6800402402877808
0.7441132664680481
0.5097347497940063
0.4133771061897278
0.8112649917602539
0.8279436826705933
0.6375808119773865
0.6597349643707275
0.6657244563102722
1.0892378091812134
0.6347233653068542
0.5522077679634094
0.9739314913749695
0.9872572422027588
0.6620840430259705
0.513325035572052
0.9373718500137329
0.72726970911026
0.6811603307723999
0.7381660342216492
0.9115749597549438
0.5381431579589844
1.0566829442977905
0.6348738074302673
0.8689611554145813
0.9220984578132629
1.140790343284607
0.6478146314620972
0.8035030364990234
0.48727649450302124
0.7506319284439087
0.7916986346244812
0.6416876912117004
0.7048041224479675
0.657045841217041
0.6941564679145813
0.7861097455024719
0.5657023191452026
0.8024378418922424
0.6621198058128357
0.6549538969993591
0.5138070583343506
0.822831928730011
0.4564061462879181
0.7585819363594055
0.7270176410675049
0.7287006974220276
0.6603426337242126
0.47453010082244873
0.670351505279541
0.9169298410415649
0.9671159982681274
0.7219657897949219
0.48279520869255066
0.3971737325191498
0.9869608879089355
0.6440103054046631
0.731208860874176
0.768954336643219
0.9100629091262817
0.45362794399261475
0.840865433216095
0.7633737325668335
0.5338046550750732
1.1134891510009766
0.8252705335617065
0.8547698259353638
0.9508695006370544
0.7537142634391785
0.9061797857284546
0.54493647813797
0.522296667098999
0.7639684081077576
0.6122696995735168
0.8400081396102905
0.8076595664024353
0.6108894944190979
0.5654104351997375
0.9411421418190002
1.0156958103179932
0.8939687609672546
0.6832744479179382
0.8009836673736572
1.2393126487731934
0.8129405379295349
0.6743272542953491
0.7081913352012634
0.4362054765224457
0.7148991227149963
1.0336281061172485
1.3901808261871338
0.8040909767150879
1.115737795829773
0.7018003463745117
0.83344966173172
0.544430673122406
0.806585967540741
0.6890556812286377
0.5953795909881592
0.811526894569397
0.8722050189971924
0.81694096326828
0.8257944583892822
0.6395012140274048
0.5513947606086731
0.795042097568512
0.8280065655708313
0.6246299743652344
0.8199493288993835
0.8290148973464966
0.7836195230484009
0.5479220747947693
0.8499495387077332
0.8982203006744385
0.6856478452682495
0.5954272150993347
0.9701586961746216
0.8720481395721436
0.6152394413948059
0.6340444087982178
0.837558388710022
0.737330973148346
0.5089419484138489
0.7139013409614563
0.8925983905792236
0.9144696593284607
0.8492324352264404
0.6626138091087341
0.869154691696167
0.6786087155342102
1.1700551509857178
0.7138353586196899
0.7757526636123657
0.7892824411392212
0.8780228495597839
0.683659017086029
0.7486928701400757
0.8829209208488464
0.8675632476806641
0.7410868406295776
0.8586170077323914
0.5164526104927063
0.812394917011261
0.6993906497955322
1.0887869596481323
0.525606632232666
0.4987545609474182
0.862333357334137
0.5307518839836121
0.2585018575191498
0.5402126312255859
0.7481539845466614
0.9822239279747009
0.946165144443512
0.6448671817779541
0.6406509876251221
0.5636580586433411
0.6622019410133362
0.6068333387374878
0.5088677406311035
0.8966004848480225
0.6976999640464783
0.750878095626831
0.6873636245727539
0.510558009147644
0.9115162491798401
0.8078530430793762
1.0256645679473877
0.6082854270935059
0.845540463924408
0.7324708104133606
0.5814889073371887
0.842395007610321
0.8056238889694214
0.7493225932121277
0.6010401248931885
0.8696441054344177
0.8278878927230835
0.8103533983230591
0.8297061920166016
0.41530054807662964
0.8712835907936096
0.5330691933631897
0.6811622381210327
0.8118419647216797
0.6233510375022888
0.7474070191383362
0.877166748046875
0.6804540157318115
1.0009838342666626
0.5122995376586914
0.7998368740081787
0.995086133480072
0.6342986822128296
0.9238376617431641
0.6855998635292053
0.8072514533996582
0.7526999115943909
0.8281540870666504
0.6444135904312134
0.8236296772956848
0.8237901329994202
0.8413450121879578
0.9754524827003479
0.4093322157859802
0.8751881718635559
0.6424817442893982
0.6781828999519348
0.739045262336731
0.6974697709083557
0.5894147157669067
0.9527444839477539
0.7736289501190186
0.5478543639183044
0.6724556684494019
0.8355439305305481
0.49501389265060425
0.940330982208252
0.6397442817687988
0.7402763366699219
0.8020498156547546
0.7551646828651428
0.8153178691864014
0.5179064869880676
0.7745603919029236
0.44080430269241333
0.5585709810256958
0.7180922031402588
1.1095384359359741
0.6567078232765198
0.9049749970436096
0.817395806312561
0.9179835319519043
0.5409349203109741
1.129536747932434
0.6011151075363159
0.8033738732337952
0.564998209476471
1.066585659980774
0.8394046425819397
0.5603363513946533
0.373249888420105
0.7191410660743713
0.6064344048500061
0.3488747179508209
0.8508003950119019
0.8064997792243958
0.7937883138656616
0.9741074442863464
0.819209098815918
0.8115231394767761
0.9293487668037415
0.5494804382324219
0.855120062828064
0.8645627498626709
0.7645374536514282
0.8423746228218079
0.7034810185432434
0.5963908433914185
0.8405011892318726
0.8641316890716553
0.6566914319992065
0.821190357208252
1.0405110120773315
0.6883558034896851
0.7603481411933899
0.6204022169113159
0.5500637292861938
0.45257067680358887
1.0695220232009888
0.8623154759407043
0.6806959509849548
0.5393334031105042
0.5063454508781433
0.6016594767570496
0.8743467926979065
0.929095983505249
0.7187595963478088
0.648675799369812
0.9186843633651733
0.513750433921814
0.6632601618766785
0.42130759358406067
0.7117858529090881
0.5362187623977661
0.5218947529792786
0.7311915159225464
0.7921927571296692
0.5790950059890747
0.6516193151473999
0.7364087700843811
0.7310187816619873
0.7384064793586731
0.7376900911331177
0.59556645154953
0.7398228049278259
0.9902978539466858
0.6169819235801697
0.860387921333313
0.5109949707984924
1.0152486562728882
0.8521634936332703
0.858040452003479
0.7448732852935791
0.5571519136428833
0.615574061870575
0.6299667358398438
0.6812164783477783
0.5718894004821777
0.9260598421096802
0.7940250039100647
0.8703588247299194
1.0749703645706177
0.86972576379776
0.6367408633232117
1.0393542051315308
0.8293676376342773
0.7675994634628296
0.5261901617050171
0.9703994989395142
0.6825246214866638
0.8072526454925537
0.6593405604362488
0.6984642148017883
0.7310875654220581
0.5671088695526123
1.084344744682312
0.609098494052887
0.8647371530532837
0.7217264771461487
0.7321256399154663
0.756787896156311
0.6077906489372253
0.7412600517272949
0.8364812731742859
0.5365064740180969
0.6464942097663879
0.8126346468925476
0.938236653804779
0.3912561237812042
0.7309281229972839
0.6024784445762634
0.6837629079818726
0.7081688642501831
0.7381067276000977
0.8545782566070557
0.7888813614845276
0.713187575340271
0.6347980499267578
0.7517992258071899
0.910230278968811
0.8301469087600708
0.9275198578834534
0.7718927264213562
0.7617066502571106
0.8427790999412537
0.7353681921958923
0.5426995158195496
0.7842443585395813
0.6593894958496094
0.40199407935142517
0.6196261048316956
0.7332868576049805
0.6450686454772949
0.7051018476486206
0.9673969745635986
0.5787612795829773
0.6787438988685608
0.8409163355827332
0.48375028371810913
1.0170055627822876
0.6093509793281555
0.7472336292266846
0.5823078751564026
0.7265093922615051
0.7413985133171082
0.6056168675422668
0.581185519695282
0.7552805542945862
0.8279275894165039
0.8340457081794739
0.4831956624984741
0.7431536912918091
0.6956586241722107
0.827002763748169
1.0769554376602173
0.4387587308883667
0.9747098088264465
0.6054248809814453
0.6536098718643188
0.8679630756378174
1.0084871053695679
0.3916924297809601
0.8706690669059753
0.543433427810669
0.684765100479126
0.7490705847740173
0.40672874450683594
0.7207530736923218
0.7356073260307312
1.0208507776260376
0.920922577381134
0.771957516670227
0.8173770904541016
0.7563567161560059
0.801142156124115
0.6937503814697266
0.7257730960845947
0.9251093864440918
0.8444071412086487
0.7776119709014893
0.7794182300567627
0.7488767504692078
0.3146601915359497
0.7081581950187683
0.4885599911212921
0.4849412143230438
0.5533504486083984
0.8608570098876953
0.5610190629959106
0.6191248893737793
0.4819807708263397
0.8640964031219482
0.637292742729187
0.31544575095176697
0.6287192702293396
0.784515917301178
0.6140202879905701
0.671515941619873
0.8587629199028015
0.5280641913414001
0.6182112693786621
0.804564356803894
0.6425483822822571
0.572224497795105
0.9043103456497192
1.002591609954834
0.6999354958534241
0.7443714737892151
0.7939544320106506
0.5610020756721497
0.42139849066734314
0.9947566986083984
0.5325719714164734
0.8192945718765259
0.33315807580947876
0.6259428262710571
0.7508245706558228
0.8365464806556702
0.8372210264205933
0.5870211124420166
0.6811608672142029
0.799206554889679
0.918168306350708
0.3179508149623871
0.8605127930641174
0.9588155746459961
1.0682094097137451
0.908516526222229
0.8224318623542786
0.9802793860435486
1.1663615703582764
0.8980280160903931
0.7345196008682251
1.035348653793335
0.45815202593803406
0.5535389184951782
0.934533417224884
0.9115997552871704
0.863869309425354
0.6421281695365906
0.406878262758255
0.6662850975990295
0.7163074016571045
0.5675407648086548
0.6899166107177734
0.4785079061985016
0.714849054813385
0.6699638366699219
0.5818449258804321
0.7088990807533264
1.0119143724441528
0.7447533011436462
0.602881133556366
0.6078667044639587
0.6738733053207397
0.6673244833946228
0.31712016463279724
0.560562789440155
0.519536018371582
1.1074496507644653
0.8263018131256104
0.8478508591651917
0.6124013066291809
0.5203210115432739
0.4246302545070648
1.0627741813659668
0.7979704737663269
0.6025639176368713
0.8418081998825073
0.967180609703064
0.5012717843055725
0.9072690606117249
0.7248689532279968
1.0738948583602905
0.5280787348747253
0.9407631754875183
0.9371934533119202
0.9146364331245422
1.070170521736145
0.46763983368873596
0.617335319519043
1.0287641286849976
0.9128061532974243
0.7964919805526733
0.9785491228103638
0.6999081373214722
0.6206128001213074
0.7302630543708801
0.44050824642181396
0.6878113150596619
0.6109577417373657
0.6952900886535645
0.5723501443862915
0.8545328974723816
1.0396348237991333
0.9209058284759521
0.425068736076355
0.9394567012786865
0.8116075992584229
0.5374965667724609
0.7468711137771606
0.747654378414154
0.8080368638038635
0.5609825849533081
0.9543614983558655
0.4035317003726959
0.742914617061615
1.0673222541809082
0.56492680311203
0.5217798352241516
0.7688704133033752
1.0005741119384766
0.4552457928657532
0.8874185681343079
0.6387057304382324
0.906926155090332
1.326553225517273
0.6029149293899536
0.5357726812362671
1.0149883031845093
0.7195025682449341
0.599759042263031
0.8207495212554932
0.6021347045898438
0.7105243802070618
0.7125029563903809
0.6890138387680054
0.693134605884552
0.8113192319869995
0.6882779002189636
0.642623782157898
0.46415337920188904
0.542149543762207
0.5866075754165649
0.6379328370094299
0.5802074074745178
0.5948207974433899
0.9084295034408569
0.6849231123924255
0.6164546608924866
0.9396405816078186
0.7292702198028564
0.7758819460868835
1.0016484260559082
0.7646123766899109
0.7120647430419922
0.7293995022773743
1.0486173629760742
0.7776743173599243
0.5014172792434692
0.7653697729110718
0.7292687296867371
0.4454924762248993
0.8291295766830444
0.6132257580757141
0.620491623878479
0.8464712500572205
0.771673858165741
0.39682579040527344
0.8782182931900024
0.6895461678504944
0.5986012816429138
0.5894482731819153
1.0359548330307007
0.5723802447319031
0.6470308303833008
0.846835196018219
0.585856556892395
0.5125877261161804
0.3335079550743103
0.492304265499115
0.7504643797874451
0.4113529324531555
0.905228853225708
0.7718247771263123
0.5732942223548889
0.5188060402870178
0.5727099180221558
0.6294531226158142
0.7575927376747131
0.4692724049091339
0.8035028576850891
0.5632855296134949
0.4340366721153259
0.5436122417449951
0.6508552432060242
0.5795836448669434
0.9338206052780151
0.5676459670066833
0.7632385492324829
0.7069172263145447
0.8154863119125366
0.5906319618225098
0.560355544090271
0.7304927110671997
0.7066863179206848
0.5544477701187134
0.8072236180305481
0.6741095781326294
0.6558781266212463
0.6233389973640442
0.7603552937507629
0.6567506790161133
0.9419547319412231
0.523422360420227
0.9450324773788452
0.8245595693588257
0.5474891662597656
0.6786370277404785
0.510359525680542
0.4720659554004669
0.4857413172721863
0.6683477759361267
0.4775906205177307
0.5989289879798889
0.3938499987125397
0.7736209034919739
0.6230282783508301
0.730829119682312
0.5655154585838318
0.38355621695518494
0.7561633586883545
0.5737341046333313
0.9377865195274353
0.6089504957199097
0.9093668460845947
0.5663405060768127
0.8945229053497314
0.661699116230011
0.8949477672576904
0.7491216659545898
0.9259604215621948
0.6579650044441223
0.7762349843978882
0.7142791152000427
0.8566731810569763
0.5390023589134216
0.679344117641449
0.4780145287513733
0.9380872845649719
0.7530417442321777
0.6447471976280212
0.4779405891895294
0.8168488144874573
0.5648241639137268
0.7818859219551086
0.5445294976234436
0.6178609132766724
0.6163558959960938
0.6655110716819763
0.7619851231575012
0.5092957615852356
0.6943498849868774
0.7495396137237549
0.6457539796829224
0.7884053587913513
0.5625905990600586
0.8660557270050049
0.47037723660469055
0.5793964862823486
0.7305116653442383
0.6132979989051819
0.43149569630622864
0.7531152367591858
0.6700018644332886
0.6914824843406677
0.48023512959480286
0.7352364659309387
0.7556717991828918
0.738979697227478
0.8639923930168152
0.7362335324287415
0.6956033110618591
0.5559391975402832
0.739898145198822
0.5520453453063965
0.9027777910232544
0.8996756076812744
0.6840770840644836
0.6654612421989441
0.6774839162826538
0.5636483430862427
0.269877552986145
0.7678650617599487
0.5446783304214478
1.0670965909957886
0.7596933245658875
0.6875787377357483
0.603884756565094
0.590561032295227
0.6573203802108765
0.6899124383926392
0.637837827205658
0.5301194787025452
0.779538094997406
0.5374084115028381
0.43544307351112366
1.0705231428146362
0.6875994205474854
0.6116106510162354
0.493129163980484
0.465865820646286
0.6934793591499329
0.6654437184333801
0.6199048757553101
0.8268874883651733
0.5985706448554993
0.5171645879745483
0.6838558912277222
0.9592846035957336
0.7415187954902649
0.5108722448348999
0.5900022387504578
0.8548226952552795
0.5389445424079895
0.6594112515449524
0.4545537531375885
0.7430928349494934
0.5845696330070496
0.6398914456367493
0.806244432926178
0.8290281295776367
0.647735059261322
0.8272132873535156
0.7742201685905457
0.7314206957817078
0.5787063241004944
0.6969841718673706
0.6163498163223267
0.9103034734725952
0.7943596839904785
0.6614384651184082
0.8248161673545837
0.8529016375541687
0.7707517743110657
0.6868195533752441
0.5593919157981873
0.9352307319641113
0.6113417148590088
1.0966451168060303
0.730614423751831
0.2503190338611603
0.6016005873680115
0.952089786529541
0.4604395627975464
0.8192125558853149
0.6330787539482117
0.8040719628334045
0.7087576985359192
0.7789076566696167
0.5948313474655151
1.0673489570617676
0.4382212162017822
0.7283140420913696
0.698280394077301
0.6573919653892517
0.7520827651023865
0.9313914775848389
0.7356953024864197
0.805019199848175
0.6134334206581116
0.7035925388336182
0.5125689506530762
0.7700197696685791
0.6316155195236206
0.8599432110786438
0.6832180023193359
0.8453114032745361
0.480223685503006
0.7536081671714783
0.8457826972007751
0.5537496209144592
0.6657082438468933
0.6024999022483826
0.740803599357605
0.8913416266441345
0.6080188155174255
0.7787030339241028
0.4216015934944153
0.8345531821250916
0.5379891395568848
0.6337968707084656
0.9354702830314636
0.5558661818504333
0.9153380990028381
0.7548273801803589
0.6434623599052429
0.5079891085624695
0.48313426971435547
0.6550806760787964
0.627964198589325
0.7388752698898315
0.5479154586791992
0.6108996868133545
0.3892209529876709
0.8161225914955139
0.5323476195335388
0.5927931666374207
0.7267183065414429
0.5400644540786743
0.5350968241691589
0.8774817585945129
0.6741400957107544
0.6781067252159119
0.6803846955299377
0.9157465696334839
0.5789003968238831
0.7875131368637085
0.7378025054931641
0.6054230332374573
0.8212928771972656
0.57928067445755
0.8604047298431396
0.7284770011901855
0.4603622853755951
0.8544760346412659
0.5036548972129822
0.6327745914459229
0.7055472731590271
0.6647313833236694
0.5836466550827026
0.7828994393348694
0.8323743939399719
0.7212898135185242
0.736118733882904
0.9097861647605896
0.6620369553565979
0.5236589312553406
0.525890052318573
0.6739358305931091
0.5474177002906799
0.6430273056030273
0.7828723788261414
0.6324103474617004
0.6155321002006531
0.968330442905426
0.7846962809562683
0.6329835653305054
0.7180759906768799
0.8304871916770935
1.1968936920166016
0.7377152442932129
0.5929506421089172
0.8468073606491089
0.4841260015964508
0.45806095004081726
0.6613394618034363
0.8394773006439209
0.43315908312797546
0.7543843984603882
0.4533679187297821
0.5801124572753906
0.36918941140174866
0.8472690582275391
0.5423485040664673
0.6042182445526123
0.5028102397918701
0.5533660650253296
0.6172096729278564
0.6735832691192627
0.5571778416633606
0.7981032133102417
0.645637571811676
0.5372262001037598
0.952018678188324
0.5729873180389404
0.5590634942054749
0.8482063412666321
0.5471487641334534
0.5472369194030762
0.5392237901687622
0.5414524674415588
0.6201921105384827
0.8548504114151001
0.4503138065338135
0.810890793800354
0.6278213262557983
0.9125304818153381
0.7275145649909973
0.7303679585456848
0.7467229962348938
0.8920080661773682
0.7627485990524292
0.7430865168571472
0.7387754917144775
0.6033688187599182
0.7479273080825806
0.598548173904419
0.6005445122718811
0.564592719078064
0.5042368769645691
0.5365334749221802
0.825960099697113
0.8696683645248413
0.7171339392662048
0.5068770051002502
0.5554806590080261
0.6619093418121338
0.7673925161361694
0.6014594435691833
0.6864723563194275
0.540388822555542
0.6597965359687805
0.5283363461494446
0.4151441752910614
0.7204877734184265
0.5767994523048401
0.899970293045044
0.890927255153656
0.5597820281982422
0.8194303512573242
0.7467955946922302
0.45613527297973633
0.8328515291213989
0.808815598487854
0.47547516226768494
0.6591708064079285
0.6436516046524048
0.673154890537262
0.5977933406829834
0.5510300397872925
0.8419336080551147
0.5574763417243958
0.7791363000869751
0.37953880429267883
0.9009031057357788
0.58831787109375
0.6039543151855469
0.5849951505661011
0.7499465346336365
1.0597635507583618
0.6098282337188721
0.8814564347267151
0.33331355452537537
0.5241286754608154
0.3686051368713379
0.8939375877380371
1.0390903949737549
0.6879231333732605
0.6372537612915039
0.4693087935447693
0.627848744392395
0.6680962443351746
0.6306483745574951
0.49506863951683044
0.9390503168106079
0.9032454490661621
0.8427574634552002
0.6463837027549744
0.6586306691169739
0.49728110432624817
0.7026166915893555
0.5313262939453125
0.6144593954086304
0.62240070104599
0.5101388096809387
0.4364284574985504
0.7832044959068298
0.934758722782135
0.5145600438117981
0.6433373689651489
0.7805724143981934
0.6846712231636047
0.6771047711372375
0.5951776504516602
0.6930383443832397
0.4752349555492401
0.44244274497032166
0.6779176592826843
0.8431245684623718
0.6536118388175964
0.8711836338043213
0.6684700846672058
1.1077340841293335
0.9250693321228027
0.6174943447113037
0.6349945068359375
0.872381329536438
0.6040048003196716
0.6673459410667419
0.6225100159645081
0.5967426300048828
0.6230201125144958
0.49954450130462646
0.6257285475730896
0.6423769593238831
0.8108923435211182
0.8258792161941528
0.5119512677192688
0.9764105081558228
0.43656036257743835
0.745266318321228
0.7379506826400757
0.693302571773529
0.6165106296539307
0.8216474652290344
0.7032780647277832
0.5252915620803833
0.5621824860572815
0.6391048431396484
0.5086420774459839
1.102344036102295
0.49748295545578003
0.5296137928962708
0.6922800540924072
0.7633064389228821
0.9708108901977539
0.6407108306884766
0.5510788559913635
0.5335596799850464
0.5103129744529724
0.9095757603645325
0.36646923422813416
0.6422559022903442
0.6122109889984131
0.9420607686042786
0.5481876134872437
0.49909642338752747
0.8176034688949585
0.6118101477622986
0.4553142488002777
0.8003488183021545
0.4787047803401947
0.5465665459632874
0.6477301716804504
0.772330105304718
0.6995837688446045
0.7959685325622559
0.49935343861579895
0.5822470188140869
0.49154984951019287
0.7711884379386902
0.6000002026557922
0.8056434988975525
0.6927122473716736
0.6557154059410095
0.9928919076919556
0.8425906300544739
0.44374337792396545
0.4366607666015625
0.6584334969520569
0.6086027026176453
0.323722243309021
0.5107138156890869
0.6188495755195618
0.7116347551345825
0.5401149392127991
0.7169214487075806
0.49731847643852234
0.7276943325996399
0.7219533920288086
0.4619362950325012
0.5151554346084595
0.7077869772911072
0.36121469736099243
0.9422480463981628
0.7479744553565979
1.243501901626587
0.826143205165863
0.49445849657058716
0.5924757122993469
0.7454083561897278
0.8935617804527283
0.8064402341842651
0.7992932200431824
0.49754083156585693
0.7346248626708984
0.7025089263916016
0.6737084984779358
0.7489863634109497
0.9076378345489502
0.9864534735679626
0.815355658531189
0.6988669633865356
0.5457651019096375
0.4260593056678772
0.7194755673408508
0.7948561310768127
0.7447623014450073
0.8902793526649475
0.6767722964286804
0.5759633183479309
0.683282196521759
0.270230770111084
0.5968523621559143
0.39683815836906433
0.48722732067108154
0.7795841693878174
0.8142208456993103
0.8098521828651428
0.6371448636054993
0.6248769760131836
0.5888914465904236
0.6353528499603271
0.7541479468345642
0.5820743441581726
0.640415608882904
0.7309436202049255
0.7493076324462891
0.9861227869987488
0.7385636568069458
0.8870756030082703
0.54525226354599
0.6706148386001587
0.5369077324867249
0.8258450031280518
0.5849134922027588
0.858121931552887
0.86835116147995
0.6796020269393921
0.5920883417129517
0.7910032868385315
0.7400423884391785
0.7431694269180298
0.5408455729484558
0.7053552269935608
0.6769189238548279
0.6860669255256653
0.5800672173500061
0.6187407374382019
0.7192334532737732
0.8116196990013123
0.6583234071731567
0.7486817836761475
0.48152995109558105
0.7078953981399536
0.6509198546409607
0.9538302421569824
0.7067120671272278
0.7970544695854187
0.8252534866333008
0.5167101621627808
0.7348878979682922
0.5793003439903259
0.5705462098121643
0.6813010573387146
0.9248954653739929
0.7331868410110474
0.5923275947570801
0.6864584684371948
0.46518591046333313
0.8743361234664917
0.6373845934867859
0.6769879460334778
0.5407990217208862
0.6579070687294006
0.3948056697845459
0.6914551258087158
0.6713508367538452
0.4960476756095886
0.8182746171951294
0.7733296155929565
0.6127246022224426
0.8855962753295898
0.5105763077735901
0.7520978450775146
0.49478670954704285
0.5376415252685547
0.6822823882102966
0.8986272811889648
0.49605730175971985
0.5921721458435059
0.5978434085845947
0.733025312423706
0.8374963998794556
0.8070806264877319
0.8300380706787109
0.8099744915962219
0.5426535606384277
0.7516674399375916
0.7916588187217712
0.7117363214492798
0.4200548529624939
0.5046856999397278
0.4288768172264099
0.376468300819397
1.0334105491638184
0.5727280974388123
0.47827374935150146
0.6200330853462219
0.43888726830482483
0.7142088413238525
0.7424140572547913
0.6198921799659729
0.5173749923706055
0.8191165924072266
0.5147361159324646
0.8045308589935303
0.6187859773635864
0.6220611929893494
0.8527127504348755
0.5527744889259338
0.7525709867477417
0.6511343121528625
0.5365052819252014
0.747604250907898
0.7715660929679871
0.768137514591217
0.7443826198577881
0.35216599702835083
0.6398946642875671
0.6712162494659424
0.5047491788864136
0.5288715958595276
0.4481964111328125
0.5371112823486328
0.7583250999450684
0.8421716690063477
0.5722043514251709
0.6396329402923584
0.5322653651237488
0.6567671298980713
0.604699969291687
0.4634890854358673
0.7640105485916138
0.9927325248718262
0.6626582145690918
0.8389355540275574
0.5316706895828247
0.7439283132553101
0.7592058777809143
0.5908553600311279
0.5531772971153259
0.7092978954315186
0.657826840877533
0.5834230780601501
0.4953603446483612
0.41577014327049255
0.38008761405944824
0.9096987843513489
0.7646644115447998
0.9441964626312256
0.531589925289154
0.7766791582107544
0.8733812570571899
0.527317464351654
0.7129179835319519
0.7520580291748047
0.7136306762695312
0.8329126238822937
0.6267809271812439
0.7335994243621826
0.6682553291320801
0.8252999782562256
0.7771239280700684
0.2215350717306137
0.4135172963142395
0.752443253993988
0.8790915012359619
0.4808429181575775
0.39222878217697144
0.35816505551338196
0.2855609655380249
0.8067008852958679
0.8548736572265625
0.5162544846534729
0.3845236003398895
0.5860655307769775
0.500074565410614
0.48210471868515015
0.6299968957901001
0.5286906957626343
0.7143370509147644
0.8606477379798889
0.6928630471229553
0.5099812150001526
0.41389787197113037
0.9046511054039001
0.6546769142150879
0.4697767496109009
0.6007146239280701
0.5726748704910278
0.6220398545265198
0.5389591455459595
0.7808346152305603
1.1419378519058228
0.5275283455848694
0.7125962972640991
0.5174402594566345
0.744600236415863
0.4622173011302948
0.6585928797721863
0.7484094500541687
0.7509809732437134
0.5181050300598145
0.6287506222724915
0.7206823825836182
0.7844195365905762
0.5372731685638428
0.8086127638816833
0.757897675037384
0.6020755171775818
0.8778189420700073
0.7795159220695496
0.5503653287887573
0.5401296615600586
0.9225116968154907
0.6450015306472778
0.3097510039806366
0.4476737380027771
0.782028317451477
1.040423035621643
0.9502248764038086
0.7410154342651367
0.5620812773704529
0.6677458882331848
0.6563456654548645
0.5619404315948486
0.8002232909202576
0.38989073038101196
0.5501492023468018
0.7595065832138062
0.320069819688797
0.7899600863456726
0.7913818359375
0.5430875420570374
0.6525381803512573
1.033440113067627
0.5180544257164001
0.6578176021575928
0.7874008417129517
0.6988163590431213
0.5312293767929077
0.5491453409194946
0.39531010389328003
0.5589475035667419
0.8111993670463562
0.9809291958808899
0.5352951288223267
0.5750550031661987
0.8428111672401428
0.9550510048866272
0.6812504529953003
0.7829872369766235
0.6085056662559509
0.5665192604064941
0.4516802728176117
0.6597408056259155
0.977669358253479
0.6245452165603638
0.4295681118965149
0.5554945468902588
0.6564292907714844
0.6187300086021423
0.6068516373634338
0.6974214911460876
0.7098210453987122
0.6540647149085999
0.6179962158203125
0.7833227515220642
0.6103863716125488
0.6697714924812317
0.6145578026771545
0.8910317420959473
0.704945981502533
0.6024590134620667
0.8041321039199829
0.8032286763191223
0.6136490106582642
0.7643371820449829
0.7304967641830444
0.8613171577453613
0.5178254246711731
0.5914730429649353
0.556800127029419
0.4409371614456177
0.8013672828674316
0.8153423070907593
0.555923342704773
0.7904304265975952
0.5762428641319275
0.8107752203941345
0.5079378485679626
0.501647412776947
0.42530637979507446
0.45224452018737793
0.71201491355896
0.3924714922904968
0.7145043015480042
0.5094253420829773
0.7575610876083374
0.8442496061325073
0.7091913819313049
0.6224730014801025
0.5493878722190857
0.5176550149917603
0.462953120470047
0.6679635047912598
0.5357106328010559
0.7447926998138428
0.6220524311065674
0.7492063641548157
0.6979955434799194
0.5972619652748108
0.510170578956604
0.6418260931968689
0.4438796937465668
0.5845814943313599
0.48236918449401855
0.49459898471832275
0.501887857913971
0.47140923142433167
0.33567070960998535
0.4687902629375458
0.6967239379882812
0.6253975629806519
0.6838161945343018
0.5463544130325317
0.6107786297798157
0.6454375982284546
0.540852963924408
0.5409538745880127
0.4806792140007019
0.5959810018539429
0.417438805103302
0.7501158714294434
0.46275487542152405
0.9473506808280945
0.6868594288825989
0.8396363258361816
0.6243951320648193
0.7009180188179016
0.7638475894927979
0.549375057220459
0.8536394834518433
0.7557274103164673
0.5904182195663452
0.9367177486419678
0.7678408622741699
0.49550527334213257
0.4722512364387512
0.8015992641448975
0.6588716506958008
0.801335334777832
0.5175905227661133
0.5815525054931641
0.6495638489723206
0.8780118823051453
0.5166569352149963
0.8038578629493713
0.6381661295890808
0.4691862165927887
0.7332993745803833
0.47054800391197205
0.6676833033561707
0.6810722351074219
0.7984764575958252
0.7628173232078552
0.4867136776447296
0.5899730920791626
0.6709677577018738
0.4401516318321228
0.9661763906478882
0.36306920647621155
0.5708063244819641
0.8319772481918335
0.6637682318687439
0.7726476788520813
0.40779322385787964
0.5652481317520142
0.691290557384491
0.558617353439331
0.5933241844177246
0.7157070636749268
0.5423051714897156
0.536152184009552
0.6960535049438477
0.8817882537841797
0.671427309513092
0.5505905151367188
0.5197213888168335
0.6766530871391296
0.5671971440315247
0.5692272186279297
0.557323694229126
0.5304054021835327
0.8762580752372742
1.057255506515503
0.608275294303894
0.8528743386268616
0.7687203884124756
0.6293662786483765
0.5688910484313965
0.7007322907447815
0.4244231879711151
0.7036705613136292
0.39538007974624634
0.5632465481758118
0.5525423288345337
0.7543888688087463
0.5887478590011597
0.5914279818534851
0.5487254858016968
0.5314003229141235
0.24276721477508545
0.6752078533172607
0.5774098038673401
0.5459303855895996
0.43959611654281616
0.48477283120155334
0.4209100902080536
0.731261134147644
0.9916198253631592
0.44726598262786865
0.6275452375411987
0.4905848503112793
0.4998508095741272
0.6110367774963379
0.8487444519996643
0.7733328342437744
0.48649588227272034
0.6558243632316589
0.5041395425796509
0.8609337210655212
0.5386621952056885
0.620836615562439
0.5759008526802063
0.6524462699890137
0.5875853896141052
0.8455067873001099
0.4683566391468048
0.41996073722839355
0.6584441661834717
0.7779618501663208
0.4747200906276703
0.6278444528579712
0.7199816107749939
0.4822431206703186
0.4845038652420044
0.8129410743713379
0.5994567275047302
0.321149617433548
0.47083741426467896
0.7770679593086243
0.5522610545158386
0.6020983457565308
0.6953331828117371
0.6806889772415161
0.5698454976081848
0.5569813251495361
0.4926820993423462
0.48271888494491577
0.47128579020500183
0.7104535698890686
0.6120507717132568
0.6466232538223267
0.4829433560371399
0.7140925526618958
0.5708460211753845
0.5917207598686218
0.7262775301933289
0.6244298815727234
0.5785394310951233
0.591596245765686
0.5365799069404602
0.6636178493499756
0.6416412591934204
0.5245822668075562
0.41854000091552734
0.8040542602539062
0.6547887921333313
0.6307658553123474
0.5758870840072632
0.8963131904602051
0.7428345084190369
0.45406374335289
0.384941041469574
0.5636895895004272
0.7387310266494751
0.3629200756549835
0.7171506285667419
0.6057027578353882
0.5775499939918518
0.5725762844085693
0.7229133248329163
0.4329579770565033
0.7128570675849915
0.7611640691757202
0.5601819753646851
0.9451028108596802
0.403735488653183
0.5480888485908508
0.9258453249931335
0.7151251435279846
0.7329134941101074
0.6220272183418274
0.6691249012947083
0.5474113821983337
0.5079138278961182
0.8635904788970947
0.3763505220413208
0.4045120179653168
0.45192939043045044
0.6373658776283264
0.5883210301399231
0.7035416960716248
0.5575551390647888
0.5743191838264465
0.6029005646705627
0.6124612092971802
0.8669108748435974
0.8144065737724304
0.43017998337745667
0.6963167190551758
0.5709811449050903
0.8649191856384277
0.3135039806365967
0.5758201479911804
0.543195903301239
0.523700475692749
0.8497395515441895
0.5797615647315979
0.6014562845230103
0.8461103439331055
0.4616867005825043
0.5501944422721863
0.5374223589897156
0.4803559184074402
0.8351870775222778
0.6503652334213257
0.6298679113388062
0.650492250919342
0.466651052236557
0.6204765439033508
0.3991163969039917
0.6129199862480164
0.5336368680000305
0.5464215278625488
0.41582542657852173
0.7483722567558289
0.4917072057723999
0.732503354549408
0.598647952079773
0.5188395977020264
0.720750629901886
0.3781869411468506
0.8265502452850342
0.707716703414917
0.537971556186676
0.5785534977912903
0.6439778208732605
0.4379902184009552
0.5505241751670837
0.7338530421257019
0.6529152989387512
0.538741409778595
0.37959131598472595
0.8996655941009521
0.6315576434135437
0.7985892295837402
0.3407343327999115
0.5757448673248291
0.5559308528900146
0.43405401706695557
0.6025751829147339
0.5831846594810486
0.6699622273445129
0.47485244274139404
0.5702129006385803
0.7348044514656067
0.4201416075229645
0.44247543811798096
0.6037453413009644
0.4102238416671753
0.5707780122756958
0.5296114683151245
0.6296697854995728
0.5272563695907593
0.8024156093597412
0.8046112060546875
0.5668305158615112
0.613976001739502
0.665257453918457
0.8129687309265137
0.7525923252105713
0.5469323396682739
0.6554778814315796
0.5005094408988953
0.6628169417381287
0.6455692648887634
0.6579236388206482
0.8190107941627502
0.7778763771057129
0.5271185040473938
0.9031528830528259
0.47915032505989075
0.8476534485816956
0.5453259348869324
0.5317857265472412
0.5201231837272644
0.72568279504776
0.4728717505931854
0.4701096713542938
0.6741906404495239
0.8094905018806458
0.6802685260772705
0.5269767045974731
0.5085998177528381
0.5789070129394531
0.49433422088623047
0.7541407346725464
0.7870256900787354
0.5357198119163513
0.3952304720878601
0.7121300101280212
0.9168863296508789
0.7172994017601013
0.5983782410621643
0.6702037453651428
0.8747563362121582
0.662251353263855
0.6666235327720642
0.4269581437110901
0.5312962532043457
0.4554135501384735
0.8565331101417542
0.7000651359558105
0.5015655755996704
0.6331501603126526
0.671802818775177
0.5471549034118652
0.5032050013542175
0.8393670916557312
0.5320568680763245
0.5537253618240356
0.6831239461898804
0.6834474802017212
0.7629168629646301
0.68217933177948
0.6011719703674316
0.7436250448226929
0.9320940971374512
0.7058286666870117
0.5516573190689087
0.6612510085105896
0.4688892662525177
0.4941027760505676
0.5947450995445251
0.6325300931930542
0.7549060583114624
0.8975855112075806
0.6495738625526428
0.7693107724189758
0.6416287422180176
0.40674057602882385
0.6247256398200989
0.6209859251976013
0.5682169795036316
0.540831983089447
0.5383170247077942
0.6312877535820007
0.8415716290473938
0.5087195038795471
0.7084655165672302
0.6111047267913818
0.798627495765686
0.42546436190605164
0.887866199016571
0.5864331126213074
0.47628217935562134
0.5383815765380859
0.3444511592388153
0.5137174725532532
0.8575735092163086
0.8319715857505798
0.47218915820121765
0.6661181449890137
0.704420268535614
0.6212862730026245
0.5951734781265259
0.45953449606895447
0.8095987439155579
0.5411447286605835
0.4839743971824646
0.6213331818580627
0.38305550813674927
0.5713207721710205
0.48716941475868225
0.4284692704677582
0.4190177917480469
0.4640515148639679
0.4202098250389099
0.48026230931282043
0.4387179911136627
0.5252493023872375
0.5232890248298645
0.6824494004249573
0.6261461973190308
0.6167424321174622
0.4771868586540222
0.722791850566864
0.6226892471313477
0.4554010331630707
0.761936604976654
0.6563857197761536
0.6697781682014465
0.5180644989013672
0.4694306254386902
0.5659264922142029
0.7935494780540466
0.5135368704795837
0.34487491846084595
0.621906578540802
0.6348703503608704
0.6525144577026367
0.6588497161865234
0.7732287645339966
0.513685405254364
0.5996499061584473
0.7868953347206116
0.6216574311256409
0.5563731789588928
0.4398246109485626
0.5832335948944092
0.5821720957756042
0.903005063533783
0.5655153393745422
0.7261183261871338
0.5585488677024841
0.4288533329963684
0.3398170471191406
0.5850361585617065
0.5992926359176636
0.6360476016998291
0.5528005957603455
0.7775113582611084
0.516974151134491
0.6105437278747559
0.4792255163192749
0.49615105986595154
0.4628652334213257
0.585919201374054
0.5740108489990234
0.719116747379303
0.7248424291610718
0.5300448536872864
0.6409006118774414
0.5504127740859985
0.5437983274459839
0.580315113067627
0.5537330508232117
0.8590639233589172
0.5770275592803955
0.7509999871253967
0.565137505531311
0.5818656086921692
0.5868377089500427
0.5126575231552124
0.7318941950798035
0.7413874268531799
0.4791693091392517
0.8968402743339539
0.6674911379814148
0.47908440232276917
0.6986826062202454
0.46021488308906555
0.43864548206329346
0.47800296545028687
0.5338166952133179
0.8543821573257446
0.5701430439949036
0.6402671337127686
0.7073150873184204
0.39790984988212585
0.7884083390235901
0.6703380942344666
0.5883978605270386
0.5106410384178162
0.5405438542366028
0.6052303314208984
0.6572930216789246
0.8098146319389343
0.7279039621353149
0.5928906202316284
0.6946347951889038
0.4439557194709778
0.5393913388252258
0.4706304669380188
0.6037870049476624
0.5551668405532837
0.6944751143455505
0.6496908068656921
0.5454539060592651
0.33915263414382935
0.5069757103919983
0.3910500705242157
0.6629781723022461
0.6102477312088013
0.7885761857032776
0.8346470594406128
0.5621909499168396
0.45095935463905334
0.7164223790168762
0.5839264988899231
0.3653184473514557
1.0352195501327515
0.5043047070503235
0.5662527084350586
0.6002971529960632
0.5935068726539612
0.5710172653198242
0.5154015421867371
0.7167434096336365
0.6228064894676208
0.5918569564819336
0.9170937538146973
0.6367437839508057
0.521288275718689
0.7059217691421509
0.3473706543445587
0.5760799050331116
0.43525949120521545
0.908845841884613
0.4708629548549652
0.5497413277626038
0.6099699139595032
0.7498167157173157
0.5436388254165649
0.4295525550842285
0.6618176102638245
0.647179901599884
0.46938470005989075
0.6747748851776123
0.7267259359359741
0.8476672768592834
0.5612778663635254
0.5589376091957092
0.6735582947731018
0.5675322413444519
0.6032678484916687
0.3282051086425781
0.6243501901626587
0.6627504229545593
0.4991184175014496
0.3977009356021881
0.5292457342147827
0.6463439464569092
0.784553050994873
0.6701470613479614
0.7383550405502319
0.4697847366333008
0.4263053834438324
0.502759575843811
0.709753692150116
0.7812898755073547
0.46000397205352783
0.5048391819000244
0.5515390634536743
0.5082259178161621
0.5517097115516663
0.5171805024147034
0.5485352277755737
0.8019441962242126
0.7218309044837952
0.8166695237159729
0.7608709335327148
0.5439879894256592
0.7941991090774536
0.4479624330997467
0.42667099833488464
0.4717840254306793
0.5682847499847412
0.6272371411323547
0.47308364510536194
0.6437612175941467
0.9749966263771057
0.3255172371864319
0.7148146033287048
0.5892380475997925
0.6657905578613281
0.7288102507591248
0.6510227918624878
0.7496049404144287
0.7253821492195129
0.5942874550819397
0.46565377712249756
0.628197968006134
0.6815287470817566
0.5694120526313782
0.5179509520530701
0.7954331040382385
0.7365920543670654
0.7768067717552185
0.6004014611244202
0.556103527545929
0.7289472222328186
0.510627269744873
0.5488747358322144
0.7372527122497559
0.5669950246810913
0.4709474444389343
0.6955934762954712
0.8204895853996277
0.6557363867759705
0.49962228536605835
0.6362394094467163
0.5452194213867188
0.6935162544250488
0.5139251351356506
0.806252658367157
0.4549645185470581
0.4392019212245941
0.7856256365776062
0.4722958207130432
0.3940436840057373
0.6479216814041138
0.7933911681175232
0.36339759826660156
0.5318673849105835
0.5450674295425415
0.35699301958084106
0.6026199460029602
0.563406229019165
0.6773092150688171
0.4109515845775604
0.6705107092857361
0.6104406118392944
0.5558953881263733
0.48824363946914673
0.6406539082527161
0.4670054018497467
0.5878792405128479
0.5050951242446899
0.5991913080215454
0.6882513165473938
0.6943669319152832
0.4990984797477722
0.6816931962966919
0.6670172214508057
0.40865588188171387
0.9106926321983337
0.33143651485443115
0.37202587723731995
0.43209993839263916
0.7799737453460693
0.5965905785560608
0.5316343307495117
0.4756816625595093
0.7253697514533997
0.6358845233917236
0.6884481310844421
0.628516435623169
0.6854872703552246
0.7905032634735107
0.4960312843322754
0.6327970623970032
0.5586082935333252
0.49842768907546997
0.6281001567840576
0.5885502696037292
0.5522202849388123
0.6170194149017334
0.8422795534133911
0.7514092922210693
0.5186777114868164
0.5645259618759155
0.4304840862751007
0.6396715641021729
0.6802142858505249
0.6019658446311951
0.613750696182251
0.3397365212440491
0.5709909796714783
0.6205666065216064
0.6253368258476257
0.7911018133163452
0.6296675801277161
1.0188307762145996
0.5127429366111755
0.6101194620132446
0.5163783431053162
0.5092305541038513
0.5304883122444153
0.3086479902267456
0.6512562036514282
0.555103600025177
0.4872259199619293
0.5077271461486816
0.5804845094680786
0.5413109064102173
0.5901538729667664
0.9788994789123535
0.5508347153663635
0.6491338610649109
0.5166780948638916
0.6222347617149353
0.7558220624923706
0.544334352016449
0.4532333314418793
0.76064532995224
0.5770971179008484
0.7982524633407593
0.632176399230957
0.7090442180633545
0.4915539622306824
0.6414197683334351
0.42855799198150635
0.6909707188606262
0.48215052485466003
0.7425669431686401
0.3401320278644562
0.6551393866539001
0.6749294400215149
0.5781976580619812
0.8015478253364563
0.6256664395332336
0.5443112850189209
0.7373684644699097
0.4837455749511719
0.785658061504364
0.5929833650588989
0.6840243339538574
0.4081546366214752
0.7008435726165771
0.5177838206291199
0.4703541100025177
0.4347381889820099
0.543170690536499
0.5865548849105835
0.63936448097229
0.5367719531059265
0.6912068724632263
0.5378108620643616
0.5697515606880188
0.7746817469596863
0.6773161292076111
0.6412597298622131
0.6528527736663818
0.43888816237449646
0.7097455859184265
0.5769773721694946
0.5906139016151428
0.5645736455917358
0.5950669646263123
0.6696387529373169
0.4516022503376007
0.39673149585723877
0.4885913133621216
0.7167415022850037
0.6070094108581543
0.6913178563117981
0.583078920841217
0.6051075458526611
0.60928875207901
0.495029479265213
0.4786687195301056
0.37593725323677063
0.49736112356185913
0.4741879403591156
0.3396916687488556
0.42706695199012756
0.7357166409492493
0.500236988067627
0.6105263829231262
0.8513519167900085
0.5655431747436523
0.8896195888519287
0.6910617351531982
0.5091110467910767
0.4661902189254761
0.7004624605178833
0.48753151297569275
0.5551601648330688
0.7564700841903687
0.7377866506576538
0.38411450386047363
0.4555228352546692
0.5985682010650635
0.49749457836151123
0.3682651221752167
0.501420795917511
0.5870616436004639
0.6196183562278748
0.7978202700614929
0.43067875504493713
0.4962195158004761
0.8488751649856567
0.7622045278549194
0.49711939692497253
0.6940429210662842
0.7602664232254028
0.5513033866882324
0.5069367289543152
0.6015763878822327
0.6061598062515259
0.37236377596855164
0.6848785281181335
0.544036865234375
0.370699018239975
0.5800403356552124
0.5954956412315369
0.6411470174789429
0.4257347285747528
0.6824069619178772
0.47780105471611023
0.5963138937950134
0.4847688376903534
0.7874194383621216
0.5965032577514648
0.6368289589881897
0.6923657059669495
0.735670268535614
0.5371725559234619
0.6472472548484802
0.6321329474449158
0.3026648163795471
0.49344325065612793
0.6759732961654663
0.43289652466773987
0.4330335557460785
0.5868048071861267
0.48256662487983704
0.5226986408233643
0.7008119821548462
0.471943199634552
0.6425844430923462
0.7255958318710327
0.5200196504592896
0.8695257306098938
0.585879385471344
0.5463554263114929
0.6859356164932251
0.4095868170261383
0.6293225884437561
0.6027443408966064
0.61455899477005
0.6540181040763855
0.5205977559089661
0.7904437184333801
0.5734440684318542
0.6505085825920105
0.9416687488555908
0.4230857491493225
0.3166083097457886
0.6360542178153992
0.6037359833717346
0.5296884775161743
0.45472806692123413
0.6402310132980347
0.5026987791061401
0.5435196757316589
0.813805878162384
0.5413611531257629
0.7288105487823486
0.5397213101387024
0.4868669807910919
0.3305656313896179
0.510525643825531
0.6227597594261169
0.6407169103622437
0.6203033328056335
0.42234882712364197
0.7059009075164795
0.5549694299697876
0.7528755068778992
0.40315765142440796
0.5526151061058044
0.9743611216545105
0.6782227754592896
0.7087417840957642
0.3761451542377472
0.6339647769927979
0.4085402488708496
0.5666120648384094
0.5410838723182678
0.43120741844177246
0.44838812947273254
0.4567023813724518
0.4749787747859955
0.443986177444458
0.5027267932891846
0.5775704383850098
0.4411265552043915
0.5503624081611633
0.6022283434867859
0.7673504948616028
0.5136626958847046
0.5681469440460205
0.4452885091304779
0.5916705131530762
0.4741089642047882
0.5740034580230713
0.6964424252510071
0.6750860214233398
0.5270848870277405
0.4153694212436676
0.557357132434845
0.7749139070510864
0.6997297406196594
0.604743242263794
0.45254087448120117
0.745700478553772
0.6131329536437988
0.523527204990387
0.6927518844604492
0.738476037979126
0.6373708248138428
0.48785901069641113
0.7674888372421265
0.5389782786369324
0.42632248997688293
0.47842681407928467
0.43248480558395386
0.401498407125473
0.5033687949180603
0.5350738763809204
0.342358261346817
0.5849487781524658
0.5750284194946289
0.7294802665710449
0.7150478363037109
0.6801342964172363
0.5308912396430969
0.7144969701766968
0.5675395727157593
0.48875877261161804
0.5694578886032104
0.7392868995666504
0.44780582189559937
0.6780439615249634
0.3039475679397583
0.32064974308013916
0.5616564154624939
0.6740959882736206
0.5405451059341431
0.587815523147583
0.8176312446594238
0.6165953874588013
0.5889679193496704
0.571639358997345
0.421857088804245
0.6740061044692993
0.5976116061210632
0.5083010792732239
0.5714532136917114
0.5434471964836121
0.3993213176727295
0.49029043316841125
0.30495861172676086
0.5484062433242798
0.35190755128860474
0.5384415984153748
0.6844844222068787
0.684026300907135
0.750718355178833
0.5990592837333679
0.6230294704437256
0.5186976790428162
0.793131411075592
0.48904308676719666
0.26859110593795776
0.6096410155296326
0.48848477005958557
0.7091697454452515
0.488088995218277
0.47593989968299866
0.5852636098861694
0.4844639003276825
0.5002152323722839
0.4920623302459717
0.5909378528594971
0.6372968554496765
0.5354443192481995
0.5773807764053345
0.47894057631492615
0.5683234333992004
0.7168351411819458
0.5086138248443604
0.6847459077835083
0.4978882968425751
0.6686909198760986
0.534216582775116
0.8283817172050476
0.646482527256012
0.40295687317848206
0.628839910030365
0.36683332920074463
0.5758542418479919
0.6382619142532349
0.38708925247192383
0.5680125951766968
0.6272854208946228
0.537067711353302
0.5904068946838379
0.766301155090332
0.7836095094680786
0.6793915629386902
0.582184374332428
0.5223680734634399
0.7718196511268616
0.40938013792037964
0.5174276828765869
0.5324209928512573
0.32772308588027954
0.39117690920829773
0.4271433651447296
0.5364168286323547
0.7478752732276917
0.6084455251693726
0.7847523093223572
0.5785630345344543
0.7649173140525818
0.4919033348560333
0.49177420139312744
0.6763905882835388
0.439864844083786
0.5693826675415039
0.6492782235145569
0.5032528042793274
0.46352720260620117
0.393359512090683
0.5668222308158875
0.37706053256988525
0.5466556549072266
0.527215838432312
0.5673143863677979
0.5403886437416077
0.6198721528053284
0.36405909061431885
0.6577820181846619
0.5930957794189453
0.5666391849517822
0.5800997018814087
0.6229405403137207
0.6176255941390991
0.7954409718513489
0.5258192420005798
0.5277751684188843
0.7587684988975525
0.5964282751083374
0.5448867678642273
0.4778297543525696
0.7592477798461914
0.43665194511413574
0.46790915727615356
0.713707447052002
0.5049106478691101
0.35799288749694824
0.5902005434036255
0.6295189261436462
0.5908024907112122
0.6455848813056946
0.4362117648124695
0.47746673226356506
0.4511268436908722
0.49691343307495117
0.576884388923645
0.7153884172439575
0.5991178750991821
0.537128746509552
0.6102336049079895
0.9252064228057861
0.606131911277771
0.6808552742004395
0.5768861770629883
0.5283595323562622
0.43837612867355347
0.5581790804862976
0.537946343421936
0.44409552216529846
0.4580518305301666
0.6844666004180908
0.6835718750953674
0.5703999996185303
0.8160959482192993
0.4979442059993744
0.5387601852416992
0.5865503549575806
0.5791439414024353
0.5726315975189209
0.5935856699943542
0.47422218322753906
0.450156033039093
0.7146255373954773
0.4782319664955139
0.7360327839851379
0.42646360397338867
0.6102898120880127
0.6388367414474487
0.5316151976585388
0.4591158330440521
0.5016201734542847
0.6437371373176575
0.5479249358177185
0.48754066228866577
0.6398579478263855
0.5961704850196838
0.3961118757724762
0.6760427355766296
0.4169188141822815
0.5857279896736145
0.5161007046699524
0.4854446351528168
0.3850874602794647
0.7635562419891357
0.5509778261184692
0.2937222421169281
0.48389968276023865
0.5410757064819336
0.5809578895568848
0.7246830463409424
0.3708275258541107
0.5819295644760132
0.4835381805896759
0.43872612714767456
0.64671391248703
0.6412142515182495
0.5818244814872742
0.6528086066246033
0.31340453028678894
0.3629694879055023
0.7620958089828491
0.4809684157371521
0.6555294394493103
0.42815759778022766
0.6976428031921387
0.492183119058609
0.47456714510917664
0.5222280621528625
0.44206923246383667
0.5452545285224915
0.6208762526512146
0.5655474662780762
0.6647992730140686
0.6614904999732971
0.5350380539894104
0.5904565453529358
0.6780660152435303
0.7825167179107666
0.5230937004089355
0.5110589861869812
0.5211390256881714
0.5302484035491943
0.5988439321517944
0.5869506597518921
0.6866257190704346
0.6356266736984253
0.6122995615005493
0.3447226881980896
0.45212483406066895
0.43346893787384033
0.7215849161148071
0.5880383253097534
0.3964753746986389
0.5602902770042419
0.5616635084152222
0.6302475929260254
0.5789756774902344
0.47329434752464294
0.6242290735244751
0.4556451737880707
0.6908476948738098
0.526316225528717
0.4815138280391693
0.4733053147792816
0.7023117542266846
0.4958409368991852
0.3630044460296631
0.8310878276824951
0.4635127782821655
0.5582420229911804
0.7130047678947449
0.4260868430137634
0.49862438440322876
0.38750404119491577
0.9335446953773499
0.5401610732078552
0.6542705297470093
0.6498280763626099
0.4498882293701172
0.4283706843852997
0.590569019317627
0.4016439616680145
0.5758132338523865
0.7596502900123596
0.6422253251075745
0.734164297580719
0.549578070640564
0.5760197043418884
0.5199915170669556
0.4889778196811676
0.6459517478942871
0.4896697402000427
0.4636331796646118
0.6081251502037048
0.4938841164112091
0.6029618978500366
0.6585235595703125
0.598393440246582
0.31640103459358215
0.7709829807281494
0.6200518012046814
0.5547180771827698
0.5651651620864868
0.580247163772583
0.7287529110908508
0.7164098620414734
0.6237089037895203
0.4523450434207916
0.5172801613807678
0.6431273818016052
0.6514281034469604
0.5115208625793457
0.6644719839096069
0.4441733658313751
0.5183228254318237
0.6591701507568359
0.6680945754051208
0.6068118810653687
0.5028473734855652
0.3833755552768707
0.6218268871307373
0.444475919008255
0.6829053163528442
0.5926443338394165
0.6438555717468262
0.4630175232887268
0.28842300176620483
0.6341663599014282
0.48122820258140564
0.4887155294418335
0.664706826210022
0.8156384825706482
0.6470900774002075
0.49265894293785095
0.5626490712165833
0.6644311547279358
0.5862365961074829
0.5502529144287109
0.5481014847755432
0.5353081226348877
0.3996806740760803
0.4088993966579437
0.417156457901001
0.5670657157897949
0.5486878156661987
0.4748152494430542
0.5297213792800903
0.6594691872596741
0.5172315239906311
0.3942251205444336
0.7342197895050049
0.4712578356266022
0.5552133917808533
0.6538152694702148
0.42407193779945374
0.6330606341362
0.6159759759902954
0.5252529382705688
0.30261412262916565
0.6160255670547485
0.534256100654602
0.545432984828949
0.734961211681366
0.38222166895866394
0.6428661346435547
0.6462773084640503
0.3999902009963989
0.6023263335227966
0.7331879138946533
0.6393404603004456
0.5504904985427856
0.4889621138572693
0.741784930229187
0.39975783228874207
0.5146195888519287
0.440065860748291
0.40552499890327454
0.6167606115341187
0.6012049913406372
0.6819403767585754
0.4661658704280853
0.43605276942253113
0.4682168662548065
0.4741706848144531
0.6852877140045166
0.7893189787864685
0.8295270204544067
0.5807534456253052
0.5338685512542725
0.5235440135002136
0.6558616757392883
0.4077041447162628
0.5153205394744873
0.8246307373046875
0.6477207541465759
0.5063149929046631
0.3884449601173401
0.3899955451488495
0.5174471139907837
0.46283218264579773
0.6347347497940063
0.5742651224136353
0.6303598284721375
0.6847829222679138
0.48023131489753723
0.5323604941368103
0.6570079326629639
0.42875608801841736
0.5945162773132324
0.4756782650947571
0.7387575507164001
0.4614724814891815
0.4967282712459564
0.6721374988555908
0.5377476215362549
0.42318224906921387
0.4467467665672302
0.551941990852356
0.7768155932426453
0.6480078101158142
0.44466954469680786
0.4656035900115967
0.5600132942199707
0.5438070893287659
0.25436487793922424
0.6535714268684387
0.5058695673942566
0.7522035241127014
0.7544954419136047
0.585493266582489
0.48759254813194275
0.6479381918907166
0.4791317582130432
0.5212786793708801
0.6401368379592896
0.38103845715522766
0.4821346402168274
0.5986907482147217
0.5226077437400818
0.40127596259117126
0.711451530456543
0.4315737187862396
0.28080078959465027
0.5108159780502319
0.5818249583244324
0.4185866713523865
0.37416812777519226
0.48388224840164185
0.5547690987586975
0.4054478108882904
0.5416199564933777
0.5389315485954285
0.5984733700752258
0.583871603012085
0.6295167207717896
0.5456593036651611
0.5665156841278076
0.7516952157020569
0.4576859772205353
0.5465750694274902
0.5603044629096985
0.5589990019798279
0.3950079679489136
0.5886780619621277
0.6074573397636414
0.4816471338272095
0.3095969557762146
0.49665406346321106
0.6814691424369812
0.5587364435195923
0.5137321352958679
0.47971951961517334
0.6422501802444458
0.43775561451911926
0.5335697531700134
0.5012117028236389
0.6392994523048401
0.3707917034626007
0.46148690581321716
0.47867611050605774
0.6070890426635742
0.5707281827926636
0.523167073726654
0.5248395204544067
0.6701530814170837
0.5981627106666565
0.6408858299255371
0.5578539371490479
0.47517409920692444
0.5855990052223206
0.6322064399719238
0.3967427909374237
0.46759119629859924
0.5269030332565308
0.34915411472320557
0.4156137704849243
0.4890677332878113
0.34934523701667786
0.6404760479927063
0.521553099155426
0.4506874978542328
0.5980513095855713
0.3828040063381195
0.5536202788352966
0.5546868443489075
0.5199796557426453
0.5410821437835693
0.616582989692688
0.3993839919567108
0.46911320090293884
0.5590774416923523
0.3846350908279419
0.6542191505432129
0.5136247873306274
0.5925564169883728
0.40492087602615356
0.6326313018798828
0.4626380205154419
0.7207286953926086
0.4725262522697449
0.48730552196502686
0.5286651253700256
0.44222015142440796
0.5026742219924927
0.4983254373073578
0.4874659478664398
0.4982094168663025
0.573678195476532
0.554284930229187
0.4551801085472107
0.48381176590919495
0.5084052085876465
0.5669239163398743
0.36213219165802
0.6319252848625183
0.496952086687088
0.6273386478424072
0.4040223956108093
0.45106369256973267
0.5786997675895691
0.3038056492805481
0.4678140878677368
0.7035769820213318
0.585548460483551
0.5973340272903442
0.3508823812007904
0.6283754110336304
0.48337870836257935
0.49617621302604675
0.4913147985935211
0.3839589059352875
0.575451672077179
0.3886962831020355
0.5896925330162048
0.44310951232910156
0.41628631949424744
0.5689389705657959
0.58740234375
0.7320719957351685
0.4936838150024414
0.3306061923503876
0.5098467469215393
0.5466586351394653
0.5092118978500366
0.501865565776825
0.5594564080238342
0.7026470303535461
0.36888718605041504
0.4449389576911926
0.4759484827518463
0.45156440138816833
0.46391239762306213
0.4166475832462311
0.6441487669944763
0.6812239289283752
0.6293803453445435
0.4010266363620758
0.4839809238910675
0.7043158411979675
0.5486466884613037
0.5642926692962646
0.6349767446517944
0.6071699261665344
0.5402223467826843
0.8215023279190063
0.5864244103431702
0.5323412418365479
0.4998111426830292
0.7720881104469299
0.883906364440918
0.5041660666465759
0.5925568342208862
0.45780596137046814
0.4377869963645935
0.7294343113899231
0.4967687726020813
0.625716507434845
0.38491278886795044
0.5406696796417236
0.4226711392402649
0.7689934968948364
0.6042572855949402
0.5169263482093811
0.4992603361606598
0.5486536026000977
0.6205576658248901
0.506721556186676
0.5888161063194275
0.6821094155311584
0.4858807921409607
0.5324981212615967
0.5273219347000122
0.5454061627388
0.354951947927475
0.49983784556388855
0.3374897241592407
0.5424291491508484
0.4237309992313385
0.4421843886375427
0.6184560656547546
0.4664548635482788
0.4253159165382385
0.7079077959060669
0.5071864724159241
0.6932464838027954
0.5313228368759155
0.6331508159637451
0.6225675940513611
0.46764251589775085
0.6813046336174011
0.4348316490650177
0.46114999055862427
0.5470842719078064
0.42829394340515137
0.5869773030281067
0.6373633146286011
0.4054205119609833
0.748481273651123
0.6126168966293335
0.33499810099601746
0.6837313771247864
0.4253283441066742
0.5408165454864502
0.6205449104309082
0.6916384696960449
0.5949695110321045
0.4765060544013977
0.5716419219970703
0.5119884014129639
0.469016969203949
0.538838267326355
0.6431558132171631
0.640609085559845
0.5117354393005371
0.7534722685813904
0.5941082835197449
0.6644842028617859
0.6574411392211914
0.8382439017295837
0.5798845887184143
0.6866517066955566
0.44714176654815674
0.5855026245117188
0.6532316207885742
0.405032753944397
0.6516145467758179
0.5175202488899231
0.5877546072006226
0.7240188121795654
0.732151448726654
0.630798876285553
0.5645894408226013
0.6112756133079529
0.5843702554702759
0.5229034423828125
0.5548819303512573
0.6164138317108154
0.6263412833213806
0.550177812576294
0.5021953582763672
0.5906553268432617
0.5007861256599426
0.7701165676116943
0.39532509446144104
0.40985411405563354
0.5466976761817932
0.45037972927093506
0.5388672351837158
0.49706730246543884
0.3775026798248291
0.49210676550865173
0.6369391679763794
0.5815032720565796
0.7184526324272156
0.3310272991657257
0.3290403187274933
0.44480738043785095
0.6689724326133728
0.5189306735992432
0.5322248339653015
0.5067070722579956
0.491446316242218
0.5509008765220642
0.45112571120262146
0.5016251802444458
0.45593899488449097
0.6482362747192383
0.42865532636642456
0.737586259841919
0.44071125984191895
0.4006061255931854
0.5741571187973022
0.6039669513702393
0.6565349698066711
0.4551949203014374
0.40386125445365906
0.603893518447876
0.5439985990524292
0.4740167558193207
0.40220943093299866
0.786979079246521
0.49970299005508423
0.7621849775314331
0.4507012367248535
0.39745891094207764
0.5436984896659851
0.5948476791381836
0.6040236353874207
0.45997315645217896
0.6663725972175598
0.5205468535423279
0.4109130799770355
0.5133100748062134
0.5083485245704651
0.6048981547355652
0.566092312335968
0.5963900089263916
0.346891313791275
0.4106585681438446
0.5540179014205933
0.46088746190071106
0.45318958163261414
0.48202311992645264
0.6304439902305603
0.5545214414596558
0.6033923625946045
0.44644659757614136
0.48368513584136963
0.47051334381103516
0.5623064041137695
0.5482704043388367
0.677632749080658
0.5383145809173584
0.42142486572265625
0.5805021524429321
0.39091870188713074
0.438164621591568
0.6789453029632568
0.6771511435508728
0.540945291519165
0.3966023027896881
0.474174439907074
0.5930467844009399
0.5256575345993042
0.3859270215034485
0.5234260559082031
0.7649691700935364
0.3542335629463196
0.6954174637794495
0.366167813539505
0.594570517539978
0.43204933404922485
0.4085181951522827
0.47347086668014526
0.5327768325805664
0.2751754820346832
0.4822319447994232
0.3164168894290924
0.48813876509666443
0.5984926819801331
0.47852623462677
0.38326117396354675
0.6129412651062012
0.39530545473098755
0.48044508695602417
0.4864466190338135
0.3995848000049591
0.4732860028743744
0.4350703954696655
0.7246911525726318
0.4086263179779053
0.6178038120269775
0.5593264102935791
0.4804247319698334
0.8080459833145142
0.44769901037216187
0.4453471302986145
0.29579994082450867
